ID,createdAt,createdBy,modifiedAt,modifiedBy,requisitionNumber,requester_ID,plant_ID,requestDate,requiredDate,status,priority,justification,estimatedValue,currency_code
032c695b-30e1-5fb4-91a7-9c8e3903c678,2026-04-06T08:00:00Z,system,2026-04-06T08:00:00Z,system,PR0000000001,749e799d-dc59-5571-b15c-7d9bf9c77752,cb89079f-b137-594d-b7f6-f3803900b013,2026-04-06,2026-05-17,COMPLETED,NORMAL,Replacement of worn equipment,4633.70,EUR
a47ee75a-1b52-5524-b4f7-fda3b526b3bc,2025-12-14T08:00:00Z,system,2025-12-14T08:00:00Z,system,PR0000000002,784d909a-03fe-5442-985a-f87c223ba14e,87cb6569-bd40-5e24-8586-da21fbea3a81,2025-12-14,2025-12-23,CANCELLED,NORMAL,Scheduled maintenance requirement,326632.60,EUR
0c33b41f-7475-5dcc-9b01-8efdec2590db,2026-05-16T08:00:00Z,system,2026-05-16T08:00:00Z,system,PR0000000003,762dab21-f406-51e5-938f-353039145619,5b8df29c-4f7d-5b45-b24c-0b5a197ae2b0,2026-05-16,2026-05-29,APPROVED,NORMAL,Production material replenishment,42068.40,EUR
1a884596-ca16-5905-ba4d-2b877a63b284,2026-04-17T08:00:00Z,system,2026-04-17T08:00:00Z,system,PR0000000004,ef2ba588-e5f9-591f-9a01-16a28aec4a68,3cab26fd-f62f-5970-ad42-c321a067cf36,2026-04-17,2026-05-26,COMPLETED,URGENT,Safety stock replenishment,68474.80,EUR
658ee191-9f43-5b8c-bce0-cd429ac43107,2026-02-17T08:00:00Z,system,2026-02-17T08:00:00Z,system,PR0000000005,c32c1e85-18ed-594d-baed-92ee6152bb62,87cb6569-bd40-5e24-8586-da21fbea3a81,2026-02-17,2026-04-06,APPROVED,NORMAL,Safety stock replenishment,61860.00,EUR
f33816cc-0b18-579e-b3a2-5f8a09a730bc,2026-07-24T08:00:00Z,system,2026-07-24T08:00:00Z,system,PR0000000006,e5f6eca5-efd9-5b50-b3e2-8885e65c411d,03aef187-5272-56c7-bfc4-cf8b61ecf06b,2026-07-24,2026-08-18,COMPLETED,LOW,Scheduled maintenance requirement,349615.80,EUR
fe629c98-7e89-5fe1-9e4b-e66efffc7e18,2026-03-30T08:00:00Z,system,2026-03-30T08:00:00Z,system,PR0000000007,784d909a-03fe-5442-985a-f87c223ba14e,cb89079f-b137-594d-b7f6-f3803900b013,2026-03-30,2026-04-26,COMPLETED,HIGH,Production material replenishment,2403.22,EUR
19476d0e-e619-53ed-bfc7-48794b1fcc02,2026-05-08T08:00:00Z,system,2026-05-08T08:00:00Z,system,PR0000000008,cbe963d2-a4e6-5ec1-a15f-948ff5630895,3e8df789-1fad-5f45-9e4e-ae08a2240191,2026-05-08,2026-06-17,APPROVED,HIGH,Replacement of worn equipment,689894.10,EUR
967e4736-6774-5755-96e9-989b62b8329d,2026-04-15T08:00:00Z,system,2026-04-15T08:00:00Z,system,PR0000000009,78f316cf-bc76-5bab-9068-b36833d8b019,681d3a1f-6166-5793-8dd0-2f9ae8a7e909,2026-04-15,2026-06-21,APPROVED,NORMAL,Scheduled maintenance requirement,1617.75,EUR
35a412c1-4952-5c17-8db6-cbdec8d96d03,2026-03-23T08:00:00Z,system,2026-03-23T08:00:00Z,system,PR0000000010,e7550e96-a024-5ec6-9a52-a71b05d83aca,efd8a8e4-0bb8-5f9e-be95-16451417acb0,2026-03-23,2026-05-06,SUBMITTED,HIGH,Production material replenishment,147939.44,EUR
bd697693-f5c3-593b-a59c-8ecd45e32b05,2026-07-19T08:00:00Z,system,2026-07-19T08:00:00Z,system,PR0000000011,4b293d94-100e-5c47-9833-e5ff185c7eba,89693957-df41-5038-b06b-8fcd13674f65,2026-07-19,2026-09-10,COMPLETED,HIGH,Safety stock replenishment,97160.00,EUR
4daeb591-5fa3-5fb3-8a3c-58e3811329e0,2026-07-11T08:00:00Z,system,2026-07-11T08:00:00Z,system,PR0000000012,a8900ba9-a076-5a48-8859-1f3fc1e76071,12473360-94f1-5fba-a391-36ce9d7f31be,2026-07-11,2026-07-30,REJECTED,URGENT,Production material replenishment,196192.00,EUR
a50f4107-b757-561b-8ae5-8ed16eaea0a5,2026-07-13T08:00:00Z,system,2026-07-13T08:00:00Z,system,PR0000000013,d067fd48-952d-58ac-82ab-b2049abe787a,283bb6f3-df62-5cb4-9d4b-a62afcbbb11d,2026-07-13,2026-07-23,ORDERED,NORMAL,Production material replenishment,202352.50,EUR
2b7fa1b3-4614-526f-b6aa-023f18102704,2025-12-13T08:00:00Z,system,2025-12-13T08:00:00Z,system,PR0000000014,d14b0728-f72c-5fc0-a4ba-8ff48ceaa3cc,34b80a58-c167-5ea6-9b2c-d151aa2ea5a3,2025-12-13,2026-02-06,ORDERED,HIGH,Production material replenishment,76209.00,EUR
767478b2-9624-5a0c-af68-701f85654199,2026-04-12T08:00:00Z,system,2026-04-12T08:00:00Z,system,PR0000000015,e1c1d5bd-6452-5e7c-9911-1b5d499df0eb,34b80a58-c167-5ea6-9b2c-d151aa2ea5a3,2026-04-12,2026-04-19,APPROVED,NORMAL,Scheduled maintenance requirement,13.08,EUR
602a3fb3-c88f-5400-853d-e64b918aa267,2025-11-01T08:00:00Z,system,2025-11-01T08:00:00Z,system,PR0000000016,88db520f-00d6-51aa-8b62-c7a88dd50f4c,521489a3-799d-50a5-9448-eeaa409714d1,2025-11-01,2025-12-10,COMPLETED,HIGH,Production material replenishment,36455.00,EUR
c8bb0b60-b823-535d-8f19-a40779b42dc1,2025-09-07T08:00:00Z,system,2025-09-07T08:00:00Z,system,PR0000000017,f5b4b717-e857-50a0-b0af-aa491c52f9b9,34b80a58-c167-5ea6-9b2c-d151aa2ea5a3,2025-09-07,2025-09-25,COMPLETED,HIGH,Production material replenishment,304453.50,EUR
d5e33776-01b9-51b2-836b-74c48963adc5,2025-10-19T08:00:00Z,system,2025-10-19T08:00:00Z,system,PR0000000018,cbe963d2-a4e6-5ec1-a15f-948ff5630895,efd8a8e4-0bb8-5f9e-be95-16451417acb0,2025-10-19,2025-11-02,APPROVED,NORMAL,Safety stock replenishment,296062.34,EUR
afaa896a-b227-55d3-a012-212610b415a2,2025-09-23T08:00:00Z,system,2025-09-23T08:00:00Z,system,PR0000000019,40fc93b9-abcc-5006-b3bc-584cd180694b,261d0783-3954-5ee6-baf2-f9e37bbb725b,2025-09-23,2025-11-27,APPROVED,NORMAL,Safety stock replenishment,32221.00,EUR
05360950-f3c5-5799-92ce-45143360a527,2025-11-23T08:00:00Z,system,2025-11-23T08:00:00Z,system,PR0000000020,9566bb19-9176-52c9-8eea-1c1f82d4a01b,cb89079f-b137-594d-b7f6-f3803900b013,2025-11-23,2025-12-10,APPROVED,URGENT,Safety stock replenishment,296945.74,EUR
f71fe089-5575-5924-82bc-9fff41b316f5,2025-11-17T08:00:00Z,system,2025-11-17T08:00:00Z,system,PR0000000021,4128af86-84d7-5c7a-bebf-50be57e6c1a0,e294ac9d-bd77-5078-ba31-f74bebb60488,2025-11-17,2026-01-17,COMPLETED,HIGH,New project demand,140592.65,EUR
d8b11df0-44cc-5e7c-a7b1-dc4d52ee7b0e,2025-11-22T08:00:00Z,system,2025-11-22T08:00:00Z,system,PR0000000022,f911dfb3-26ad-5d1f-b884-074c195d7b36,78e17b4f-64d9-5a1f-8e02-e8a798b67ff0,2025-11-22,2025-12-04,APPROVED,NORMAL,Production material replenishment,75396.83,EUR
43adc0d9-b904-552f-b2b8-86212e60623b,2026-04-29T08:00:00Z,system,2026-04-29T08:00:00Z,system,PR0000000023,e5f6eca5-efd9-5b50-b3e2-8885e65c411d,329ee744-d62e-5fc4-a06d-cd6019444aa8,2026-04-29,2026-06-17,APPROVED,NORMAL,Safety stock replenishment,4219.06,EUR
bfbd50e4-020c-5b56-898e-a32f4d699f74,2025-12-05T08:00:00Z,system,2025-12-05T08:00:00Z,system,PR0000000024,24356e6d-8de5-5316-88e3-702cdfd23228,113d871c-fdd0-59b0-922b-71a1f17a7a5b,2025-12-05,2026-02-05,COMPLETED,URGENT,Safety stock replenishment,33678.06,EUR
1cf886ef-a661-5c7c-b2ca-0d2e16e1cfef,2025-10-28T08:00:00Z,system,2025-10-28T08:00:00Z,system,PR0000000025,a573cf3b-6545-5ee9-8ae0-2ff7e9370a69,26221d5e-2e66-5ea9-8c4d-30720ed59583,2025-10-28,2025-12-11,APPROVED,NORMAL,Safety stock replenishment,267.50,EUR
4b56e24e-4577-5a04-957f-51078897d48b,2026-07-17T08:00:00Z,system,2026-07-17T08:00:00Z,system,PR0000000026,f911dfb3-26ad-5d1f-b884-074c195d7b36,87cb6569-bd40-5e24-8586-da21fbea3a81,2026-07-17,2026-09-10,CANCELLED,HIGH,Production material replenishment,246818.20,EUR
e6a44efc-360e-5330-b8dd-3ba494e970c2,2026-02-23T08:00:00Z,system,2026-02-23T08:00:00Z,system,PR0000000027,95f6a497-057c-520f-982f-8724d95bc2f7,113d871c-fdd0-59b0-922b-71a1f17a7a5b,2026-02-23,2026-03-20,DRAFT,NORMAL,Scheduled maintenance requirement,8892.00,EUR
9a11d2d2-5236-5fe1-bacc-5bf2d7e428e3,2025-11-01T08:00:00Z,system,2025-11-01T08:00:00Z,system,PR0000000028,d14b0728-f72c-5fc0-a4ba-8ff48ceaa3cc,78e17b4f-64d9-5a1f-8e02-e8a798b67ff0,2025-11-01,2025-12-13,REJECTED,NORMAL,Warehouse stock below reorder point,584224.00,EUR
5655c22f-23e9-5d17-9c08-7743346b8fe0,2025-10-20T08:00:00Z,system,2025-10-20T08:00:00Z,system,PR0000000029,a573cf3b-6545-5ee9-8ae0-2ff7e9370a69,efd8a8e4-0bb8-5f9e-be95-16451417acb0,2025-10-20,2025-11-13,COMPLETED,NORMAL,Production material replenishment,19.90,EUR
158d1c75-a70c-5778-9e40-75c9735df12f,2025-11-01T08:00:00Z,system,2025-11-01T08:00:00Z,system,PR0000000030,aa73552f-c4e3-50c0-ab42-ae08fe8628fc,efd8a8e4-0bb8-5f9e-be95-16451417acb0,2025-11-01,2025-12-07,ORDERED,NORMAL,Warehouse stock below reorder point,119655.75,EUR
f7139cc6-9c3e-55f1-8280-f9be554173de,2026-02-11T08:00:00Z,system,2026-02-11T08:00:00Z,system,PR0000000031,40fc93b9-abcc-5006-b3bc-584cd180694b,0450cf2b-52b5-5c7a-95b0-bbdc67bca724,2026-02-11,2026-04-16,CANCELLED,HIGH,Replacement of worn equipment,62685.22,EUR
47214511-e7c0-5aab-a696-97b2050d5c4a,2025-10-31T08:00:00Z,system,2025-10-31T08:00:00Z,system,PR0000000032,8e723945-6a6c-5803-a42e-c1347adfc586,e6d386f5-8b03-578e-aca0-68c8e68a10d1,2025-10-31,2025-11-13,APPROVED,URGENT,New project demand,27787.30,EUR
757d980a-2a66-5f67-92b7-14af8a257575,2026-01-06T08:00:00Z,system,2026-01-06T08:00:00Z,system,PR0000000033,88db520f-00d6-51aa-8b62-c7a88dd50f4c,5b8df29c-4f7d-5b45-b24c-0b5a197ae2b0,2026-01-06,2026-02-15,COMPLETED,NORMAL,Scheduled maintenance requirement,11498.90,EUR
7b583952-0472-57a4-a63d-1b68c0de77d6,2025-10-15T08:00:00Z,system,2025-10-15T08:00:00Z,system,PR0000000034,cbe963d2-a4e6-5ec1-a15f-948ff5630895,efd8a8e4-0bb8-5f9e-be95-16451417acb0,2025-10-15,2025-12-28,COMPLETED,NORMAL,Production material replenishment,126029.81,EUR
7fb1bf3d-9773-59c4-a01a-2bf0472cace4,2026-02-16T08:00:00Z,system,2026-02-16T08:00:00Z,system,PR0000000035,b0f0219c-497a-5b5a-8247-64bb9744b592,9f6bd345-59f3-56b7-b1b4-8a3e5fab6656,2026-02-16,2026-03-20,COMPLETED,HIGH,Production material replenishment,163006.75,EUR
a7ae085a-149d-5aff-a644-a90f493e52d0,2025-09-30T08:00:00Z,system,2025-09-30T08:00:00Z,system,PR0000000036,43022d67-1e7e-5424-9987-98f2d73d0810,03aef187-5272-56c7-bfc4-cf8b61ecf06b,2025-09-30,2025-12-03,CANCELLED,NORMAL,Safety stock replenishment,336069.00,EUR
6948d085-f152-56a2-bf02-a13b95583a90,2026-02-15T08:00:00Z,system,2026-02-15T08:00:00Z,system,PR0000000037,d778b989-a675-5d3f-8009-55dfeceec6f9,5b8df29c-4f7d-5b45-b24c-0b5a197ae2b0,2026-02-15,2026-04-29,DRAFT,HIGH,Scheduled maintenance requirement,123214.10,EUR
c4c8e8a4-d4aa-57bc-be9d-04ee4cab2414,2026-06-03T08:00:00Z,system,2026-06-03T08:00:00Z,system,PR0000000038,a573cf3b-6545-5ee9-8ae0-2ff7e9370a69,3e8df789-1fad-5f45-9e4e-ae08a2240191,2026-06-03,2026-06-29,ORDERED,NORMAL,New project demand,24345.80,EUR
8646b5ed-6011-5cbc-8adf-e03a3d4e3345,2026-07-20T08:00:00Z,system,2026-07-20T08:00:00Z,system,PR0000000039,113128ae-1f79-5f39-8c07-f3d07a663bae,5b8df29c-4f7d-5b45-b24c-0b5a197ae2b0,2026-07-20,2026-08-22,ORDERED,NORMAL,Scheduled maintenance requirement,3643.50,EUR
858a6259-7228-5b7e-b7c1-eb083a2423ee,2025-09-05T08:00:00Z,system,2025-09-05T08:00:00Z,system,PR0000000040,bf33aee2-e9ef-5847-9fa5-474024f30610,5b8df29c-4f7d-5b45-b24c-0b5a197ae2b0,2025-09-05,2025-10-16,ORDERED,NORMAL,Warehouse stock below reorder point,151536.00,EUR
60797153-19e8-50fc-9058-7890bdf66b41,2026-04-05T08:00:00Z,system,2026-04-05T08:00:00Z,system,PR0000000041,c7e3e4e0-4eb0-57ed-973a-248aa1d4166f,cb89079f-b137-594d-b7f6-f3803900b013,2026-04-05,2026-05-22,CANCELLED,NORMAL,Safety stock replenishment,125093.50,EUR
3cef8755-5ffc-5939-8264-a2563ccdcd3a,2026-04-10T08:00:00Z,system,2026-04-10T08:00:00Z,system,PR0000000042,b0f0219c-497a-5b5a-8247-64bb9744b592,89693957-df41-5038-b06b-8fcd13674f65,2026-04-10,2026-06-16,CANCELLED,URGENT,Warehouse stock below reorder point,29436.00,EUR
811ce7cb-9a0d-5d15-a2b0-74fe31e76eab,2026-04-17T08:00:00Z,system,2026-04-17T08:00:00Z,system,PR0000000043,43022d67-1e7e-5424-9987-98f2d73d0810,87cb6569-bd40-5e24-8586-da21fbea3a81,2026-04-17,2026-06-06,COMPLETED,HIGH,Production material replenishment,18597.20,EUR
aa8504b7-36e4-5ca9-b88f-637e741bed6f,2025-12-11T08:00:00Z,system,2025-12-11T08:00:00Z,system,PR0000000044,d14b0728-f72c-5fc0-a4ba-8ff48ceaa3cc,efd8a8e4-0bb8-5f9e-be95-16451417acb0,2025-12-11,2026-01-18,REJECTED,LOW,Scheduled maintenance requirement,225638.00,EUR
14654893-7969-5009-90e0-c682d41431d3,2025-10-05T08:00:00Z,system,2025-10-05T08:00:00Z,system,PR0000000045,4deefa0a-1e41-5a72-a113-c2b82a9ea70b,329ee744-d62e-5fc4-a06d-cd6019444aa8,2025-10-05,2025-12-10,CANCELLED,HIGH,Safety stock replenishment,289686.70,EUR
68e2fd8b-80da-54ab-8594-b2f6d0f49130,2026-02-19T08:00:00Z,system,2026-02-19T08:00:00Z,system,PR0000000046,aa73552f-c4e3-50c0-ab42-ae08fe8628fc,5528724a-ec45-5c0d-ac18-8666390c638c,2026-02-19,2026-03-18,CANCELLED,NORMAL,Production material replenishment,31969.19,EUR
24a13833-d96a-5de3-97d3-5d35880aa9db,2025-10-02T08:00:00Z,system,2025-10-02T08:00:00Z,system,PR0000000047,b519a3ff-3161-5685-8e6b-9063483eb30b,3cab26fd-f62f-5970-ad42-c321a067cf36,2025-10-02,2025-11-11,ORDERED,LOW,Scheduled maintenance requirement,3130.00,EUR
5e3df654-8f5a-594c-89be-6a9cf4433ba3,2026-01-08T08:00:00Z,system,2026-01-08T08:00:00Z,system,PR0000000048,40fc93b9-abcc-5006-b3bc-584cd180694b,89693957-df41-5038-b06b-8fcd13674f65,2026-01-08,2026-02-26,ORDERED,URGENT,Production material replenishment,102832.58,EUR
b81befa3-1da7-5fb9-a4bb-f744f37dfcb4,2026-07-27T08:00:00Z,system,2026-07-27T08:00:00Z,system,PR0000000049,a3376a3d-c7f1-544e-97d1-f19074988bc2,5b8df29c-4f7d-5b45-b24c-0b5a197ae2b0,2026-07-27,2026-08-25,COMPLETED,NORMAL,Safety stock replenishment,161842.40,EUR
eb34b1c5-3f5b-5892-a2df-fee1417db8a9,2025-09-17T08:00:00Z,system,2025-09-17T08:00:00Z,system,PR0000000050,7c801ba4-5463-5410-bdfc-fb9770b2a7c7,03aef187-5272-56c7-bfc4-cf8b61ecf06b,2025-09-17,2025-10-31,COMPLETED,NORMAL,Safety stock replenishment,413452.50,EUR
6b11570b-eca6-58fa-b6e8-d68f51546dc0,2026-05-06T08:00:00Z,system,2026-05-06T08:00:00Z,system,PR0000000051,f911dfb3-26ad-5d1f-b884-074c195d7b36,3cab26fd-f62f-5970-ad42-c321a067cf36,2026-05-06,2026-05-18,COMPLETED,NORMAL,Warehouse stock below reorder point,18620.20,EUR
d84360b8-1fc1-503d-9a1d-23c4e13d2144,2025-09-16T08:00:00Z,system,2025-09-16T08:00:00Z,system,PR0000000052,24356e6d-8de5-5316-88e3-702cdfd23228,d425a94e-8ac6-50ba-81e4-27a328a21379,2025-09-16,2025-10-12,COMPLETED,NORMAL,Warehouse stock below reorder point,166295.00,EUR
54580ce7-24ed-5058-8b5a-cb2fa1cfa31f,2025-09-26T08:00:00Z,system,2025-09-26T08:00:00Z,system,PR0000000053,3ff49664-5bf3-5a7a-831a-b66f133487c8,e6d386f5-8b03-578e-aca0-68c8e68a10d1,2025-09-26,2025-10-03,SUBMITTED,HIGH,New project demand,166342.50,EUR
5e4bce20-af2b-5844-b979-b8d08e042897,2026-03-23T08:00:00Z,system,2026-03-23T08:00:00Z,system,PR0000000054,5f639525-25c5-54fa-aa87-ccfe5b39776a,efd8a8e4-0bb8-5f9e-be95-16451417acb0,2026-03-23,2026-05-29,APPROVED,NORMAL,Warehouse stock below reorder point,16332.59,EUR
55851193-75a4-54e7-9d4c-af1823349c6e,2026-03-14T08:00:00Z,system,2026-03-14T08:00:00Z,system,PR0000000055,b519a3ff-3161-5685-8e6b-9063483eb30b,329ee744-d62e-5fc4-a06d-cd6019444aa8,2026-03-14,2026-04-04,SUBMITTED,NORMAL,Production material replenishment,251954.00,EUR
030b7e34-3449-5f2d-8634-82c53ba6af43,2026-05-29T08:00:00Z,system,2026-05-29T08:00:00Z,system,PR0000000056,d925509d-9c4c-55ac-990d-b19752aa437c,e294ac9d-bd77-5078-ba31-f74bebb60488,2026-05-29,2026-06-26,COMPLETED,NORMAL,Replacement of worn equipment,65324.50,EUR
7cb400b2-9f83-549b-af63-b932946003a7,2026-03-13T08:00:00Z,system,2026-03-13T08:00:00Z,system,PR0000000057,4e216c0a-c972-5f8b-9c46-6350e9b7fcd3,26221d5e-2e66-5ea9-8c4d-30720ed59583,2026-03-13,2026-05-27,ORDERED,HIGH,Replacement of worn equipment,7885.63,EUR
2980e735-b72e-588d-8129-3720a5344f78,2026-05-23T08:00:00Z,system,2026-05-23T08:00:00Z,system,PR0000000058,4e5e44a7-230a-5238-af8a-6363cf5be42b,329ee744-d62e-5fc4-a06d-cd6019444aa8,2026-05-23,2026-06-11,SUBMITTED,NORMAL,Replacement of worn equipment,267890.85,EUR
934dfee1-3f05-576a-8ca2-a48dc2dc97ad,2025-10-29T08:00:00Z,system,2025-10-29T08:00:00Z,system,PR0000000059,4b8f339d-64d5-53f8-bcd2-cafb0ea20c4d,34b80a58-c167-5ea6-9b2c-d151aa2ea5a3,2025-10-29,2025-12-18,ORDERED,NORMAL,Safety stock replenishment,66267.86,EUR
32efa72b-2b69-5c8d-b7ec-ed472b52dc94,2025-09-13T08:00:00Z,system,2025-09-13T08:00:00Z,system,PR0000000060,56087fe0-dc48-50ce-a150-f8defa744374,efd8a8e4-0bb8-5f9e-be95-16451417acb0,2025-09-13,2025-10-25,DRAFT,HIGH,Scheduled maintenance requirement,206669.94,EUR
ddf13fd6-dbd7-55d9-b4a3-54f28d7aed74,2026-04-23T08:00:00Z,system,2026-04-23T08:00:00Z,system,PR0000000061,e5f6eca5-efd9-5b50-b3e2-8885e65c411d,329ee744-d62e-5fc4-a06d-cd6019444aa8,2026-04-23,2026-06-19,COMPLETED,HIGH,Warehouse stock below reorder point,29769.50,EUR
40361b9c-1e32-52e6-856e-cc22f148a84d,2025-09-09T08:00:00Z,system,2025-09-09T08:00:00Z,system,PR0000000062,deb3fb29-3383-5c3d-9343-4b0681551f8f,3cab26fd-f62f-5970-ad42-c321a067cf36,2025-09-09,2025-11-14,SUBMITTED,HIGH,Warehouse stock below reorder point,27596.50,EUR
f25c1aab-713d-5344-81a6-067e40b1c8a7,2025-10-14T08:00:00Z,system,2025-10-14T08:00:00Z,system,PR0000000063,362bb051-fb3b-5a89-9979-8640133ad18b,9f6bd345-59f3-56b7-b1b4-8a3e5fab6656,2025-10-14,2025-11-11,SUBMITTED,NORMAL,New project demand,322344.00,EUR
1a89eeaa-7d79-5349-8e40-e33cb5b044af,2026-04-14T08:00:00Z,system,2026-04-14T08:00:00Z,system,PR0000000064,f2241022-edb7-5025-96ee-391d1dcaca23,9f6bd345-59f3-56b7-b1b4-8a3e5fab6656,2026-04-14,2026-05-01,ORDERED,HIGH,New project demand,32734.05,EUR
94662b40-5acd-518a-a225-800cd3779a5e,2026-03-14T08:00:00Z,system,2026-03-14T08:00:00Z,system,PR0000000065,bfc09207-4542-5693-a52b-974f1bcfaf39,12473360-94f1-5fba-a391-36ce9d7f31be,2026-03-14,2026-04-19,ORDERED,NORMAL,New project demand,145901.02,EUR
46aaeab1-41cb-53bb-8a20-70364c0e4ad1,2026-06-20T08:00:00Z,system,2026-06-20T08:00:00Z,system,PR0000000066,d14b0728-f72c-5fc0-a4ba-8ff48ceaa3cc,e6d386f5-8b03-578e-aca0-68c8e68a10d1,2026-06-20,2026-07-01,COMPLETED,HIGH,Replacement of worn equipment,186134.84,EUR
1b226193-7dda-56e2-9479-cd8f4edf59f8,2026-06-21T08:00:00Z,system,2026-06-21T08:00:00Z,system,PR0000000067,362bb051-fb3b-5a89-9979-8640133ad18b,03aef187-5272-56c7-bfc4-cf8b61ecf06b,2026-06-21,2026-07-13,ORDERED,HIGH,Warehouse stock below reorder point,143979.75,EUR
96ce0844-6511-5299-a4d3-06bfea90128e,2025-10-22T08:00:00Z,system,2025-10-22T08:00:00Z,system,PR0000000068,344e75d1-f4ee-5da0-b8c0-d2949c9f7794,d425a94e-8ac6-50ba-81e4-27a328a21379,2025-10-22,2025-12-19,COMPLETED,NORMAL,Safety stock replenishment,17.00,EUR
51cd60bf-21fa-5e12-b8cc-b6c3cb2eff9b,2025-12-03T08:00:00Z,system,2025-12-03T08:00:00Z,system,PR0000000069,cbe963d2-a4e6-5ec1-a15f-948ff5630895,51ca2c43-9865-5eed-88e1-7efd0be651e9,2025-12-03,2026-02-12,ORDERED,HIGH,Replacement of worn equipment,38743.75,EUR
7039eea8-a1c6-5a36-ae44-331eb8899155,2026-06-06T08:00:00Z,system,2026-06-06T08:00:00Z,system,PR0000000070,344e75d1-f4ee-5da0-b8c0-d2949c9f7794,681d3a1f-6166-5793-8dd0-2f9ae8a7e909,2026-06-06,2026-07-08,COMPLETED,NORMAL,Scheduled maintenance requirement,303580.50,EUR
33e94ea9-33f4-5db7-a33b-7113255c0861,2026-07-03T08:00:00Z,system,2026-07-03T08:00:00Z,system,PR0000000071,f5b4b717-e857-50a0-b0af-aa491c52f9b9,0450cf2b-52b5-5c7a-95b0-bbdc67bca724,2026-07-03,2026-07-14,CANCELLED,HIGH,Replacement of worn equipment,266162.50,EUR
a60ec34f-9523-570f-839f-03ea48372156,2025-10-20T08:00:00Z,system,2025-10-20T08:00:00Z,system,PR0000000072,749e799d-dc59-5571-b15c-7d9bf9c77752,3cab26fd-f62f-5970-ad42-c321a067cf36,2025-10-20,2025-12-30,COMPLETED,NORMAL,Scheduled maintenance requirement,527540.35,EUR
d2b089de-9e6a-5469-8556-840878a8688d,2026-07-27T08:00:00Z,system,2026-07-27T08:00:00Z,system,PR0000000073,78f316cf-bc76-5bab-9068-b36833d8b019,cb89079f-b137-594d-b7f6-f3803900b013,2026-07-27,2026-08-09,COMPLETED,HIGH,Production material replenishment,13121.50,EUR
abb3787a-f8b6-5b08-9931-7eb93b4b0e69,2026-01-16T08:00:00Z,system,2026-01-16T08:00:00Z,system,PR0000000074,40fc93b9-abcc-5006-b3bc-584cd180694b,113d871c-fdd0-59b0-922b-71a1f17a7a5b,2026-01-16,2026-03-15,APPROVED,URGENT,Warehouse stock below reorder point,309441.25,EUR
86d49e9e-4861-528f-b0ed-e1d536c0103f,2025-11-12T08:00:00Z,system,2025-11-12T08:00:00Z,system,PR0000000075,13784956-f498-5534-9b07-21147167cebb,d425a94e-8ac6-50ba-81e4-27a328a21379,2025-11-12,2025-12-16,ORDERED,LOW,Scheduled maintenance requirement,274736.34,EUR
ee775e6b-dac9-5d83-b2fa-e784495f9e8b,2025-11-17T08:00:00Z,system,2025-11-17T08:00:00Z,system,PR0000000076,e5f6eca5-efd9-5b50-b3e2-8885e65c411d,e294ac9d-bd77-5078-ba31-f74bebb60488,2025-11-17,2026-01-02,ORDERED,NORMAL,Safety stock replenishment,1980.97,EUR
4e3ea3c6-b86c-590f-ac89-e5df133ccae2,2025-10-22T08:00:00Z,system,2025-10-22T08:00:00Z,system,PR0000000077,a3376a3d-c7f1-544e-97d1-f19074988bc2,5528724a-ec45-5c0d-ac18-8666390c638c,2025-10-22,2025-12-23,ORDERED,NORMAL,Safety stock replenishment,1290.00,EUR
912559fb-a61c-572d-8512-9703afb83540,2026-02-07T08:00:00Z,system,2026-02-07T08:00:00Z,system,PR0000000078,0737d81c-800f-585f-8a81-5742f5aa93a6,e294ac9d-bd77-5078-ba31-f74bebb60488,2026-02-07,2026-03-22,APPROVED,HIGH,Scheduled maintenance requirement,109454.60,EUR
eba6efc7-5287-5e24-bbc4-9173ee1c8768,2026-04-06T08:00:00Z,system,2026-04-06T08:00:00Z,system,PR0000000079,605855ea-5571-58a5-9ec3-f66b7ecc340e,e6d386f5-8b03-578e-aca0-68c8e68a10d1,2026-04-06,2026-06-17,COMPLETED,HIGH,Production material replenishment,1854.49,EUR
1ffb5b59-7a4c-5278-9f48-7fe526a8b7f7,2025-09-18T08:00:00Z,system,2025-09-18T08:00:00Z,system,PR0000000080,c6e566c4-5c48-598a-9eaf-6624035417aa,261d0783-3954-5ee6-baf2-f9e37bbb725b,2025-09-18,2025-11-03,APPROVED,NORMAL,Scheduled maintenance requirement,332265.76,EUR
06c7a154-8a72-5846-a2fb-693085a73736,2026-01-26T08:00:00Z,system,2026-01-26T08:00:00Z,system,PR0000000081,5f639525-25c5-54fa-aa87-ccfe5b39776a,51ca2c43-9865-5eed-88e1-7efd0be651e9,2026-01-26,2026-02-06,APPROVED,LOW,Safety stock replenishment,87329.40,EUR
059daea8-a42c-5f37-8167-29d82fbb44d2,2026-06-06T08:00:00Z,system,2026-06-06T08:00:00Z,system,PR0000000082,f2241022-edb7-5025-96ee-391d1dcaca23,d425a94e-8ac6-50ba-81e4-27a328a21379,2026-06-06,2026-07-09,ORDERED,NORMAL,Production material replenishment,31022.95,EUR
c2f5f22c-7a15-59a8-943c-4bfc662efbc4,2025-10-11T08:00:00Z,system,2025-10-11T08:00:00Z,system,PR0000000083,d14b0728-f72c-5fc0-a4ba-8ff48ceaa3cc,5528724a-ec45-5c0d-ac18-8666390c638c,2025-10-11,2025-11-06,COMPLETED,HIGH,Production material replenishment,124557.59,EUR
65237bae-6011-568f-af27-dad29f925eaf,2026-04-14T08:00:00Z,system,2026-04-14T08:00:00Z,system,PR0000000084,91e632eb-67bf-5d38-a8b5-8e84d43dd62b,34b80a58-c167-5ea6-9b2c-d151aa2ea5a3,2026-04-14,2026-05-27,ORDERED,NORMAL,Replacement of worn equipment,181117.45,EUR
1371f58f-5518-5e0e-b15a-4eab2f8637bd,2025-12-20T08:00:00Z,system,2025-12-20T08:00:00Z,system,PR0000000085,784d909a-03fe-5442-985a-f87c223ba14e,283bb6f3-df62-5cb4-9d4b-a62afcbbb11d,2025-12-20,2026-01-30,APPROVED,NORMAL,Replacement of worn equipment,48694.00,EUR
90a33ab8-a501-55aa-832b-fd663a880bb2,2026-06-23T08:00:00Z,system,2026-06-23T08:00:00Z,system,PR0000000086,0a9b9cf2-8c50-54fd-b243-53899f77bb55,89693957-df41-5038-b06b-8fcd13674f65,2026-06-23,2026-08-01,APPROVED,NORMAL,Replacement of worn equipment,180715.85,EUR
6fb35aec-4b5d-5bde-8193-74d74e79bf82,2026-02-06T08:00:00Z,system,2026-02-06T08:00:00Z,system,PR0000000087,f911dfb3-26ad-5d1f-b884-074c195d7b36,e294ac9d-bd77-5078-ba31-f74bebb60488,2026-02-06,2026-03-18,ORDERED,NORMAL,Warehouse stock below reorder point,13194.33,EUR
93540365-7e35-56b1-b5a1-e45f12016739,2026-01-18T08:00:00Z,system,2026-01-18T08:00:00Z,system,PR0000000088,f2241022-edb7-5025-96ee-391d1dcaca23,329ee744-d62e-5fc4-a06d-cd6019444aa8,2026-01-18,2026-02-25,DRAFT,URGENT,Warehouse stock below reorder point,14941.84,EUR
19a04d7a-c167-58c2-96be-d1a09d73ad4e,2026-02-08T08:00:00Z,system,2026-02-08T08:00:00Z,system,PR0000000089,4b8f339d-64d5-53f8-bcd2-cafb0ea20c4d,78e17b4f-64d9-5a1f-8e02-e8a798b67ff0,2026-02-08,2026-04-11,APPROVED,NORMAL,Safety stock replenishment,33981.40,EUR
f88267a9-55be-5b5d-b809-2eeb5bf70d38,2026-07-22T08:00:00Z,system,2026-07-22T08:00:00Z,system,PR0000000090,e1c1d5bd-6452-5e7c-9911-1b5d499df0eb,12473360-94f1-5fba-a391-36ce9d7f31be,2026-07-22,2026-08-14,COMPLETED,HIGH,Warehouse stock below reorder point,253761.80,EUR
b32dc88f-6d23-5bb2-be31-dada15f96a20,2026-07-04T08:00:00Z,system,2026-07-04T08:00:00Z,system,PR0000000091,e7550e96-a024-5ec6-9a52-a71b05d83aca,87cb6569-bd40-5e24-8586-da21fbea3a81,2026-07-04,2026-09-02,APPROVED,LOW,Warehouse stock below reorder point,83205.25,EUR
acacfd62-20ec-55a4-be4e-a4b0ff65332f,2026-03-28T08:00:00Z,system,2026-03-28T08:00:00Z,system,PR0000000092,e1c1d5bd-6452-5e7c-9911-1b5d499df0eb,9f6bd345-59f3-56b7-b1b4-8a3e5fab6656,2026-03-28,2026-05-26,ORDERED,NORMAL,New project demand,543.50,EUR
776b2136-536e-58fa-a87f-d67da6dcca2e,2026-06-01T08:00:00Z,system,2026-06-01T08:00:00Z,system,PR0000000093,e5f6eca5-efd9-5b50-b3e2-8885e65c411d,e294ac9d-bd77-5078-ba31-f74bebb60488,2026-06-01,2026-07-18,ORDERED,NORMAL,New project demand,6705.32,EUR
ac6a2dad-237e-57f4-ac65-1052624c406e,2025-09-01T08:00:00Z,system,2025-09-01T08:00:00Z,system,PR0000000094,6a4dd11c-1048-5284-aa7d-1444c1c67877,cb89079f-b137-594d-b7f6-f3803900b013,2025-09-01,2025-10-05,ORDERED,HIGH,Production material replenishment,117623.00,EUR
8b81de4c-f53e-5e45-90f7-a22e24a3bdae,2026-06-02T08:00:00Z,system,2026-06-02T08:00:00Z,system,PR0000000095,c7e3e4e0-4eb0-57ed-973a-248aa1d4166f,78e17b4f-64d9-5a1f-8e02-e8a798b67ff0,2026-06-02,2026-06-30,APPROVED,NORMAL,Safety stock replenishment,552022.89,EUR
4623354c-7bf9-5ded-9eb6-24f0db2f7dd3,2026-07-04T08:00:00Z,system,2026-07-04T08:00:00Z,system,PR0000000096,3ff49664-5bf3-5a7a-831a-b66f133487c8,78e17b4f-64d9-5a1f-8e02-e8a798b67ff0,2026-07-04,2026-07-11,COMPLETED,HIGH,Scheduled maintenance requirement,408527.44,EUR
93f50094-b86d-5af6-b35c-52657fad6650,2025-10-02T08:00:00Z,system,2025-10-02T08:00:00Z,system,PR0000000097,24356e6d-8de5-5316-88e3-702cdfd23228,51ca2c43-9865-5eed-88e1-7efd0be651e9,2025-10-02,2025-12-10,ORDERED,LOW,Production material replenishment,40519.80,EUR
5862aec3-c2ff-5137-9e5f-b088d291ea10,2026-07-08T08:00:00Z,system,2026-07-08T08:00:00Z,system,PR0000000098,78f316cf-bc76-5bab-9068-b36833d8b019,681d3a1f-6166-5793-8dd0-2f9ae8a7e909,2026-07-08,2026-08-09,ORDERED,NORMAL,Scheduled maintenance requirement,4462.63,EUR
98ce1073-df64-51ae-aeaf-c57286c6f1bb,2025-11-04T08:00:00Z,system,2025-11-04T08:00:00Z,system,PR0000000099,b0f0219c-497a-5b5a-8247-64bb9744b592,e6d386f5-8b03-578e-aca0-68c8e68a10d1,2025-11-04,2025-12-20,REJECTED,HIGH,Replacement of worn equipment,126228.33,EUR
2bb46223-bb51-5148-b293-0baaa7429ee9,2026-03-23T08:00:00Z,system,2026-03-23T08:00:00Z,system,PR0000000100,d925509d-9c4c-55ac-990d-b19752aa437c,261d0783-3954-5ee6-baf2-f9e37bbb725b,2026-03-23,2026-04-18,ORDERED,HIGH,Replacement of worn equipment,292727.20,EUR
bef686fe-6af3-543f-9d81-7dbd6760fb0b,2026-05-11T08:00:00Z,system,2026-05-11T08:00:00Z,system,PR0000000101,e5f6eca5-efd9-5b50-b3e2-8885e65c411d,d425a94e-8ac6-50ba-81e4-27a328a21379,2026-05-11,2026-07-14,COMPLETED,NORMAL,New project demand,75504.00,EUR
6eeb3946-e78f-587f-9877-2bc3b0391430,2026-07-16T08:00:00Z,system,2026-07-16T08:00:00Z,system,PR0000000102,f5b4b717-e857-50a0-b0af-aa491c52f9b9,efd8a8e4-0bb8-5f9e-be95-16451417acb0,2026-07-16,2026-09-12,APPROVED,HIGH,Warehouse stock below reorder point,40347.00,EUR
335ca9fc-a1d4-5ecd-b141-0812d24daa63,2025-12-30T08:00:00Z,system,2025-12-30T08:00:00Z,system,PR0000000103,c6e566c4-5c48-598a-9eaf-6624035417aa,78e17b4f-64d9-5a1f-8e02-e8a798b67ff0,2025-12-30,2026-01-14,APPROVED,NORMAL,Production material replenishment,66797.10,EUR
da557484-b1ae-547d-a818-7601cae7b216,2026-06-26T08:00:00Z,system,2026-06-26T08:00:00Z,system,PR0000000104,8e723945-6a6c-5803-a42e-c1347adfc586,3e8df789-1fad-5f45-9e4e-ae08a2240191,2026-06-26,2026-08-26,APPROVED,NORMAL,Scheduled maintenance requirement,101144.25,EUR
0c091381-35d0-5d20-86ef-77a8ad5a49f7,2026-05-03T08:00:00Z,system,2026-05-03T08:00:00Z,system,PR0000000105,9e1c4686-2f34-5912-ad37-81df9a7a3278,283bb6f3-df62-5cb4-9d4b-a62afcbbb11d,2026-05-03,2026-06-30,ORDERED,HIGH,Scheduled maintenance requirement,53098.18,EUR
ba89b5fb-d37e-5590-b4c9-3ce6b92b6059,2025-09-01T08:00:00Z,system,2025-09-01T08:00:00Z,system,PR0000000106,605855ea-5571-58a5-9ec3-f66b7ecc340e,329ee744-d62e-5fc4-a06d-cd6019444aa8,2025-09-01,2025-10-11,ORDERED,HIGH,New project demand,258343.30,EUR
3c5e36fb-5a9a-5db0-b0cd-1f403e6d32ad,2026-05-12T08:00:00Z,system,2026-05-12T08:00:00Z,system,PR0000000107,ef2ba588-e5f9-591f-9a01-16a28aec4a68,5528724a-ec45-5c0d-ac18-8666390c638c,2026-05-12,2026-07-18,APPROVED,NORMAL,Replacement of worn equipment,112362.60,EUR
ee029009-a314-539c-934c-5ff47a1845e9,2026-03-20T08:00:00Z,system,2026-03-20T08:00:00Z,system,PR0000000108,a3376a3d-c7f1-544e-97d1-f19074988bc2,681d3a1f-6166-5793-8dd0-2f9ae8a7e909,2026-03-20,2026-04-13,SUBMITTED,HIGH,Scheduled maintenance requirement,5106.10,EUR
e4a356a6-1964-5a57-9320-840a9f067213,2025-11-27T08:00:00Z,system,2025-11-27T08:00:00Z,system,PR0000000109,23c98543-9d7c-54ac-9fcb-107847fc2c70,113d871c-fdd0-59b0-922b-71a1f17a7a5b,2025-11-27,2025-12-18,COMPLETED,NORMAL,Warehouse stock below reorder point,490100.70,EUR
b7def990-1fd2-527e-b140-5e29f412a0fd,2025-12-16T08:00:00Z,system,2025-12-16T08:00:00Z,system,PR0000000110,7c801ba4-5463-5410-bdfc-fb9770b2a7c7,5b8df29c-4f7d-5b45-b24c-0b5a197ae2b0,2025-12-16,2026-01-19,COMPLETED,NORMAL,Scheduled maintenance requirement,207674.04,EUR
65d33d3d-324a-5fe5-898f-ea582a14404e,2026-06-08T08:00:00Z,system,2026-06-08T08:00:00Z,system,PR0000000111,b0637871-bb7d-59e4-8037-d5e1bbe0560a,3cab26fd-f62f-5970-ad42-c321a067cf36,2026-06-08,2026-06-21,COMPLETED,NORMAL,Production material replenishment,57658.24,EUR
c55f9f7f-9902-5e9a-890c-ecd8e68a9d5b,2026-01-20T08:00:00Z,system,2026-01-20T08:00:00Z,system,PR0000000112,e662820d-e3c6-5611-bb97-4b7844a2920f,26221d5e-2e66-5ea9-8c4d-30720ed59583,2026-01-20,2026-03-19,REJECTED,LOW,Scheduled maintenance requirement,135154.10,EUR
59a2f99b-ff23-5b5a-ad77-df5fbbd73f93,2026-06-05T08:00:00Z,system,2026-06-05T08:00:00Z,system,PR0000000113,c7e3e4e0-4eb0-57ed-973a-248aa1d4166f,681d3a1f-6166-5793-8dd0-2f9ae8a7e909,2026-06-05,2026-07-20,APPROVED,NORMAL,Safety stock replenishment,107426.85,EUR
7faf1e26-fdf1-5344-b297-d04e55ea0ae5,2025-09-06T08:00:00Z,system,2025-09-06T08:00:00Z,system,PR0000000114,e5f6eca5-efd9-5b50-b3e2-8885e65c411d,87cb6569-bd40-5e24-8586-da21fbea3a81,2025-09-06,2025-11-06,CANCELLED,HIGH,Replacement of worn equipment,168855.05,EUR
91ad8e76-31c5-5807-bdaf-184bf686815f,2026-03-14T08:00:00Z,system,2026-03-14T08:00:00Z,system,PR0000000115,4d8f6fc4-cd1e-5487-b09f-9668e6b5c3b6,89693957-df41-5038-b06b-8fcd13674f65,2026-03-14,2026-03-23,COMPLETED,NORMAL,Replacement of worn equipment,2044.28,EUR
b2804d80-df45-5511-98b7-d2fd752616f7,2026-02-23T08:00:00Z,system,2026-02-23T08:00:00Z,system,PR0000000116,9e1c4686-2f34-5912-ad37-81df9a7a3278,0450cf2b-52b5-5c7a-95b0-bbdc67bca724,2026-02-23,2026-03-03,APPROVED,NORMAL,Safety stock replenishment,358188.00,EUR
d3e416d4-50f0-578b-9e02-60e2ed72da9f,2026-04-01T08:00:00Z,system,2026-04-01T08:00:00Z,system,PR0000000117,4b293d94-100e-5c47-9833-e5ff185c7eba,521489a3-799d-50a5-9448-eeaa409714d1,2026-04-01,2026-06-06,ORDERED,NORMAL,Replacement of worn equipment,9021.50,EUR
897a51ff-37d9-55a7-a4bf-0fb02aadc74f,2026-01-04T08:00:00Z,system,2026-01-04T08:00:00Z,system,PR0000000118,749e799d-dc59-5571-b15c-7d9bf9c77752,cb89079f-b137-594d-b7f6-f3803900b013,2026-01-04,2026-02-22,COMPLETED,LOW,Warehouse stock below reorder point,6178.00,EUR
3376a935-de2f-5e53-b017-d04e84da5946,2026-07-05T08:00:00Z,system,2026-07-05T08:00:00Z,system,PR0000000119,78f316cf-bc76-5bab-9068-b36833d8b019,3cab26fd-f62f-5970-ad42-c321a067cf36,2026-07-05,2026-07-20,APPROVED,NORMAL,Replacement of worn equipment,287051.50,EUR
2d2d4296-3e55-5499-94ab-3b9ea6351ccc,2026-01-31T08:00:00Z,system,2026-01-31T08:00:00Z,system,PR0000000120,13784956-f498-5534-9b07-21147167cebb,12473360-94f1-5fba-a391-36ce9d7f31be,2026-01-31,2026-02-15,ORDERED,NORMAL,Warehouse stock below reorder point,224722.05,EUR
831fe291-7a3b-5097-9aa1-51e89e503103,2025-10-22T08:00:00Z,system,2025-10-22T08:00:00Z,system,PR0000000121,45c1a845-cf9c-5ebb-86b9-5be53a0f2b84,cb89079f-b137-594d-b7f6-f3803900b013,2025-10-22,2025-11-15,COMPLETED,NORMAL,New project demand,348514.56,EUR
e6deb24d-9493-5274-ab4e-b433aaa10e07,2026-02-18T08:00:00Z,system,2026-02-18T08:00:00Z,system,PR0000000122,0737d81c-800f-585f-8a81-5742f5aa93a6,d425a94e-8ac6-50ba-81e4-27a328a21379,2026-02-18,2026-03-21,ORDERED,NORMAL,Replacement of worn equipment,21895.20,EUR
4dbc4670-ae15-5650-b658-0788d7d262da,2026-06-21T08:00:00Z,system,2026-06-21T08:00:00Z,system,PR0000000123,5f639525-25c5-54fa-aa87-ccfe5b39776a,3e8df789-1fad-5f45-9e4e-ae08a2240191,2026-06-21,2026-08-09,APPROVED,HIGH,Safety stock replenishment,39995.50,EUR
07e3a9c9-477e-5b99-8a3f-0ee47b93467b,2026-04-22T08:00:00Z,system,2026-04-22T08:00:00Z,system,PR0000000124,93004fa0-e3e2-50bf-83fc-f937be12e8ed,113d871c-fdd0-59b0-922b-71a1f17a7a5b,2026-04-22,2026-05-15,ORDERED,NORMAL,New project demand,198681.10,EUR
fe63d324-e14b-5b81-9d92-23df9cbbfbfd,2026-04-15T08:00:00Z,system,2026-04-15T08:00:00Z,system,PR0000000125,784d909a-03fe-5442-985a-f87c223ba14e,03aef187-5272-56c7-bfc4-cf8b61ecf06b,2026-04-15,2026-04-26,APPROVED,NORMAL,Replacement of worn equipment,54579.50,EUR
8900bcd7-2744-553b-a5fb-c39d486243c5,2026-03-25T08:00:00Z,system,2026-03-25T08:00:00Z,system,PR0000000126,24356e6d-8de5-5316-88e3-702cdfd23228,cb89079f-b137-594d-b7f6-f3803900b013,2026-03-25,2026-04-13,COMPLETED,URGENT,Warehouse stock below reorder point,484717.70,EUR
17425679-74b9-5c7a-b0a1-a347e48e968e,2025-11-13T08:00:00Z,system,2025-11-13T08:00:00Z,system,PR0000000127,9566bb19-9176-52c9-8eea-1c1f82d4a01b,3cab26fd-f62f-5970-ad42-c321a067cf36,2025-11-13,2025-12-27,COMPLETED,NORMAL,Scheduled maintenance requirement,33523.57,EUR
cbdce86c-8691-5a3b-a5d1-e2ce0a800a12,2026-03-08T08:00:00Z,system,2026-03-08T08:00:00Z,system,PR0000000128,c6e566c4-5c48-598a-9eaf-6624035417aa,34b80a58-c167-5ea6-9b2c-d151aa2ea5a3,2026-03-08,2026-05-21,COMPLETED,NORMAL,Warehouse stock below reorder point,44356.64,EUR
b05f6c5e-12e9-56be-bbbf-613c6b5a0309,2026-01-24T08:00:00Z,system,2026-01-24T08:00:00Z,system,PR0000000129,5f639525-25c5-54fa-aa87-ccfe5b39776a,e294ac9d-bd77-5078-ba31-f74bebb60488,2026-01-24,2026-03-30,ORDERED,NORMAL,Warehouse stock below reorder point,291669.76,EUR
4e8e1143-f79d-5f7a-a854-649c274242c5,2025-12-02T08:00:00Z,system,2025-12-02T08:00:00Z,system,PR0000000130,7c801ba4-5463-5410-bdfc-fb9770b2a7c7,51ca2c43-9865-5eed-88e1-7efd0be651e9,2025-12-02,2026-01-29,ORDERED,NORMAL,Scheduled maintenance requirement,3220.68,EUR
3f36740e-1035-5fb4-916d-cc9c783f9f04,2025-10-03T08:00:00Z,system,2025-10-03T08:00:00Z,system,PR0000000131,30b1e0cc-485f-52e5-bea8-33b1020594c2,283bb6f3-df62-5cb4-9d4b-a62afcbbb11d,2025-10-03,2025-12-14,SUBMITTED,NORMAL,Safety stock replenishment,84915.70,EUR
0f526436-ae14-52ff-8f6e-6a817fca39a7,2025-09-19T08:00:00Z,system,2025-09-19T08:00:00Z,system,PR0000000132,7d98d770-399c-55fd-8a60-51d4eb644920,d425a94e-8ac6-50ba-81e4-27a328a21379,2025-09-19,2025-11-21,APPROVED,NORMAL,Safety stock replenishment,14876.00,EUR
60807730-97f0-533f-b46a-2c5418599c79,2026-03-26T08:00:00Z,system,2026-03-26T08:00:00Z,system,PR0000000133,9e1c4686-2f34-5912-ad37-81df9a7a3278,113d871c-fdd0-59b0-922b-71a1f17a7a5b,2026-03-26,2026-05-27,COMPLETED,HIGH,Safety stock replenishment,13875.20,EUR
3df5253c-e44f-596c-b71f-a17b67224be8,2025-10-11T08:00:00Z,system,2025-10-11T08:00:00Z,system,PR0000000134,a8900ba9-a076-5a48-8859-1f3fc1e76071,51ca2c43-9865-5eed-88e1-7efd0be651e9,2025-10-11,2025-11-19,SUBMITTED,NORMAL,Production material replenishment,42275.75,EUR
f142575f-f4ba-515c-a03d-a068b99c9fc7,2026-04-15T08:00:00Z,system,2026-04-15T08:00:00Z,system,PR0000000135,b519a3ff-3161-5685-8e6b-9063483eb30b,0450cf2b-52b5-5c7a-95b0-bbdc67bca724,2026-04-15,2026-06-05,ORDERED,NORMAL,Replacement of worn equipment,415163.90,EUR
d2ede4b0-f396-50cc-b570-b467dc27befc,2025-11-03T08:00:00Z,system,2025-11-03T08:00:00Z,system,PR0000000136,c6e566c4-5c48-598a-9eaf-6624035417aa,cb89079f-b137-594d-b7f6-f3803900b013,2025-11-03,2025-12-20,APPROVED,NORMAL,Warehouse stock below reorder point,136248.25,EUR
258d5333-587e-55e1-9ac5-959cfb347779,2026-04-09T08:00:00Z,system,2026-04-09T08:00:00Z,system,PR0000000137,2cd38cf3-5347-5c8e-9bec-7cbfde8bcfb8,3cab26fd-f62f-5970-ad42-c321a067cf36,2026-04-09,2026-05-12,APPROVED,NORMAL,Production material replenishment,1397.51,EUR
13317366-565c-530f-8b99-69616d017368,2026-05-06T08:00:00Z,system,2026-05-06T08:00:00Z,system,PR0000000138,f4bfe1cc-a9ff-5838-84b3-8d0b8a482a8d,89693957-df41-5038-b06b-8fcd13674f65,2026-05-06,2026-05-15,APPROVED,NORMAL,Warehouse stock below reorder point,219466.50,EUR
59a2b1d2-c0d8-590e-9846-602c1bb2321e,2025-09-19T08:00:00Z,system,2025-09-19T08:00:00Z,system,PR0000000139,8e723945-6a6c-5803-a42e-c1347adfc586,e294ac9d-bd77-5078-ba31-f74bebb60488,2025-09-19,2025-10-15,ORDERED,NORMAL,New project demand,172691.50,EUR
eae8447b-1fcd-5e9c-b59f-169bb3272f9e,2026-01-10T08:00:00Z,system,2026-01-10T08:00:00Z,system,PR0000000140,d067fd48-952d-58ac-82ab-b2049abe787a,87cb6569-bd40-5e24-8586-da21fbea3a81,2026-01-10,2026-01-28,COMPLETED,NORMAL,New project demand,33048.50,EUR
5a033504-eac7-5b23-859d-35f921b738f0,2025-12-13T08:00:00Z,system,2025-12-13T08:00:00Z,system,PR0000000141,5941f83b-16e1-5dcd-8dc3-df8d4713fe97,87cb6569-bd40-5e24-8586-da21fbea3a81,2025-12-13,2025-12-28,ORDERED,LOW,Production material replenishment,316616.16,EUR
656d3102-2ab3-53aa-ad77-963bbfe349e9,2026-06-26T08:00:00Z,system,2026-06-26T08:00:00Z,system,PR0000000142,0a9b9cf2-8c50-54fd-b243-53899f77bb55,283bb6f3-df62-5cb4-9d4b-a62afcbbb11d,2026-06-26,2026-08-08,ORDERED,HIGH,Warehouse stock below reorder point,495591.48,EUR
95b9bcad-ef08-5145-a312-9753a392b762,2026-03-24T08:00:00Z,system,2026-03-24T08:00:00Z,system,PR0000000143,4d8f6fc4-cd1e-5487-b09f-9668e6b5c3b6,78e17b4f-64d9-5a1f-8e02-e8a798b67ff0,2026-03-24,2026-05-03,APPROVED,NORMAL,Safety stock replenishment,90066.50,EUR
f6688971-fd41-5e38-b51a-2a1f689602fa,2026-05-19T08:00:00Z,system,2026-05-19T08:00:00Z,system,PR0000000144,4cc33be3-e381-5651-8754-1dfb4784e453,681d3a1f-6166-5793-8dd0-2f9ae8a7e909,2026-05-19,2026-08-02,SUBMITTED,URGENT,Scheduled maintenance requirement,76092.61,EUR
2d12bcfd-4254-5c2a-aed0-cc6678aeaf83,2026-04-29T08:00:00Z,system,2026-04-29T08:00:00Z,system,PR0000000145,13784956-f498-5534-9b07-21147167cebb,113d871c-fdd0-59b0-922b-71a1f17a7a5b,2026-04-29,2026-05-08,CANCELLED,HIGH,Safety stock replenishment,61228.15,EUR
195c4cc9-a323-5590-8a8a-ae261b24240e,2026-06-18T08:00:00Z,system,2026-06-18T08:00:00Z,system,PR0000000146,95f6a497-057c-520f-982f-8724d95bc2f7,51ca2c43-9865-5eed-88e1-7efd0be651e9,2026-06-18,2026-07-12,COMPLETED,LOW,Replacement of worn equipment,88493.84,EUR
6b0a4d4c-716a-5d62-a820-de78b38c6c22,2025-09-22T08:00:00Z,system,2025-09-22T08:00:00Z,system,PR0000000147,4e216c0a-c972-5f8b-9c46-6350e9b7fcd3,78e17b4f-64d9-5a1f-8e02-e8a798b67ff0,2025-09-22,2025-10-26,COMPLETED,NORMAL,Replacement of worn equipment,27044.56,EUR
fd7f494b-af5a-5f9f-bd27-ff53580ad0c9,2025-11-22T08:00:00Z,system,2025-11-22T08:00:00Z,system,PR0000000148,b0f0219c-497a-5b5a-8247-64bb9744b592,51ca2c43-9865-5eed-88e1-7efd0be651e9,2025-11-22,2025-12-03,COMPLETED,NORMAL,Production material replenishment,22114.00,EUR
9c61f30b-636c-54b8-bdaf-0073c2da245b,2026-06-19T08:00:00Z,system,2026-06-19T08:00:00Z,system,PR0000000149,b0f0219c-497a-5b5a-8247-64bb9744b592,283bb6f3-df62-5cb4-9d4b-a62afcbbb11d,2026-06-19,2026-07-02,REJECTED,NORMAL,Replacement of worn equipment,135704.55,EUR
ec6751fa-5cd9-5231-91f0-4cc3d72a572a,2026-06-12T08:00:00Z,system,2026-06-12T08:00:00Z,system,PR0000000150,4d8f6fc4-cd1e-5487-b09f-9668e6b5c3b6,3cab26fd-f62f-5970-ad42-c321a067cf36,2026-06-12,2026-07-27,APPROVED,NORMAL,Scheduled maintenance requirement,110456.70,EUR
ad033e1e-f4cc-50ac-b593-3c844d61a7e7,2026-02-24T08:00:00Z,system,2026-02-24T08:00:00Z,system,PR0000000151,13784956-f498-5534-9b07-21147167cebb,cb89079f-b137-594d-b7f6-f3803900b013,2026-02-24,2026-04-11,COMPLETED,NORMAL,Production material replenishment,20730.72,EUR
499bdfd3-2b82-5d16-ac19-05a2f5a61369,2025-09-23T08:00:00Z,system,2025-09-23T08:00:00Z,system,PR0000000152,93004fa0-e3e2-50bf-83fc-f937be12e8ed,89693957-df41-5038-b06b-8fcd13674f65,2025-09-23,2025-10-03,APPROVED,NORMAL,Warehouse stock below reorder point,355217.23,EUR
75222c36-e603-53be-9e59-7516c0ab60ef,2026-07-28T08:00:00Z,system,2026-07-28T08:00:00Z,system,PR0000000153,f00a2c4c-64cd-5064-b954-6cdd3ff4da8f,03aef187-5272-56c7-bfc4-cf8b61ecf06b,2026-07-28,2026-08-04,SUBMITTED,NORMAL,Scheduled maintenance requirement,88671.00,EUR
1bc64bef-9803-5fea-be1b-7361cfa091e9,2026-05-28T08:00:00Z,system,2026-05-28T08:00:00Z,system,PR0000000154,9e1c4686-2f34-5912-ad37-81df9a7a3278,e6d386f5-8b03-578e-aca0-68c8e68a10d1,2026-05-28,2026-06-07,DRAFT,NORMAL,Warehouse stock below reorder point,8941.22,EUR
d626aed7-3c45-5d3b-9eba-22fe0ea6499b,2025-10-07T08:00:00Z,system,2025-10-07T08:00:00Z,system,PR0000000155,5f639525-25c5-54fa-aa87-ccfe5b39776a,cb89079f-b137-594d-b7f6-f3803900b013,2025-10-07,2025-11-18,COMPLETED,NORMAL,Replacement of worn equipment,591452.00,EUR
fc4e92fc-c1bf-50c2-aacc-69949544d5ff,2026-03-28T08:00:00Z,system,2026-03-28T08:00:00Z,system,PR0000000156,9566bb19-9176-52c9-8eea-1c1f82d4a01b,51ca2c43-9865-5eed-88e1-7efd0be651e9,2026-03-28,2026-04-10,ORDERED,NORMAL,New project demand,326913.54,EUR
5ce8f2d3-a93f-5028-b4ee-7f0041c5c36d,2026-05-21T08:00:00Z,system,2026-05-21T08:00:00Z,system,PR0000000157,b519a3ff-3161-5685-8e6b-9063483eb30b,3e8df789-1fad-5f45-9e4e-ae08a2240191,2026-05-21,2026-07-24,REJECTED,NORMAL,New project demand,41921.00,EUR
1444da9e-d593-528c-8ebd-d2db95faa77c,2026-02-04T08:00:00Z,system,2026-02-04T08:00:00Z,system,PR0000000158,bf33aee2-e9ef-5847-9fa5-474024f30610,521489a3-799d-50a5-9448-eeaa409714d1,2026-02-04,2026-02-17,APPROVED,HIGH,New project demand,26218.80,EUR
ef16aff2-f80c-5b65-bbaa-84580c35eb51,2026-03-19T08:00:00Z,system,2026-03-19T08:00:00Z,system,PR0000000159,aa73552f-c4e3-50c0-ab42-ae08fe8628fc,51ca2c43-9865-5eed-88e1-7efd0be651e9,2026-03-19,2026-03-26,APPROVED,NORMAL,Scheduled maintenance requirement,198077.83,EUR
609c800a-05c6-5422-ba2f-c9e12d42d29a,2025-09-15T08:00:00Z,system,2025-09-15T08:00:00Z,system,PR0000000160,e5f6eca5-efd9-5b50-b3e2-8885e65c411d,d425a94e-8ac6-50ba-81e4-27a328a21379,2025-09-15,2025-09-29,ORDERED,NORMAL,New project demand,285666.72,EUR
a4fdea59-62d9-5996-ba63-7253e0429169,2026-01-03T08:00:00Z,system,2026-01-03T08:00:00Z,system,PR0000000161,56087fe0-dc48-50ce-a150-f8defa744374,89693957-df41-5038-b06b-8fcd13674f65,2026-01-03,2026-01-18,ORDERED,HIGH,Warehouse stock below reorder point,391063.00,EUR
acfef1ac-f984-5c24-aa64-fccece5222f5,2025-09-08T08:00:00Z,system,2025-09-08T08:00:00Z,system,PR0000000162,e1c1d5bd-6452-5e7c-9911-1b5d499df0eb,87cb6569-bd40-5e24-8586-da21fbea3a81,2025-09-08,2025-09-24,ORDERED,HIGH,Safety stock replenishment,17163.20,EUR
b0a56654-4024-5f3c-b25d-c1edcddcc60c,2026-04-04T08:00:00Z,system,2026-04-04T08:00:00Z,system,PR0000000163,ef2ba588-e5f9-591f-9a01-16a28aec4a68,78e17b4f-64d9-5a1f-8e02-e8a798b67ff0,2026-04-04,2026-04-16,APPROVED,URGENT,Scheduled maintenance requirement,707.18,EUR
23d74a93-6f39-5c56-b97f-0c04fab39c27,2026-05-21T08:00:00Z,system,2026-05-21T08:00:00Z,system,PR0000000164,5f639525-25c5-54fa-aa87-ccfe5b39776a,efd8a8e4-0bb8-5f9e-be95-16451417acb0,2026-05-21,2026-06-03,ORDERED,NORMAL,Safety stock replenishment,2487.00,EUR
b923eb69-7ad1-5ffb-a6b5-9281a8b372d3,2026-02-19T08:00:00Z,system,2026-02-19T08:00:00Z,system,PR0000000165,56087fe0-dc48-50ce-a150-f8defa744374,78e17b4f-64d9-5a1f-8e02-e8a798b67ff0,2026-02-19,2026-04-14,ORDERED,NORMAL,Production material replenishment,230100.88,EUR
887d33cf-1b7a-5e27-b6b4-7bbaa94ed405,2026-02-18T08:00:00Z,system,2026-02-18T08:00:00Z,system,PR0000000166,d925509d-9c4c-55ac-990d-b19752aa437c,cb89079f-b137-594d-b7f6-f3803900b013,2026-02-18,2026-03-17,APPROVED,NORMAL,Replacement of worn equipment,4332.17,EUR
6201d48a-13f3-52be-801a-667405c288fe,2026-01-29T08:00:00Z,system,2026-01-29T08:00:00Z,system,PR0000000167,d925509d-9c4c-55ac-990d-b19752aa437c,12473360-94f1-5fba-a391-36ce9d7f31be,2026-01-29,2026-04-13,COMPLETED,NORMAL,Replacement of worn equipment,350773.58,EUR
d9e6d8f0-9773-5ceb-b735-f49aede48d61,2025-10-29T08:00:00Z,system,2025-10-29T08:00:00Z,system,PR0000000168,cbe963d2-a4e6-5ec1-a15f-948ff5630895,34b80a58-c167-5ea6-9b2c-d151aa2ea5a3,2025-10-29,2026-01-09,ORDERED,NORMAL,Replacement of worn equipment,11641.63,EUR
eafca5b4-4115-5560-95d6-9ce3b75c7c92,2026-06-19T08:00:00Z,system,2026-06-19T08:00:00Z,system,PR0000000169,aa73552f-c4e3-50c0-ab42-ae08fe8628fc,cb89079f-b137-594d-b7f6-f3803900b013,2026-06-19,2026-08-13,COMPLETED,LOW,Safety stock replenishment,206677.40,EUR
a28a9d5e-8832-5ea7-aaa8-356e362ca20e,2026-03-22T08:00:00Z,system,2026-03-22T08:00:00Z,system,PR0000000170,a8900ba9-a076-5a48-8859-1f3fc1e76071,283bb6f3-df62-5cb4-9d4b-a62afcbbb11d,2026-03-22,2026-04-22,APPROVED,URGENT,Warehouse stock below reorder point,98572.91,EUR
3e893df9-6e16-57d8-8478-ead7f9dffd20,2025-12-09T08:00:00Z,system,2025-12-09T08:00:00Z,system,PR0000000171,7a782c7d-e7b1-562f-b8fa-653d0bcf3fab,0450cf2b-52b5-5c7a-95b0-bbdc67bca724,2025-12-09,2026-01-13,REJECTED,NORMAL,Safety stock replenishment,422175.80,EUR
9ce4044d-069f-536a-bf0f-64d410e610fc,2025-11-25T08:00:00Z,system,2025-11-25T08:00:00Z,system,PR0000000172,d778b989-a675-5d3f-8009-55dfeceec6f9,e6d386f5-8b03-578e-aca0-68c8e68a10d1,2025-11-25,2025-12-16,APPROVED,HIGH,Production material replenishment,590919.60,EUR
f43d08c0-ad30-527c-9353-5031fb072cf0,2026-02-27T08:00:00Z,system,2026-02-27T08:00:00Z,system,PR0000000173,f911dfb3-26ad-5d1f-b884-074c195d7b36,34b80a58-c167-5ea6-9b2c-d151aa2ea5a3,2026-02-27,2026-05-01,REJECTED,NORMAL,Production material replenishment,146345.50,EUR
67bb1961-1d69-5b75-bd6a-f871a315078e,2025-12-07T08:00:00Z,system,2025-12-07T08:00:00Z,system,PR0000000174,f5b4b717-e857-50a0-b0af-aa491c52f9b9,12473360-94f1-5fba-a391-36ce9d7f31be,2025-12-07,2026-01-21,ORDERED,HIGH,Warehouse stock below reorder point,25847.04,EUR
c6374df3-940b-5190-b52c-a1c2b95721c1,2026-05-22T08:00:00Z,system,2026-05-22T08:00:00Z,system,PR0000000175,9e1c4686-2f34-5912-ad37-81df9a7a3278,51ca2c43-9865-5eed-88e1-7efd0be651e9,2026-05-22,2026-07-04,CANCELLED,URGENT,Production material replenishment,90474.69,EUR
a0a0bcd8-b7a9-5453-b21a-b7a39423718d,2025-10-17T08:00:00Z,system,2025-10-17T08:00:00Z,system,PR0000000176,0737d81c-800f-585f-8a81-5742f5aa93a6,78e17b4f-64d9-5a1f-8e02-e8a798b67ff0,2025-10-17,2025-12-14,ORDERED,NORMAL,Safety stock replenishment,4146.05,EUR
36f647ea-ad98-58ec-8085-fdc260a155a7,2026-01-31T08:00:00Z,system,2026-01-31T08:00:00Z,system,PR0000000177,605855ea-5571-58a5-9ec3-f66b7ecc340e,12473360-94f1-5fba-a391-36ce9d7f31be,2026-01-31,2026-04-10,ORDERED,HIGH,Production material replenishment,1204.00,EUR
adc40233-9076-524f-a9fa-8d5c7b8eb305,2026-04-22T08:00:00Z,system,2026-04-22T08:00:00Z,system,PR0000000178,30b1e0cc-485f-52e5-bea8-33b1020594c2,5b8df29c-4f7d-5b45-b24c-0b5a197ae2b0,2026-04-22,2026-06-23,APPROVED,LOW,New project demand,179066.08,EUR
38031137-baf2-5764-8fa9-3baedbb8ca37,2026-06-28T08:00:00Z,system,2026-06-28T08:00:00Z,system,PR0000000179,362bb051-fb3b-5a89-9979-8640133ad18b,51ca2c43-9865-5eed-88e1-7efd0be651e9,2026-06-28,2026-07-25,COMPLETED,NORMAL,Replacement of worn equipment,46212.65,EUR
07ffef19-cb8b-5b5d-a1da-a087446c371d,2025-10-07T08:00:00Z,system,2025-10-07T08:00:00Z,system,PR0000000180,c6e566c4-5c48-598a-9eaf-6624035417aa,51ca2c43-9865-5eed-88e1-7efd0be651e9,2025-10-07,2025-11-08,APPROVED,NORMAL,Safety stock replenishment,29464.79,EUR
7e4d6ad1-3394-5a55-8899-aff9bc583aad,2026-02-21T08:00:00Z,system,2026-02-21T08:00:00Z,system,PR0000000181,b0637871-bb7d-59e4-8037-d5e1bbe0560a,51ca2c43-9865-5eed-88e1-7efd0be651e9,2026-02-21,2026-04-18,ORDERED,NORMAL,Scheduled maintenance requirement,19980.00,EUR
49484ecb-88b6-5ec0-8a4f-e3e1f8869dd3,2025-11-17T08:00:00Z,system,2025-11-17T08:00:00Z,system,PR0000000182,b519a3ff-3161-5685-8e6b-9063483eb30b,283bb6f3-df62-5cb4-9d4b-a62afcbbb11d,2025-11-17,2026-01-22,COMPLETED,NORMAL,Warehouse stock below reorder point,85994.70,EUR
3cc54fad-0d1b-5b90-9647-2f73bbacd50f,2025-12-24T08:00:00Z,system,2025-12-24T08:00:00Z,system,PR0000000183,45c1a845-cf9c-5ebb-86b9-5be53a0f2b84,89693957-df41-5038-b06b-8fcd13674f65,2025-12-24,2026-02-26,COMPLETED,NORMAL,Warehouse stock below reorder point,266196.00,EUR
8461f358-1b22-547a-96e5-15ec66d344f2,2026-04-11T08:00:00Z,system,2026-04-11T08:00:00Z,system,PR0000000184,f498e444-d003-5465-be1a-1aeedde95ca3,5b8df29c-4f7d-5b45-b24c-0b5a197ae2b0,2026-04-11,2026-05-08,COMPLETED,NORMAL,Safety stock replenishment,91863.35,EUR
5a1cc8d0-9e7b-5e52-b76d-7e37d2ae8c0a,2025-11-20T08:00:00Z,system,2025-11-20T08:00:00Z,system,PR0000000185,749e799d-dc59-5571-b15c-7d9bf9c77752,e294ac9d-bd77-5078-ba31-f74bebb60488,2025-11-20,2026-01-09,SUBMITTED,HIGH,Safety stock replenishment,260108.50,EUR
ff135240-1b8b-557c-8c41-a83ed6dc1dbc,2025-09-17T08:00:00Z,system,2025-09-17T08:00:00Z,system,PR0000000186,f911dfb3-26ad-5d1f-b884-074c195d7b36,12473360-94f1-5fba-a391-36ce9d7f31be,2025-09-17,2025-11-16,ORDERED,HIGH,Warehouse stock below reorder point,684284.22,EUR
ed61a534-6ce7-5eb2-827b-05ecbeac2d8d,2025-09-07T08:00:00Z,system,2025-09-07T08:00:00Z,system,PR0000000187,24356e6d-8de5-5316-88e3-702cdfd23228,26221d5e-2e66-5ea9-8c4d-30720ed59583,2025-09-07,2025-09-24,ORDERED,NORMAL,Safety stock replenishment,162024.50,EUR
b09f197e-1edb-5e78-909f-ac94aec35200,2026-04-07T08:00:00Z,system,2026-04-07T08:00:00Z,system,PR0000000188,4cc33be3-e381-5651-8754-1dfb4784e453,3cab26fd-f62f-5970-ad42-c321a067cf36,2026-04-07,2026-04-25,APPROVED,NORMAL,Scheduled maintenance requirement,54792.00,EUR
2823d17b-90fd-5dad-aa52-26ea115a2a6c,2026-03-19T08:00:00Z,system,2026-03-19T08:00:00Z,system,PR0000000189,d925509d-9c4c-55ac-990d-b19752aa437c,5b8df29c-4f7d-5b45-b24c-0b5a197ae2b0,2026-03-19,2026-04-05,COMPLETED,HIGH,Production material replenishment,106661.44,EUR
fe3701af-065b-5fb2-bdeb-d3be850f2620,2026-02-15T08:00:00Z,system,2026-02-15T08:00:00Z,system,PR0000000190,43022d67-1e7e-5424-9987-98f2d73d0810,78e17b4f-64d9-5a1f-8e02-e8a798b67ff0,2026-02-15,2026-04-26,ORDERED,NORMAL,Scheduled maintenance requirement,342540.20,EUR
ffcb3be2-5313-5f73-9a97-54f6d700af22,2025-12-12T08:00:00Z,system,2025-12-12T08:00:00Z,system,PR0000000191,f498e444-d003-5465-be1a-1aeedde95ca3,113d871c-fdd0-59b0-922b-71a1f17a7a5b,2025-12-12,2026-01-23,COMPLETED,NORMAL,New project demand,19.16,EUR
3845a0cb-8b36-5567-9cdf-36aee44b752c,2025-10-08T08:00:00Z,system,2025-10-08T08:00:00Z,system,PR0000000192,8758fdc7-b73d-58da-9847-91a91303126e,5528724a-ec45-5c0d-ac18-8666390c638c,2025-10-08,2025-10-15,ORDERED,HIGH,New project demand,93683.50,EUR
06230ce9-2dfc-5d38-b3df-630167117336,2026-07-12T08:00:00Z,system,2026-07-12T08:00:00Z,system,PR0000000193,0737d81c-800f-585f-8a81-5742f5aa93a6,283bb6f3-df62-5cb4-9d4b-a62afcbbb11d,2026-07-12,2026-08-09,ORDERED,NORMAL,Safety stock replenishment,359985.90,EUR
68892c20-f9b7-587e-8cb4-8718583842a4,2026-02-09T08:00:00Z,system,2026-02-09T08:00:00Z,system,PR0000000194,4cc33be3-e381-5651-8754-1dfb4784e453,283bb6f3-df62-5cb4-9d4b-a62afcbbb11d,2026-02-09,2026-02-16,COMPLETED,HIGH,Warehouse stock below reorder point,119542.40,EUR
2cab55aa-a204-5503-8e9f-0774f202f50a,2025-12-09T08:00:00Z,system,2025-12-09T08:00:00Z,system,PR0000000195,d067fd48-952d-58ac-82ab-b2049abe787a,3cab26fd-f62f-5970-ad42-c321a067cf36,2025-12-09,2026-02-18,APPROVED,NORMAL,New project demand,62508.12,EUR
271f2ef5-3dcd-50cc-87de-24c8a3e36eb9,2026-07-09T08:00:00Z,system,2026-07-09T08:00:00Z,system,PR0000000196,c6e566c4-5c48-598a-9eaf-6624035417aa,03aef187-5272-56c7-bfc4-cf8b61ecf06b,2026-07-09,2026-07-17,APPROVED,NORMAL,New project demand,223355.46,EUR
da787e04-9e82-5539-bebf-a6dd72001153,2025-12-11T08:00:00Z,system,2025-12-11T08:00:00Z,system,PR0000000197,4cc33be3-e381-5651-8754-1dfb4784e453,5b8df29c-4f7d-5b45-b24c-0b5a197ae2b0,2025-12-11,2026-02-14,COMPLETED,NORMAL,Replacement of worn equipment,239103.50,EUR
41522b34-2ded-5694-85f4-d19afe68bbaa,2026-06-17T08:00:00Z,system,2026-06-17T08:00:00Z,system,PR0000000198,4deefa0a-1e41-5a72-a113-c2b82a9ea70b,d425a94e-8ac6-50ba-81e4-27a328a21379,2026-06-17,2026-08-15,SUBMITTED,HIGH,Warehouse stock below reorder point,203951.32,EUR
efbe0477-94b5-5743-8759-d1c7a7066f6e,2026-04-30T08:00:00Z,system,2026-04-30T08:00:00Z,system,PR0000000199,4e5e44a7-230a-5238-af8a-6363cf5be42b,329ee744-d62e-5fc4-a06d-cd6019444aa8,2026-04-30,2026-05-30,ORDERED,NORMAL,Warehouse stock below reorder point,85262.05,EUR
6f991454-739a-579e-a4d7-4cfc94e92063,2026-02-28T08:00:00Z,system,2026-02-28T08:00:00Z,system,PR0000000200,56087fe0-dc48-50ce-a150-f8defa744374,87cb6569-bd40-5e24-8586-da21fbea3a81,2026-02-28,2026-03-07,SUBMITTED,NORMAL,Replacement of worn equipment,70467.61,EUR
89a919a5-e896-568d-94f4-17cb9bcf9b9b,2026-01-02T08:00:00Z,system,2026-01-02T08:00:00Z,system,PR0000000201,d067fd48-952d-58ac-82ab-b2049abe787a,34b80a58-c167-5ea6-9b2c-d151aa2ea5a3,2026-01-02,2026-01-24,COMPLETED,NORMAL,Warehouse stock below reorder point,10099.35,EUR
bf0efb71-bca9-5b83-adc8-8183e404892f,2026-03-31T08:00:00Z,system,2026-03-31T08:00:00Z,system,PR0000000202,5941f83b-16e1-5dcd-8dc3-df8d4713fe97,113d871c-fdd0-59b0-922b-71a1f17a7a5b,2026-03-31,2026-05-23,COMPLETED,HIGH,New project demand,4735.82,EUR
b33c2aa1-7a9d-5bd9-9af1-2d02e31cf8a0,2026-07-25T08:00:00Z,system,2026-07-25T08:00:00Z,system,PR0000000203,e662820d-e3c6-5611-bb97-4b7844a2920f,d425a94e-8ac6-50ba-81e4-27a328a21379,2026-07-25,2026-10-04,ORDERED,NORMAL,Warehouse stock below reorder point,715.14,EUR
8e593155-93ed-542c-ac8f-c5bbe82c119a,2026-05-26T08:00:00Z,system,2026-05-26T08:00:00Z,system,PR0000000204,23c98543-9d7c-54ac-9fcb-107847fc2c70,efd8a8e4-0bb8-5f9e-be95-16451417acb0,2026-05-26,2026-08-04,APPROVED,LOW,Safety stock replenishment,173538.80,EUR
b49f62b7-0459-5259-bf50-a0b76b48f230,2026-02-28T08:00:00Z,system,2026-02-28T08:00:00Z,system,PR0000000205,c6e566c4-5c48-598a-9eaf-6624035417aa,03aef187-5272-56c7-bfc4-cf8b61ecf06b,2026-02-28,2026-03-26,ORDERED,LOW,Production material replenishment,272196.14,EUR
3bf2d38a-d6ac-51ad-8074-5a34f2ee31a4,2025-11-03T08:00:00Z,system,2025-11-03T08:00:00Z,system,PR0000000206,82118fb0-4b2c-5ab5-b817-ec77a960c692,12473360-94f1-5fba-a391-36ce9d7f31be,2025-11-03,2025-12-17,SUBMITTED,NORMAL,Safety stock replenishment,241617.00,EUR
0c8ff860-11d0-56ee-9735-a94d27ed876b,2026-01-21T08:00:00Z,system,2026-01-21T08:00:00Z,system,PR0000000207,e662820d-e3c6-5611-bb97-4b7844a2920f,efd8a8e4-0bb8-5f9e-be95-16451417acb0,2026-01-21,2026-03-09,REJECTED,LOW,New project demand,128692.93,EUR
a343ef79-7e6d-5037-bd7f-2415ad3323fc,2026-01-12T08:00:00Z,system,2026-01-12T08:00:00Z,system,PR0000000208,3ff49664-5bf3-5a7a-831a-b66f133487c8,03aef187-5272-56c7-bfc4-cf8b61ecf06b,2026-01-12,2026-02-15,APPROVED,NORMAL,Safety stock replenishment,79769.17,EUR
0023f01e-c03d-58ed-a46b-60368c1fcc8c,2026-01-15T08:00:00Z,system,2026-01-15T08:00:00Z,system,PR0000000209,4d8f6fc4-cd1e-5487-b09f-9668e6b5c3b6,cb89079f-b137-594d-b7f6-f3803900b013,2026-01-15,2026-02-02,APPROVED,NORMAL,Safety stock replenishment,73779.00,EUR
7c656756-ace3-5e37-8d48-10d69193932e,2026-05-31T08:00:00Z,system,2026-05-31T08:00:00Z,system,PR0000000210,e662820d-e3c6-5611-bb97-4b7844a2920f,113d871c-fdd0-59b0-922b-71a1f17a7a5b,2026-05-31,2026-07-01,APPROVED,HIGH,Warehouse stock below reorder point,55036.64,EUR
05492d51-9a20-5726-b62e-d50aa53423d5,2025-11-30T08:00:00Z,system,2025-11-30T08:00:00Z,system,PR0000000211,f5b4b717-e857-50a0-b0af-aa491c52f9b9,89693957-df41-5038-b06b-8fcd13674f65,2025-11-30,2025-12-26,APPROVED,LOW,Replacement of worn equipment,196513.45,EUR
5de4802b-2d34-5e2e-915d-acf61b1e9ce2,2026-06-30T08:00:00Z,system,2026-06-30T08:00:00Z,system,PR0000000212,9346443d-a34f-5651-a81b-4979fe19e4d8,e294ac9d-bd77-5078-ba31-f74bebb60488,2026-06-30,2026-07-11,COMPLETED,URGENT,Warehouse stock below reorder point,253719.45,EUR
fc765d32-9636-5026-b96e-09911152c1a6,2025-09-13T08:00:00Z,system,2025-09-13T08:00:00Z,system,PR0000000213,e5f6eca5-efd9-5b50-b3e2-8885e65c411d,3cab26fd-f62f-5970-ad42-c321a067cf36,2025-09-13,2025-09-22,APPROVED,NORMAL,Replacement of worn equipment,507750.37,EUR
9fb67f80-a54f-582e-a0bc-878f39739893,2026-06-29T08:00:00Z,system,2026-06-29T08:00:00Z,system,PR0000000214,c6e566c4-5c48-598a-9eaf-6624035417aa,e6d386f5-8b03-578e-aca0-68c8e68a10d1,2026-06-29,2026-08-08,SUBMITTED,HIGH,Warehouse stock below reorder point,448512.70,EUR
081ad7bf-e372-579c-9f57-d99e4a3e0fea,2025-12-31T08:00:00Z,system,2025-12-31T08:00:00Z,system,PR0000000215,ef2ba588-e5f9-591f-9a01-16a28aec4a68,e294ac9d-bd77-5078-ba31-f74bebb60488,2025-12-31,2026-03-08,ORDERED,HIGH,Replacement of worn equipment,8536.88,EUR
6e303c0c-5d5b-5482-b980-6031fc0680c5,2025-10-05T08:00:00Z,system,2025-10-05T08:00:00Z,system,PR0000000216,43022d67-1e7e-5424-9987-98f2d73d0810,89693957-df41-5038-b06b-8fcd13674f65,2025-10-05,2025-12-08,DRAFT,HIGH,Scheduled maintenance requirement,1444.38,EUR
b8c5e680-ff67-50f9-a03f-75ba283f1f32,2026-06-09T08:00:00Z,system,2026-06-09T08:00:00Z,system,PR0000000217,784d909a-03fe-5442-985a-f87c223ba14e,e294ac9d-bd77-5078-ba31-f74bebb60488,2026-06-09,2026-08-18,COMPLETED,NORMAL,New project demand,10828.60,EUR
6eec3610-cbb8-50f2-8a9c-95594dd7eb3b,2026-05-30T08:00:00Z,system,2026-05-30T08:00:00Z,system,PR0000000218,5941f83b-16e1-5dcd-8dc3-df8d4713fe97,5b8df29c-4f7d-5b45-b24c-0b5a197ae2b0,2026-05-30,2026-08-04,APPROVED,NORMAL,Scheduled maintenance requirement,130746.11,EUR
67663b44-0db9-5ed8-a736-ac39b3cf8cd0,2026-02-22T08:00:00Z,system,2026-02-22T08:00:00Z,system,PR0000000219,f911dfb3-26ad-5d1f-b884-074c195d7b36,261d0783-3954-5ee6-baf2-f9e37bbb725b,2026-02-22,2026-04-24,COMPLETED,NORMAL,Warehouse stock below reorder point,598334.50,EUR
395889d3-07e0-5cbd-bdde-2418f11e6273,2026-05-17T08:00:00Z,system,2026-05-17T08:00:00Z,system,PR0000000220,f00a2c4c-64cd-5064-b954-6cdd3ff4da8f,34b80a58-c167-5ea6-9b2c-d151aa2ea5a3,2026-05-17,2026-05-30,APPROVED,LOW,Scheduled maintenance requirement,24313.05,EUR
a889cf62-6df6-5f1c-980b-766c85c6c767,2025-11-14T08:00:00Z,system,2025-11-14T08:00:00Z,system,PR0000000221,9566bb19-9176-52c9-8eea-1c1f82d4a01b,113d871c-fdd0-59b0-922b-71a1f17a7a5b,2025-11-14,2026-01-03,COMPLETED,NORMAL,Replacement of worn equipment,81548.85,EUR
03a6c424-14e6-546c-b4b5-b56126693b34,2025-11-13T08:00:00Z,system,2025-11-13T08:00:00Z,system,PR0000000222,784d909a-03fe-5442-985a-f87c223ba14e,34b80a58-c167-5ea6-9b2c-d151aa2ea5a3,2025-11-13,2025-12-23,APPROVED,URGENT,Scheduled maintenance requirement,558363.10,EUR
f30a001b-6367-51c7-a811-47c1d0ebcf7f,2026-04-29T08:00:00Z,system,2026-04-29T08:00:00Z,system,PR0000000223,3ff49664-5bf3-5a7a-831a-b66f133487c8,e6d386f5-8b03-578e-aca0-68c8e68a10d1,2026-04-29,2026-06-16,ORDERED,LOW,Production material replenishment,219423.85,EUR
4ba625df-7d89-5426-b042-f3a623bfb5fc,2026-04-25T08:00:00Z,system,2026-04-25T08:00:00Z,system,PR0000000224,4b293d94-100e-5c47-9833-e5ff185c7eba,87cb6569-bd40-5e24-8586-da21fbea3a81,2026-04-25,2026-07-05,ORDERED,HIGH,Scheduled maintenance requirement,76657.86,EUR
90249327-c572-5a1b-8cef-c24cf26e174b,2026-07-09T08:00:00Z,system,2026-07-09T08:00:00Z,system,PR0000000225,4e216c0a-c972-5f8b-9c46-6350e9b7fcd3,5528724a-ec45-5c0d-ac18-8666390c638c,2026-07-09,2026-09-18,CANCELLED,NORMAL,Production material replenishment,181084.23,EUR
2959a91d-c19d-52b2-87f4-31ec8f56c8da,2025-09-20T08:00:00Z,system,2025-09-20T08:00:00Z,system,PR0000000226,605855ea-5571-58a5-9ec3-f66b7ecc340e,e294ac9d-bd77-5078-ba31-f74bebb60488,2025-09-20,2025-11-05,SUBMITTED,HIGH,New project demand,623260.85,EUR
a940114d-e72e-5fe1-8471-1c98452412e8,2026-06-01T08:00:00Z,system,2026-06-01T08:00:00Z,system,PR0000000227,749e799d-dc59-5571-b15c-7d9bf9c77752,12473360-94f1-5fba-a391-36ce9d7f31be,2026-06-01,2026-07-31,COMPLETED,HIGH,Warehouse stock below reorder point,466014.75,EUR
19f7a401-9ab8-5c1f-90d8-272cfbf569bb,2025-10-01T08:00:00Z,system,2025-10-01T08:00:00Z,system,PR0000000228,605855ea-5571-58a5-9ec3-f66b7ecc340e,5528724a-ec45-5c0d-ac18-8666390c638c,2025-10-01,2025-10-23,COMPLETED,HIGH,Production material replenishment,6650.97,EUR
61b38d2a-c15a-56af-8138-5d87c75edcdf,2026-06-08T08:00:00Z,system,2026-06-08T08:00:00Z,system,PR0000000229,d925509d-9c4c-55ac-990d-b19752aa437c,e294ac9d-bd77-5078-ba31-f74bebb60488,2026-06-08,2026-08-08,ORDERED,NORMAL,Replacement of worn equipment,101017.77,EUR
83d5a6a5-30b6-5fc5-85b5-d13b236d3a68,2026-07-12T08:00:00Z,system,2026-07-12T08:00:00Z,system,PR0000000230,ed77b70d-2e2b-5e0f-926d-7d5913ba9acd,34b80a58-c167-5ea6-9b2c-d151aa2ea5a3,2026-07-12,2026-08-03,SUBMITTED,URGENT,Replacement of worn equipment,41894.32,EUR
eea12378-2517-59c1-9263-567419337e93,2026-01-10T08:00:00Z,system,2026-01-10T08:00:00Z,system,PR0000000231,a8900ba9-a076-5a48-8859-1f3fc1e76071,78e17b4f-64d9-5a1f-8e02-e8a798b67ff0,2026-01-10,2026-02-16,ORDERED,NORMAL,Safety stock replenishment,222911.25,EUR
789d3a50-616e-57b7-ba8f-5190ffe7881e,2026-02-27T08:00:00Z,system,2026-02-27T08:00:00Z,system,PR0000000232,45c1a845-cf9c-5ebb-86b9-5be53a0f2b84,283bb6f3-df62-5cb4-9d4b-a62afcbbb11d,2026-02-27,2026-03-30,COMPLETED,HIGH,Replacement of worn equipment,97690.00,EUR
eff2d7fc-4e05-53db-ad03-a5fa2ad23aaf,2026-05-23T08:00:00Z,system,2026-05-23T08:00:00Z,system,PR0000000233,9e1c4686-2f34-5912-ad37-81df9a7a3278,03aef187-5272-56c7-bfc4-cf8b61ecf06b,2026-05-23,2026-07-05,SUBMITTED,NORMAL,Production material replenishment,125225.27,EUR
0fddf3f4-78fb-5299-aa22-c82b9e245102,2025-09-15T08:00:00Z,system,2025-09-15T08:00:00Z,system,PR0000000234,2cd38cf3-5347-5c8e-9bec-7cbfde8bcfb8,51ca2c43-9865-5eed-88e1-7efd0be651e9,2025-09-15,2025-10-10,ORDERED,NORMAL,New project demand,708231.10,EUR
aa8bb9eb-b350-5059-a5cc-b57655d615f2,2025-09-28T08:00:00Z,system,2025-09-28T08:00:00Z,system,PR0000000235,5f639525-25c5-54fa-aa87-ccfe5b39776a,521489a3-799d-50a5-9448-eeaa409714d1,2025-09-28,2025-11-03,APPROVED,NORMAL,Replacement of worn equipment,137970.50,EUR
272c8a8e-cb1a-5a0f-8cc3-f10235e33da9,2026-05-20T08:00:00Z,system,2026-05-20T08:00:00Z,system,PR0000000236,40fc93b9-abcc-5006-b3bc-584cd180694b,521489a3-799d-50a5-9448-eeaa409714d1,2026-05-20,2026-07-15,SUBMITTED,HIGH,Scheduled maintenance requirement,177390.00,EUR
102e25dd-1bed-50f2-b98a-a11f7e07632b,2026-04-01T08:00:00Z,system,2026-04-01T08:00:00Z,system,PR0000000237,aa73552f-c4e3-50c0-ab42-ae08fe8628fc,0450cf2b-52b5-5c7a-95b0-bbdc67bca724,2026-04-01,2026-06-07,CANCELLED,HIGH,Safety stock replenishment,13593.60,EUR
3ef93852-cda3-53cb-bbc7-afb4a2ded734,2025-11-04T08:00:00Z,system,2025-11-04T08:00:00Z,system,PR0000000238,23c98543-9d7c-54ac-9fcb-107847fc2c70,0450cf2b-52b5-5c7a-95b0-bbdc67bca724,2025-11-04,2026-01-03,COMPLETED,NORMAL,New project demand,385242.25,EUR
40b7aadd-e8ed-5039-93d3-62a0cf371915,2025-10-14T08:00:00Z,system,2025-10-14T08:00:00Z,system,PR0000000239,4cc33be3-e381-5651-8754-1dfb4784e453,d425a94e-8ac6-50ba-81e4-27a328a21379,2025-10-14,2025-10-31,DRAFT,HIGH,Scheduled maintenance requirement,297374.92,EUR
f9f03cb3-b8b7-5ddc-b40b-ebaef1f40ca9,2025-10-04T08:00:00Z,system,2025-10-04T08:00:00Z,system,PR0000000240,b0637871-bb7d-59e4-8037-d5e1bbe0560a,5528724a-ec45-5c0d-ac18-8666390c638c,2025-10-04,2025-11-11,REJECTED,NORMAL,Production material replenishment,4216.65,EUR
54c7fdad-7224-5afe-a141-4c8451713d5b,2025-12-04T08:00:00Z,system,2025-12-04T08:00:00Z,system,PR0000000241,a8900ba9-a076-5a48-8859-1f3fc1e76071,12473360-94f1-5fba-a391-36ce9d7f31be,2025-12-04,2025-12-11,ORDERED,NORMAL,Warehouse stock below reorder point,37175.25,EUR
1625abfe-7699-5959-b4be-8ba160e518ac,2026-01-19T08:00:00Z,system,2026-01-19T08:00:00Z,system,PR0000000242,4e216c0a-c972-5f8b-9c46-6350e9b7fcd3,5b8df29c-4f7d-5b45-b24c-0b5a197ae2b0,2026-01-19,2026-02-20,APPROVED,HIGH,Scheduled maintenance requirement,568.60,EUR
7d02542e-d57b-57af-80cf-cab7562e3a3b,2026-04-09T08:00:00Z,system,2026-04-09T08:00:00Z,system,PR0000000243,9346443d-a34f-5651-a81b-4979fe19e4d8,3e8df789-1fad-5f45-9e4e-ae08a2240191,2026-04-09,2026-04-23,APPROVED,NORMAL,Safety stock replenishment,186184.15,EUR
14bcf046-b2c8-568f-9824-47dfaa2116c0,2026-04-25T08:00:00Z,system,2026-04-25T08:00:00Z,system,PR0000000244,ed77b70d-2e2b-5e0f-926d-7d5913ba9acd,329ee744-d62e-5fc4-a06d-cd6019444aa8,2026-04-25,2026-05-14,APPROVED,NORMAL,New project demand,137189.26,EUR
01e93f1c-77fe-5d30-b339-fcf980a91352,2026-03-25T08:00:00Z,system,2026-03-25T08:00:00Z,system,PR0000000245,43022d67-1e7e-5424-9987-98f2d73d0810,261d0783-3954-5ee6-baf2-f9e37bbb725b,2026-03-25,2026-05-30,COMPLETED,HIGH,Production material replenishment,266040.20,EUR
2145b224-e910-5019-94f4-9f5487f642a6,2026-03-17T08:00:00Z,system,2026-03-17T08:00:00Z,system,PR0000000246,b519a3ff-3161-5685-8e6b-9063483eb30b,5528724a-ec45-5c0d-ac18-8666390c638c,2026-03-17,2026-04-13,ORDERED,HIGH,New project demand,9434.60,EUR
5d5bacfc-5e05-5481-8b67-de395f790b7f,2025-11-23T08:00:00Z,system,2025-11-23T08:00:00Z,system,PR0000000247,5f639525-25c5-54fa-aa87-ccfe5b39776a,329ee744-d62e-5fc4-a06d-cd6019444aa8,2025-11-23,2025-12-21,APPROVED,URGENT,Scheduled maintenance requirement,3581.79,EUR
d9045e97-98ad-5e01-86e7-b43c5b4438ba,2025-12-23T08:00:00Z,system,2025-12-23T08:00:00Z,system,PR0000000248,d14b0728-f72c-5fc0-a4ba-8ff48ceaa3cc,d425a94e-8ac6-50ba-81e4-27a328a21379,2025-12-23,2026-02-21,SUBMITTED,NORMAL,New project demand,23085.00,EUR
228779cd-8ca8-54bf-a653-f2b830629344,2025-10-21T08:00:00Z,system,2025-10-21T08:00:00Z,system,PR0000000249,605855ea-5571-58a5-9ec3-f66b7ecc340e,03aef187-5272-56c7-bfc4-cf8b61ecf06b,2025-10-21,2025-11-13,APPROVED,HIGH,Production material replenishment,170459.50,EUR
4236982c-ff94-53cd-afe7-a6293866987b,2026-03-31T08:00:00Z,system,2026-03-31T08:00:00Z,system,PR0000000250,e662820d-e3c6-5611-bb97-4b7844a2920f,5528724a-ec45-5c0d-ac18-8666390c638c,2026-03-31,2026-05-19,SUBMITTED,HIGH,Safety stock replenishment,38441.14,EUR
60dbda5a-4fc2-5940-85f3-db1584b53790,2026-03-27T08:00:00Z,system,2026-03-27T08:00:00Z,system,PR0000000251,95f6a497-057c-520f-982f-8724d95bc2f7,efd8a8e4-0bb8-5f9e-be95-16451417acb0,2026-03-27,2026-05-27,ORDERED,NORMAL,Production material replenishment,28213.88,EUR
5663d21d-ffbf-5f52-9e4f-8e3b8b7f7fa9,2025-10-14T08:00:00Z,system,2025-10-14T08:00:00Z,system,PR0000000252,95f6a497-057c-520f-982f-8724d95bc2f7,5528724a-ec45-5c0d-ac18-8666390c638c,2025-10-14,2025-12-14,APPROVED,HIGH,Safety stock replenishment,106069.30,EUR
ab5fe605-8749-55a9-9361-c6864b27a750,2025-09-10T08:00:00Z,system,2025-09-10T08:00:00Z,system,PR0000000253,e1c1d5bd-6452-5e7c-9911-1b5d499df0eb,681d3a1f-6166-5793-8dd0-2f9ae8a7e909,2025-09-10,2025-11-22,SUBMITTED,NORMAL,Production material replenishment,291621.35,EUR
7af3b9a4-02c7-5957-8f9d-f869f9f07b6b,2025-10-08T08:00:00Z,system,2025-10-08T08:00:00Z,system,PR0000000254,a573cf3b-6545-5ee9-8ae0-2ff7e9370a69,51ca2c43-9865-5eed-88e1-7efd0be651e9,2025-10-08,2025-11-27,DRAFT,NORMAL,Replacement of worn equipment,48167.25,EUR
2fd76c99-fa67-5d65-814a-ccc8aa832596,2025-10-08T08:00:00Z,system,2025-10-08T08:00:00Z,system,PR0000000255,784d909a-03fe-5442-985a-f87c223ba14e,78e17b4f-64d9-5a1f-8e02-e8a798b67ff0,2025-10-08,2025-12-01,COMPLETED,URGENT,Replacement of worn equipment,395460.50,EUR
2956bd95-26ea-594d-9173-3f213feeafd7,2026-04-28T08:00:00Z,system,2026-04-28T08:00:00Z,system,PR0000000256,4b293d94-100e-5c47-9833-e5ff185c7eba,521489a3-799d-50a5-9448-eeaa409714d1,2026-04-28,2026-06-03,SUBMITTED,HIGH,Safety stock replenishment,251342.02,EUR
e7ab60e6-9003-5d2d-ad45-eac48803aab1,2026-06-15T08:00:00Z,system,2026-06-15T08:00:00Z,system,PR0000000257,bf01dabf-7f6b-5183-895b-36a5584e7d8d,efd8a8e4-0bb8-5f9e-be95-16451417acb0,2026-06-15,2026-07-22,DRAFT,HIGH,Safety stock replenishment,647162.00,EUR
47973e18-03ac-581d-904b-83f993c9e06e,2026-02-27T08:00:00Z,system,2026-02-27T08:00:00Z,system,PR0000000258,b0f0219c-497a-5b5a-8247-64bb9744b592,113d871c-fdd0-59b0-922b-71a1f17a7a5b,2026-02-27,2026-05-09,ORDERED,HIGH,Warehouse stock below reorder point,173508.00,EUR
37830eec-16db-5380-9175-ebab7320e2b4,2026-04-10T08:00:00Z,system,2026-04-10T08:00:00Z,system,PR0000000259,f498e444-d003-5465-be1a-1aeedde95ca3,cb89079f-b137-594d-b7f6-f3803900b013,2026-04-10,2026-06-02,ORDERED,LOW,Safety stock replenishment,20256.90,EUR
84187c10-a768-55fb-baf5-ce13fff497e1,2026-04-17T08:00:00Z,system,2026-04-17T08:00:00Z,system,PR0000000260,deb3fb29-3383-5c3d-9343-4b0681551f8f,34b80a58-c167-5ea6-9b2c-d151aa2ea5a3,2026-04-17,2026-05-23,SUBMITTED,NORMAL,Scheduled maintenance requirement,492410.00,EUR
e593bd1e-f2a4-5dca-a8bc-552e255f4a2f,2025-11-04T08:00:00Z,system,2025-11-04T08:00:00Z,system,PR0000000261,7c801ba4-5463-5410-bdfc-fb9770b2a7c7,efd8a8e4-0bb8-5f9e-be95-16451417acb0,2025-11-04,2026-01-13,ORDERED,URGENT,Safety stock replenishment,279877.45,EUR
4f330594-0c44-5aea-81fd-7b9cac740aff,2025-10-28T08:00:00Z,system,2025-10-28T08:00:00Z,system,PR0000000262,e662820d-e3c6-5611-bb97-4b7844a2920f,34b80a58-c167-5ea6-9b2c-d151aa2ea5a3,2025-10-28,2025-12-08,APPROVED,NORMAL,Production material replenishment,4210.88,EUR
dc93263c-5a70-58f6-9455-0978de019588,2025-11-10T08:00:00Z,system,2025-11-10T08:00:00Z,system,PR0000000263,a3376a3d-c7f1-544e-97d1-f19074988bc2,681d3a1f-6166-5793-8dd0-2f9ae8a7e909,2025-11-10,2026-01-16,APPROVED,NORMAL,New project demand,577980.19,EUR
ef0604d4-cd28-59ed-a749-7412830c0162,2026-05-15T08:00:00Z,system,2026-05-15T08:00:00Z,system,PR0000000264,f4bfe1cc-a9ff-5838-84b3-8d0b8a482a8d,0450cf2b-52b5-5c7a-95b0-bbdc67bca724,2026-05-15,2026-07-06,ORDERED,NORMAL,Warehouse stock below reorder point,17942.25,EUR
d4834053-21e7-5656-8a47-c2c6a10dece2,2026-06-17T08:00:00Z,system,2026-06-17T08:00:00Z,system,PR0000000265,78f316cf-bc76-5bab-9068-b36833d8b019,3cab26fd-f62f-5970-ad42-c321a067cf36,2026-06-17,2026-08-06,APPROVED,NORMAL,Safety stock replenishment,210289.85,EUR
8b8e884a-36c9-57af-bfe1-5aef9ec4d3f7,2026-01-08T08:00:00Z,system,2026-01-08T08:00:00Z,system,PR0000000266,d778b989-a675-5d3f-8009-55dfeceec6f9,9f6bd345-59f3-56b7-b1b4-8a3e5fab6656,2026-01-08,2026-02-06,COMPLETED,NORMAL,Production material replenishment,213030.00,EUR
fa39ca5e-62de-5887-a1b1-ae6d2f5e3152,2026-03-12T08:00:00Z,system,2026-03-12T08:00:00Z,system,PR0000000267,a8900ba9-a076-5a48-8859-1f3fc1e76071,89693957-df41-5038-b06b-8fcd13674f65,2026-03-12,2026-03-28,COMPLETED,NORMAL,Safety stock replenishment,259884.00,EUR
77334a17-03f1-50d6-8656-0798557f8398,2026-05-01T08:00:00Z,system,2026-05-01T08:00:00Z,system,PR0000000268,a8900ba9-a076-5a48-8859-1f3fc1e76071,cb89079f-b137-594d-b7f6-f3803900b013,2026-05-01,2026-06-04,COMPLETED,URGENT,Warehouse stock below reorder point,496237.90,EUR
ce8f8b05-5937-5172-abc9-1d8944156682,2025-12-21T08:00:00Z,system,2025-12-21T08:00:00Z,system,PR0000000269,762dab21-f406-51e5-938f-353039145619,5b8df29c-4f7d-5b45-b24c-0b5a197ae2b0,2025-12-21,2026-02-28,APPROVED,HIGH,Production material replenishment,96080.80,EUR
7206a850-c377-53a0-8e35-9076c6b9b20a,2026-03-28T08:00:00Z,system,2026-03-28T08:00:00Z,system,PR0000000270,95f6a497-057c-520f-982f-8724d95bc2f7,5b8df29c-4f7d-5b45-b24c-0b5a197ae2b0,2026-03-28,2026-04-14,APPROVED,NORMAL,Scheduled maintenance requirement,156985.77,EUR
3c104df3-6037-5cec-a72e-1b3fa39500ea,2025-11-21T08:00:00Z,system,2025-11-21T08:00:00Z,system,PR0000000271,8e723945-6a6c-5803-a42e-c1347adfc586,efd8a8e4-0bb8-5f9e-be95-16451417acb0,2025-11-21,2025-12-11,SUBMITTED,NORMAL,Warehouse stock below reorder point,114804.73,EUR
d0ab0682-8e73-5e56-a782-0f2f8ff86c54,2025-12-27T08:00:00Z,system,2025-12-27T08:00:00Z,system,PR0000000272,a8900ba9-a076-5a48-8859-1f3fc1e76071,e294ac9d-bd77-5078-ba31-f74bebb60488,2025-12-27,2026-01-16,REJECTED,NORMAL,Production material replenishment,189715.50,EUR
198af9a6-5f81-50b3-b31f-eec39175d1da,2025-11-07T08:00:00Z,system,2025-11-07T08:00:00Z,system,PR0000000273,0255ba35-0950-5277-a59b-8411b6134ea7,9f6bd345-59f3-56b7-b1b4-8a3e5fab6656,2025-11-07,2025-12-10,APPROVED,NORMAL,Replacement of worn equipment,53219.94,EUR
61a5dd7e-f7c4-554f-9715-84fe9ab8676e,2026-03-18T08:00:00Z,system,2026-03-18T08:00:00Z,system,PR0000000274,113128ae-1f79-5f39-8c07-f3d07a663bae,cb89079f-b137-594d-b7f6-f3803900b013,2026-03-18,2026-04-26,APPROVED,HIGH,Safety stock replenishment,313134.36,EUR
c87028f8-5955-5f3b-9920-bd895e763a19,2026-03-24T08:00:00Z,system,2026-03-24T08:00:00Z,system,PR0000000275,e5f6eca5-efd9-5b50-b3e2-8885e65c411d,3e8df789-1fad-5f45-9e4e-ae08a2240191,2026-03-24,2026-05-08,APPROVED,NORMAL,Safety stock replenishment,31114.75,EUR
eecb24ee-34d3-55b9-bbe1-7c0787962fb4,2026-01-20T08:00:00Z,system,2026-01-20T08:00:00Z,system,PR0000000276,362bb051-fb3b-5a89-9979-8640133ad18b,113d871c-fdd0-59b0-922b-71a1f17a7a5b,2026-01-20,2026-03-21,APPROVED,NORMAL,Production material replenishment,36012.00,EUR
ea07a3e7-5f5b-5b6a-9013-df24877c7552,2026-04-29T08:00:00Z,system,2026-04-29T08:00:00Z,system,PR0000000277,f498e444-d003-5465-be1a-1aeedde95ca3,261d0783-3954-5ee6-baf2-f9e37bbb725b,2026-04-29,2026-05-11,COMPLETED,NORMAL,Production material replenishment,88780.50,EUR
e6a4c1e2-1d48-5928-82cd-e7b321a46c0a,2026-06-07T08:00:00Z,system,2026-06-07T08:00:00Z,system,PR0000000278,8758fdc7-b73d-58da-9847-91a91303126e,efd8a8e4-0bb8-5f9e-be95-16451417acb0,2026-06-07,2026-07-06,COMPLETED,NORMAL,Safety stock replenishment,2199.00,EUR
b70de9ad-da3e-5002-a8b4-c72e0ff4504d,2026-06-10T08:00:00Z,system,2026-06-10T08:00:00Z,system,PR0000000279,e1c1d5bd-6452-5e7c-9911-1b5d499df0eb,cb89079f-b137-594d-b7f6-f3803900b013,2026-06-10,2026-07-30,COMPLETED,NORMAL,New project demand,1779.00,EUR
62c4ef2c-8dc7-51bc-9fbc-45c6586a2d5a,2026-02-28T08:00:00Z,system,2026-02-28T08:00:00Z,system,PR0000000280,b1735819-2eef-5011-9b5e-702716ea62f0,89693957-df41-5038-b06b-8fcd13674f65,2026-02-28,2026-04-06,COMPLETED,NORMAL,Warehouse stock below reorder point,17485.80,EUR
c6282149-1efa-57ba-8169-9a6bd0ac45bc,2025-10-06T08:00:00Z,system,2025-10-06T08:00:00Z,system,PR0000000281,362bb051-fb3b-5a89-9979-8640133ad18b,26221d5e-2e66-5ea9-8c4d-30720ed59583,2025-10-06,2025-12-15,COMPLETED,NORMAL,Production material replenishment,35996.25,EUR
2d41b3d2-a4af-5ffb-9077-0b33be1c35ae,2026-07-11T08:00:00Z,system,2026-07-11T08:00:00Z,system,PR0000000282,40fc93b9-abcc-5006-b3bc-584cd180694b,283bb6f3-df62-5cb4-9d4b-a62afcbbb11d,2026-07-11,2026-07-25,APPROVED,LOW,Replacement of worn equipment,55772.25,EUR
8d0554c5-3170-587e-aa13-75c125326912,2026-01-04T08:00:00Z,system,2026-01-04T08:00:00Z,system,PR0000000283,78f316cf-bc76-5bab-9068-b36833d8b019,3cab26fd-f62f-5970-ad42-c321a067cf36,2026-01-04,2026-02-26,APPROVED,NORMAL,Production material replenishment,222353.50,EUR
aaf5806b-f690-54fd-a55a-1bcf2cf8525d,2025-10-25T08:00:00Z,system,2025-10-25T08:00:00Z,system,PR0000000284,57cf31ec-d7cf-5584-9b14-2581623c3089,51ca2c43-9865-5eed-88e1-7efd0be651e9,2025-10-25,2025-12-21,ORDERED,HIGH,Scheduled maintenance requirement,372329.55,EUR
82a4d8fd-cbe6-5fdd-9c30-4722937e07e4,2026-03-20T08:00:00Z,system,2026-03-20T08:00:00Z,system,PR0000000285,30b1e0cc-485f-52e5-bea8-33b1020594c2,5528724a-ec45-5c0d-ac18-8666390c638c,2026-03-20,2026-03-29,ORDERED,HIGH,Replacement of worn equipment,373333.60,EUR
44503875-35fa-57a6-aee3-a89c3430604d,2026-05-18T08:00:00Z,system,2026-05-18T08:00:00Z,system,PR0000000286,5f639525-25c5-54fa-aa87-ccfe5b39776a,89693957-df41-5038-b06b-8fcd13674f65,2026-05-18,2026-07-04,COMPLETED,HIGH,Replacement of worn equipment,87665.90,EUR
e3caf386-d64b-5511-bb3d-776d36061292,2026-05-14T08:00:00Z,system,2026-05-14T08:00:00Z,system,PR0000000287,749e799d-dc59-5571-b15c-7d9bf9c77752,cb89079f-b137-594d-b7f6-f3803900b013,2026-05-14,2026-05-28,ORDERED,NORMAL,Safety stock replenishment,8427.00,EUR
b25c8148-fb02-5b0f-964e-71b974cea33a,2026-02-21T08:00:00Z,system,2026-02-21T08:00:00Z,system,PR0000000288,c6e566c4-5c48-598a-9eaf-6624035417aa,261d0783-3954-5ee6-baf2-f9e37bbb725b,2026-02-21,2026-05-07,REJECTED,LOW,Warehouse stock below reorder point,47759.10,EUR
3ffe079f-0e74-50aa-a2a7-64788daeac0b,2025-12-16T08:00:00Z,system,2025-12-16T08:00:00Z,system,PR0000000289,0255ba35-0950-5277-a59b-8411b6134ea7,87cb6569-bd40-5e24-8586-da21fbea3a81,2025-12-16,2026-02-18,SUBMITTED,HIGH,Replacement of worn equipment,258823.40,EUR
2b52d616-c9e8-51ad-93fb-7f939f5e31d6,2026-01-30T08:00:00Z,system,2026-01-30T08:00:00Z,system,PR0000000290,24356e6d-8de5-5316-88e3-702cdfd23228,0450cf2b-52b5-5c7a-95b0-bbdc67bca724,2026-01-30,2026-04-02,COMPLETED,NORMAL,Production material replenishment,3181.00,EUR
e67eeff0-077d-5c65-a6a7-9cc4074a3a0c,2026-04-20T08:00:00Z,system,2026-04-20T08:00:00Z,system,PR0000000291,8758fdc7-b73d-58da-9847-91a91303126e,681d3a1f-6166-5793-8dd0-2f9ae8a7e909,2026-04-20,2026-05-11,CANCELLED,NORMAL,Scheduled maintenance requirement,390939.00,EUR
b09df2d7-4f8e-5bda-a047-14b335670d35,2025-12-30T08:00:00Z,system,2025-12-30T08:00:00Z,system,PR0000000292,4b8f339d-64d5-53f8-bcd2-cafb0ea20c4d,329ee744-d62e-5fc4-a06d-cd6019444aa8,2025-12-30,2026-01-18,APPROVED,NORMAL,Safety stock replenishment,60917.93,EUR
390320d4-1449-57da-bba6-1ff92e37b62d,2026-03-02T08:00:00Z,system,2026-03-02T08:00:00Z,system,PR0000000293,a573cf3b-6545-5ee9-8ae0-2ff7e9370a69,3cab26fd-f62f-5970-ad42-c321a067cf36,2026-03-02,2026-03-18,COMPLETED,URGENT,Replacement of worn equipment,180614.58,EUR
697a4934-fd17-5f83-a953-e4cc367550fd,2025-12-05T08:00:00Z,system,2025-12-05T08:00:00Z,system,PR0000000294,362bb051-fb3b-5a89-9979-8640133ad18b,5b8df29c-4f7d-5b45-b24c-0b5a197ae2b0,2025-12-05,2025-12-29,ORDERED,NORMAL,Scheduled maintenance requirement,60601.65,EUR
c868a4e9-b813-59ee-b127-a2cc25c1f1ca,2025-12-06T08:00:00Z,system,2025-12-06T08:00:00Z,system,PR0000000295,a8900ba9-a076-5a48-8859-1f3fc1e76071,3e8df789-1fad-5f45-9e4e-ae08a2240191,2025-12-06,2025-12-25,SUBMITTED,HIGH,Scheduled maintenance requirement,3486.00,EUR
1b36c3dd-a9f3-514a-8fb8-167c9df5095a,2025-11-04T08:00:00Z,system,2025-11-04T08:00:00Z,system,PR0000000296,362bb051-fb3b-5a89-9979-8640133ad18b,261d0783-3954-5ee6-baf2-f9e37bbb725b,2025-11-04,2025-11-21,REJECTED,LOW,Safety stock replenishment,103013.37,EUR
c173bd50-4eb2-5b77-a967-b21888620719,2026-03-08T08:00:00Z,system,2026-03-08T08:00:00Z,system,PR0000000297,d14b0728-f72c-5fc0-a4ba-8ff48ceaa3cc,e294ac9d-bd77-5078-ba31-f74bebb60488,2026-03-08,2026-04-13,DRAFT,NORMAL,Production material replenishment,1266.40,EUR
54048425-1167-51ce-b09a-c25486b4da08,2025-11-26T08:00:00Z,system,2025-11-26T08:00:00Z,system,PR0000000298,2cd38cf3-5347-5c8e-9bec-7cbfde8bcfb8,efd8a8e4-0bb8-5f9e-be95-16451417acb0,2025-11-26,2025-12-27,APPROVED,NORMAL,Production material replenishment,23191.68,EUR
88a700fb-893f-5485-8a02-5fc889cedf6a,2025-11-23T08:00:00Z,system,2025-11-23T08:00:00Z,system,PR0000000299,cbe963d2-a4e6-5ec1-a15f-948ff5630895,d425a94e-8ac6-50ba-81e4-27a328a21379,2025-11-23,2026-01-18,APPROVED,NORMAL,Production material replenishment,38071.81,EUR
8582f5e9-5125-5ffb-9978-d93c651fc8dd,2026-05-15T08:00:00Z,system,2026-05-15T08:00:00Z,system,PR0000000300,4e5e44a7-230a-5238-af8a-6363cf5be42b,87cb6569-bd40-5e24-8586-da21fbea3a81,2026-05-15,2026-07-01,APPROVED,NORMAL,Scheduled maintenance requirement,197180.50,EUR
beef5221-9289-56f1-8642-d7c7204c9fa3,2025-09-17T08:00:00Z,system,2025-09-17T08:00:00Z,system,PR0000000301,605855ea-5571-58a5-9ec3-f66b7ecc340e,9f6bd345-59f3-56b7-b1b4-8a3e5fab6656,2025-09-17,2025-10-04,COMPLETED,NORMAL,Safety stock replenishment,74567.00,EUR
adea9928-849e-5d3f-8dc6-d4e40e81e946,2026-06-12T08:00:00Z,system,2026-06-12T08:00:00Z,system,PR0000000302,f2241022-edb7-5025-96ee-391d1dcaca23,5b8df29c-4f7d-5b45-b24c-0b5a197ae2b0,2026-06-12,2026-06-23,REJECTED,NORMAL,New project demand,2950.70,EUR
a21be3ea-4ccf-5416-9d80-a82d1c2a846e,2026-06-18T08:00:00Z,system,2026-06-18T08:00:00Z,system,PR0000000303,d14b0728-f72c-5fc0-a4ba-8ff48ceaa3cc,0450cf2b-52b5-5c7a-95b0-bbdc67bca724,2026-06-18,2026-07-01,COMPLETED,HIGH,Production material replenishment,28713.60,EUR
de5c8165-1c59-5944-a655-c01fc90d860c,2026-02-15T08:00:00Z,system,2026-02-15T08:00:00Z,system,PR0000000304,0255ba35-0950-5277-a59b-8411b6134ea7,681d3a1f-6166-5793-8dd0-2f9ae8a7e909,2026-02-15,2026-03-03,SUBMITTED,NORMAL,Warehouse stock below reorder point,199329.58,EUR
37c971d7-228d-54ef-bafe-d0afb64e3188,2026-07-21T08:00:00Z,system,2026-07-21T08:00:00Z,system,PR0000000305,0a9b9cf2-8c50-54fd-b243-53899f77bb55,efd8a8e4-0bb8-5f9e-be95-16451417acb0,2026-07-21,2026-08-15,APPROVED,HIGH,Replacement of worn equipment,52059.70,EUR
c199a887-4dcf-5165-ac89-a24a3a1688d3,2025-10-10T08:00:00Z,system,2025-10-10T08:00:00Z,system,PR0000000306,4b8f339d-64d5-53f8-bcd2-cafb0ea20c4d,0450cf2b-52b5-5c7a-95b0-bbdc67bca724,2025-10-10,2025-11-05,APPROVED,NORMAL,Replacement of worn equipment,567122.78,EUR
0367865e-17bf-5abd-8bef-c34dac3ea24d,2026-06-19T08:00:00Z,system,2026-06-19T08:00:00Z,system,PR0000000307,bf33aee2-e9ef-5847-9fa5-474024f30610,5b8df29c-4f7d-5b45-b24c-0b5a197ae2b0,2026-06-19,2026-08-24,CANCELLED,NORMAL,Production material replenishment,78964.90,EUR
693e3cef-0c56-5ebe-9fbe-3d23a6da02b5,2025-09-19T08:00:00Z,system,2025-09-19T08:00:00Z,system,PR0000000308,f2241022-edb7-5025-96ee-391d1dcaca23,87cb6569-bd40-5e24-8586-da21fbea3a81,2025-09-19,2025-11-23,SUBMITTED,NORMAL,Warehouse stock below reorder point,553928.50,EUR
12590b02-4448-5e9f-ac38-caee8e81c8b8,2026-01-27T08:00:00Z,system,2026-01-27T08:00:00Z,system,PR0000000309,0255ba35-0950-5277-a59b-8411b6134ea7,5528724a-ec45-5c0d-ac18-8666390c638c,2026-01-27,2026-04-08,APPROVED,NORMAL,Production material replenishment,936550.50,EUR
bdb30f46-6bdc-5393-8649-eacd1f2c758b,2026-03-05T08:00:00Z,system,2026-03-05T08:00:00Z,system,PR0000000310,d778b989-a675-5d3f-8009-55dfeceec6f9,e294ac9d-bd77-5078-ba31-f74bebb60488,2026-03-05,2026-04-09,CANCELLED,LOW,Production material replenishment,207510.19,EUR
5abb8227-c7db-55df-8ac1-38a8392c21d7,2025-11-15T08:00:00Z,system,2025-11-15T08:00:00Z,system,PR0000000311,13784956-f498-5534-9b07-21147167cebb,d425a94e-8ac6-50ba-81e4-27a328a21379,2025-11-15,2026-01-21,APPROVED,NORMAL,Safety stock replenishment,119585.90,EUR
da464949-e245-5ec7-8f0d-e621a1ef0c68,2026-05-07T08:00:00Z,system,2026-05-07T08:00:00Z,system,PR0000000312,e5f6eca5-efd9-5b50-b3e2-8885e65c411d,e6d386f5-8b03-578e-aca0-68c8e68a10d1,2026-05-07,2026-06-24,DRAFT,HIGH,Warehouse stock below reorder point,15730.00,EUR
c99c4c31-1232-5157-b9e1-ae7ecbb7d72f,2025-11-15T08:00:00Z,system,2025-11-15T08:00:00Z,system,PR0000000313,5941f83b-16e1-5dcd-8dc3-df8d4713fe97,261d0783-3954-5ee6-baf2-f9e37bbb725b,2025-11-15,2025-12-12,SUBMITTED,NORMAL,Scheduled maintenance requirement,3340.88,EUR
b3c11d2b-fd6a-573a-b6f8-8861451dbdb2,2025-09-17T08:00:00Z,system,2025-09-17T08:00:00Z,system,PR0000000314,b519a3ff-3161-5685-8e6b-9063483eb30b,78e17b4f-64d9-5a1f-8e02-e8a798b67ff0,2025-09-17,2025-11-24,COMPLETED,NORMAL,Production material replenishment,12617.35,EUR
6c6d6cdb-df45-5424-8744-ed67126dd147,2026-07-24T08:00:00Z,system,2026-07-24T08:00:00Z,system,PR0000000315,cefdb85d-21f5-5088-a003-5d620b4dd94d,51ca2c43-9865-5eed-88e1-7efd0be651e9,2026-07-24,2026-09-06,ORDERED,HIGH,Scheduled maintenance requirement,850.30,EUR
602877aa-f62b-5b14-bb40-4c079dc6fc52,2025-09-25T08:00:00Z,system,2025-09-25T08:00:00Z,system,PR0000000316,e7550e96-a024-5ec6-9a52-a71b05d83aca,03aef187-5272-56c7-bfc4-cf8b61ecf06b,2025-09-25,2025-11-05,COMPLETED,URGENT,Scheduled maintenance requirement,490904.50,EUR
7e6e6b23-ef20-5d74-ae5b-692f17bd3ecc,2026-05-06T08:00:00Z,system,2026-05-06T08:00:00Z,system,PR0000000317,23c98543-9d7c-54ac-9fcb-107847fc2c70,113d871c-fdd0-59b0-922b-71a1f17a7a5b,2026-05-06,2026-06-21,ORDERED,NORMAL,Production material replenishment,15451.21,EUR
b0415a03-c3a1-5f15-a8b5-264422492ee0,2026-04-05T08:00:00Z,system,2026-04-05T08:00:00Z,system,PR0000000318,362bb051-fb3b-5a89-9979-8640133ad18b,cb89079f-b137-594d-b7f6-f3803900b013,2026-04-05,2026-05-16,COMPLETED,HIGH,Replacement of worn equipment,154528.41,EUR
1d0dd27b-714c-59dc-9a55-2fa7c0a714e7,2025-11-23T08:00:00Z,system,2025-11-23T08:00:00Z,system,PR0000000319,113128ae-1f79-5f39-8c07-f3d07a663bae,efd8a8e4-0bb8-5f9e-be95-16451417acb0,2025-11-23,2026-01-07,APPROVED,HIGH,New project demand,354.14,EUR
77db41c2-1fb3-5f7c-92c9-8aed306aa8cf,2025-11-17T08:00:00Z,system,2025-11-17T08:00:00Z,system,PR0000000320,f4bfe1cc-a9ff-5838-84b3-8d0b8a482a8d,03aef187-5272-56c7-bfc4-cf8b61ecf06b,2025-11-17,2026-01-22,APPROVED,NORMAL,Safety stock replenishment,156988.10,EUR
6adb3706-9e33-54c6-92eb-c41718586d6d,2026-01-26T08:00:00Z,system,2026-01-26T08:00:00Z,system,PR0000000321,e7550e96-a024-5ec6-9a52-a71b05d83aca,03aef187-5272-56c7-bfc4-cf8b61ecf06b,2026-01-26,2026-04-09,DRAFT,NORMAL,Scheduled maintenance requirement,296974.86,EUR
8e2b9bae-23b1-50cb-86f6-8305a4366096,2025-09-16T08:00:00Z,system,2025-09-16T08:00:00Z,system,PR0000000322,4b8f339d-64d5-53f8-bcd2-cafb0ea20c4d,efd8a8e4-0bb8-5f9e-be95-16451417acb0,2025-09-16,2025-10-13,APPROVED,HIGH,Replacement of worn equipment,158388.21,EUR
c2a014c3-0d9a-520d-9415-b51ff296f9dd,2025-11-25T08:00:00Z,system,2025-11-25T08:00:00Z,system,PR0000000323,0255ba35-0950-5277-a59b-8411b6134ea7,261d0783-3954-5ee6-baf2-f9e37bbb725b,2025-11-25,2026-01-10,REJECTED,HIGH,Scheduled maintenance requirement,126733.30,EUR
85a03c2a-4b83-5252-ab71-e7bcee4604ca,2026-06-27T08:00:00Z,system,2026-06-27T08:00:00Z,system,PR0000000324,f00a2c4c-64cd-5064-b954-6cdd3ff4da8f,0450cf2b-52b5-5c7a-95b0-bbdc67bca724,2026-06-27,2026-07-19,SUBMITTED,NORMAL,Safety stock replenishment,63285.75,EUR
a1f6865f-1473-5ef8-b535-ef84a85ee383,2026-07-26T08:00:00Z,system,2026-07-26T08:00:00Z,system,PR0000000325,5941f83b-16e1-5dcd-8dc3-df8d4713fe97,113d871c-fdd0-59b0-922b-71a1f17a7a5b,2026-07-26,2026-10-06,APPROVED,LOW,Replacement of worn equipment,31071.50,EUR
011abaae-9043-56f2-99fa-ecf406fcd2b5,2025-12-27T08:00:00Z,system,2025-12-27T08:00:00Z,system,PR0000000326,4e216c0a-c972-5f8b-9c46-6350e9b7fcd3,cb89079f-b137-594d-b7f6-f3803900b013,2025-12-27,2026-01-16,APPROVED,NORMAL,Warehouse stock below reorder point,192701.42,EUR
c3ab929d-045b-5b3a-b384-e5dae1675e28,2025-09-12T08:00:00Z,system,2025-09-12T08:00:00Z,system,PR0000000327,9566bb19-9176-52c9-8eea-1c1f82d4a01b,efd8a8e4-0bb8-5f9e-be95-16451417acb0,2025-09-12,2025-11-05,COMPLETED,LOW,Safety stock replenishment,24675.97,EUR
2c0676f6-8bb9-55d7-a0bc-03b180926b36,2026-07-26T08:00:00Z,system,2026-07-26T08:00:00Z,system,PR0000000328,40fc93b9-abcc-5006-b3bc-584cd180694b,78e17b4f-64d9-5a1f-8e02-e8a798b67ff0,2026-07-26,2026-09-15,COMPLETED,HIGH,New project demand,45466.55,EUR
e6434e2c-87fa-5aed-a92e-99315bdd6e97,2026-03-01T08:00:00Z,system,2026-03-01T08:00:00Z,system,PR0000000329,4e5e44a7-230a-5238-af8a-6363cf5be42b,34b80a58-c167-5ea6-9b2c-d151aa2ea5a3,2026-03-01,2026-05-10,SUBMITTED,HIGH,Scheduled maintenance requirement,1400.50,EUR
eb2ddda7-0572-5429-a2a7-f96c849fdfca,2025-11-08T08:00:00Z,system,2025-11-08T08:00:00Z,system,PR0000000330,bf01dabf-7f6b-5183-895b-36a5584e7d8d,34b80a58-c167-5ea6-9b2c-d151aa2ea5a3,2025-11-08,2025-12-22,COMPLETED,URGENT,Scheduled maintenance requirement,443909.65,EUR
6a592f19-18ff-592b-a75f-a326748fc805,2025-10-23T08:00:00Z,system,2025-10-23T08:00:00Z,system,PR0000000331,3ff49664-5bf3-5a7a-831a-b66f133487c8,efd8a8e4-0bb8-5f9e-be95-16451417acb0,2025-10-23,2025-11-13,ORDERED,NORMAL,Production material replenishment,151918.90,EUR
5faacd4f-7de8-58f4-9c52-8ecddced27e7,2025-09-23T08:00:00Z,system,2025-09-23T08:00:00Z,system,PR0000000332,d778b989-a675-5d3f-8009-55dfeceec6f9,9f6bd345-59f3-56b7-b1b4-8a3e5fab6656,2025-09-23,2025-11-23,SUBMITTED,LOW,Safety stock replenishment,16133.98,EUR
85978fb9-1c36-5148-a3f6-b7628e052343,2026-01-19T08:00:00Z,system,2026-01-19T08:00:00Z,system,PR0000000333,bf01dabf-7f6b-5183-895b-36a5584e7d8d,283bb6f3-df62-5cb4-9d4b-a62afcbbb11d,2026-01-19,2026-03-28,ORDERED,HIGH,New project demand,10557.25,EUR
3a9149a7-8c89-5904-aa28-c595ffa938f0,2026-06-05T08:00:00Z,system,2026-06-05T08:00:00Z,system,PR0000000334,43022d67-1e7e-5424-9987-98f2d73d0810,78e17b4f-64d9-5a1f-8e02-e8a798b67ff0,2026-06-05,2026-08-08,ORDERED,NORMAL,Scheduled maintenance requirement,137754.65,EUR
767c1883-fdc1-5527-a72a-4d3c242c9399,2025-09-12T08:00:00Z,system,2025-09-12T08:00:00Z,system,PR0000000335,88db520f-00d6-51aa-8b62-c7a88dd50f4c,3cab26fd-f62f-5970-ad42-c321a067cf36,2025-09-12,2025-09-23,APPROVED,NORMAL,Safety stock replenishment,335366.70,EUR
b451888d-56df-507f-92f8-45295767f1c4,2025-11-17T08:00:00Z,system,2025-11-17T08:00:00Z,system,PR0000000336,b0637871-bb7d-59e4-8037-d5e1bbe0560a,26221d5e-2e66-5ea9-8c4d-30720ed59583,2025-11-17,2026-01-27,COMPLETED,NORMAL,Safety stock replenishment,222046.00,EUR
77412429-0176-53eb-928a-ebc70dc459d7,2025-09-16T08:00:00Z,system,2025-09-16T08:00:00Z,system,PR0000000337,b519a3ff-3161-5685-8e6b-9063483eb30b,3e8df789-1fad-5f45-9e4e-ae08a2240191,2025-09-16,2025-09-25,ORDERED,HIGH,Warehouse stock below reorder point,472849.55,EUR
daf069d0-75e1-5041-bac4-e384f27eeb7a,2025-09-11T08:00:00Z,system,2025-09-11T08:00:00Z,system,PR0000000338,5f639525-25c5-54fa-aa87-ccfe5b39776a,9f6bd345-59f3-56b7-b1b4-8a3e5fab6656,2025-09-11,2025-10-01,ORDERED,NORMAL,Production material replenishment,7405.85,EUR
0ad379ce-d371-56d4-a823-1bb519a93f65,2025-11-06T08:00:00Z,system,2025-11-06T08:00:00Z,system,PR0000000339,40fc93b9-abcc-5006-b3bc-584cd180694b,efd8a8e4-0bb8-5f9e-be95-16451417acb0,2025-11-06,2025-11-26,ORDERED,HIGH,Scheduled maintenance requirement,305166.00,EUR
da7f9405-6420-5108-93c0-67062b18228d,2026-03-20T08:00:00Z,system,2026-03-20T08:00:00Z,system,PR0000000340,4128af86-84d7-5c7a-bebf-50be57e6c1a0,5b8df29c-4f7d-5b45-b24c-0b5a197ae2b0,2026-03-20,2026-05-30,ORDERED,HIGH,New project demand,95753.18,EUR
6e7db0ec-950c-5313-9cb2-5e8b45f40487,2025-09-06T08:00:00Z,system,2025-09-06T08:00:00Z,system,PR0000000341,b0637871-bb7d-59e4-8037-d5e1bbe0560a,89693957-df41-5038-b06b-8fcd13674f65,2025-09-06,2025-09-14,APPROVED,LOW,Replacement of worn equipment,17782.50,EUR
e497463e-86fb-511f-8e77-be3a9b6dfb0c,2025-11-19T08:00:00Z,system,2025-11-19T08:00:00Z,system,PR0000000342,a573cf3b-6545-5ee9-8ae0-2ff7e9370a69,681d3a1f-6166-5793-8dd0-2f9ae8a7e909,2025-11-19,2026-01-14,DRAFT,HIGH,Replacement of worn equipment,281519.88,EUR
03cc6160-b1b7-54fc-896b-b11159b827cc,2026-03-12T08:00:00Z,system,2026-03-12T08:00:00Z,system,PR0000000343,b0f0219c-497a-5b5a-8247-64bb9744b592,d425a94e-8ac6-50ba-81e4-27a328a21379,2026-03-12,2026-05-07,APPROVED,NORMAL,Production material replenishment,381464.45,EUR
5264fb55-73bf-5aa7-8201-d5d2d6b3936c,2025-09-02T08:00:00Z,system,2025-09-02T08:00:00Z,system,PR0000000344,4128af86-84d7-5c7a-bebf-50be57e6c1a0,51ca2c43-9865-5eed-88e1-7efd0be651e9,2025-09-02,2025-09-19,APPROVED,HIGH,Scheduled maintenance requirement,206751.50,EUR
da24d810-0c61-54b7-89bc-f8e7ebd80311,2026-03-29T08:00:00Z,system,2026-03-29T08:00:00Z,system,PR0000000345,4cc33be3-e381-5651-8754-1dfb4784e453,51ca2c43-9865-5eed-88e1-7efd0be651e9,2026-03-29,2026-06-01,SUBMITTED,LOW,New project demand,3938.95,EUR
66566dd8-b6dd-5844-8e44-f2a064c63665,2025-12-21T08:00:00Z,system,2025-12-21T08:00:00Z,system,PR0000000346,13784956-f498-5534-9b07-21147167cebb,efd8a8e4-0bb8-5f9e-be95-16451417acb0,2025-12-21,2026-03-02,ORDERED,NORMAL,Production material replenishment,251967.50,EUR
ff515a6e-f7d8-5d03-9de8-b87cc62f3ede,2025-10-03T08:00:00Z,system,2025-10-03T08:00:00Z,system,PR0000000347,c6e566c4-5c48-598a-9eaf-6624035417aa,9f6bd345-59f3-56b7-b1b4-8a3e5fab6656,2025-10-03,2025-10-10,COMPLETED,NORMAL,Scheduled maintenance requirement,5714.00,EUR
8d4cba70-46df-5ad0-b300-c52fbd8a007a,2025-12-29T08:00:00Z,system,2025-12-29T08:00:00Z,system,PR0000000348,f4bfe1cc-a9ff-5838-84b3-8d0b8a482a8d,12473360-94f1-5fba-a391-36ce9d7f31be,2025-12-29,2026-01-22,DRAFT,URGENT,Safety stock replenishment,766944.80,EUR
83a851ea-9b9e-5e6e-8a5c-28a0775569b5,2026-01-03T08:00:00Z,system,2026-01-03T08:00:00Z,system,PR0000000349,3ff49664-5bf3-5a7a-831a-b66f133487c8,e294ac9d-bd77-5078-ba31-f74bebb60488,2026-01-03,2026-02-17,COMPLETED,NORMAL,Scheduled maintenance requirement,485121.70,EUR
0f84428d-6081-5eea-9e1d-8ff41c4658e6,2025-09-02T08:00:00Z,system,2025-09-02T08:00:00Z,system,PR0000000350,749e799d-dc59-5571-b15c-7d9bf9c77752,89693957-df41-5038-b06b-8fcd13674f65,2025-09-02,2025-10-13,APPROVED,LOW,Replacement of worn equipment,109847.50,EUR
5faac653-e286-52bd-8439-9987a04084dc,2026-02-21T08:00:00Z,system,2026-02-21T08:00:00Z,system,PR0000000351,749e799d-dc59-5571-b15c-7d9bf9c77752,e294ac9d-bd77-5078-ba31-f74bebb60488,2026-02-21,2026-03-12,COMPLETED,HIGH,Scheduled maintenance requirement,129986.70,EUR
1b8a167d-e168-5ee5-a884-8465efaf83f6,2026-06-01T08:00:00Z,system,2026-06-01T08:00:00Z,system,PR0000000352,3ff49664-5bf3-5a7a-831a-b66f133487c8,329ee744-d62e-5fc4-a06d-cd6019444aa8,2026-06-01,2026-07-01,APPROVED,NORMAL,Safety stock replenishment,7597.70,EUR
c96a9df4-2332-5bc4-a7ee-52b91df8ce81,2026-06-08T08:00:00Z,system,2026-06-08T08:00:00Z,system,PR0000000353,a573cf3b-6545-5ee9-8ae0-2ff7e9370a69,5b8df29c-4f7d-5b45-b24c-0b5a197ae2b0,2026-06-08,2026-06-30,APPROVED,HIGH,New project demand,28008.32,EUR
7cebadc3-534f-5791-807f-9987a385eccf,2025-09-28T08:00:00Z,system,2025-09-28T08:00:00Z,system,PR0000000354,b1735819-2eef-5011-9b5e-702716ea62f0,26221d5e-2e66-5ea9-8c4d-30720ed59583,2025-09-28,2025-11-18,REJECTED,NORMAL,Safety stock replenishment,40086.25,EUR
fd531b40-203d-569e-b4f7-c813cb86a4ae,2026-03-31T08:00:00Z,system,2026-03-31T08:00:00Z,system,PR0000000355,24356e6d-8de5-5316-88e3-702cdfd23228,261d0783-3954-5ee6-baf2-f9e37bbb725b,2026-03-31,2026-05-16,DRAFT,HIGH,Scheduled maintenance requirement,306844.50,EUR
4a256897-0792-5135-90ee-914a9a6f84bb,2025-12-27T08:00:00Z,system,2025-12-27T08:00:00Z,system,PR0000000356,5941f83b-16e1-5dcd-8dc3-df8d4713fe97,9f6bd345-59f3-56b7-b1b4-8a3e5fab6656,2025-12-27,2026-01-06,APPROVED,LOW,Safety stock replenishment,87816.80,EUR
3366f90e-78bc-5f22-8586-ad7244cc6193,2025-10-17T08:00:00Z,system,2025-10-17T08:00:00Z,system,PR0000000357,4d8f6fc4-cd1e-5487-b09f-9668e6b5c3b6,cb89079f-b137-594d-b7f6-f3803900b013,2025-10-17,2025-11-21,ORDERED,URGENT,Production material replenishment,31638.76,EUR
75875ff1-8b1c-5473-acd9-2cf46a1993b8,2026-03-03T08:00:00Z,system,2026-03-03T08:00:00Z,system,PR0000000358,bf01dabf-7f6b-5183-895b-36a5584e7d8d,89693957-df41-5038-b06b-8fcd13674f65,2026-03-03,2026-04-13,ORDERED,HIGH,Warehouse stock below reorder point,89122.00,EUR
955fb468-a0cf-5ec6-a5b4-c200e3a484c5,2026-07-22T08:00:00Z,system,2026-07-22T08:00:00Z,system,PR0000000359,9566bb19-9176-52c9-8eea-1c1f82d4a01b,12473360-94f1-5fba-a391-36ce9d7f31be,2026-07-22,2026-09-12,APPROVED,NORMAL,Warehouse stock below reorder point,843780.11,EUR
52f24c3e-ee24-5ade-a987-949d274d1977,2026-04-01T08:00:00Z,system,2026-04-01T08:00:00Z,system,PR0000000360,43022d67-1e7e-5424-9987-98f2d73d0810,51ca2c43-9865-5eed-88e1-7efd0be651e9,2026-04-01,2026-04-23,COMPLETED,NORMAL,Production material replenishment,661432.66,EUR
79d7a8d4-012b-556d-bc10-1fb6acf5bc54,2026-06-22T08:00:00Z,system,2026-06-22T08:00:00Z,system,PR0000000361,24356e6d-8de5-5316-88e3-702cdfd23228,d425a94e-8ac6-50ba-81e4-27a328a21379,2026-06-22,2026-08-24,SUBMITTED,NORMAL,Scheduled maintenance requirement,12331.50,EUR
21b195d2-dace-50e6-bebb-ed99959cbffb,2025-09-20T08:00:00Z,system,2025-09-20T08:00:00Z,system,PR0000000362,a8900ba9-a076-5a48-8859-1f3fc1e76071,cb89079f-b137-594d-b7f6-f3803900b013,2025-09-20,2025-11-13,APPROVED,HIGH,Safety stock replenishment,13627.04,EUR
73acdb87-9e88-5562-8b8a-ab72543adf85,2025-12-16T08:00:00Z,system,2025-12-16T08:00:00Z,system,PR0000000363,93004fa0-e3e2-50bf-83fc-f937be12e8ed,51ca2c43-9865-5eed-88e1-7efd0be651e9,2025-12-16,2026-01-05,APPROVED,URGENT,Safety stock replenishment,198596.35,EUR
0f189df0-7635-50aa-8422-0e719f6ceb6e,2025-09-24T08:00:00Z,system,2025-09-24T08:00:00Z,system,PR0000000364,e1c1d5bd-6452-5e7c-9911-1b5d499df0eb,89693957-df41-5038-b06b-8fcd13674f65,2025-09-24,2025-10-11,APPROVED,URGENT,Replacement of worn equipment,22871.78,EUR
4ddf910b-5643-5508-a022-f7600cb33c68,2025-09-25T08:00:00Z,system,2025-09-25T08:00:00Z,system,PR0000000365,a573cf3b-6545-5ee9-8ae0-2ff7e9370a69,521489a3-799d-50a5-9448-eeaa409714d1,2025-09-25,2025-11-29,APPROVED,HIGH,Warehouse stock below reorder point,3580.82,EUR
0d0ab5cb-4b43-5361-b15b-e84b53c052a1,2025-10-04T08:00:00Z,system,2025-10-04T08:00:00Z,system,PR0000000366,d067fd48-952d-58ac-82ab-b2049abe787a,5528724a-ec45-5c0d-ac18-8666390c638c,2025-10-04,2025-10-19,REJECTED,NORMAL,Production material replenishment,217860.48,EUR
1814d459-02fb-528c-a3a6-bfbcb90f74bd,2026-06-03T08:00:00Z,system,2026-06-03T08:00:00Z,system,PR0000000367,5941f83b-16e1-5dcd-8dc3-df8d4713fe97,26221d5e-2e66-5ea9-8c4d-30720ed59583,2026-06-03,2026-06-27,APPROVED,NORMAL,Replacement of worn equipment,25311.10,EUR
c96f6822-db1c-51d1-a7e9-ded810f7c712,2025-09-13T08:00:00Z,system,2025-09-13T08:00:00Z,system,PR0000000368,e7550e96-a024-5ec6-9a52-a71b05d83aca,51ca2c43-9865-5eed-88e1-7efd0be651e9,2025-09-13,2025-09-21,SUBMITTED,NORMAL,Replacement of worn equipment,317589.64,EUR
6b7a389f-c10c-53e2-885d-bdca45030be7,2026-06-29T08:00:00Z,system,2026-06-29T08:00:00Z,system,PR0000000369,b1735819-2eef-5011-9b5e-702716ea62f0,87cb6569-bd40-5e24-8586-da21fbea3a81,2026-06-29,2026-07-28,COMPLETED,NORMAL,Replacement of worn equipment,411906.00,EUR
4231a6b3-c3fc-52c7-bc8d-759bff58473b,2026-03-20T08:00:00Z,system,2026-03-20T08:00:00Z,system,PR0000000370,d067fd48-952d-58ac-82ab-b2049abe787a,521489a3-799d-50a5-9448-eeaa409714d1,2026-03-20,2026-05-20,COMPLETED,HIGH,Warehouse stock below reorder point,4879.80,EUR
9433dc5b-62af-5a61-bc24-399ad304cb20,2025-10-31T08:00:00Z,system,2025-10-31T08:00:00Z,system,PR0000000371,0a9b9cf2-8c50-54fd-b243-53899f77bb55,5b8df29c-4f7d-5b45-b24c-0b5a197ae2b0,2025-10-31,2026-01-09,COMPLETED,NORMAL,New project demand,3874.20,EUR
ac1cf21b-8e6e-5075-be8d-55d5d4f32476,2026-05-18T08:00:00Z,system,2026-05-18T08:00:00Z,system,PR0000000372,a573cf3b-6545-5ee9-8ae0-2ff7e9370a69,113d871c-fdd0-59b0-922b-71a1f17a7a5b,2026-05-18,2026-07-02,APPROVED,HIGH,Safety stock replenishment,835165.50,EUR
2541b5f2-1607-5885-89dd-8d13b8b7e32a,2026-03-11T08:00:00Z,system,2026-03-11T08:00:00Z,system,PR0000000373,749e799d-dc59-5571-b15c-7d9bf9c77752,cb89079f-b137-594d-b7f6-f3803900b013,2026-03-11,2026-04-28,SUBMITTED,HIGH,Warehouse stock below reorder point,47737.90,EUR
cc0009ee-d21c-5713-8416-75f755773ce0,2026-04-15T08:00:00Z,system,2026-04-15T08:00:00Z,system,PR0000000374,a573cf3b-6545-5ee9-8ae0-2ff7e9370a69,3e8df789-1fad-5f45-9e4e-ae08a2240191,2026-04-15,2026-06-17,APPROVED,URGENT,Warehouse stock below reorder point,23556.00,EUR
ad30a30d-a921-57aa-80d1-9eb847ef695f,2026-01-28T08:00:00Z,system,2026-01-28T08:00:00Z,system,PR0000000375,f00a2c4c-64cd-5064-b954-6cdd3ff4da8f,5528724a-ec45-5c0d-ac18-8666390c638c,2026-01-28,2026-03-02,APPROVED,NORMAL,Safety stock replenishment,108235.50,EUR
a9d1250e-0cc6-5e70-b888-5ed05f600184,2025-09-06T08:00:00Z,system,2025-09-06T08:00:00Z,system,PR0000000376,78f316cf-bc76-5bab-9068-b36833d8b019,3cab26fd-f62f-5970-ad42-c321a067cf36,2025-09-06,2025-11-05,ORDERED,URGENT,Scheduled maintenance requirement,64371.34,EUR
4acab5f7-5734-5106-878c-b146ea33f846,2026-07-22T08:00:00Z,system,2026-07-22T08:00:00Z,system,PR0000000377,e7550e96-a024-5ec6-9a52-a71b05d83aca,d425a94e-8ac6-50ba-81e4-27a328a21379,2026-07-22,2026-08-24,COMPLETED,URGENT,Scheduled maintenance requirement,250796.41,EUR
d89885c2-2ef0-5b21-a574-94b5946b8209,2025-12-06T08:00:00Z,system,2025-12-06T08:00:00Z,system,PR0000000378,40fc93b9-abcc-5006-b3bc-584cd180694b,e6d386f5-8b03-578e-aca0-68c8e68a10d1,2025-12-06,2026-02-11,DRAFT,NORMAL,Scheduled maintenance requirement,1064.42,EUR
49de7fad-c811-5a4b-929a-5adf38453818,2026-04-03T08:00:00Z,system,2026-04-03T08:00:00Z,system,PR0000000379,ef2ba588-e5f9-591f-9a01-16a28aec4a68,5528724a-ec45-5c0d-ac18-8666390c638c,2026-04-03,2026-04-13,ORDERED,HIGH,Safety stock replenishment,307659.48,EUR
b1cc30ca-2c24-5b09-98a8-12717c809333,2025-10-30T08:00:00Z,system,2025-10-30T08:00:00Z,system,PR0000000380,deb3fb29-3383-5c3d-9343-4b0681551f8f,329ee744-d62e-5fc4-a06d-cd6019444aa8,2025-10-30,2025-11-25,ORDERED,HIGH,Safety stock replenishment,92819.00,EUR
cebbef95-23b7-5be3-b0a6-208dfb698c7a,2025-10-02T08:00:00Z,system,2025-10-02T08:00:00Z,system,PR0000000381,deb3fb29-3383-5c3d-9343-4b0681551f8f,3e8df789-1fad-5f45-9e4e-ae08a2240191,2025-10-02,2025-12-15,COMPLETED,NORMAL,Safety stock replenishment,268472.42,EUR
a5e0793d-1e29-5103-9b5c-b474a0161199,2026-04-13T08:00:00Z,system,2026-04-13T08:00:00Z,system,PR0000000382,cefdb85d-21f5-5088-a003-5d620b4dd94d,5528724a-ec45-5c0d-ac18-8666390c638c,2026-04-13,2026-04-29,APPROVED,NORMAL,Replacement of worn equipment,347349.68,EUR
c46286d5-7f56-5cf7-bbb2-698dab3e98c7,2026-02-23T08:00:00Z,system,2026-02-23T08:00:00Z,system,PR0000000383,d925509d-9c4c-55ac-990d-b19752aa437c,5528724a-ec45-5c0d-ac18-8666390c638c,2026-02-23,2026-04-24,APPROVED,NORMAL,Warehouse stock below reorder point,200842.03,EUR
2f468f37-7e25-58af-b20d-dbf7b735e1a3,2026-03-24T08:00:00Z,system,2026-03-24T08:00:00Z,system,PR0000000384,82118fb0-4b2c-5ab5-b817-ec77a960c692,78e17b4f-64d9-5a1f-8e02-e8a798b67ff0,2026-03-24,2026-05-11,APPROVED,NORMAL,New project demand,9532.50,EUR
c7defd8f-2f6c-57fc-9ed9-b5b1564dd5b5,2025-11-16T08:00:00Z,system,2025-11-16T08:00:00Z,system,PR0000000385,c7e3e4e0-4eb0-57ed-973a-248aa1d4166f,26221d5e-2e66-5ea9-8c4d-30720ed59583,2025-11-16,2026-01-18,COMPLETED,NORMAL,Replacement of worn equipment,27466.59,EUR
aaa7c50d-f5b8-5289-8827-0e954d91c169,2026-06-01T08:00:00Z,system,2026-06-01T08:00:00Z,system,PR0000000386,f911dfb3-26ad-5d1f-b884-074c195d7b36,03aef187-5272-56c7-bfc4-cf8b61ecf06b,2026-06-01,2026-08-02,COMPLETED,URGENT,Warehouse stock below reorder point,34311.90,EUR
e40aef87-8ca8-52bc-adf8-04703ef6b6d7,2026-06-06T08:00:00Z,system,2026-06-06T08:00:00Z,system,PR0000000387,13784956-f498-5534-9b07-21147167cebb,283bb6f3-df62-5cb4-9d4b-a62afcbbb11d,2026-06-06,2026-06-17,SUBMITTED,LOW,Production material replenishment,382895.95,EUR
3168ea55-f6a2-5f0f-8535-db24ff4f3060,2026-06-22T08:00:00Z,system,2026-06-22T08:00:00Z,system,PR0000000388,cefdb85d-21f5-5088-a003-5d620b4dd94d,283bb6f3-df62-5cb4-9d4b-a62afcbbb11d,2026-06-22,2026-07-11,REJECTED,NORMAL,New project demand,344503.40,EUR
1fada8d4-4aa4-59a3-bbd7-9e62ab0745cc,2025-09-02T08:00:00Z,system,2025-09-02T08:00:00Z,system,PR0000000389,e662820d-e3c6-5611-bb97-4b7844a2920f,51ca2c43-9865-5eed-88e1-7efd0be651e9,2025-09-02,2025-10-27,DRAFT,NORMAL,Safety stock replenishment,59472.24,EUR
f9279c20-0688-58f0-914c-68049fceabd6,2025-12-11T08:00:00Z,system,2025-12-11T08:00:00Z,system,PR0000000390,8e723945-6a6c-5803-a42e-c1347adfc586,283bb6f3-df62-5cb4-9d4b-a62afcbbb11d,2025-12-11,2025-12-24,COMPLETED,NORMAL,Production material replenishment,9954.65,EUR
b889a9e6-b585-5002-8817-980a9a6e58b8,2026-04-23T08:00:00Z,system,2026-04-23T08:00:00Z,system,PR0000000391,95f6a497-057c-520f-982f-8724d95bc2f7,0450cf2b-52b5-5c7a-95b0-bbdc67bca724,2026-04-23,2026-06-18,COMPLETED,NORMAL,Warehouse stock below reorder point,167538.80,EUR
409c69d9-384d-5e77-b144-c209242f4149,2026-07-27T08:00:00Z,system,2026-07-27T08:00:00Z,system,PR0000000392,4128af86-84d7-5c7a-bebf-50be57e6c1a0,681d3a1f-6166-5793-8dd0-2f9ae8a7e909,2026-07-27,2026-08-29,COMPLETED,HIGH,Warehouse stock below reorder point,50999.25,EUR
031ecda2-7a7b-5212-96ca-6b4472a893f7,2026-02-13T08:00:00Z,system,2026-02-13T08:00:00Z,system,PR0000000393,bf01dabf-7f6b-5183-895b-36a5584e7d8d,51ca2c43-9865-5eed-88e1-7efd0be651e9,2026-02-13,2026-04-03,COMPLETED,NORMAL,New project demand,32104.53,EUR
ae3ccf3c-fafb-5725-adad-2a379d12ccfc,2026-01-03T08:00:00Z,system,2026-01-03T08:00:00Z,system,PR0000000394,78f316cf-bc76-5bab-9068-b36833d8b019,89693957-df41-5038-b06b-8fcd13674f65,2026-01-03,2026-03-05,DRAFT,NORMAL,Scheduled maintenance requirement,354124.85,EUR
ca9e73ed-e3fa-5452-b5dd-3e8796e5b332,2026-02-07T08:00:00Z,system,2026-02-07T08:00:00Z,system,PR0000000395,d14b0728-f72c-5fc0-a4ba-8ff48ceaa3cc,d425a94e-8ac6-50ba-81e4-27a328a21379,2026-02-07,2026-03-24,APPROVED,NORMAL,Warehouse stock below reorder point,24753.50,EUR
bede95d6-9955-5f98-974d-a6695bc36630,2026-07-12T08:00:00Z,system,2026-07-12T08:00:00Z,system,PR0000000396,53657725-cc33-52fa-bf83-e8ebce35acc6,cb89079f-b137-594d-b7f6-f3803900b013,2026-07-12,2026-09-11,DRAFT,NORMAL,Scheduled maintenance requirement,74885.44,EUR
95ba41c9-e977-5929-9353-bc5d97c49ac6,2026-01-03T08:00:00Z,system,2026-01-03T08:00:00Z,system,PR0000000397,0737d81c-800f-585f-8a81-5742f5aa93a6,113d871c-fdd0-59b0-922b-71a1f17a7a5b,2026-01-03,2026-02-03,ORDERED,LOW,New project demand,82099.40,EUR
7e3d1194-9392-5cdc-ba4f-4f5aeddd6a79,2026-07-03T08:00:00Z,system,2026-07-03T08:00:00Z,system,PR0000000398,82118fb0-4b2c-5ab5-b817-ec77a960c692,34b80a58-c167-5ea6-9b2c-d151aa2ea5a3,2026-07-03,2026-09-06,APPROVED,NORMAL,New project demand,205177.40,EUR
9ec79bb8-2cf2-55a3-a40a-80928aa96d63,2025-12-02T08:00:00Z,system,2025-12-02T08:00:00Z,system,PR0000000399,344e75d1-f4ee-5da0-b8c0-d2949c9f7794,5b8df29c-4f7d-5b45-b24c-0b5a197ae2b0,2025-12-02,2025-12-28,APPROVED,NORMAL,Safety stock replenishment,159607.00,EUR
b83b24a8-3651-53e1-9f64-c0d7dbc51d9c,2025-12-28T08:00:00Z,system,2025-12-28T08:00:00Z,system,PR0000000400,a8900ba9-a076-5a48-8859-1f3fc1e76071,681d3a1f-6166-5793-8dd0-2f9ae8a7e909,2025-12-28,2026-03-11,ORDERED,NORMAL,Scheduled maintenance requirement,579606.00,EUR
c34fda3b-8201-5a6f-99ba-499290f8b299,2026-03-03T08:00:00Z,system,2026-03-03T08:00:00Z,system,PR0000000401,ed77b70d-2e2b-5e0f-926d-7d5913ba9acd,9f6bd345-59f3-56b7-b1b4-8a3e5fab6656,2026-03-03,2026-04-12,APPROVED,NORMAL,Scheduled maintenance requirement,228845.74,EUR
1ed7612a-311a-5898-8403-1f7e26d93d51,2026-03-17T08:00:00Z,system,2026-03-17T08:00:00Z,system,PR0000000402,c7e3e4e0-4eb0-57ed-973a-248aa1d4166f,34b80a58-c167-5ea6-9b2c-d151aa2ea5a3,2026-03-17,2026-04-26,COMPLETED,NORMAL,Warehouse stock below reorder point,620392.00,EUR
1da67488-3e6d-5557-a3f5-63742164cea4,2025-12-15T08:00:00Z,system,2025-12-15T08:00:00Z,system,PR0000000403,f911dfb3-26ad-5d1f-b884-074c195d7b36,261d0783-3954-5ee6-baf2-f9e37bbb725b,2025-12-15,2026-02-02,SUBMITTED,NORMAL,Scheduled maintenance requirement,2183.70,EUR
4a3dcf7f-ff90-5d64-a86e-b8f1680abe58,2026-06-10T08:00:00Z,system,2026-06-10T08:00:00Z,system,PR0000000404,cefdb85d-21f5-5088-a003-5d620b4dd94d,261d0783-3954-5ee6-baf2-f9e37bbb725b,2026-06-10,2026-08-01,ORDERED,NORMAL,Replacement of worn equipment,160639.50,EUR
155dfb7f-105d-537a-b9b8-39eac8acd708,2025-10-29T08:00:00Z,system,2025-10-29T08:00:00Z,system,PR0000000405,c7e3e4e0-4eb0-57ed-973a-248aa1d4166f,521489a3-799d-50a5-9448-eeaa409714d1,2025-10-29,2026-01-06,COMPLETED,NORMAL,Production material replenishment,15811.50,EUR
778b8d90-c879-5c57-a6f3-75a1e7d07ecd,2026-07-23T08:00:00Z,system,2026-07-23T08:00:00Z,system,PR0000000406,605855ea-5571-58a5-9ec3-f66b7ecc340e,681d3a1f-6166-5793-8dd0-2f9ae8a7e909,2026-07-23,2026-10-01,APPROVED,URGENT,Warehouse stock below reorder point,66500.55,EUR
0453dd6d-9ef4-536c-80f5-d1622a68d110,2026-03-07T08:00:00Z,system,2026-03-07T08:00:00Z,system,PR0000000407,4d8f6fc4-cd1e-5487-b09f-9668e6b5c3b6,5b8df29c-4f7d-5b45-b24c-0b5a197ae2b0,2026-03-07,2026-03-30,APPROVED,NORMAL,Warehouse stock below reorder point,96082.89,EUR
0fca0a2a-5b1e-5845-b465-135f6503c0e1,2026-04-24T08:00:00Z,system,2026-04-24T08:00:00Z,system,PR0000000408,b519a3ff-3161-5685-8e6b-9063483eb30b,283bb6f3-df62-5cb4-9d4b-a62afcbbb11d,2026-04-24,2026-05-25,SUBMITTED,HIGH,Warehouse stock below reorder point,341432.45,EUR
ae25b450-f20f-519c-83a6-af6ccb1fe345,2026-07-04T08:00:00Z,system,2026-07-04T08:00:00Z,system,PR0000000409,23c98543-9d7c-54ac-9fcb-107847fc2c70,3e8df789-1fad-5f45-9e4e-ae08a2240191,2026-07-04,2026-07-20,SUBMITTED,NORMAL,Safety stock replenishment,207978.50,EUR
4067274f-0637-57b1-9f3f-70fdea750300,2026-07-28T08:00:00Z,system,2026-07-28T08:00:00Z,system,PR0000000410,0737d81c-800f-585f-8a81-5742f5aa93a6,e6d386f5-8b03-578e-aca0-68c8e68a10d1,2026-07-28,2026-10-03,APPROVED,NORMAL,Production material replenishment,76697.07,EUR
2f4f91b8-7bd4-54e0-980f-0de27597c96e,2026-01-24T08:00:00Z,system,2026-01-24T08:00:00Z,system,PR0000000411,5f639525-25c5-54fa-aa87-ccfe5b39776a,5528724a-ec45-5c0d-ac18-8666390c638c,2026-01-24,2026-04-01,ORDERED,NORMAL,New project demand,5923.25,EUR
ec75c32a-8e85-54e8-864b-11235c25e481,2026-02-16T08:00:00Z,system,2026-02-16T08:00:00Z,system,PR0000000412,e7550e96-a024-5ec6-9a52-a71b05d83aca,89693957-df41-5038-b06b-8fcd13674f65,2026-02-16,2026-03-22,COMPLETED,HIGH,Scheduled maintenance requirement,39366.45,EUR
1889cf19-2426-59be-9aea-1a98aab15842,2026-03-06T08:00:00Z,system,2026-03-06T08:00:00Z,system,PR0000000413,4128af86-84d7-5c7a-bebf-50be57e6c1a0,681d3a1f-6166-5793-8dd0-2f9ae8a7e909,2026-03-06,2026-05-06,SUBMITTED,HIGH,Warehouse stock below reorder point,342626.25,EUR
8d59718a-7011-5bf1-b9c8-4694f86922c2,2026-02-09T08:00:00Z,system,2026-02-09T08:00:00Z,system,PR0000000414,e662820d-e3c6-5611-bb97-4b7844a2920f,e294ac9d-bd77-5078-ba31-f74bebb60488,2026-02-09,2026-03-15,APPROVED,NORMAL,Safety stock replenishment,281945.00,EUR
c7a6409c-4092-50b4-8c7f-d39ca912d9ad,2026-03-25T08:00:00Z,system,2026-03-25T08:00:00Z,system,PR0000000415,91e632eb-67bf-5d38-a8b5-8e84d43dd62b,261d0783-3954-5ee6-baf2-f9e37bbb725b,2026-03-25,2026-06-01,COMPLETED,URGENT,Safety stock replenishment,51469.45,EUR
4dab3a35-6e85-5cbe-8120-bf2e0dcc5910,2025-09-26T08:00:00Z,system,2025-09-26T08:00:00Z,system,PR0000000416,bf01dabf-7f6b-5183-895b-36a5584e7d8d,3e8df789-1fad-5f45-9e4e-ae08a2240191,2025-09-26,2025-11-28,COMPLETED,URGENT,Safety stock replenishment,101665.50,EUR
d5a29908-29a8-5b38-b652-089e509bc35b,2026-01-20T08:00:00Z,system,2026-01-20T08:00:00Z,system,PR0000000417,57cf31ec-d7cf-5584-9b14-2581623c3089,e294ac9d-bd77-5078-ba31-f74bebb60488,2026-01-20,2026-03-19,COMPLETED,NORMAL,Replacement of worn equipment,555.25,EUR
1a98e7d3-d3bb-53ff-99ee-d52e0a4f32da,2026-05-18T08:00:00Z,system,2026-05-18T08:00:00Z,system,PR0000000418,88db520f-00d6-51aa-8b62-c7a88dd50f4c,efd8a8e4-0bb8-5f9e-be95-16451417acb0,2026-05-18,2026-07-06,APPROVED,NORMAL,Warehouse stock below reorder point,341756.60,EUR
fea022b8-6695-55a5-8cd5-f1766b3ed699,2026-04-04T08:00:00Z,system,2026-04-04T08:00:00Z,system,PR0000000419,3ff49664-5bf3-5a7a-831a-b66f133487c8,51ca2c43-9865-5eed-88e1-7efd0be651e9,2026-04-04,2026-06-12,APPROVED,NORMAL,New project demand,114355.00,EUR
3a38d2f8-41b9-53c0-bfeb-dc81d8a90c02,2026-06-20T08:00:00Z,system,2026-06-20T08:00:00Z,system,PR0000000420,c32c1e85-18ed-594d-baed-92ee6152bb62,521489a3-799d-50a5-9448-eeaa409714d1,2026-06-20,2026-07-27,COMPLETED,NORMAL,Safety stock replenishment,10711.00,EUR
2528772b-8c59-59ea-bfe7-ab9683ca3d2b,2025-09-21T08:00:00Z,system,2025-09-21T08:00:00Z,system,PR0000000421,a573cf3b-6545-5ee9-8ae0-2ff7e9370a69,9f6bd345-59f3-56b7-b1b4-8a3e5fab6656,2025-09-21,2025-11-12,ORDERED,NORMAL,New project demand,16577.70,EUR
e7bc11d0-5478-5fda-83ed-bfa1197cafa1,2026-06-18T08:00:00Z,system,2026-06-18T08:00:00Z,system,PR0000000422,762dab21-f406-51e5-938f-353039145619,9f6bd345-59f3-56b7-b1b4-8a3e5fab6656,2026-06-18,2026-07-23,ORDERED,NORMAL,Safety stock replenishment,5548.10,EUR
595fd8c2-ac79-546a-8a17-b98208d746df,2026-07-12T08:00:00Z,system,2026-07-12T08:00:00Z,system,PR0000000423,c6e566c4-5c48-598a-9eaf-6624035417aa,521489a3-799d-50a5-9448-eeaa409714d1,2026-07-12,2026-08-11,APPROVED,NORMAL,New project demand,332197.00,EUR
1b604a61-4209-5b75-9314-da4676393c03,2025-10-08T08:00:00Z,system,2025-10-08T08:00:00Z,system,PR0000000424,4b8f339d-64d5-53f8-bcd2-cafb0ea20c4d,283bb6f3-df62-5cb4-9d4b-a62afcbbb11d,2025-10-08,2025-11-14,APPROVED,HIGH,Production material replenishment,182269.55,EUR
32dccb04-f0ca-5921-9f96-f8ec686451c7,2026-01-18T08:00:00Z,system,2026-01-18T08:00:00Z,system,PR0000000425,f00a2c4c-64cd-5064-b954-6cdd3ff4da8f,efd8a8e4-0bb8-5f9e-be95-16451417acb0,2026-01-18,2026-02-05,REJECTED,NORMAL,Safety stock replenishment,6320.25,EUR
3c592ef2-d45f-589a-b72f-6c6efe9f13ed,2026-02-13T08:00:00Z,system,2026-02-13T08:00:00Z,system,PR0000000426,784d909a-03fe-5442-985a-f87c223ba14e,261d0783-3954-5ee6-baf2-f9e37bbb725b,2026-02-13,2026-04-08,ORDERED,HIGH,Scheduled maintenance requirement,867758.00,EUR
07d237fd-dd71-5f95-8dbf-dc01b2500ba6,2026-01-29T08:00:00Z,system,2026-01-29T08:00:00Z,system,PR0000000427,82118fb0-4b2c-5ab5-b817-ec77a960c692,e6d386f5-8b03-578e-aca0-68c8e68a10d1,2026-01-29,2026-03-15,COMPLETED,NORMAL,Replacement of worn equipment,10336.35,EUR
7f0f4ffa-65eb-50a8-bad2-d2fef5995297,2025-11-16T08:00:00Z,system,2025-11-16T08:00:00Z,system,PR0000000428,2cd38cf3-5347-5c8e-9bec-7cbfde8bcfb8,cb89079f-b137-594d-b7f6-f3803900b013,2025-11-16,2025-12-03,COMPLETED,HIGH,Replacement of worn equipment,372821.20,EUR
3cc62ca0-d7a3-5da3-b958-72ab2fb663a9,2026-02-27T08:00:00Z,system,2026-02-27T08:00:00Z,system,PR0000000429,a3376a3d-c7f1-544e-97d1-f19074988bc2,efd8a8e4-0bb8-5f9e-be95-16451417acb0,2026-02-27,2026-04-27,APPROVED,NORMAL,Warehouse stock below reorder point,44082.50,EUR
03ed0350-a8bf-5a90-828e-c5d642633e90,2025-11-17T08:00:00Z,system,2025-11-17T08:00:00Z,system,PR0000000430,5941f83b-16e1-5dcd-8dc3-df8d4713fe97,87cb6569-bd40-5e24-8586-da21fbea3a81,2025-11-17,2025-12-27,ORDERED,URGENT,Scheduled maintenance requirement,5075.66,EUR
72f31414-2b43-5b4f-8c88-9c9e2cabe2bf,2026-06-30T08:00:00Z,system,2026-06-30T08:00:00Z,system,PR0000000431,8758fdc7-b73d-58da-9847-91a91303126e,87cb6569-bd40-5e24-8586-da21fbea3a81,2026-06-30,2026-08-25,COMPLETED,NORMAL,Safety stock replenishment,60425.57,EUR
35c4d7ee-c5aa-5629-baec-c584bb091a06,2026-02-04T08:00:00Z,system,2026-02-04T08:00:00Z,system,PR0000000432,f2241022-edb7-5025-96ee-391d1dcaca23,3e8df789-1fad-5f45-9e4e-ae08a2240191,2026-02-04,2026-04-16,APPROVED,NORMAL,Safety stock replenishment,102057.30,EUR
2a986242-fd83-5c34-b53e-9dfdaa524383,2026-01-01T08:00:00Z,system,2026-01-01T08:00:00Z,system,PR0000000433,c6e566c4-5c48-598a-9eaf-6624035417aa,87cb6569-bd40-5e24-8586-da21fbea3a81,2026-01-01,2026-02-22,COMPLETED,NORMAL,New project demand,202544.20,EUR
4d56fe76-8af0-51c6-aa44-ab629493f81a,2026-01-16T08:00:00Z,system,2026-01-16T08:00:00Z,system,PR0000000434,53657725-cc33-52fa-bf83-e8ebce35acc6,87cb6569-bd40-5e24-8586-da21fbea3a81,2026-01-16,2026-02-05,COMPLETED,NORMAL,New project demand,29436.95,EUR
8e56f671-a96d-5aa4-b61e-32c4d3e20f22,2026-01-08T08:00:00Z,system,2026-01-08T08:00:00Z,system,PR0000000435,f2241022-edb7-5025-96ee-391d1dcaca23,03aef187-5272-56c7-bfc4-cf8b61ecf06b,2026-01-08,2026-01-19,COMPLETED,HIGH,Production material replenishment,143021.73,EUR
82957f30-04db-5737-9cce-de11cf626e69,2025-12-04T08:00:00Z,system,2025-12-04T08:00:00Z,system,PR0000000436,f00a2c4c-64cd-5064-b954-6cdd3ff4da8f,5b8df29c-4f7d-5b45-b24c-0b5a197ae2b0,2025-12-04,2026-02-11,COMPLETED,NORMAL,New project demand,287955.74,EUR
441e57a2-e160-51b5-877d-cff89422fad4,2025-12-15T08:00:00Z,system,2025-12-15T08:00:00Z,system,PR0000000437,53657725-cc33-52fa-bf83-e8ebce35acc6,0450cf2b-52b5-5c7a-95b0-bbdc67bca724,2025-12-15,2026-02-11,APPROVED,NORMAL,Warehouse stock below reorder point,23719.75,EUR
632eea76-12e7-5826-93aa-32c3e33fbb0b,2026-04-08T08:00:00Z,system,2026-04-08T08:00:00Z,system,PR0000000438,8e723945-6a6c-5803-a42e-c1347adfc586,78e17b4f-64d9-5a1f-8e02-e8a798b67ff0,2026-04-08,2026-04-22,COMPLETED,URGENT,New project demand,3441.41,EUR
2fb24229-cad8-5d3a-baf0-d93a0111be6f,2026-04-30T08:00:00Z,system,2026-04-30T08:00:00Z,system,PR0000000439,f4bfe1cc-a9ff-5838-84b3-8d0b8a482a8d,12473360-94f1-5fba-a391-36ce9d7f31be,2026-04-30,2026-05-23,CANCELLED,NORMAL,Replacement of worn equipment,448962.00,EUR
0cd7700d-216a-5e05-a5b9-0f10c7eabe86,2025-11-01T08:00:00Z,system,2025-11-01T08:00:00Z,system,PR0000000440,f00a2c4c-64cd-5064-b954-6cdd3ff4da8f,521489a3-799d-50a5-9448-eeaa409714d1,2025-11-01,2025-12-23,DRAFT,NORMAL,Warehouse stock below reorder point,169283.00,EUR
15c9a8f0-ea18-5e84-a8b9-bdbf5f24d96b,2025-10-18T08:00:00Z,system,2025-10-18T08:00:00Z,system,PR0000000441,88db520f-00d6-51aa-8b62-c7a88dd50f4c,521489a3-799d-50a5-9448-eeaa409714d1,2025-10-18,2025-10-28,APPROVED,NORMAL,Production material replenishment,29231.20,EUR
94e25e46-6d6f-5143-8c6c-36d8b2082923,2026-07-24T08:00:00Z,system,2026-07-24T08:00:00Z,system,PR0000000442,40fc93b9-abcc-5006-b3bc-584cd180694b,89693957-df41-5038-b06b-8fcd13674f65,2026-07-24,2026-08-18,DRAFT,HIGH,Production material replenishment,382428.25,EUR
ebcb0b8e-aa30-5051-8c5d-41993f16e7a8,2026-02-19T08:00:00Z,system,2026-02-19T08:00:00Z,system,PR0000000443,4e5e44a7-230a-5238-af8a-6363cf5be42b,3cab26fd-f62f-5970-ad42-c321a067cf36,2026-02-19,2026-04-16,APPROVED,NORMAL,New project demand,139792.24,EUR
26d7abd1-9d14-59b7-a8ac-240a78fbfeaa,2026-03-13T08:00:00Z,system,2026-03-13T08:00:00Z,system,PR0000000444,d14b0728-f72c-5fc0-a4ba-8ff48ceaa3cc,34b80a58-c167-5ea6-9b2c-d151aa2ea5a3,2026-03-13,2026-05-26,APPROVED,HIGH,Safety stock replenishment,250780.65,EUR
ef78d806-e3d4-5071-b6a7-6d1b8139fae5,2026-05-27T08:00:00Z,system,2026-05-27T08:00:00Z,system,PR0000000445,43022d67-1e7e-5424-9987-98f2d73d0810,0450cf2b-52b5-5c7a-95b0-bbdc67bca724,2026-05-27,2026-08-05,COMPLETED,NORMAL,Warehouse stock below reorder point,71155.80,EUR
cc2ea762-f177-524a-8032-68386677444c,2026-05-26T08:00:00Z,system,2026-05-26T08:00:00Z,system,PR0000000446,0737d81c-800f-585f-8a81-5742f5aa93a6,e6d386f5-8b03-578e-aca0-68c8e68a10d1,2026-05-26,2026-06-30,ORDERED,HIGH,Replacement of worn equipment,602.16,EUR
69829b80-3c18-581d-995b-36167fa9aa6e,2025-12-31T08:00:00Z,system,2025-12-31T08:00:00Z,system,PR0000000447,4d8f6fc4-cd1e-5487-b09f-9668e6b5c3b6,d425a94e-8ac6-50ba-81e4-27a328a21379,2025-12-31,2026-01-22,ORDERED,HIGH,Safety stock replenishment,149499.22,EUR
a6518284-b28f-57d0-a8c6-3449711d4fdf,2026-03-22T08:00:00Z,system,2026-03-22T08:00:00Z,system,PR0000000448,91e632eb-67bf-5d38-a8b5-8e84d43dd62b,e6d386f5-8b03-578e-aca0-68c8e68a10d1,2026-03-22,2026-05-02,COMPLETED,HIGH,Production material replenishment,15856.87,EUR
e630beb8-baf7-540e-a99c-f951133c208e,2026-02-26T08:00:00Z,system,2026-02-26T08:00:00Z,system,PR0000000449,4e5e44a7-230a-5238-af8a-6363cf5be42b,e294ac9d-bd77-5078-ba31-f74bebb60488,2026-02-26,2026-04-05,COMPLETED,LOW,New project demand,195167.00,EUR
ee6cb275-5758-504c-ba13-f173efa74cf1,2026-04-02T08:00:00Z,system,2026-04-02T08:00:00Z,system,PR0000000450,7c801ba4-5463-5410-bdfc-fb9770b2a7c7,87cb6569-bd40-5e24-8586-da21fbea3a81,2026-04-02,2026-05-30,APPROVED,NORMAL,Scheduled maintenance requirement,60490.42,EUR
ccc673c7-c3bd-5ea6-b02a-f134bde85aca,2026-06-16T08:00:00Z,system,2026-06-16T08:00:00Z,system,PR0000000451,4e5e44a7-230a-5238-af8a-6363cf5be42b,5528724a-ec45-5c0d-ac18-8666390c638c,2026-06-16,2026-07-09,APPROVED,HIGH,Warehouse stock below reorder point,7499.60,EUR
c3959c53-1b84-5119-9f76-731abbc1e88e,2025-12-01T08:00:00Z,system,2025-12-01T08:00:00Z,system,PR0000000452,d067fd48-952d-58ac-82ab-b2049abe787a,34b80a58-c167-5ea6-9b2c-d151aa2ea5a3,2025-12-01,2026-01-04,COMPLETED,NORMAL,Warehouse stock below reorder point,231870.25,EUR
01c8e37d-98fb-5876-8b8f-8d8c39631d7e,2025-10-18T08:00:00Z,system,2025-10-18T08:00:00Z,system,PR0000000453,9566bb19-9176-52c9-8eea-1c1f82d4a01b,e294ac9d-bd77-5078-ba31-f74bebb60488,2025-10-18,2025-12-15,ORDERED,NORMAL,New project demand,194294.60,EUR
11cedadc-29c3-591b-97e6-9d671bd1c4a3,2025-09-23T08:00:00Z,system,2025-09-23T08:00:00Z,system,PR0000000454,bf01dabf-7f6b-5183-895b-36a5584e7d8d,03aef187-5272-56c7-bfc4-cf8b61ecf06b,2025-09-23,2025-11-08,ORDERED,NORMAL,Safety stock replenishment,49794.40,EUR
a7f9e395-cc77-5a60-984a-b61e5e34abd1,2026-07-14T08:00:00Z,system,2026-07-14T08:00:00Z,system,PR0000000455,78f316cf-bc76-5bab-9068-b36833d8b019,26221d5e-2e66-5ea9-8c4d-30720ed59583,2026-07-14,2026-08-14,APPROVED,NORMAL,New project demand,246763.30,EUR
72a44000-5a55-5eea-97d8-e9e590936483,2025-09-04T08:00:00Z,system,2025-09-04T08:00:00Z,system,PR0000000456,0737d81c-800f-585f-8a81-5742f5aa93a6,3cab26fd-f62f-5970-ad42-c321a067cf36,2025-09-04,2025-10-03,COMPLETED,NORMAL,Production material replenishment,177330.00,EUR
f58933d8-970f-5466-83d7-1e4bbda7f8d4,2026-03-19T08:00:00Z,system,2026-03-19T08:00:00Z,system,PR0000000457,4d8f6fc4-cd1e-5487-b09f-9668e6b5c3b6,261d0783-3954-5ee6-baf2-f9e37bbb725b,2026-03-19,2026-04-11,COMPLETED,NORMAL,New project demand,1298.62,EUR
895b062f-ced8-5174-a4ae-e412e84a0219,2026-01-07T08:00:00Z,system,2026-01-07T08:00:00Z,system,PR0000000458,bf01dabf-7f6b-5183-895b-36a5584e7d8d,3cab26fd-f62f-5970-ad42-c321a067cf36,2026-01-07,2026-03-23,COMPLETED,NORMAL,Production material replenishment,535613.34,EUR
d4669bdb-3210-566f-b01e-ccbe44ffab01,2026-02-04T08:00:00Z,system,2026-02-04T08:00:00Z,system,PR0000000459,4b293d94-100e-5c47-9833-e5ff185c7eba,78e17b4f-64d9-5a1f-8e02-e8a798b67ff0,2026-02-04,2026-04-02,REJECTED,LOW,Warehouse stock below reorder point,34819.00,EUR
b635cecf-ebda-5bfa-9135-3614e04b41cf,2026-01-07T08:00:00Z,system,2026-01-07T08:00:00Z,system,PR0000000460,0255ba35-0950-5277-a59b-8411b6134ea7,e294ac9d-bd77-5078-ba31-f74bebb60488,2026-01-07,2026-01-16,APPROVED,NORMAL,Warehouse stock below reorder point,33739.28,EUR
95165148-2e83-52e4-8ea4-b1a63e5cedc7,2025-10-08T08:00:00Z,system,2025-10-08T08:00:00Z,system,PR0000000461,c32c1e85-18ed-594d-baed-92ee6152bb62,3cab26fd-f62f-5970-ad42-c321a067cf36,2025-10-08,2025-11-20,SUBMITTED,HIGH,Replacement of worn equipment,59847.00,EUR
0067d85d-2188-5e4a-96da-16f89526e761,2025-10-15T08:00:00Z,system,2025-10-15T08:00:00Z,system,PR0000000462,f911dfb3-26ad-5d1f-b884-074c195d7b36,3e8df789-1fad-5f45-9e4e-ae08a2240191,2025-10-15,2025-11-26,COMPLETED,LOW,New project demand,441562.00,EUR
bd268248-2560-5f92-bfe9-61d6cc899700,2026-05-07T08:00:00Z,system,2026-05-07T08:00:00Z,system,PR0000000463,95f6a497-057c-520f-982f-8724d95bc2f7,51ca2c43-9865-5eed-88e1-7efd0be651e9,2026-05-07,2026-06-02,REJECTED,NORMAL,New project demand,9575.00,EUR
751855b1-0f85-54a7-90b3-46c829b0b5c0,2025-10-23T08:00:00Z,system,2025-10-23T08:00:00Z,system,PR0000000464,d067fd48-952d-58ac-82ab-b2049abe787a,9f6bd345-59f3-56b7-b1b4-8a3e5fab6656,2025-10-23,2025-12-07,COMPLETED,NORMAL,Replacement of worn equipment,60401.70,EUR
d15a82e6-40ec-596d-b4aa-293b87f1e632,2026-01-25T08:00:00Z,system,2026-01-25T08:00:00Z,system,PR0000000465,57cf31ec-d7cf-5584-9b14-2581623c3089,3e8df789-1fad-5f45-9e4e-ae08a2240191,2026-01-25,2026-02-26,COMPLETED,NORMAL,New project demand,318496.30,EUR
158a63ef-b5fc-5ce4-84c0-f360bef8fe52,2026-05-18T08:00:00Z,system,2026-05-18T08:00:00Z,system,PR0000000466,b519a3ff-3161-5685-8e6b-9063483eb30b,329ee744-d62e-5fc4-a06d-cd6019444aa8,2026-05-18,2026-06-01,ORDERED,NORMAL,Warehouse stock below reorder point,113508.85,EUR
e430e7a9-e6d7-5e21-b431-dfc2d02021c0,2026-02-04T08:00:00Z,system,2026-02-04T08:00:00Z,system,PR0000000467,93004fa0-e3e2-50bf-83fc-f937be12e8ed,5528724a-ec45-5c0d-ac18-8666390c638c,2026-02-04,2026-02-12,COMPLETED,HIGH,Production material replenishment,106097.50,EUR
c283da98-aee2-545b-8416-c49e2bc0588c,2026-04-20T08:00:00Z,system,2026-04-20T08:00:00Z,system,PR0000000468,784d909a-03fe-5442-985a-f87c223ba14e,521489a3-799d-50a5-9448-eeaa409714d1,2026-04-20,2026-05-08,APPROVED,NORMAL,Warehouse stock below reorder point,37232.70,EUR
8d9b5f0b-a76f-5a13-91b4-de25c3917dca,2026-02-16T08:00:00Z,system,2026-02-16T08:00:00Z,system,PR0000000469,78f316cf-bc76-5bab-9068-b36833d8b019,113d871c-fdd0-59b0-922b-71a1f17a7a5b,2026-02-16,2026-03-15,COMPLETED,NORMAL,Safety stock replenishment,426076.60,EUR
ec079a9e-bd2a-511e-8faf-2197820a6b5c,2026-01-01T08:00:00Z,system,2026-01-01T08:00:00Z,system,PR0000000470,f2241022-edb7-5025-96ee-391d1dcaca23,9f6bd345-59f3-56b7-b1b4-8a3e5fab6656,2026-01-01,2026-02-16,APPROVED,NORMAL,Warehouse stock below reorder point,1370.03,EUR
c9ec3829-79c5-5160-a5f5-711441821a33,2025-09-23T08:00:00Z,system,2025-09-23T08:00:00Z,system,PR0000000471,a3376a3d-c7f1-544e-97d1-f19074988bc2,283bb6f3-df62-5cb4-9d4b-a62afcbbb11d,2025-09-23,2025-11-13,ORDERED,NORMAL,Safety stock replenishment,580002.50,EUR
a2540824-0d32-504a-b900-c34d9ec8f62f,2025-09-01T08:00:00Z,system,2025-09-01T08:00:00Z,system,PR0000000472,cefdb85d-21f5-5088-a003-5d620b4dd94d,261d0783-3954-5ee6-baf2-f9e37bbb725b,2025-09-01,2025-10-03,COMPLETED,NORMAL,Replacement of worn equipment,68581.50,EUR
0948d1b1-cd2b-52ec-ac14-8bb919bb2209,2026-01-07T08:00:00Z,system,2026-01-07T08:00:00Z,system,PR0000000473,113128ae-1f79-5f39-8c07-f3d07a663bae,113d871c-fdd0-59b0-922b-71a1f17a7a5b,2026-01-07,2026-02-07,COMPLETED,NORMAL,Safety stock replenishment,365056.75,EUR
c7d61cf3-d320-5320-831a-a2516b1e1e32,2026-03-11T08:00:00Z,system,2026-03-11T08:00:00Z,system,PR0000000474,e1c1d5bd-6452-5e7c-9911-1b5d499df0eb,0450cf2b-52b5-5c7a-95b0-bbdc67bca724,2026-03-11,2026-04-20,ORDERED,NORMAL,New project demand,43500.25,EUR
18a709c6-9d06-5281-9243-44176d5987e7,2025-09-06T08:00:00Z,system,2025-09-06T08:00:00Z,system,PR0000000475,8758fdc7-b73d-58da-9847-91a91303126e,d425a94e-8ac6-50ba-81e4-27a328a21379,2025-09-06,2025-11-10,COMPLETED,URGENT,Production material replenishment,446890.80,EUR
7378ef21-1869-570e-915c-028c7d4ae69c,2025-12-15T08:00:00Z,system,2025-12-15T08:00:00Z,system,PR0000000476,43022d67-1e7e-5424-9987-98f2d73d0810,87cb6569-bd40-5e24-8586-da21fbea3a81,2025-12-15,2026-01-31,ORDERED,NORMAL,Warehouse stock below reorder point,298163.15,EUR
4958aba0-eb2f-5d87-8492-477fb01c8d7b,2026-01-04T08:00:00Z,system,2026-01-04T08:00:00Z,system,PR0000000477,78f316cf-bc76-5bab-9068-b36833d8b019,113d871c-fdd0-59b0-922b-71a1f17a7a5b,2026-01-04,2026-01-29,ORDERED,NORMAL,Replacement of worn equipment,21833.94,EUR
7ab2fc5b-c961-5f9c-96f5-9111c593ff67,2025-10-18T08:00:00Z,system,2025-10-18T08:00:00Z,system,PR0000000478,53657725-cc33-52fa-bf83-e8ebce35acc6,89693957-df41-5038-b06b-8fcd13674f65,2025-10-18,2025-11-22,DRAFT,HIGH,Safety stock replenishment,67106.55,EUR
df4a2ae8-7a1a-518b-9956-4a1f40c29957,2026-05-11T08:00:00Z,system,2026-05-11T08:00:00Z,system,PR0000000479,c7e3e4e0-4eb0-57ed-973a-248aa1d4166f,0450cf2b-52b5-5c7a-95b0-bbdc67bca724,2026-05-11,2026-06-01,COMPLETED,NORMAL,New project demand,85906.26,EUR
3ae6247c-f1af-526d-aab1-26d3b4b1e877,2026-03-05T08:00:00Z,system,2026-03-05T08:00:00Z,system,PR0000000480,43022d67-1e7e-5424-9987-98f2d73d0810,87cb6569-bd40-5e24-8586-da21fbea3a81,2026-03-05,2026-03-19,APPROVED,LOW,Safety stock replenishment,496703.57,EUR
5631338b-0771-5077-a811-593f3edac129,2025-09-13T08:00:00Z,system,2025-09-13T08:00:00Z,system,PR0000000481,ef2ba588-e5f9-591f-9a01-16a28aec4a68,87cb6569-bd40-5e24-8586-da21fbea3a81,2025-09-13,2025-10-25,COMPLETED,NORMAL,Production material replenishment,205670.65,EUR
68d3292c-ce9f-5779-a3b0-401143062d3d,2026-03-04T08:00:00Z,system,2026-03-04T08:00:00Z,system,PR0000000482,40fc93b9-abcc-5006-b3bc-584cd180694b,3cab26fd-f62f-5970-ad42-c321a067cf36,2026-03-04,2026-05-01,APPROVED,NORMAL,Safety stock replenishment,298581.45,EUR
4d4213bd-99d0-56ce-b6fe-fed93ba8bffc,2026-07-17T08:00:00Z,system,2026-07-17T08:00:00Z,system,PR0000000483,c7e3e4e0-4eb0-57ed-973a-248aa1d4166f,89693957-df41-5038-b06b-8fcd13674f65,2026-07-17,2026-09-02,SUBMITTED,LOW,Warehouse stock below reorder point,3889.12,EUR
9807fa00-7f3f-5300-8ca0-2ba75532d18d,2026-03-07T08:00:00Z,system,2026-03-07T08:00:00Z,system,PR0000000484,4b8f339d-64d5-53f8-bcd2-cafb0ea20c4d,113d871c-fdd0-59b0-922b-71a1f17a7a5b,2026-03-07,2026-03-17,DRAFT,NORMAL,Safety stock replenishment,13625.90,EUR
074d0c82-7822-555e-98e9-c57cbf08632d,2025-11-11T08:00:00Z,system,2025-11-11T08:00:00Z,system,PR0000000485,4deefa0a-1e41-5a72-a113-c2b82a9ea70b,329ee744-d62e-5fc4-a06d-cd6019444aa8,2025-11-11,2026-01-16,APPROVED,NORMAL,New project demand,163767.70,EUR
42ab0706-4d2a-56b1-a3ef-679808bc1b64,2025-10-01T08:00:00Z,system,2025-10-01T08:00:00Z,system,PR0000000486,78f316cf-bc76-5bab-9068-b36833d8b019,681d3a1f-6166-5793-8dd0-2f9ae8a7e909,2025-10-01,2025-10-10,APPROVED,LOW,Production material replenishment,5055.15,EUR
a5f1c7fc-62e6-5656-872c-9a533663768e,2025-12-20T08:00:00Z,system,2025-12-20T08:00:00Z,system,PR0000000487,d067fd48-952d-58ac-82ab-b2049abe787a,113d871c-fdd0-59b0-922b-71a1f17a7a5b,2025-12-20,2026-01-31,CANCELLED,NORMAL,Replacement of worn equipment,467275.75,EUR
71b15405-a4ee-5415-b38c-ce743a6c2341,2026-05-02T08:00:00Z,system,2026-05-02T08:00:00Z,system,PR0000000488,4b8f339d-64d5-53f8-bcd2-cafb0ea20c4d,cb89079f-b137-594d-b7f6-f3803900b013,2026-05-02,2026-05-19,ORDERED,NORMAL,Scheduled maintenance requirement,9236.04,EUR
cda46022-9396-5e4d-97e4-729bc0787742,2026-01-21T08:00:00Z,system,2026-01-21T08:00:00Z,system,PR0000000489,23c98543-9d7c-54ac-9fcb-107847fc2c70,87cb6569-bd40-5e24-8586-da21fbea3a81,2026-01-21,2026-03-10,APPROVED,LOW,Warehouse stock below reorder point,1447.80,EUR
ea0af65f-5143-5d47-88d3-cd25239212f8,2026-01-09T08:00:00Z,system,2026-01-09T08:00:00Z,system,PR0000000490,b0637871-bb7d-59e4-8037-d5e1bbe0560a,78e17b4f-64d9-5a1f-8e02-e8a798b67ff0,2026-01-09,2026-02-27,APPROVED,NORMAL,Scheduled maintenance requirement,181012.18,EUR
74cfcf07-4f08-5a50-89ff-b64e18511298,2025-10-26T08:00:00Z,system,2025-10-26T08:00:00Z,system,PR0000000491,b0f0219c-497a-5b5a-8247-64bb9744b592,5b8df29c-4f7d-5b45-b24c-0b5a197ae2b0,2025-10-26,2025-11-21,SUBMITTED,NORMAL,Production material replenishment,9119.97,EUR
772cab1d-8a45-5d44-8f2d-50ab910e1468,2026-03-09T08:00:00Z,system,2026-03-09T08:00:00Z,system,PR0000000492,f00a2c4c-64cd-5064-b954-6cdd3ff4da8f,0450cf2b-52b5-5c7a-95b0-bbdc67bca724,2026-03-09,2026-03-20,SUBMITTED,HIGH,Safety stock replenishment,378778.44,EUR
e514d734-d704-5eee-8910-da64897be3f7,2026-06-16T08:00:00Z,system,2026-06-16T08:00:00Z,system,PR0000000493,4cc33be3-e381-5651-8754-1dfb4784e453,cb89079f-b137-594d-b7f6-f3803900b013,2026-06-16,2026-08-29,APPROVED,NORMAL,Production material replenishment,72209.53,EUR
f5fd955a-1272-55be-b629-1108d663f9df,2026-01-10T08:00:00Z,system,2026-01-10T08:00:00Z,system,PR0000000494,4e5e44a7-230a-5238-af8a-6363cf5be42b,283bb6f3-df62-5cb4-9d4b-a62afcbbb11d,2026-01-10,2026-01-27,APPROVED,HIGH,Production material replenishment,233498.15,EUR
ad501730-e306-5d2b-b3bb-57a5b9d7c7bb,2026-03-14T08:00:00Z,system,2026-03-14T08:00:00Z,system,PR0000000495,bfc09207-4542-5693-a52b-974f1bcfaf39,78e17b4f-64d9-5a1f-8e02-e8a798b67ff0,2026-03-14,2026-03-21,DRAFT,NORMAL,Warehouse stock below reorder point,43474.60,EUR
4e046638-b977-5ecb-84dc-03519add7c99,2026-01-08T08:00:00Z,system,2026-01-08T08:00:00Z,system,PR0000000496,c32c1e85-18ed-594d-baed-92ee6152bb62,03aef187-5272-56c7-bfc4-cf8b61ecf06b,2026-01-08,2026-01-27,ORDERED,NORMAL,Replacement of worn equipment,6586.23,EUR
3d2f070f-1a56-5ab9-957d-6165383e3c4f,2025-09-02T08:00:00Z,system,2025-09-02T08:00:00Z,system,PR0000000497,bfc09207-4542-5693-a52b-974f1bcfaf39,d425a94e-8ac6-50ba-81e4-27a328a21379,2025-09-02,2025-11-12,SUBMITTED,NORMAL,Replacement of worn equipment,394511.00,EUR
1234f7be-acaa-5b91-97f2-37d9d73728c4,2026-07-04T08:00:00Z,system,2026-07-04T08:00:00Z,system,PR0000000498,784d909a-03fe-5442-985a-f87c223ba14e,51ca2c43-9865-5eed-88e1-7efd0be651e9,2026-07-04,2026-09-04,REJECTED,LOW,Warehouse stock below reorder point,107441.00,EUR
cc8fed96-33b7-5232-aaa5-04d84d9e392a,2026-07-20T08:00:00Z,system,2026-07-20T08:00:00Z,system,PR0000000499,c7e3e4e0-4eb0-57ed-973a-248aa1d4166f,78e17b4f-64d9-5a1f-8e02-e8a798b67ff0,2026-07-20,2026-09-30,ORDERED,NORMAL,Replacement of worn equipment,540582.00,EUR
d1b5de0b-241c-545e-863d-615e523114f5,2026-01-11T08:00:00Z,system,2026-01-11T08:00:00Z,system,PR0000000500,78f316cf-bc76-5bab-9068-b36833d8b019,87cb6569-bd40-5e24-8586-da21fbea3a81,2026-01-11,2026-01-28,COMPLETED,NORMAL,Production material replenishment,291472.12,EUR
