ID,createdAt,createdBy,modifiedAt,modifiedBy,requisition_ID,itemNumber,material_ID,quantity,unit,estimatedUnitPrice,currency_code,requiredDate,notes
3003d1e4-f6e9-585a-b2b8-6e1459613c5e,2026-04-06T08:00:00Z,system,2026-04-06T08:00:00Z,system,032c695b-30e1-5fb4-91a7-9c8e3903c678,10,ff9d3a31-fca6-52bf-8e11-bad09771c87f,10.000,KG,25.24,EUR,2026-05-17,Standard requirement
76e1072c-2826-5ee8-8775-c0d437779a18,2026-04-06T08:00:00Z,system,2026-04-06T08:00:00Z,system,032c695b-30e1-5fb4-91a7-9c8e3903c678,20,8ecd63dc-042f-5821-9209-3db5b19e8ed7,2.000,EA,2190.65,EUR,2026-05-17,Planned maintenance
ff41d202-a29f-52bf-92ef-8c06f77e29cf,2025-12-14T08:00:00Z,system,2025-12-14T08:00:00Z,system,a47ee75a-1b52-5524-b4f7-fda3b526b3bc,10,d82bd767-f5ed-57ab-a2c9-406318f72bc2,20.000,L,73.06,EUR,2025-12-23,Planned maintenance
a92a54f7-937b-5378-8a52-8191eddc33d6,2025-12-14T08:00:00Z,system,2025-12-14T08:00:00Z,system,a47ee75a-1b52-5524-b4f7-fda3b526b3bc,20,eca867c4-ec3b-52d0-826e-e72c7e331d21,150.000,BOX,1289.61,EUR,2025-12-23,Planned maintenance
d33bb442-ee6b-531c-9da8-7672ff2be43e,2025-12-14T08:00:00Z,system,2025-12-14T08:00:00Z,system,a47ee75a-1b52-5524-b4f7-fda3b526b3bc,30,23ca3651-d389-5646-8a4d-d24fb3e26384,10.000,SET,2512.04,EUR,2025-12-23,Production demand
ff8fc373-b0ec-5d7e-b70a-283f009233fb,2025-12-14T08:00:00Z,system,2025-12-14T08:00:00Z,system,a47ee75a-1b52-5524-b4f7-fda3b526b3bc,40,57c1b397-ad33-5575-8763-be4b1f77f414,50.000,EA,2132.19,EUR,2025-12-23,
0ed9adb5-4fd6-5d13-8853-8616d841f3e4,2026-05-16T08:00:00Z,system,2026-05-16T08:00:00Z,system,0c33b41f-7475-5dcc-9b01-8efdec2590db,10,2e938e1a-7d1e-5084-9f28-14acf3a39a7c,20.000,SET,2103.42,EUR,2026-05-29,
f1aa3652-a4d9-5267-823f-c162f96a6894,2026-04-17T08:00:00Z,system,2026-04-17T08:00:00Z,system,1a884596-ca16-5905-ba4d-2b877a63b284,10,3b977897-9c14-59e5-a889-922436cc6be2,50.000,EA,519.11,EUR,2026-05-26,Standard requirement
4c5f9704-54c0-5827-a35d-761d8009c20c,2026-04-17T08:00:00Z,system,2026-04-17T08:00:00Z,system,1a884596-ca16-5905-ba4d-2b877a63b284,20,425b666f-dd3e-51cf-b65c-1b1c5b49b01e,10.000,M,1531.03,EUR,2026-05-26,Replacement stock
3f961467-971c-51ad-9d9a-d5a8231f6d65,2026-04-17T08:00:00Z,system,2026-04-17T08:00:00Z,system,1a884596-ca16-5905-ba4d-2b877a63b284,30,d0cb5824-8127-5ca6-8364-98b5469fc7c7,25.000,EA,1088.36,EUR,2026-05-26,Standard requirement
d18c1975-ff9d-5b5c-ba9d-832c2d0c6a53,2026-02-17T08:00:00Z,system,2026-02-17T08:00:00Z,system,658ee191-9f43-5b8c-bce0-cd429ac43107,10,9f72fcd8-0de5-52ab-8f85-0c7e59529a02,150.000,EA,412.40,EUR,2026-04-06,Standard requirement
e7e97d6e-3cb7-5696-a2d3-dd0f6fc2b5cf,2026-07-24T08:00:00Z,system,2026-07-24T08:00:00Z,system,f33816cc-0b18-579e-b3a2-5f8a09a730bc,10,3fc74a3b-0832-5675-b9fe-287a90de3ba8,5.000,EA,362.76,EUR,2026-08-18,
42137913-1bed-5b30-ad3c-a8b6e7655cb2,2026-07-24T08:00:00Z,system,2026-07-24T08:00:00Z,system,f33816cc-0b18-579e-b3a2-5f8a09a730bc,20,781e49c0-8999-50e8-9276-e1fc0e9e29ca,150.000,EA,2318.68,EUR,2026-08-18,Replacement stock
d32380cd-e5f5-58a5-be30-1e64de5788bc,2026-03-30T08:00:00Z,system,2026-03-30T08:00:00Z,system,fe629c98-7e89-5fe1-9e4b-e66efffc7e18,10,612fada6-761e-5f21-9247-4531ae1ea588,2.000,L,450.71,EUR,2026-04-26,
bede93bc-a6a6-5eb2-a13f-5462645e99e1,2026-03-30T08:00:00Z,system,2026-03-30T08:00:00Z,system,fe629c98-7e89-5fe1-9e4b-e66efffc7e18,20,f79ddad3-8785-5bbe-8cf9-08b1a4c43cb1,100.000,KG,10.36,EUR,2026-04-26,Standard requirement
56280fe5-74f6-52a0-9590-332aa77164b4,2026-03-30T08:00:00Z,system,2026-03-30T08:00:00Z,system,fe629c98-7e89-5fe1-9e4b-e66efffc7e18,30,9f268dd5-b99b-5f85-935d-cd614d5d12ad,20.000,KG,23.29,EUR,2026-04-26,Replacement stock
5470032c-9d61-52d5-a171-519d8578fd0b,2026-05-08T08:00:00Z,system,2026-05-08T08:00:00Z,system,19476d0e-e619-53ed-bfc7-48794b1fcc02,10,11bcb360-c513-556e-a8ed-3b43d3afbb6d,10.000,L,1998.91,EUR,2026-06-17,
0807dfd8-b337-5a84-8813-edb46380b359,2026-05-08T08:00:00Z,system,2026-05-08T08:00:00Z,system,19476d0e-e619-53ed-bfc7-48794b1fcc02,20,5638f460-1932-50d2-8453-a3cf94aaa992,150.000,SET,2013.50,EUR,2026-06-17,Planned maintenance
f477b895-f4fe-512a-a190-094f2c7b71c9,2026-05-08T08:00:00Z,system,2026-05-08T08:00:00Z,system,19476d0e-e619-53ed-bfc7-48794b1fcc02,30,5464a7bf-73cd-5738-b7f9-01c417006d3e,200.000,EA,1839.40,EUR,2026-06-17,Standard requirement
fc59d5c6-549e-5125-8f8d-20954974b513,2026-04-15T08:00:00Z,system,2026-04-15T08:00:00Z,system,967e4736-6774-5755-96e9-989b62b8329d,10,35918af3-0428-5cb5-b70c-3960424df494,75.000,KG,21.57,EUR,2026-06-21,Standard requirement
9d814243-82a0-5755-bc43-cac67f3b96b9,2026-03-23T08:00:00Z,system,2026-03-23T08:00:00Z,system,35a412c1-4952-5c17-8db6-cbdec8d96d03,10,5de012ce-db52-52e5-a612-6e2c3c02623a,100.000,SET,1242.55,EUR,2026-05-06,Production demand
fa1a4b27-b78a-54e8-86bf-b9419fd97f4e,2026-03-23T08:00:00Z,system,2026-03-23T08:00:00Z,system,35a412c1-4952-5c17-8db6-cbdec8d96d03,20,fd4f25a0-d258-5944-8a33-a22b3cf44a4a,1.000,L,797.31,EUR,2026-05-06,Standard requirement
fc7320b4-3a35-58dc-9d30-2b2613c4351c,2026-03-23T08:00:00Z,system,2026-03-23T08:00:00Z,system,35a412c1-4952-5c17-8db6-cbdec8d96d03,30,bbccc08a-f2c9-5ff6-a628-fb59284b03ec,1.000,SET,103.13,EUR,2026-05-06,Production demand
d0ec6861-53fe-5fb9-9141-8a1c2b3b6d3c,2026-03-23T08:00:00Z,system,2026-03-23T08:00:00Z,system,35a412c1-4952-5c17-8db6-cbdec8d96d03,40,0c3785e3-7d1b-5f41-95de-b2299b8dd699,20.000,M,1139.20,EUR,2026-05-06,Planned maintenance
23674f25-a01f-5365-a1b8-c79bd5b18c68,2026-07-19T08:00:00Z,system,2026-07-19T08:00:00Z,system,bd697693-f5c3-593b-a59c-8ecd45e32b05,10,7c9ec527-9eb0-52c4-b207-8cf0cae25caf,50.000,M,1943.20,EUR,2026-09-10,Planned maintenance
1b532bea-70eb-5292-8c0d-52cbac5ec0f0,2026-07-11T08:00:00Z,system,2026-07-11T08:00:00Z,system,4daeb591-5fa3-5fb3-8a3c-58e3811329e0,10,33a43adc-6963-52ef-b1d3-fd2492991b07,100.000,EA,1774.48,EUR,2026-07-30,Planned maintenance
4ca8e73d-87b7-53f6-bab0-58651bc17c89,2026-07-11T08:00:00Z,system,2026-07-11T08:00:00Z,system,4daeb591-5fa3-5fb3-8a3c-58e3811329e0,20,3c91ccd6-92b6-5bb1-a450-2e87cd24008e,150.000,L,124.96,EUR,2026-07-30,
aa804a51-329c-52b6-9d3a-cd00808c36aa,2026-07-13T08:00:00Z,system,2026-07-13T08:00:00Z,system,a50f4107-b757-561b-8ae5-8ed16eaea0a5,10,67ab40a1-5f15-54bf-b6a1-2a4a39b94193,25.000,M,2486.62,EUR,2026-07-23,Production demand
c008951c-aa46-53ae-9f06-0895e5cb016f,2026-07-13T08:00:00Z,system,2026-07-13T08:00:00Z,system,a50f4107-b757-561b-8ae5-8ed16eaea0a5,20,17594ecd-2424-57ab-85b5-deef54d20340,20.000,L,836.10,EUR,2026-07-23,Standard requirement
fe422a4f-c7c9-5553-bed3-b925b84a471b,2026-07-13T08:00:00Z,system,2026-07-13T08:00:00Z,system,a50f4107-b757-561b-8ae5-8ed16eaea0a5,30,a56d36d8-7b2d-5bff-ae8b-8d8002e9d564,100.000,L,1234.65,EUR,2026-07-23,Production demand
98f6af3a-ce5b-53a5-aa24-b970698bb858,2025-12-13T08:00:00Z,system,2025-12-13T08:00:00Z,system,2b7fa1b3-4614-526f-b6aa-023f18102704,10,6d2d9d2e-3534-5a9b-a2d9-67471b6743ab,150.000,EA,508.06,EUR,2026-02-06,Planned maintenance
119d3f3a-c7ea-53b8-b61b-b9889d3fc9c4,2026-04-12T08:00:00Z,system,2026-04-12T08:00:00Z,system,767478b2-9624-5a0c-af68-701f85654199,10,4510bf5d-95b5-5a36-8ecf-d02e870154c9,2.000,KG,6.54,EUR,2026-04-19,Replacement stock
b1a63edb-f23a-5c4d-befc-96401d3fcba2,2025-11-01T08:00:00Z,system,2025-11-01T08:00:00Z,system,602a3fb3-c88f-5400-853d-e64b918aa267,10,d7792ea6-2faa-5ee1-b515-6b526ad9efbb,25.000,BOX,1458.20,EUR,2025-12-10,Replacement stock
ec1439fb-7bcc-5524-b7be-c4ba9cf441ad,2025-09-07T08:00:00Z,system,2025-09-07T08:00:00Z,system,c8bb0b60-b823-535d-8f19-a40779b42dc1,10,6f137624-ae20-5016-9d90-8e735016ca60,50.000,BOX,1912.83,EUR,2025-09-25,Standard requirement
26943711-6989-565e-b14c-4ca4f0c6aae0,2025-09-07T08:00:00Z,system,2025-09-07T08:00:00Z,system,c8bb0b60-b823-535d-8f19-a40779b42dc1,20,18842f90-d5d5-59ad-837c-f13f2b55bb62,75.000,EA,1148.22,EUR,2025-09-25,Planned maintenance
7bf78d79-1ca0-570f-a990-352911f891be,2025-09-07T08:00:00Z,system,2025-09-07T08:00:00Z,system,c8bb0b60-b823-535d-8f19-a40779b42dc1,30,79756df9-78e3-5df8-ad70-cff390e99aff,50.000,EA,974.37,EUR,2025-09-25,Production demand
445dd5e0-56f0-5ed6-9f3c-d1ee4e9ff411,2025-09-07T08:00:00Z,system,2025-09-07T08:00:00Z,system,c8bb0b60-b823-535d-8f19-a40779b42dc1,40,f74e00d0-5597-5c85-9d8e-7ce030bdb99d,75.000,EA,986.36,EUR,2025-09-25,Standard requirement
c862ce21-5faa-5e1e-be47-c8741611e744,2025-10-19T08:00:00Z,system,2025-10-19T08:00:00Z,system,d5e33776-01b9-51b2-836b-74c48963adc5,10,4e2b69ff-67fe-5475-b0ba-3e2a02c6b70b,150.000,SET,1923.01,EUR,2025-11-02,Planned maintenance
f00d38bb-daaa-59c9-9d0b-9e13138882bb,2025-10-19T08:00:00Z,system,2025-10-19T08:00:00Z,system,d5e33776-01b9-51b2-836b-74c48963adc5,20,61c9dd7a-23b2-51ce-a4f8-1ecaedb8b55e,2.000,SET,1983.65,EUR,2025-11-02,Standard requirement
3a5ff29f-61d4-5376-aa89-0643d3c21543,2025-10-19T08:00:00Z,system,2025-10-19T08:00:00Z,system,d5e33776-01b9-51b2-836b-74c48963adc5,30,81934ea3-15d5-5130-8a88-15160030bb8c,2.000,BOX,1821.77,EUR,2025-11-02,Planned maintenance
fa272c09-b690-53f4-bdcd-50b2ff764c57,2025-09-23T08:00:00Z,system,2025-09-23T08:00:00Z,system,afaa896a-b227-55d3-a012-212610b415a2,10,b814d1af-9d7a-58a3-bcbc-2613f354645c,25.000,L,1288.84,EUR,2025-11-27,Production demand
ede374eb-6792-5eaa-9194-7cdb7d4c9a3d,2025-11-23T08:00:00Z,system,2025-11-23T08:00:00Z,system,05360950-f3c5-5799-92ce-45143360a527,10,6b8b9c0c-ca33-51c4-9164-471f4abb4160,50.000,BOX,1601.28,EUR,2025-12-10,Replacement stock
cec85baf-6f88-5df4-9893-92ecff5d84bd,2025-11-23T08:00:00Z,system,2025-11-23T08:00:00Z,system,05360950-f3c5-5799-92ce-45143360a527,20,dac566e3-7998-519e-827e-c56affe7618f,10.000,EA,2097.14,EUR,2025-12-10,Production demand
b89664fb-c555-504b-99bd-3e6e22fb2397,2025-11-23T08:00:00Z,system,2025-11-23T08:00:00Z,system,05360950-f3c5-5799-92ce-45143360a527,30,594e1f7d-2ddb-5853-a485-9177631a4db6,150.000,BOX,1298.93,EUR,2025-12-10,Replacement stock
3a3619bf-7e39-578f-b372-e0968f87c8a6,2025-11-23T08:00:00Z,system,2025-11-23T08:00:00Z,system,05360950-f3c5-5799-92ce-45143360a527,40,75c713f1-f5c1-515a-b00c-8a93e54aab54,2.000,L,535.42,EUR,2025-12-10,Production demand
03595bb9-6da4-57d2-9b45-717fd9b394a6,2025-11-17T08:00:00Z,system,2025-11-17T08:00:00Z,system,f71fe089-5575-5924-82bc-9fff41b316f5,10,5994f62a-190b-5f64-a95c-9773a244fa2e,5.000,SET,1665.45,EUR,2026-01-17,Standard requirement
afe202b3-d09e-5eef-b8df-7a20a324c39e,2025-11-17T08:00:00Z,system,2025-11-17T08:00:00Z,system,f71fe089-5575-5924-82bc-9fff41b316f5,20,a46103e7-a245-5eef-af4b-854671431c6b,20.000,M,1960.73,EUR,2026-01-17,
7334d6bb-2c22-5dc2-81b0-485643fe0026,2025-11-17T08:00:00Z,system,2025-11-17T08:00:00Z,system,f71fe089-5575-5924-82bc-9fff41b316f5,30,d7792ea6-2faa-5ee1-b515-6b526ad9efbb,10.000,BOX,1365.13,EUR,2026-01-17,Planned maintenance
d75cdedd-a987-5ff8-8953-7cbbe6793280,2025-11-17T08:00:00Z,system,2025-11-17T08:00:00Z,system,f71fe089-5575-5924-82bc-9fff41b316f5,40,d7792ea6-2faa-5ee1-b515-6b526ad9efbb,50.000,BOX,1587.99,EUR,2026-01-17,
3d69ceaa-4d42-5779-a905-62b9a12fe151,2025-11-22T08:00:00Z,system,2025-11-22T08:00:00Z,system,d8b11df0-44cc-5e7c-a7b1-dc4d52ee7b0e,10,2ecf27bf-5cc9-5e4d-bf61-da068d5ffc48,2.000,EA,775.69,EUR,2025-12-04,Standard requirement
5dc28bd5-2388-512e-94cd-68116e37c04f,2025-11-22T08:00:00Z,system,2025-11-22T08:00:00Z,system,d8b11df0-44cc-5e7c-a7b1-dc4d52ee7b0e,20,4d8b3cb8-4991-55ac-afa4-443fd1749bfb,150.000,KG,24.29,EUR,2025-12-04,Standard requirement
2243f9d1-1e91-5fe9-b86d-8da3bea2dff2,2025-11-22T08:00:00Z,system,2025-11-22T08:00:00Z,system,d8b11df0-44cc-5e7c-a7b1-dc4d52ee7b0e,30,fd4f25a0-d258-5944-8a33-a22b3cf44a4a,75.000,L,934.95,EUR,2025-12-04,Production demand
eb6edf56-57e1-5ffa-829a-53fddfbc2cde,2025-11-22T08:00:00Z,system,2025-11-22T08:00:00Z,system,d8b11df0-44cc-5e7c-a7b1-dc4d52ee7b0e,40,c921e193-a3b7-5f2b-800f-213728db4d05,10.000,KG,8.07,EUR,2025-12-04,Planned maintenance
cbf9e267-9d4a-58c8-ab3d-d35fe6311347,2026-04-29T08:00:00Z,system,2026-04-29T08:00:00Z,system,43adc0d9-b904-552f-b2b8-86212e60623b,10,a26b0733-3b42-54db-a022-07e6e0f7182b,2.000,L,2109.53,EUR,2026-06-17,Planned maintenance
f994e801-b5c4-5570-a2af-0e3d5645d2e6,2025-12-05T08:00:00Z,system,2025-12-05T08:00:00Z,system,bfbd50e4-020c-5b56-898e-a32f4d699f74,10,6d2735d4-0448-53f2-b4da-81a2b822e099,1.000,KG,27.06,EUR,2026-02-05,
c5abb789-b89d-5490-854c-3d0c8332c999,2025-12-05T08:00:00Z,system,2025-12-05T08:00:00Z,system,bfbd50e4-020c-5b56-898e-a32f4d699f74,20,eafe3238-5e48-56bf-9122-b7966afc27e1,20.000,M,1682.55,EUR,2026-02-05,
a0ff6710-3578-5c9a-8c3f-bb1c4dda178f,2025-10-28T08:00:00Z,system,2025-10-28T08:00:00Z,system,1cf886ef-a661-5c7c-b2ca-0d2e16e1cfef,10,d80537fd-c1c9-5741-8e8d-02dd52dc79bd,10.000,KG,26.75,EUR,2025-12-11,Standard requirement
bcdbf8b9-3a96-5800-9303-63ff5887c7c9,2026-07-17T08:00:00Z,system,2026-07-17T08:00:00Z,system,4b56e24e-4577-5a04-957f-51078897d48b,10,f74e00d0-5597-5c85-9d8e-7ce030bdb99d,200.000,EA,1115.54,EUR,2026-09-10,
22e64505-ec85-5d1d-8368-f090ad526d64,2026-07-17T08:00:00Z,system,2026-07-17T08:00:00Z,system,4b56e24e-4577-5a04-957f-51078897d48b,20,85f6ae6a-e37a-5c6a-8c20-f972d8291238,150.000,M,157.74,EUR,2026-09-10,Production demand
1b268da5-5ce6-521b-a913-dc17d679064b,2026-07-17T08:00:00Z,system,2026-07-17T08:00:00Z,system,4b56e24e-4577-5a04-957f-51078897d48b,30,8f4fa6ee-76d8-5196-89f7-b65fbb2cfff1,2.000,KG,24.60,EUR,2026-09-10,Standard requirement
4dfafb21-ae84-562f-ab24-95fb1330b1fa,2026-02-23T08:00:00Z,system,2026-02-23T08:00:00Z,system,e6a44efc-360e-5330-b8dd-3ba494e970c2,10,accc637f-3162-5d58-877b-1b8457c93561,5.000,L,1565.10,EUR,2026-03-20,Planned maintenance
7c7cd9a8-726c-507d-ab55-1c50f4b3744a,2026-02-23T08:00:00Z,system,2026-02-23T08:00:00Z,system,e6a44efc-360e-5330-b8dd-3ba494e970c2,20,729b6d7e-7b34-59c4-ab17-3319477660be,75.000,KG,14.22,EUR,2026-03-20,Standard requirement
924cb1e4-70d2-5766-bf1a-0079673ba54d,2025-11-01T08:00:00Z,system,2025-11-01T08:00:00Z,system,9a11d2d2-5236-5fe1-bacc-5bf2d7e428e3,10,0a95d286-40e6-5f4e-bce8-380f86c5e052,20.000,BOX,1432.55,EUR,2025-12-13,Replacement stock
4f3e3a95-44c6-55c7-8c48-c88a87e89965,2025-11-01T08:00:00Z,system,2025-11-01T08:00:00Z,system,9a11d2d2-5236-5fe1-bacc-5bf2d7e428e3,20,04c6ce4d-e9ec-5c21-9f43-b4b251046c2f,100.000,M,1136.57,EUR,2025-12-13,Standard requirement
64750465-eb42-5c49-ae2b-2c84636ce3fe,2025-11-01T08:00:00Z,system,2025-11-01T08:00:00Z,system,9a11d2d2-5236-5fe1-bacc-5bf2d7e428e3,30,bd5e7023-209e-5ff1-a2af-9de8ff638d16,200.000,EA,2209.58,EUR,2025-12-13,Standard requirement
6853dd4e-6a2c-5dc8-8da0-1dab7bc01197,2025-10-20T08:00:00Z,system,2025-10-20T08:00:00Z,system,5655c22f-23e9-5d17-9c08-7743346b8fe0,10,19286625-e8e0-5181-9f4c-23d2a96418c8,2.000,KG,9.95,EUR,2025-11-13,Replacement stock
335b52da-6f8a-568f-a361-a0892df7b91a,2025-11-01T08:00:00Z,system,2025-11-01T08:00:00Z,system,158d1c75-a70c-5778-9e40-75c9735df12f,10,f95fbe47-9c5c-5d2b-a38e-c84f39513733,5.000,M,596.95,EUR,2025-12-07,Planned maintenance
9b888384-da77-5942-8c3b-847c736d3765,2025-11-01T08:00:00Z,system,2025-11-01T08:00:00Z,system,158d1c75-a70c-5778-9e40-75c9735df12f,20,781e49c0-8999-50e8-9276-e1fc0e9e29ca,25.000,EA,2354.08,EUR,2025-12-07,Replacement stock
bb826503-3ed2-564c-ba22-8d8a6f1a709a,2025-11-01T08:00:00Z,system,2025-11-01T08:00:00Z,system,158d1c75-a70c-5778-9e40-75c9735df12f,30,c72d85f2-1053-502b-bd90-efeb25b78b61,100.000,L,578.19,EUR,2025-12-07,
a1ad6b99-e0ae-50e6-8a57-59bcd1a2f8fe,2026-02-11T08:00:00Z,system,2026-02-11T08:00:00Z,system,f7139cc6-9c3e-55f1-8280-f9be554173de,10,8a9aca99-35d6-5da5-8c10-babbacfc2c60,75.000,BOX,776.34,EUR,2026-04-16,Planned maintenance
792d8d12-89a8-55f5-9aa3-cce67cd16eb1,2026-02-11T08:00:00Z,system,2026-02-11T08:00:00Z,system,f7139cc6-9c3e-55f1-8280-f9be554173de,20,f84d7723-0164-5c03-952b-c6a6bd546739,2.000,EA,2229.86,EUR,2026-04-16,
051e8f65-5ad9-5dfe-b5c2-72d7321bd8c4,2025-10-31T08:00:00Z,system,2025-10-31T08:00:00Z,system,47214511-e7c0-5aab-a696-97b2050d5c4a,10,26b04983-d84b-57db-acd1-68d00120334b,20.000,L,1213.79,EUR,2025-11-13,Replacement stock
c1337813-9089-5d65-98de-c3f0787a5377,2025-10-31T08:00:00Z,system,2025-10-31T08:00:00Z,system,47214511-e7c0-5aab-a696-97b2050d5c4a,20,96fb08d2-476c-50b5-8ac4-5ecf45934f96,50.000,SET,70.23,EUR,2025-11-13,Planned maintenance
99615acc-7649-527e-8199-d95adf82959c,2026-01-06T08:00:00Z,system,2026-01-06T08:00:00Z,system,757d980a-2a66-5f67-92b7-14af8a257575,10,53e0bf46-17ba-5243-bbe5-1d44068c8ac1,150.000,EA,75.23,EUR,2026-02-15,Standard requirement
267f232d-1037-5b1b-b745-0975610088ae,2026-01-06T08:00:00Z,system,2026-01-06T08:00:00Z,system,757d980a-2a66-5f67-92b7-14af8a257575,20,449f174d-239f-5c9f-803d-0af1ffe5acb3,2.000,L,107.20,EUR,2026-02-15,Standard requirement
852577da-e87f-5ae4-9a06-1c2989203b8d,2025-10-15T08:00:00Z,system,2025-10-15T08:00:00Z,system,7b583952-0472-57a4-a63d-1b68c0de77d6,10,c51be922-7f94-5734-90be-dd25480a96da,2.000,EA,195.28,EUR,2025-12-28,Replacement stock
2b82e04f-6af2-5413-9a1a-2f6f521e99c8,2025-10-15T08:00:00Z,system,2025-10-15T08:00:00Z,system,7b583952-0472-57a4-a63d-1b68c0de77d6,20,dc089f09-34df-5a3e-bedb-2c2e0f21465e,75.000,L,1675.19,EUR,2025-12-28,Planned maintenance
cc0ab283-24ed-596d-8eea-17fac5afcadc,2026-02-16T08:00:00Z,system,2026-02-16T08:00:00Z,system,7fb1bf3d-9773-59c4-a01a-2bf0472cace4,10,f968e107-0cac-5cfd-a628-d3aa05f1e38d,75.000,EA,970.35,EUR,2026-03-20,Production demand
da1526d0-c78e-529a-a4c9-087ab43eb4aa,2026-02-16T08:00:00Z,system,2026-02-16T08:00:00Z,system,7fb1bf3d-9773-59c4-a01a-2bf0472cace4,20,1cedd62f-02fd-505a-b102-9f80692d77d7,50.000,BOX,1804.61,EUR,2026-03-20,
2043073b-d856-5910-abf4-9130f8b69c75,2025-09-30T08:00:00Z,system,2025-09-30T08:00:00Z,system,a7ae085a-149d-5aff-a644-a90f493e52d0,10,06d90e5a-e269-5465-96ac-4d7026277e09,25.000,L,73.50,EUR,2025-12-03,
998e9760-6049-5439-b0b8-a1307f3973a4,2025-09-30T08:00:00Z,system,2025-09-30T08:00:00Z,system,a7ae085a-149d-5aff-a644-a90f493e52d0,20,a38ef102-6bca-5f5b-be2f-047c1623d7ef,150.000,EA,2228.21,EUR,2025-12-03,Replacement stock
3f1354b1-1b71-58bd-943f-63cab6958cf0,2026-02-15T08:00:00Z,system,2026-02-15T08:00:00Z,system,6948d085-f152-56a2-bf02-a13b95583a90,10,d8fcbf1f-1dd7-50af-8261-2da45ed17eae,50.000,EA,261.46,EUR,2026-04-29,Planned maintenance
05b5777b-2ef1-5a78-86cb-a448f9d19490,2026-02-15T08:00:00Z,system,2026-02-15T08:00:00Z,system,6948d085-f152-56a2-bf02-a13b95583a90,20,6febc7d4-a6f9-547c-bdef-f6c3c7cebf1b,5.000,BOX,1011.57,EUR,2026-04-29,Planned maintenance
4cc13301-88b8-543d-91ec-7302aa830399,2026-02-15T08:00:00Z,system,2026-02-15T08:00:00Z,system,6948d085-f152-56a2-bf02-a13b95583a90,30,105849c8-03f2-573d-9e97-230d47fc6774,75.000,SET,1401.11,EUR,2026-04-29,Standard requirement
51e55215-82e9-5acb-ae8a-923b91fd0fec,2026-06-03T08:00:00Z,system,2026-06-03T08:00:00Z,system,c4c8e8a4-d4aa-57bc-be9d-04ee4cab2414,10,a56d36d8-7b2d-5bff-ae8b-8d8002e9d564,20.000,L,1217.29,EUR,2026-06-29,Standard requirement
83fa521a-2640-5bf3-96fd-833df2326007,2026-07-20T08:00:00Z,system,2026-07-20T08:00:00Z,system,8646b5ed-6011-5cbc-8adf-e03a3d4e3345,10,b121cc73-e21b-5700-aed3-23e3f1122454,5.000,EA,523.80,EUR,2026-08-22,Planned maintenance
00b6b43f-ed64-5c12-842d-67c6aec1d167,2026-07-20T08:00:00Z,system,2026-07-20T08:00:00Z,system,8646b5ed-6011-5cbc-8adf-e03a3d4e3345,20,4510bf5d-95b5-5a36-8ecf-d02e870154c9,150.000,KG,6.83,EUR,2026-08-22,Standard requirement
497028e0-17ee-5df7-9156-80f1d67dfcf3,2025-09-05T08:00:00Z,system,2025-09-05T08:00:00Z,system,858a6259-7228-5b7e-b7c1-eb083a2423ee,10,99390864-f827-5aef-be8a-287357eedb0f,25.000,BOX,2051.61,EUR,2025-10-16,Production demand
cb7c38c0-c101-54df-98aa-836864ce6100,2025-09-05T08:00:00Z,system,2025-09-05T08:00:00Z,system,858a6259-7228-5b7e-b7c1-eb083a2423ee,20,0ff1099e-974c-5cf5-97fc-078fe85ca3af,75.000,L,1309.18,EUR,2025-10-16,Production demand
063a3060-fdc4-5ed1-b1ad-77fbd0850a36,2025-09-05T08:00:00Z,system,2025-09-05T08:00:00Z,system,858a6259-7228-5b7e-b7c1-eb083a2423ee,30,6d2735d4-0448-53f2-b4da-81a2b822e099,75.000,KG,27.43,EUR,2025-10-16,Standard requirement
64865523-06dc-529e-8f5f-c014b117c53c,2026-04-05T08:00:00Z,system,2026-04-05T08:00:00Z,system,60797153-19e8-50fc-9058-7890bdf66b41,10,4d7c024a-2045-5e6d-bce5-30a3caf00779,100.000,EA,1233.52,EUR,2026-05-22,Replacement stock
d9aa8a64-d5b7-5f5e-9be6-1e3e30581c2a,2026-04-05T08:00:00Z,system,2026-04-05T08:00:00Z,system,60797153-19e8-50fc-9058-7890bdf66b41,20,c95f5935-922a-5171-a5e9-dde46f32a83d,50.000,KG,34.83,EUR,2026-05-22,Planned maintenance
153d187d-118b-512c-9a3b-4837ceaa899b,2026-04-10T08:00:00Z,system,2026-04-10T08:00:00Z,system,3cef8755-5ffc-5939-8264-a2563ccdcd3a,10,3b977897-9c14-59e5-a889-922436cc6be2,50.000,EA,578.66,EUR,2026-06-16,
f4d27d4d-87a5-5ef8-91bd-014e3654a4b3,2026-04-10T08:00:00Z,system,2026-04-10T08:00:00Z,system,3cef8755-5ffc-5939-8264-a2563ccdcd3a,20,1455dc98-f7ae-5a52-9c81-dc7663903a45,20.000,KG,25.15,EUR,2026-06-16,Production demand
cdd83cf4-dbcc-508b-93b6-c84532f0d34e,2026-04-17T08:00:00Z,system,2026-04-17T08:00:00Z,system,811ce7cb-9a0d-5d15-a2b0-74fe31e76eab,10,f968e107-0cac-5cfd-a628-d3aa05f1e38d,20.000,EA,929.86,EUR,2026-06-06,Replacement stock
eb7e19ff-4eda-5181-a74c-b014a10cc74e,2025-12-11T08:00:00Z,system,2025-12-11T08:00:00Z,system,aa8504b7-36e4-5ca9-b88f-637e741bed6f,10,781e49c0-8999-50e8-9276-e1fc0e9e29ca,100.000,EA,2256.38,EUR,2026-01-18,
dfcccc1b-1ae2-544f-963a-2d34bbe4a5de,2025-10-05T08:00:00Z,system,2025-10-05T08:00:00Z,system,14654893-7969-5009-90e0-c682d41431d3,10,965972d0-7dc1-5a2e-a771-140c178aec3b,10.000,EA,243.51,EUR,2025-12-10,Production demand
d4ed6851-094b-59bb-80ce-6a5746b88371,2025-10-05T08:00:00Z,system,2025-10-05T08:00:00Z,system,14654893-7969-5009-90e0-c682d41431d3,20,e337ec5f-3c23-585a-808c-545892f7ee27,200.000,SET,1236.48,EUR,2025-12-10,
e99619af-27e1-543b-8ec5-5781ff173390,2025-10-05T08:00:00Z,system,2025-10-05T08:00:00Z,system,14654893-7969-5009-90e0-c682d41431d3,30,9cccf623-1147-5c18-8001-597eaf1dced5,20.000,SET,1997.78,EUR,2025-12-10,Standard requirement
9d755636-9b92-5270-91ca-b2f63ab29f66,2026-02-19T08:00:00Z,system,2026-02-19T08:00:00Z,system,68e2fd8b-80da-54ab-8594-b2f6d0f49130,10,e78a29f5-6b77-5c64-a898-2ef9faf92f91,10.000,KG,22.92,EUR,2026-03-18,Replacement stock
b083f53e-cce5-5395-8cf8-b34993d6102e,2026-02-19T08:00:00Z,system,2026-02-19T08:00:00Z,system,68e2fd8b-80da-54ab-8594-b2f6d0f49130,20,0c9f0a42-1ac7-5282-b469-b088f77d7e6d,1.000,BOX,1302.49,EUR,2026-03-18,
58db367e-0193-5b84-b9f7-9c099fff5f2b,2026-02-19T08:00:00Z,system,2026-02-19T08:00:00Z,system,68e2fd8b-80da-54ab-8594-b2f6d0f49130,30,0c3785e3-7d1b-5f41-95de-b2299b8dd699,25.000,M,1217.50,EUR,2026-03-18,Standard requirement
78d7232e-8c82-5323-9bb8-fed761d8eec9,2025-10-02T08:00:00Z,system,2025-10-02T08:00:00Z,system,24a13833-d96a-5de3-97d3-5d35880aa9db,10,20b9081b-2fb8-5ca6-99f3-12478b5fce53,200.000,KG,12.11,EUR,2025-11-11,Production demand
02aaeba3-8c14-5940-b9cb-699db87983bc,2025-10-02T08:00:00Z,system,2025-10-02T08:00:00Z,system,24a13833-d96a-5de3-97d3-5d35880aa9db,20,4510bf5d-95b5-5a36-8ecf-d02e870154c9,100.000,KG,7.08,EUR,2025-11-11,
27a84e07-61f1-5f34-96ff-5619633993ac,2026-01-08T08:00:00Z,system,2026-01-08T08:00:00Z,system,5e3df654-8f5a-594c-89be-6a9cf4433ba3,10,596f3822-e07b-55ed-bd48-239fb3db0e77,5.000,KG,26.84,EUR,2026-02-26,Replacement stock
700b1b83-7079-5a24-925b-4e64a309b159,2026-01-08T08:00:00Z,system,2026-01-08T08:00:00Z,system,5e3df654-8f5a-594c-89be-6a9cf4433ba3,20,b565639f-0e27-5958-90ec-8e31f21798a1,2.000,KG,7.19,EUR,2026-02-26,Replacement stock
195b9f38-a927-5871-bc39-99d5328d36fa,2026-01-08T08:00:00Z,system,2026-01-08T08:00:00Z,system,5e3df654-8f5a-594c-89be-6a9cf4433ba3,30,0a95d286-40e6-5f4e-bce8-380f86c5e052,75.000,BOX,1369.12,EUR,2026-02-26,
1de24bc5-e9af-52b6-9d85-be4c4a09d0a9,2026-07-27T08:00:00Z,system,2026-07-27T08:00:00Z,system,b81befa3-1da7-5fb9-a4bb-f744f37dfcb4,10,6c7c41de-f18d-5d68-9697-8f8c32cb9e5e,20.000,M,2064.97,EUR,2026-08-25,
cb141f7a-14f8-5f73-aee5-33d21e541b25,2026-07-27T08:00:00Z,system,2026-07-27T08:00:00Z,system,b81befa3-1da7-5fb9-a4bb-f744f37dfcb4,20,04c6ce4d-e9ec-5c21-9f43-b4b251046c2f,100.000,M,1205.43,EUR,2026-08-25,Planned maintenance
6f7e555b-3705-5b53-83fb-52c3d53b0535,2025-09-17T08:00:00Z,system,2025-09-17T08:00:00Z,system,eb34b1c5-3f5b-5892-a2df-fee1417db8a9,10,8407ccad-dc71-5f5d-bf6c-5c34f5e1b0ce,150.000,M,1709.17,EUR,2025-10-31,Planned maintenance
5e4b9388-0c38-5328-81a1-ec652f1d196d,2025-09-17T08:00:00Z,system,2025-09-17T08:00:00Z,system,eb34b1c5-3f5b-5892-a2df-fee1417db8a9,20,8ffbee35-114e-52c9-982d-47f2ee96df4a,150.000,EA,899.78,EUR,2025-10-31,Production demand
ee1d0060-435b-516d-ba1a-9f168e70344f,2025-09-17T08:00:00Z,system,2025-09-17T08:00:00Z,system,eb34b1c5-3f5b-5892-a2df-fee1417db8a9,30,70c1e335-53e1-5df8-b343-82e92d1eab19,200.000,M,110.55,EUR,2025-10-31,Planned maintenance
92021513-5d2b-5b82-bef8-809fd8882a45,2026-05-06T08:00:00Z,system,2026-05-06T08:00:00Z,system,6b11570b-eca6-58fa-b6e8-d68f51546dc0,10,5c00c635-ab30-509c-930a-9c3027c73ba1,10.000,BOX,1862.02,EUR,2026-05-18,Replacement stock
693c49b4-f5c1-59a8-a8ee-da83c327f4e4,2025-09-16T08:00:00Z,system,2025-09-16T08:00:00Z,system,d84360b8-1fc1-503d-9a1d-23c4e13d2144,10,e8785cbc-7b69-5687-b699-d292f70bdc74,100.000,SET,1662.95,EUR,2025-10-12,
5a5de1b6-0053-5606-8ed9-76fce9628faf,2025-09-26T08:00:00Z,system,2025-09-26T08:00:00Z,system,54580ce7-24ed-5058-8b5a-cb2fa1cfa31f,10,15f3b8aa-4649-5a10-a707-45aa1b2b3bf5,75.000,L,2217.90,EUR,2025-10-03,Replacement stock
24bf911c-f781-5063-9165-c3109f410c98,2026-03-23T08:00:00Z,system,2026-03-23T08:00:00Z,system,5e4bce20-af2b-5844-b979-b8d08e042897,10,8d9d0fdb-dc82-543c-8c83-c722c23d8840,20.000,EA,801.57,EUR,2026-05-29,Standard requirement
497388b2-606e-53a3-ba9b-8f061af808bf,2026-03-23T08:00:00Z,system,2026-03-23T08:00:00Z,system,5e4bce20-af2b-5844-b979-b8d08e042897,20,33a77c1e-2f02-54f3-aaf8-2d033e03a54f,1.000,EA,301.19,EUR,2026-05-29,Production demand
80515566-2c90-5a09-bda3-99b751f6262a,2026-03-14T08:00:00Z,system,2026-03-14T08:00:00Z,system,55851193-75a4-54e7-9d4c-af1823349c6e,10,6f6ad8c3-8d1e-5146-9dca-8c2c4a2557ec,50.000,KG,22.24,EUR,2026-04-04,Production demand
c8dc6d45-cdf9-50c7-b35e-03aa53e01867,2026-03-14T08:00:00Z,system,2026-03-14T08:00:00Z,system,55851193-75a4-54e7-9d4c-af1823349c6e,20,19b64704-248d-5db5-b479-bb7989cf5373,150.000,M,1672.28,EUR,2026-04-04,Planned maintenance
9b84f21d-f172-5e80-a009-2909d1630c49,2026-05-29T08:00:00Z,system,2026-05-29T08:00:00Z,system,030b7e34-3449-5f2d-8634-82c53ba6af43,10,3f3309b3-487e-54de-ae3f-de56ef31378f,25.000,BOX,2612.98,EUR,2026-06-26,Planned maintenance
5571b62d-c344-532c-98b4-9eebcbbe8a9d,2026-03-13T08:00:00Z,system,2026-03-13T08:00:00Z,system,7cb400b2-9f83-549b-af63-b932946003a7,10,c21a05cd-e0c4-5233-b2b3-69e0eadd9d50,5.000,EA,1022.59,EUR,2026-05-27,
a224177c-f412-5de0-85af-3ad65f21deb4,2026-03-13T08:00:00Z,system,2026-03-13T08:00:00Z,system,7cb400b2-9f83-549b-af63-b932946003a7,20,95b589d9-d0fa-5b0b-97dc-32e0f9a9f036,2.000,EA,1386.34,EUR,2026-05-27,Planned maintenance
c0d8aac4-dc26-5694-87f3-5e5b87a06a5e,2026-05-23T08:00:00Z,system,2026-05-23T08:00:00Z,system,2980e735-b72e-588d-8129-3720a5344f78,10,c1a24447-ba94-5724-9a1d-064a2c0b2811,200.000,SET,1204.72,EUR,2026-06-11,Replacement stock
642f0a1e-595c-5a40-a0fb-829bf415ac96,2026-05-23T08:00:00Z,system,2026-05-23T08:00:00Z,system,2980e735-b72e-588d-8129-3720a5344f78,20,e64ca70f-33df-53bc-81e4-7c69dabb1d6d,10.000,M,2420.95,EUR,2026-06-11,Planned maintenance
21bb1237-76ae-55a0-aee1-68c8131e2060,2026-05-23T08:00:00Z,system,2026-05-23T08:00:00Z,system,2980e735-b72e-588d-8129-3720a5344f78,30,6f137624-ae20-5016-9d90-8e735016ca60,1.000,BOX,1982.35,EUR,2026-06-11,
168b2df6-fdd2-5f36-9b9c-c38dd8386a6e,2026-05-23T08:00:00Z,system,2026-05-23T08:00:00Z,system,2980e735-b72e-588d-8129-3720a5344f78,40,76540a83-8375-53ea-a170-4e4e171d11cd,25.000,KG,30.20,EUR,2026-06-11,
b7e90e06-b30f-5707-aa5b-c6a0f08c4541,2025-10-29T08:00:00Z,system,2025-10-29T08:00:00Z,system,934dfee1-3f05-576a-8ca2-a48dc2dc97ad,10,559354e7-7937-5578-baa8-6d7ae9f39b6f,75.000,BOX,883.22,EUR,2025-12-18,Production demand
03688e0e-9e11-5f58-b95f-37147db7a983,2025-10-29T08:00:00Z,system,2025-10-29T08:00:00Z,system,934dfee1-3f05-576a-8ca2-a48dc2dc97ad,20,20b9081b-2fb8-5ca6-99f3-12478b5fce53,2.000,KG,13.18,EUR,2025-12-18,Replacement stock
a9331fd3-7d59-5daa-82f9-6ea8ee5c76dc,2025-09-13T08:00:00Z,system,2025-09-13T08:00:00Z,system,32efa72b-2b69-5c8d-b7ec-ed472b52dc94,10,66829174-3fa6-52dd-bbb1-daa7bca60901,100.000,BOX,646.24,EUR,2025-10-25,Production demand
1a5c0429-fb57-5013-ba25-56bfa34a5d0b,2025-09-13T08:00:00Z,system,2025-09-13T08:00:00Z,system,32efa72b-2b69-5c8d-b7ec-ed472b52dc94,20,f968e107-0cac-5cfd-a628-d3aa05f1e38d,2.000,EA,988.92,EUR,2025-10-25,Planned maintenance
c54f5a4e-576b-5624-aa12-b3f20f9ae9e8,2025-09-13T08:00:00Z,system,2025-09-13T08:00:00Z,system,32efa72b-2b69-5c8d-b7ec-ed472b52dc94,30,fd117bf3-4f4c-5949-a1f5-fab4c43bea6b,10.000,M,547.31,EUR,2025-10-25,
9f4f9a8c-82bc-5c7a-b38f-e8f185e5fe6d,2025-09-13T08:00:00Z,system,2025-09-13T08:00:00Z,system,32efa72b-2b69-5c8d-b7ec-ed472b52dc94,40,559354e7-7937-5578-baa8-6d7ae9f39b6f,150.000,BOX,897.30,EUR,2025-10-25,Planned maintenance
09c9fb92-8ad9-56ee-8c86-91383ab2aadc,2026-04-23T08:00:00Z,system,2026-04-23T08:00:00Z,system,ddf13fd6-dbd7-55d9-b4a3-54f28d7aed74,10,8e000456-a6ac-57d9-b9cb-0522d8da4203,25.000,KG,17.85,EUR,2026-06-19,Standard requirement
11ca75eb-169c-5193-a2dd-51fcdfca8145,2026-04-23T08:00:00Z,system,2026-04-23T08:00:00Z,system,ddf13fd6-dbd7-55d9-b4a3-54f28d7aed74,20,75f1b42f-e0d3-559b-883f-62a8bd802d21,200.000,L,22.59,EUR,2026-06-19,Standard requirement
d64d1cf4-1b8f-52a5-8ad6-9aad5ff3c3bc,2026-04-23T08:00:00Z,system,2026-04-23T08:00:00Z,system,ddf13fd6-dbd7-55d9-b4a3-54f28d7aed74,30,9e7b19d9-c9c7-562c-b69b-23994f239c49,25.000,EA,992.21,EUR,2026-06-19,
0bcd3cf4-4dc7-5ee7-8c54-a69ea1ba14b0,2025-09-09T08:00:00Z,system,2025-09-09T08:00:00Z,system,40361b9c-1e32-52e6-856e-cc22f148a84d,10,ff9d3a31-fca6-52bf-8e11-bad09771c87f,75.000,KG,27.82,EUR,2025-11-14,Replacement stock
c5ed40e7-b56f-54c1-b02b-cf1248bb20d3,2025-09-09T08:00:00Z,system,2025-09-09T08:00:00Z,system,40361b9c-1e32-52e6-856e-cc22f148a84d,20,6febc7d4-a6f9-547c-bdef-f6c3c7cebf1b,25.000,BOX,1020.40,EUR,2025-11-14,Standard requirement
22d394f9-ef43-50ba-91fd-cd8bcdb7551d,2025-10-14T08:00:00Z,system,2025-10-14T08:00:00Z,system,f25c1aab-713d-5344-81a6-067e40b1c8a7,10,62a2158d-64d0-547a-b140-23e19a0b0820,200.000,BOX,1611.72,EUR,2025-11-11,Planned maintenance
6a4230dd-c3ca-59bb-ad24-a9258c99ec2f,2026-04-14T08:00:00Z,system,2026-04-14T08:00:00Z,system,1a89eeaa-7d79-5349-8e40-e33cb5b044af,10,88ec57c2-4bd1-5167-8c0f-b46a5404ea75,10.000,M,1182.35,EUR,2026-05-01,Planned maintenance
8eaa59ce-b309-554c-8346-19a129728208,2026-04-14T08:00:00Z,system,2026-04-14T08:00:00Z,system,1a89eeaa-7d79-5349-8e40-e33cb5b044af,20,96fb08d2-476c-50b5-8ac4-5ecf45934f96,1.000,SET,72.30,EUR,2026-05-01,
56d80390-ec66-533b-85de-64dd039e2f86,2026-04-14T08:00:00Z,system,2026-04-14T08:00:00Z,system,1a89eeaa-7d79-5349-8e40-e33cb5b044af,30,449f174d-239f-5c9f-803d-0af1ffe5acb3,100.000,L,112.03,EUR,2026-05-01,Production demand
b3be7421-adc0-5ad8-b3a6-2ef2d2075d30,2026-04-14T08:00:00Z,system,2026-04-14T08:00:00Z,system,1a89eeaa-7d79-5349-8e40-e33cb5b044af,40,4e2b69ff-67fe-5475-b0ba-3e2a02c6b70b,5.000,SET,1927.05,EUR,2026-05-01,Planned maintenance
8db5cbc8-73a5-5dd4-b056-5c6c961c614a,2026-03-14T08:00:00Z,system,2026-03-14T08:00:00Z,system,94662b40-5acd-518a-a225-800cd3779a5e,10,9390c973-ffaf-555f-9cb1-d1547db4c4d9,2.000,SET,1506.91,EUR,2026-04-19,Replacement stock
3c1a5139-d1f9-51bb-b6f5-5cb13ab8df2d,2026-03-14T08:00:00Z,system,2026-03-14T08:00:00Z,system,94662b40-5acd-518a-a225-800cd3779a5e,20,a26b0733-3b42-54db-a022-07e6e0f7182b,25.000,L,1929.42,EUR,2026-04-19,Production demand
0016232b-dd9f-51bc-9a23-8fb72dc8c221,2026-03-14T08:00:00Z,system,2026-03-14T08:00:00Z,system,94662b40-5acd-518a-a225-800cd3779a5e,30,32549e95-8264-5b06-ac4c-4f93e09d17a2,20.000,BOX,1181.56,EUR,2026-04-19,Replacement stock
3c2b94d3-0e77-5733-83a7-bf21e69a0f33,2026-03-14T08:00:00Z,system,2026-03-14T08:00:00Z,system,94662b40-5acd-518a-a225-800cd3779a5e,40,75c713f1-f5c1-515a-b00c-8a93e54aab54,150.000,L,473.47,EUR,2026-04-19,Production demand
90bd2b00-84fa-5fa6-9148-87d0b6b2a8d4,2026-06-20T08:00:00Z,system,2026-06-20T08:00:00Z,system,46aaeab1-41cb-53bb-8a20-70364c0e4ad1,10,748d36d0-ad0a-5e2f-ae52-4b9bd4ac6a44,20.000,M,1714.84,EUR,2026-07-01,Planned maintenance
585d7580-6695-5cc1-a510-37f25ba66ee9,2026-06-20T08:00:00Z,system,2026-06-20T08:00:00Z,system,46aaeab1-41cb-53bb-8a20-70364c0e4ad1,20,b121cc73-e21b-5700-aed3-23e3f1122454,1.000,EA,624.34,EUR,2026-07-01,Replacement stock
8cf3e6ab-be88-50d4-815b-3c3e2909cd7d,2026-06-20T08:00:00Z,system,2026-06-20T08:00:00Z,system,46aaeab1-41cb-53bb-8a20-70364c0e4ad1,30,dbd21518-2460-5332-97ca-a826ccd26fd2,150.000,BOX,942.78,EUR,2026-07-01,
69f73f30-931c-5ff8-b6cb-92b710eff772,2026-06-20T08:00:00Z,system,2026-06-20T08:00:00Z,system,46aaeab1-41cb-53bb-8a20-70364c0e4ad1,40,2e04e317-f482-5ac1-936d-a38a95e8c762,5.000,M,1959.34,EUR,2026-07-01,Planned maintenance
74c3024f-4f40-507e-bf0f-768a1f764b49,2026-06-21T08:00:00Z,system,2026-06-21T08:00:00Z,system,1b226193-7dda-56e2-9479-cd8f4edf59f8,10,7c9ec527-9eb0-52c4-b207-8cf0cae25caf,75.000,M,1919.73,EUR,2026-07-13,Standard requirement
9203f077-cab6-5706-aa2f-6d8e8dc662e0,2025-10-22T08:00:00Z,system,2025-10-22T08:00:00Z,system,96ce0844-6511-5299-a4d3-06bfea90128e,10,ca48575f-0b73-55a6-b23c-6de718d78d67,2.000,KG,8.50,EUR,2025-12-19,
c4f248b7-74d9-5b16-82ba-fcbe4030c89d,2025-12-03T08:00:00Z,system,2025-12-03T08:00:00Z,system,51cd60bf-21fa-5e12-b8cc-b6c3cb2eff9b,10,fb8c381b-c548-5976-8e12-26f8e47df79d,75.000,KG,10.01,EUR,2026-02-12,Replacement stock
676d298d-e6fc-51d2-a636-975dc97e6448,2025-12-03T08:00:00Z,system,2025-12-03T08:00:00Z,system,51cd60bf-21fa-5e12-b8cc-b6c3cb2eff9b,20,30e34ede-6271-5109-8dcc-7f95af88f2f3,20.000,BOX,1899.65,EUR,2026-02-12,Planned maintenance
51a0cc23-3271-5006-a1a1-9e8061865d49,2026-06-06T08:00:00Z,system,2026-06-06T08:00:00Z,system,7039eea8-a1c6-5a36-ae44-331eb8899155,10,3aa391ce-4ff3-5173-9277-83ce43555c7c,50.000,L,107.55,EUR,2026-07-08,
e1b6f3b5-4dd4-59ac-8501-521adeb03abf,2026-06-06T08:00:00Z,system,2026-06-06T08:00:00Z,system,7039eea8-a1c6-5a36-ae44-331eb8899155,20,de05430c-0d15-5267-a70a-983b7ffb5638,200.000,M,1255.42,EUR,2026-07-08,Standard requirement
be3759c1-0eb4-5771-ad1e-4d98bd54ac62,2026-06-06T08:00:00Z,system,2026-06-06T08:00:00Z,system,7039eea8-a1c6-5a36-ae44-331eb8899155,30,5e0e22e5-d386-54e2-bfeb-2492f8c12bc4,25.000,L,1884.76,EUR,2026-07-08,Standard requirement
3b5428fa-c342-510e-8e00-42997fcb8bd5,2026-07-03T08:00:00Z,system,2026-07-03T08:00:00Z,system,33e94ea9-33f4-5db7-a33b-7113255c0861,10,0c9f0a42-1ac7-5282-b469-b088f77d7e6d,200.000,BOX,1218.03,EUR,2026-07-14,
33028e10-0ca8-5d08-a314-7822f63089f9,2026-07-03T08:00:00Z,system,2026-07-03T08:00:00Z,system,33e94ea9-33f4-5db7-a33b-7113255c0861,20,19e5854c-015a-5974-997b-3ccb05e32d73,50.000,M,451.13,EUR,2026-07-14,Production demand
d2ebb12b-b963-575d-becb-be3735bc78a8,2025-10-20T08:00:00Z,system,2025-10-20T08:00:00Z,system,a60ec34f-9523-570f-839f-03ea48372156,10,219cd16c-a048-5e62-90b0-7924b1431b82,200.000,L,1450.84,EUR,2025-12-30,Planned maintenance
9872f35b-e7d8-53af-b7de-60c54e3ebe99,2025-10-20T08:00:00Z,system,2025-10-20T08:00:00Z,system,a60ec34f-9523-570f-839f-03ea48372156,20,95b589d9-d0fa-5b0b-97dc-32e0f9a9f036,150.000,EA,1547.75,EUR,2025-12-30,
09b97789-722d-52b2-87c3-4bd9ac538011,2025-10-20T08:00:00Z,system,2025-10-20T08:00:00Z,system,a60ec34f-9523-570f-839f-03ea48372156,30,03f34b44-1652-577f-950a-78af8cdc601f,5.000,L,1041.97,EUR,2025-12-30,Replacement stock
7555fd3b-1cac-5e47-b311-2db744ee0079,2026-07-27T08:00:00Z,system,2026-07-27T08:00:00Z,system,d2b089de-9e6a-5469-8556-840878a8688d,10,d8fcbf1f-1dd7-50af-8261-2da45ed17eae,50.000,EA,262.43,EUR,2026-08-09,Production demand
1b056080-45ff-58ae-a829-b8a79e23d12b,2026-01-16T08:00:00Z,system,2026-01-16T08:00:00Z,system,abb3787a-f8b6-5b08-9931-7eb93b4b0e69,10,4cdc5ff6-d193-563c-9400-f57baf1162a6,200.000,BOX,943.95,EUR,2026-03-15,
290ff466-b7ed-5b0b-8e4f-99392a0993f7,2026-01-16T08:00:00Z,system,2026-01-16T08:00:00Z,system,abb3787a-f8b6-5b08-9931-7eb93b4b0e69,20,fcd3a87b-71f1-5871-b12a-5cf7f75c379d,25.000,M,94.27,EUR,2026-03-15,Production demand
324deaa8-d05c-5992-8b34-096e94d05c76,2026-01-16T08:00:00Z,system,2026-01-16T08:00:00Z,system,abb3787a-f8b6-5b08-9931-7eb93b4b0e69,30,272957c5-680c-5583-a4ae-d8350def996c,75.000,BOX,1577.26,EUR,2026-03-15,
0bcb3e6e-9dd1-5f24-bda0-4c6526f3952d,2025-11-12T08:00:00Z,system,2025-11-12T08:00:00Z,system,86d49e9e-4861-528f-b0ed-e1d536c0103f,10,57c1b397-ad33-5575-8763-be4b1f77f414,150.000,EA,1795.14,EUR,2025-12-16,Replacement stock
ec675504-d570-5209-b0d9-b9223cab5ef7,2025-11-12T08:00:00Z,system,2025-11-12T08:00:00Z,system,86d49e9e-4861-528f-b0ed-e1d536c0103f,20,bf264e10-7f30-5dfa-9770-1c2548ee3255,1.000,EA,1871.34,EUR,2025-12-16,
7a3b4ba4-5edf-5762-b6e2-70d3210adc12,2025-11-12T08:00:00Z,system,2025-11-12T08:00:00Z,system,86d49e9e-4861-528f-b0ed-e1d536c0103f,30,4e2b69ff-67fe-5475-b0ba-3e2a02c6b70b,2.000,SET,1797.00,EUR,2025-12-16,
8d1bf169-dabc-5cc3-b2f2-31da96ac132d,2025-11-17T08:00:00Z,system,2025-11-17T08:00:00Z,system,ee775e6b-dac9-5d83-b2fa-e784495f9e8b,10,437ef9de-cfe9-5599-8502-13a53e958016,2.000,KG,12.86,EUR,2026-01-02,Planned maintenance
cc0d1efb-3ff8-5545-9049-b6c3805b150d,2025-11-17T08:00:00Z,system,2025-11-17T08:00:00Z,system,ee775e6b-dac9-5d83-b2fa-e784495f9e8b,20,1455dc98-f7ae-5a52-9c81-dc7663903a45,75.000,KG,26.07,EUR,2026-01-02,Planned maintenance
c6e61bac-303a-5505-b1e8-55009925fe1e,2025-10-22T08:00:00Z,system,2025-10-22T08:00:00Z,system,4e3ea3c6-b86c-590f-ac89-e5df133ccae2,10,ef275a33-8e1e-5f24-916e-3b7ac4715837,50.000,KG,25.80,EUR,2025-12-23,Standard requirement
7f6f1440-002d-5ab4-9e72-12152515d3e0,2026-02-07T08:00:00Z,system,2026-02-07T08:00:00Z,system,912559fb-a61c-572d-8512-9703afb83540,10,24e149d4-fbad-5890-a7ee-15a416fd63bc,100.000,SET,264.10,EUR,2026-03-22,Planned maintenance
9c353f1f-ddc6-5a7c-abfa-1fb9741bea7b,2026-02-07T08:00:00Z,system,2026-02-07T08:00:00Z,system,912559fb-a61c-572d-8512-9703afb83540,20,95b589d9-d0fa-5b0b-97dc-32e0f9a9f036,20.000,EA,1656.46,EUR,2026-03-22,
c89656c2-48f0-5f9a-8707-72e901b2809c,2026-02-07T08:00:00Z,system,2026-02-07T08:00:00Z,system,912559fb-a61c-572d-8512-9703afb83540,30,4ab6e929-df87-5d07-b36e-bc3c2033a2c4,20.000,BOX,2309.95,EUR,2026-03-22,
18070d67-bc5f-550b-a64d-f45870af50b9,2026-02-07T08:00:00Z,system,2026-02-07T08:00:00Z,system,912559fb-a61c-572d-8512-9703afb83540,40,1c4ef249-806e-5239-b35d-6fc1794e743f,20.000,SET,185.82,EUR,2026-03-22,Standard requirement
d0185cce-b93c-5f8e-92d0-97b6a157451f,2026-04-06T08:00:00Z,system,2026-04-06T08:00:00Z,system,eba6efc7-5287-5e24-bbc4-9173ee1c8768,10,7c9ec527-9eb0-52c4-b207-8cf0cae25caf,1.000,M,1854.49,EUR,2026-06-17,Planned maintenance
55e9a6b9-53fb-588c-98ab-8f8b7af3a24b,2025-09-18T08:00:00Z,system,2025-09-18T08:00:00Z,system,1ffb5b59-7a4c-5278-9f48-7fe526a8b7f7,10,cfcda226-532c-599e-8ba1-da4625eb5246,2.000,EA,1765.88,EUR,2025-11-03,
386f229b-8e16-576a-bbd6-e1c4cea67c10,2025-09-18T08:00:00Z,system,2025-09-18T08:00:00Z,system,1ffb5b59-7a4c-5278-9f48-7fe526a8b7f7,20,5638f460-1932-50d2-8453-a3cf94aaa992,150.000,SET,2191.56,EUR,2025-11-03,
51c0a39f-7d1c-591f-a0fb-00cdde71b141,2026-01-26T08:00:00Z,system,2026-01-26T08:00:00Z,system,06c7a154-8a72-5846-a2fb-693085a73736,10,c8f2c51c-f8b9-51a7-b2ab-da1f3ac760d6,20.000,M,1452.71,EUR,2026-02-06,Standard requirement
54d50c72-457c-52e4-9d69-be0f225b6e78,2026-01-26T08:00:00Z,system,2026-01-26T08:00:00Z,system,06c7a154-8a72-5846-a2fb-693085a73736,20,8b3ec22a-bd3c-594f-b231-80df5dbed6ff,10.000,M,1181.27,EUR,2026-02-06,Standard requirement
17acfbf5-2aad-5079-ace8-588090d49230,2026-01-26T08:00:00Z,system,2026-01-26T08:00:00Z,system,06c7a154-8a72-5846-a2fb-693085a73736,30,b7445b03-ff12-5031-afe2-33e925c82fd3,150.000,BOX,309.75,EUR,2026-02-06,Planned maintenance
a607fa0f-fd8a-518e-ad6a-270d62037475,2026-06-06T08:00:00Z,system,2026-06-06T08:00:00Z,system,059daea8-a42c-5f37-8167-29d82fbb44d2,10,f84d7723-0164-5c03-952b-c6a6bd546739,5.000,EA,2499.26,EUR,2026-07-09,Replacement stock
3b229093-006e-589d-aeda-6d82034abf12,2026-06-06T08:00:00Z,system,2026-06-06T08:00:00Z,system,059daea8-a42c-5f37-8167-29d82fbb44d2,20,5de012ce-db52-52e5-a612-6e2c3c02623a,5.000,SET,1186.85,EUR,2026-07-09,Standard requirement
c0f6dc74-8fb2-5c85-97a8-ff02e7ad3302,2026-06-06T08:00:00Z,system,2026-06-06T08:00:00Z,system,059daea8-a42c-5f37-8167-29d82fbb44d2,30,70c1e335-53e1-5df8-b343-82e92d1eab19,25.000,M,104.23,EUR,2026-07-09,Planned maintenance
fee1dad0-94a6-56e4-b992-54a4fd031f86,2026-06-06T08:00:00Z,system,2026-06-06T08:00:00Z,system,059daea8-a42c-5f37-8167-29d82fbb44d2,40,384f66ad-b02f-5061-83cb-3ace1601e8d3,5.000,SET,1997.33,EUR,2026-07-09,Standard requirement
e4299091-d86e-51ce-a427-a6270e975a25,2025-10-11T08:00:00Z,system,2025-10-11T08:00:00Z,system,c2f5f22c-7a15-59a8-943c-4bfc662efbc4,10,b96b5fc7-bf71-5802-87c3-a74c4dd012f4,1.000,EA,687.09,EUR,2025-11-06,Standard requirement
203c4ee5-2d4b-5b68-b549-3a54f4b9c827,2025-10-11T08:00:00Z,system,2025-10-11T08:00:00Z,system,c2f5f22c-7a15-59a8-943c-4bfc662efbc4,20,946b9def-1c5e-5d38-8f79-05db3b27b218,50.000,M,2477.41,EUR,2025-11-06,Replacement stock
7991600c-2fe6-51e2-9732-22ea9c16116f,2026-04-14T08:00:00Z,system,2026-04-14T08:00:00Z,system,65237bae-6011-568f-af27-dad29f925eaf,10,6febc7d4-a6f9-547c-bdef-f6c3c7cebf1b,5.000,BOX,1086.78,EUR,2026-05-27,Standard requirement
c5b1e3fa-d632-5235-a023-6cf8c986632c,2026-04-14T08:00:00Z,system,2026-04-14T08:00:00Z,system,65237bae-6011-568f-af27-dad29f925eaf,20,ffad296f-4b1b-50b0-b7ea-693c82ec1839,5.000,M,648.81,EUR,2026-05-27,
cf8bc8ac-ce3f-5bff-b0fe-039bd9230388,2026-04-14T08:00:00Z,system,2026-04-14T08:00:00Z,system,65237bae-6011-568f-af27-dad29f925eaf,30,40f7edb2-203b-5446-a8cb-ca4462c89fb6,100.000,SET,1554.31,EUR,2026-05-27,Planned maintenance
e431a1b5-6303-5e9d-b85b-95cfed749cbd,2026-04-14T08:00:00Z,system,2026-04-14T08:00:00Z,system,65237bae-6011-568f-af27-dad29f925eaf,40,449f174d-239f-5c9f-803d-0af1ffe5acb3,150.000,L,113.39,EUR,2026-05-27,Standard requirement
b36edd1a-fe00-5f26-9c97-f8490f249cfd,2025-12-20T08:00:00Z,system,2025-12-20T08:00:00Z,system,1371f58f-5518-5e0e-b15a-4eab2f8637bd,10,9e7b19d9-c9c7-562c-b69b-23994f239c49,50.000,EA,973.88,EUR,2026-01-30,Replacement stock
d7060098-bd7b-5985-a2d6-c0321f3aefd4,2026-06-23T08:00:00Z,system,2026-06-23T08:00:00Z,system,90a33ab8-a501-55aa-832b-fd663a880bb2,10,06d90e5a-e269-5465-96ac-4d7026277e09,5.000,L,83.84,EUR,2026-08-01,
7a79dad3-379e-5b75-a04a-e02b430c23f9,2026-06-23T08:00:00Z,system,2026-06-23T08:00:00Z,system,90a33ab8-a501-55aa-832b-fd663a880bb2,20,f4d5037c-d38c-5514-b120-c0d70fd1331e,5.000,L,1006.73,EUR,2026-08-01,
a67f91e8-8414-5ae7-bc89-4e97634dbdc2,2026-06-23T08:00:00Z,system,2026-06-23T08:00:00Z,system,90a33ab8-a501-55aa-832b-fd663a880bb2,30,15f3b8aa-4649-5a10-a707-45aa1b2b3bf5,50.000,L,2315.00,EUR,2026-08-01,Standard requirement
5f2c863a-29b5-57b8-8ad8-137534ef7e2a,2026-06-23T08:00:00Z,system,2026-06-23T08:00:00Z,system,90a33ab8-a501-55aa-832b-fd663a880bb2,40,f95fbe47-9c5c-5d2b-a38e-c84f39513733,100.000,M,595.13,EUR,2026-08-01,Standard requirement
f86d42b6-1443-51a0-a864-488fa7179ba1,2026-02-06T08:00:00Z,system,2026-02-06T08:00:00Z,system,6fb35aec-4b5d-5bde-8193-74d74e79bf82,10,d3c939e0-3924-58da-a01d-c79899d13ee4,1.000,EA,2275.63,EUR,2026-03-18,
3459cb21-1f71-547a-87dd-645409194553,2026-02-06T08:00:00Z,system,2026-02-06T08:00:00Z,system,6fb35aec-4b5d-5bde-8193-74d74e79bf82,20,c1a24447-ba94-5724-9a1d-064a2c0b2811,10.000,SET,1091.87,EUR,2026-03-18,Standard requirement
3ca8b727-6f1b-548c-b719-1d361e0ce899,2026-01-18T08:00:00Z,system,2026-01-18T08:00:00Z,system,93540365-7e35-56b1-b5a1-e45f12016739,10,a1a5bad0-30ca-5727-b1d6-9e34f59daa2c,1.000,BOX,676.52,EUR,2026-02-25,Planned maintenance
24f00eb5-b09e-5d87-814e-d2230e77c58c,2026-01-18T08:00:00Z,system,2026-01-18T08:00:00Z,system,93540365-7e35-56b1-b5a1-e45f12016739,20,a09d3b3c-22f6-56c6-93d4-2863d0444e94,2.000,L,1519.81,EUR,2026-02-25,
1ace9ad1-4389-5ef0-b5b4-ca03a63160ca,2026-01-18T08:00:00Z,system,2026-01-18T08:00:00Z,system,93540365-7e35-56b1-b5a1-e45f12016739,30,94288f21-6926-5da3-827e-38477bc97581,10.000,L,1122.57,EUR,2026-02-25,
d48d6630-6792-51b2-8734-ba098316222c,2026-02-08T08:00:00Z,system,2026-02-08T08:00:00Z,system,19a04d7a-c167-58c2-96be-d1a09d73ad4e,10,80c11da5-9f8d-5b62-9f22-c377427c0d7f,5.000,M,1838.36,EUR,2026-04-11,Replacement stock
db4d23ab-8654-52c9-963e-42d03b0ec84a,2026-02-08T08:00:00Z,system,2026-02-08T08:00:00Z,system,19a04d7a-c167-58c2-96be-d1a09d73ad4e,20,5ed4476d-3306-5591-960f-4c8a96c6dae8,10.000,BOX,1657.91,EUR,2026-04-11,Production demand
26a247e6-b41f-5dbf-99dc-44351ee5abd8,2026-02-08T08:00:00Z,system,2026-02-08T08:00:00Z,system,19a04d7a-c167-58c2-96be-d1a09d73ad4e,30,5994f62a-190b-5f64-a95c-9773a244fa2e,5.000,SET,1642.10,EUR,2026-04-11,Planned maintenance
c7bb0401-0dda-5894-bbc1-b3656d48b273,2026-07-22T08:00:00Z,system,2026-07-22T08:00:00Z,system,f88267a9-55be-5b5d-b809-2eeb5bf70d38,10,449f174d-239f-5c9f-803d-0af1ffe5acb3,20.000,L,106.84,EUR,2026-08-14,
0ea43565-f609-5d71-a2db-a35c91491177,2026-07-22T08:00:00Z,system,2026-07-22T08:00:00Z,system,f88267a9-55be-5b5d-b809-2eeb5bf70d38,20,f79ddad3-8785-5bbe-8cf9-08b1a4c43cb1,150.000,KG,9.33,EUR,2026-08-14,Standard requirement
811be6b2-e197-5078-a469-c95249de5628,2026-07-22T08:00:00Z,system,2026-07-22T08:00:00Z,system,f88267a9-55be-5b5d-b809-2eeb5bf70d38,30,a09d3b3c-22f6-56c6-93d4-2863d0444e94,150.000,L,1668.17,EUR,2026-08-14,Replacement stock
05b162cc-266e-557f-a07f-2526d6ef1660,2026-07-04T08:00:00Z,system,2026-07-04T08:00:00Z,system,b32dc88f-6d23-5bb2-be31-dada15f96a20,10,4cdd9f3f-a827-56ea-9bb0-828fa902a883,150.000,KG,1.66,EUR,2026-09-02,Standard requirement
56b2544c-0048-5933-89e0-a0252a7587c1,2026-07-04T08:00:00Z,system,2026-07-04T08:00:00Z,system,b32dc88f-6d23-5bb2-be31-dada15f96a20,20,b96b5fc7-bf71-5802-87c3-a74c4dd012f4,25.000,EA,721.77,EUR,2026-09-02,Production demand
1b11fa3a-0f81-503a-8e1b-e8695e9b91ea,2026-07-04T08:00:00Z,system,2026-07-04T08:00:00Z,system,b32dc88f-6d23-5bb2-be31-dada15f96a20,30,a826e0c2-43dd-5a6b-a002-5f2510a4b1f5,50.000,L,1298.24,EUR,2026-09-02,Planned maintenance
840f5bea-9e36-5c1e-b7f1-12ac55968900,2026-03-28T08:00:00Z,system,2026-03-28T08:00:00Z,system,acacfd62-20ec-55a4-be4e-a4b0ff65332f,10,f79ddad3-8785-5bbe-8cf9-08b1a4c43cb1,50.000,KG,10.87,EUR,2026-05-26,
ccee2761-b50f-548f-b6a1-d818bb16cae7,2026-06-01T08:00:00Z,system,2026-06-01T08:00:00Z,system,776b2136-536e-58fa-a87f-d67da6dcca2e,10,4d8b3cb8-4991-55ac-afa4-443fd1749bfb,10.000,KG,23.31,EUR,2026-07-18,Standard requirement
6e8c91b3-9c6a-5839-bd77-422da4abd33e,2026-06-01T08:00:00Z,system,2026-06-01T08:00:00Z,system,776b2136-536e-58fa-a87f-d67da6dcca2e,20,8407ccad-dc71-5f5d-bf6c-5c34f5e1b0ce,1.000,M,1731.77,EUR,2026-07-18,Planned maintenance
c51919da-a059-5fb8-9fe0-9a1ec133aaab,2026-06-01T08:00:00Z,system,2026-06-01T08:00:00Z,system,776b2136-536e-58fa-a87f-d67da6dcca2e,30,cff52af4-5fdd-5e0b-be96-5b7ede153dbb,5.000,SET,938.35,EUR,2026-07-18,Planned maintenance
f9bbd5c0-b67e-5ed3-97be-cce32dea7173,2026-06-01T08:00:00Z,system,2026-06-01T08:00:00Z,system,776b2136-536e-58fa-a87f-d67da6dcca2e,40,1455dc98-f7ae-5a52-9c81-dc7663903a45,2.000,KG,24.35,EUR,2026-07-18,
81aefe35-618e-59d6-be51-4ec4e9351bf7,2025-09-01T08:00:00Z,system,2025-09-01T08:00:00Z,system,ac6a2dad-237e-57f4-ac65-1052624c406e,10,88ec57c2-4bd1-5167-8c0f-b46a5404ea75,100.000,M,1176.23,EUR,2025-10-05,Production demand
1c77b231-a0f9-51ce-9f29-1b8b63f7e9eb,2026-06-02T08:00:00Z,system,2026-06-02T08:00:00Z,system,8b81de4c-f53e-5e45-90f7-a22e24a3bdae,10,24e149d4-fbad-5890-a7ee-15a416fd63bc,2.000,SET,285.18,EUR,2026-06-30,Production demand
f2d4fa4f-6a15-526f-a62f-0f6d0f21f849,2026-06-02T08:00:00Z,system,2026-06-02T08:00:00Z,system,8b81de4c-f53e-5e45-90f7-a22e24a3bdae,20,dc089f09-34df-5a3e-bedb-2c2e0f21465e,200.000,L,1470.70,EUR,2026-06-30,Replacement stock
4d472c33-c5b3-55cb-8dd7-ea03d566644e,2026-06-02T08:00:00Z,system,2026-06-02T08:00:00Z,system,8b81de4c-f53e-5e45-90f7-a22e24a3bdae,30,748d36d0-ad0a-5e2f-ae52-4b9bd4ac6a44,1.000,M,2051.53,EUR,2026-06-30,Replacement stock
1d5c50fc-d720-5eeb-b8ad-4112ef72dd07,2026-06-02T08:00:00Z,system,2026-06-02T08:00:00Z,system,8b81de4c-f53e-5e45-90f7-a22e24a3bdae,40,cbe6be44-8e37-53b6-99d6-fc5a8a20190d,100.000,L,2552.61,EUR,2026-06-30,Standard requirement
76224bb7-1608-5238-a1ef-f0bcd788adc9,2026-07-04T08:00:00Z,system,2026-07-04T08:00:00Z,system,4623354c-7bf9-5ded-9eb6-24f0db2f7dd3,10,6d2d9d2e-3534-5a9b-a2d9-67471b6743ab,75.000,EA,519.74,EUR,2026-07-11,Standard requirement
f34e1a2f-2089-5b90-9c63-b90c781f9fce,2026-07-04T08:00:00Z,system,2026-07-04T08:00:00Z,system,4623354c-7bf9-5ded-9eb6-24f0db2f7dd3,20,2e04e317-f482-5ac1-936d-a38a95e8c762,200.000,M,1693.35,EUR,2026-07-11,
d070269e-90d3-5082-84b2-59ee730d6bfb,2026-07-04T08:00:00Z,system,2026-07-04T08:00:00Z,system,4623354c-7bf9-5ded-9eb6-24f0db2f7dd3,30,62215843-653f-5439-87fb-5f7f5b5dcd02,100.000,L,295.08,EUR,2026-07-11,Production demand
5c82cbcb-f159-509b-b77a-f9bf06485c53,2026-07-04T08:00:00Z,system,2026-07-04T08:00:00Z,system,4623354c-7bf9-5ded-9eb6-24f0db2f7dd3,40,f95fbe47-9c5c-5d2b-a38e-c84f39513733,2.000,M,684.47,EUR,2026-07-11,
996b2b30-0333-57da-830f-14b4131e9f7a,2025-10-02T08:00:00Z,system,2025-10-02T08:00:00Z,system,93f50094-b86d-5af6-b35c-52657fad6650,10,11bcb360-c513-556e-a8ed-3b43d3afbb6d,20.000,L,2025.99,EUR,2025-12-10,Standard requirement
4d989e4a-d24e-58b2-adc8-3248ff0ec2ac,2026-07-08T08:00:00Z,system,2026-07-08T08:00:00Z,system,5862aec3-c2ff-5137-9e5f-b088d291ea10,10,d0cb5824-8127-5ca6-8364-98b5469fc7c7,2.000,EA,1296.76,EUR,2026-08-09,
d6c1f7a1-5d58-558a-bedf-43d92c55803c,2026-07-08T08:00:00Z,system,2026-07-08T08:00:00Z,system,5862aec3-c2ff-5137-9e5f-b088d291ea10,20,df47ed4b-da4f-5c58-b596-f38d4082538d,1.000,EA,1679.95,EUR,2026-08-09,
e4a0648e-cf76-50fe-9baa-ee168f7c476d,2026-07-08T08:00:00Z,system,2026-07-08T08:00:00Z,system,5862aec3-c2ff-5137-9e5f-b088d291ea10,30,fcd3a87b-71f1-5871-b12a-5cf7f75c379d,2.000,M,94.58,EUR,2026-08-09,
9946d721-b272-5298-8717-832ae1316e00,2025-11-04T08:00:00Z,system,2025-11-04T08:00:00Z,system,98ce1073-df64-51ae-aeaf-c57286c6f1bb,10,9390c973-ffaf-555f-9cb1-d1547db4c4d9,50.000,SET,1751.96,EUR,2025-12-20,Replacement stock
963b87c2-7c17-5313-b749-54ae4f3fee99,2025-11-04T08:00:00Z,system,2025-11-04T08:00:00Z,system,98ce1073-df64-51ae-aeaf-c57286c6f1bb,20,12c9f3ae-d18d-52d5-8792-59bbe20067a0,2.000,L,1470.21,EUR,2025-12-20,
1408fa72-67b8-5edc-9005-623ef4b5c2ed,2025-11-04T08:00:00Z,system,2025-11-04T08:00:00Z,system,98ce1073-df64-51ae-aeaf-c57286c6f1bb,30,7a0573af-19d9-5fce-a1fb-edef3b2a16d3,2.000,EA,1864.33,EUR,2025-12-20,Replacement stock
e60bfdf2-635a-5ee1-a74e-b505f144b7d0,2025-11-04T08:00:00Z,system,2025-11-04T08:00:00Z,system,98ce1073-df64-51ae-aeaf-c57286c6f1bb,40,d96ec281-e3a6-5aba-b6f4-379e05515ef4,25.000,SET,1278.45,EUR,2025-12-20,Replacement stock
b424b079-0007-5002-9c89-9876441e8f5f,2026-03-23T08:00:00Z,system,2026-03-23T08:00:00Z,system,2bb46223-bb51-5148-b293-0baaa7429ee9,10,6c7c41de-f18d-5d68-9697-8f8c32cb9e5e,10.000,M,1878.82,EUR,2026-04-18,Standard requirement
6b573453-cb2d-5b6b-bf4d-c9c577de3af0,2026-03-23T08:00:00Z,system,2026-03-23T08:00:00Z,system,2bb46223-bb51-5148-b293-0baaa7429ee9,20,8955b821-56c4-50e4-a768-f8cd91a81833,150.000,BOX,1826.26,EUR,2026-04-18,Replacement stock
a6b2dbf1-aaf2-54dc-b9c5-c30cb1e99329,2026-05-11T08:00:00Z,system,2026-05-11T08:00:00Z,system,bef686fe-6af3-543f-9d81-7dbd6760fb0b,10,9390c973-ffaf-555f-9cb1-d1547db4c4d9,25.000,SET,1496.40,EUR,2026-07-14,Planned maintenance
8c9bc718-8376-5d9e-8ee2-80e53a3a2616,2026-05-11T08:00:00Z,system,2026-05-11T08:00:00Z,system,bef686fe-6af3-543f-9d81-7dbd6760fb0b,20,b195eb87-b559-5dc2-9e04-6eabb78ca3ef,20.000,SET,1904.70,EUR,2026-07-14,Replacement stock
1e4e2fc0-5796-5b89-aaae-a1c7370fe2c5,2026-07-16T08:00:00Z,system,2026-07-16T08:00:00Z,system,6eeb3946-e78f-587f-9877-2bc3b0391430,10,d7792ea6-2faa-5ee1-b515-6b526ad9efbb,25.000,BOX,1613.88,EUR,2026-09-12,Replacement stock
45489bc8-12c4-56f6-b20f-1d4d86c5a98a,2025-12-30T08:00:00Z,system,2025-12-30T08:00:00Z,system,335ca9fc-a1d4-5ecd-b141-0812d24daa63,10,af970570-0e69-5aa7-a1fd-93cea6d022c8,5.000,BOX,798.49,EUR,2026-01-14,Replacement stock
d10274a3-2159-5b87-bdd9-f781f6814218,2025-12-30T08:00:00Z,system,2025-12-30T08:00:00Z,system,335ca9fc-a1d4-5ecd-b141-0812d24daa63,20,3fc74a3b-0832-5675-b9fe-287a90de3ba8,150.000,EA,399.07,EUR,2026-01-14,Standard requirement
6cc25011-96c0-523a-8919-d684e4b0b703,2025-12-30T08:00:00Z,system,2025-12-30T08:00:00Z,system,335ca9fc-a1d4-5ecd-b141-0812d24daa63,30,4c30fa9e-b4c6-593b-975f-b5c99a3fa9b1,5.000,M,588.83,EUR,2026-01-14,Planned maintenance
acf2ee54-b87c-56fb-81c4-7d7e0c3b1622,2026-06-26T08:00:00Z,system,2026-06-26T08:00:00Z,system,da557484-b1ae-547d-a818-7601cae7b216,10,33565d42-f2c6-5728-b582-d95f8618e410,75.000,BOX,1348.59,EUR,2026-08-26,
754eef5e-9ca3-56ae-9621-479a350d8888,2026-05-03T08:00:00Z,system,2026-05-03T08:00:00Z,system,0c091381-35d0-5d20-86ef-77a8ad5a49f7,10,b96b5fc7-bf71-5802-87c3-a74c4dd012f4,2.000,EA,649.13,EUR,2026-06-30,
dc29ee3d-ebd6-5ba6-a684-e2c007d2f73d,2026-05-03T08:00:00Z,system,2026-05-03T08:00:00Z,system,0c091381-35d0-5d20-86ef-77a8ad5a49f7,20,bf264e10-7f30-5dfa-9770-1c2548ee3255,10.000,EA,1759.01,EUR,2026-06-30,Production demand
71ff340c-485b-56d7-a047-6277ba5f7939,2026-05-03T08:00:00Z,system,2026-05-03T08:00:00Z,system,0c091381-35d0-5d20-86ef-77a8ad5a49f7,30,272957c5-680c-5583-a4ae-d8350def996c,20.000,BOX,1707.04,EUR,2026-06-30,Planned maintenance
62d21060-6ddc-5181-9c19-efa8ba14c792,2026-05-03T08:00:00Z,system,2026-05-03T08:00:00Z,system,0c091381-35d0-5d20-86ef-77a8ad5a49f7,40,33b58793-6f12-50d8-b5ed-f4aaefc6d3f0,1.000,M,69.02,EUR,2026-06-30,Standard requirement
bf3a5321-9efa-54e6-9203-eec9cbbf11f4,2025-09-01T08:00:00Z,system,2025-09-01T08:00:00Z,system,ba89b5fb-d37e-5590-b4c9-3ce6b92b6059,10,3b977897-9c14-59e5-a889-922436cc6be2,1.000,EA,554.90,EUR,2025-10-11,Production demand
b65dabba-a671-5e82-8871-dca59f8d95db,2025-09-01T08:00:00Z,system,2025-09-01T08:00:00Z,system,ba89b5fb-d37e-5590-b4c9-3ce6b92b6059,20,cff52af4-5fdd-5e0b-be96-5b7ede153dbb,150.000,SET,886.63,EUR,2025-10-11,
205b83a2-762b-5e68-8067-f332af6b795f,2025-09-01T08:00:00Z,system,2025-09-01T08:00:00Z,system,ba89b5fb-d37e-5590-b4c9-3ce6b92b6059,30,b48aeed1-7840-500f-a433-e19c16974f9d,75.000,SET,1551.31,EUR,2025-10-11,Standard requirement
b8986586-ad6d-5e6a-883d-582e214d667b,2025-09-01T08:00:00Z,system,2025-09-01T08:00:00Z,system,ba89b5fb-d37e-5590-b4c9-3ce6b92b6059,40,272957c5-680c-5583-a4ae-d8350def996c,5.000,BOX,1689.13,EUR,2025-10-11,
c2aeba5e-39a6-54a4-b327-b80c3ba9a52b,2026-05-12T08:00:00Z,system,2026-05-12T08:00:00Z,system,3c5e36fb-5a9a-5db0-b0cd-1f403e6d32ad,10,f968e107-0cac-5cfd-a628-d3aa05f1e38d,100.000,EA,1028.24,EUR,2026-07-18,Planned maintenance
728fd1c4-8c1e-515d-9b11-4f9685ee5e78,2026-05-12T08:00:00Z,system,2026-05-12T08:00:00Z,system,3c5e36fb-5a9a-5db0-b0cd-1f403e6d32ad,20,c21a05cd-e0c4-5233-b2b3-69e0eadd9d50,10.000,EA,953.86,EUR,2026-07-18,Standard requirement
fd5ad094-e21f-5a63-9503-0fe210ce5d1b,2026-03-20T08:00:00Z,system,2026-03-20T08:00:00Z,system,ee029009-a314-539c-934c-5ff47a1845e9,10,6be44d6c-c457-5100-971c-5640df33eb4b,10.000,SET,510.61,EUR,2026-04-13,Production demand
90fbfe1e-78f0-5f8c-8b6e-26232f7344b3,2025-11-27T08:00:00Z,system,2025-11-27T08:00:00Z,system,e4a356a6-1964-5a57-9320-840a9f067213,10,9f268dd5-b99b-5f85-935d-cd614d5d12ad,25.000,KG,24.70,EUR,2025-12-18,Planned maintenance
c03edca9-220d-53b8-a4f6-6f6c2c6ebc3d,2025-11-27T08:00:00Z,system,2025-11-27T08:00:00Z,system,e4a356a6-1964-5a57-9320-840a9f067213,20,48cb4f21-8c1b-5570-a07c-08c09fbf0ce6,20.000,SET,792.26,EUR,2025-12-18,Standard requirement
cc48031b-bf24-535a-8642-45eec729d0a1,2025-11-27T08:00:00Z,system,2025-11-27T08:00:00Z,system,e4a356a6-1964-5a57-9320-840a9f067213,30,72fab673-0e1b-50ad-a07f-80c4221c1763,200.000,BOX,2368.19,EUR,2025-12-18,Replacement stock
349770c6-b30c-517c-a65b-49308be62194,2025-12-16T08:00:00Z,system,2025-12-16T08:00:00Z,system,b7def990-1fd2-527e-b140-5e29f412a0fd,10,571479d1-0b4f-5e80-b110-0e3e87a27f94,75.000,EA,1664.42,EUR,2026-01-19,Standard requirement
04edc421-9c44-54f5-b625-37ff5177f745,2025-12-16T08:00:00Z,system,2025-12-16T08:00:00Z,system,b7def990-1fd2-527e-b140-5e29f412a0fd,20,cc5afda5-c29c-592b-ab4e-304a522f6af7,50.000,L,1584.34,EUR,2026-01-19,Production demand
03dca70e-cc2a-5a4a-af97-d6176d54ede3,2025-12-16T08:00:00Z,system,2025-12-16T08:00:00Z,system,b7def990-1fd2-527e-b140-5e29f412a0fd,30,26b04983-d84b-57db-acd1-68d00120334b,1.000,L,1334.54,EUR,2026-01-19,Standard requirement
abcad494-b961-55b2-9327-29922cf66d88,2025-12-16T08:00:00Z,system,2025-12-16T08:00:00Z,system,b7def990-1fd2-527e-b140-5e29f412a0fd,40,75f1b42f-e0d3-559b-883f-62a8bd802d21,100.000,L,22.91,EUR,2026-01-19,Standard requirement
ce91f009-9011-5e86-b29f-cba54b297c95,2026-06-08T08:00:00Z,system,2026-06-08T08:00:00Z,system,65d33d3d-324a-5fe5-898f-ea582a14404e,10,b121cc73-e21b-5700-aed3-23e3f1122454,2.000,EA,612.12,EUR,2026-06-21,Production demand
9b5dadf3-5245-5e35-b192-fa9aba5b91a4,2026-06-08T08:00:00Z,system,2026-06-08T08:00:00Z,system,65d33d3d-324a-5fe5-898f-ea582a14404e,20,37c4d2f8-f57c-5a2d-a98c-e54c9a60f9b2,100.000,KG,27.57,EUR,2026-06-21,Production demand
fc791f58-2030-5aed-a27e-2b5606d0bbc3,2026-06-08T08:00:00Z,system,2026-06-08T08:00:00Z,system,65d33d3d-324a-5fe5-898f-ea582a14404e,30,6ac6dbb0-6c7a-557d-b7d3-20ec8a1e7bc9,50.000,SET,1073.54,EUR,2026-06-21,Replacement stock
080238e7-41f7-56ea-89e0-8cf67822f279,2026-01-20T08:00:00Z,system,2026-01-20T08:00:00Z,system,c55f9f7f-9902-5e9a-890c-ecd8e68a9d5b,10,65a789a9-af01-5a64-8f47-133346520088,50.000,L,2356.91,EUR,2026-03-19,Production demand
18737f0f-547d-565d-987e-1d83ed30b4f8,2026-01-20T08:00:00Z,system,2026-01-20T08:00:00Z,system,c55f9f7f-9902-5e9a-890c-ecd8e68a9d5b,20,33a77c1e-2f02-54f3-aaf8-2d033e03a54f,25.000,EA,306.16,EUR,2026-03-19,Replacement stock
bc29cd86-7ca9-5232-a53b-606565d5b859,2026-01-20T08:00:00Z,system,2026-01-20T08:00:00Z,system,c55f9f7f-9902-5e9a-890c-ecd8e68a9d5b,30,92383fa1-d27d-5e6a-b93a-e9f0ff565f05,10.000,EA,965.46,EUR,2026-03-19,
c4199031-f020-5f34-91ad-6fddf59a5bbf,2026-06-05T08:00:00Z,system,2026-06-05T08:00:00Z,system,59a2f99b-ff23-5b5a-ad77-df5fbbd73f93,10,7f697323-30b6-54c7-bac6-3b08c847d275,2.000,M,1924.55,EUR,2026-07-20,
3fe3b9ea-fe1c-5907-af01-56d7f705e491,2026-06-05T08:00:00Z,system,2026-06-05T08:00:00Z,system,59a2f99b-ff23-5b5a-ad77-df5fbbd73f93,20,cf47eab7-b618-56ca-8312-fe97b2569fb6,200.000,BOX,394.84,EUR,2026-07-20,Standard requirement
f6690df1-bb04-571d-a728-1857c6bf5a44,2026-06-05T08:00:00Z,system,2026-06-05T08:00:00Z,system,59a2f99b-ff23-5b5a-ad77-df5fbbd73f93,30,61c9dd7a-23b2-51ce-a4f8-1ecaedb8b55e,5.000,SET,1836.25,EUR,2026-07-20,Production demand
1b3e53ab-0c78-52a4-84f4-df27988b1022,2026-06-05T08:00:00Z,system,2026-06-05T08:00:00Z,system,59a2f99b-ff23-5b5a-ad77-df5fbbd73f93,40,df47ed4b-da4f-5c58-b596-f38d4082538d,10.000,EA,1542.85,EUR,2026-07-20,Planned maintenance
fdf9fbc5-5b82-5597-86a4-c52717313f3f,2025-09-06T08:00:00Z,system,2025-09-06T08:00:00Z,system,7faf1e26-fdf1-5344-b297-d04e55ea0ae5,10,5ff325a3-cf1b-5887-bd0f-e1da5d5e6a57,200.000,BOX,843.79,EUR,2025-11-06,Production demand
fefce66f-5a22-59f5-83d7-2e6fb3713a6b,2025-09-06T08:00:00Z,system,2025-09-06T08:00:00Z,system,7faf1e26-fdf1-5344-b297-d04e55ea0ae5,20,e78a29f5-6b77-5c64-a898-2ef9faf92f91,5.000,KG,19.41,EUR,2025-11-06,Replacement stock
98e7445c-cd46-519a-a347-7305aab7fd3c,2026-03-14T08:00:00Z,system,2026-03-14T08:00:00Z,system,91ad8e76-31c5-5807-bdaf-184bf686815f,10,6c7c41de-f18d-5d68-9697-8f8c32cb9e5e,1.000,M,2044.28,EUR,2026-03-23,
ae92d083-32a7-56bd-9acb-7d036dd560e9,2026-02-23T08:00:00Z,system,2026-02-23T08:00:00Z,system,b2804d80-df45-5511-98b7-d2fd752616f7,10,384f66ad-b02f-5061-83cb-3ace1601e8d3,200.000,SET,1790.94,EUR,2026-03-03,Production demand
6072d11d-ce05-57e0-859b-6fb47330c584,2026-04-01T08:00:00Z,system,2026-04-01T08:00:00Z,system,d3e416d4-50f0-578b-9e02-60e2ed72da9f,10,972054fa-e98c-5fa7-b5a0-eef2c0bddc26,10.000,M,902.15,EUR,2026-06-06,Planned maintenance
ae633d96-8b0b-5d79-8ca4-909d848d9eeb,2026-01-04T08:00:00Z,system,2026-01-04T08:00:00Z,system,897a51ff-37d9-55a7-a4bf-0fb02aadc74f,10,76540a83-8375-53ea-a170-4e4e171d11cd,200.000,KG,30.89,EUR,2026-02-22,Production demand
edc91a8b-f9a8-5e9b-99b5-ae17bcc77fbd,2026-07-05T08:00:00Z,system,2026-07-05T08:00:00Z,system,3376a935-de2f-5e53-b017-d04e84da5946,10,559354e7-7937-5578-baa8-6d7ae9f39b6f,50.000,BOX,865.49,EUR,2026-07-20,Production demand
a94e0c50-9932-5f35-8a48-4640e35a430d,2026-07-05T08:00:00Z,system,2026-07-05T08:00:00Z,system,3376a935-de2f-5e53-b017-d04e84da5946,20,6febc7d4-a6f9-547c-bdef-f6c3c7cebf1b,25.000,BOX,922.62,EUR,2026-07-20,Replacement stock
56535cd2-26b1-57f1-8d40-f0690f323a44,2026-07-05T08:00:00Z,system,2026-07-05T08:00:00Z,system,3376a935-de2f-5e53-b017-d04e84da5946,30,5e0e22e5-d386-54e2-bfeb-2492f8c12bc4,50.000,L,1928.33,EUR,2026-07-20,Replacement stock
140e958a-be0a-5dd9-9555-5cd199aa066b,2026-07-05T08:00:00Z,system,2026-07-05T08:00:00Z,system,3376a935-de2f-5e53-b017-d04e84da5946,40,781e49c0-8999-50e8-9276-e1fc0e9e29ca,50.000,EA,2485.90,EUR,2026-07-20,Planned maintenance
cacc8ee1-d772-5b29-8485-8e3899cd589d,2026-01-31T08:00:00Z,system,2026-01-31T08:00:00Z,system,2d2d4296-3e55-5499-94ab-3b9ea6351ccc,10,6be44d6c-c457-5100-971c-5640df33eb4b,10.000,SET,485.75,EUR,2026-02-15,
82c05a92-0da8-50b8-bb00-e7ee5ae98b21,2026-01-31T08:00:00Z,system,2026-01-31T08:00:00Z,system,2d2d4296-3e55-5499-94ab-3b9ea6351ccc,20,b5842b92-2db0-59f1-bfed-7a5db5a20938,5.000,L,332.71,EUR,2026-02-15,Production demand
88e19bf6-e2fe-5d3f-92c8-fd20e9a7af83,2026-01-31T08:00:00Z,system,2026-01-31T08:00:00Z,system,2d2d4296-3e55-5499-94ab-3b9ea6351ccc,30,99390864-f827-5aef-be8a-287357eedb0f,100.000,BOX,2182.01,EUR,2026-02-15,Replacement stock
319ff01b-cb9b-5f19-8b84-b5d9e4574617,2025-10-22T08:00:00Z,system,2025-10-22T08:00:00Z,system,831fe291-7a3b-5097-9aa1-51e89e503103,10,3b977897-9c14-59e5-a889-922436cc6be2,2.000,EA,541.53,EUR,2025-11-15,Planned maintenance
c0e221c1-de39-57a1-9df6-fad1d9e82a4d,2025-10-22T08:00:00Z,system,2025-10-22T08:00:00Z,system,831fe291-7a3b-5097-9aa1-51e89e503103,20,f84d7723-0164-5c03-952b-c6a6bd546739,100.000,EA,2447.95,EUR,2025-11-15,
39c63458-9164-52cc-8b9c-ad6b4cf3b753,2025-10-22T08:00:00Z,system,2025-10-22T08:00:00Z,system,831fe291-7a3b-5097-9aa1-51e89e503103,30,7a0573af-19d9-5fce-a1fb-edef3b2a16d3,25.000,EA,1889.02,EUR,2025-11-15,Planned maintenance
25845126-6496-59e9-815f-76ddb3b3de51,2025-10-22T08:00:00Z,system,2025-10-22T08:00:00Z,system,831fe291-7a3b-5097-9aa1-51e89e503103,40,04c6ce4d-e9ec-5c21-9f43-b4b251046c2f,50.000,M,1108.22,EUR,2025-11-15,Production demand
06637e2b-d1a4-5071-b790-bb907940dcc0,2026-02-18T08:00:00Z,system,2026-02-18T08:00:00Z,system,e6deb24d-9493-5274-ab4e-b433aaa10e07,10,c1a24447-ba94-5724-9a1d-064a2c0b2811,20.000,SET,1094.76,EUR,2026-03-21,
201a8dfa-13da-5540-acb6-a71d4f6d5696,2026-06-21T08:00:00Z,system,2026-06-21T08:00:00Z,system,4dbc4670-ae15-5650-b658-0788d7d262da,10,272957c5-680c-5583-a4ae-d8350def996c,25.000,BOX,1599.82,EUR,2026-08-09,
2fc6dcc1-f574-5293-b73f-b3ccf5e22cff,2026-04-22T08:00:00Z,system,2026-04-22T08:00:00Z,system,07e3a9c9-477e-5b99-8a3f-0ee47b93467b,10,2e938e1a-7d1e-5084-9f28-14acf3a39a7c,10.000,SET,2328.08,EUR,2026-05-15,Production demand
0ff04e62-3eea-5247-a41c-5c050dd4e8fe,2026-04-22T08:00:00Z,system,2026-04-22T08:00:00Z,system,07e3a9c9-477e-5b99-8a3f-0ee47b93467b,20,1dd3c172-1e4d-56ef-89b5-1f44bd31959f,50.000,M,2393.71,EUR,2026-05-15,Standard requirement
8886ee29-5e79-5ce8-8ee8-5383548303ab,2026-04-22T08:00:00Z,system,2026-04-22T08:00:00Z,system,07e3a9c9-477e-5b99-8a3f-0ee47b93467b,30,6f137624-ae20-5016-9d90-8e735016ca60,10.000,BOX,2132.96,EUR,2026-05-15,Replacement stock
30b1e8da-d1d5-5d76-a456-b06eedec3f99,2026-04-22T08:00:00Z,system,2026-04-22T08:00:00Z,system,07e3a9c9-477e-5b99-8a3f-0ee47b93467b,40,6b8b9c0c-ca33-51c4-9164-471f4abb4160,20.000,BOX,1719.26,EUR,2026-05-15,Production demand
9a4741bc-0725-50b3-91e3-1ca4234bbe43,2026-04-15T08:00:00Z,system,2026-04-15T08:00:00Z,system,fe63d324-e14b-5b81-9d92-23df9cbbfbfd,10,748d36d0-ad0a-5e2f-ae52-4b9bd4ac6a44,25.000,M,1947.11,EUR,2026-04-26,Planned maintenance
73bc11a8-3d1b-5bee-89f3-a7b442030d45,2026-04-15T08:00:00Z,system,2026-04-15T08:00:00Z,system,fe63d324-e14b-5b81-9d92-23df9cbbfbfd,20,b565639f-0e27-5958-90ec-8e31f21798a1,20.000,KG,6.75,EUR,2026-04-26,Production demand
5e91842e-4f7c-59ab-ba00-3f5315955ae7,2026-04-15T08:00:00Z,system,2026-04-15T08:00:00Z,system,fe63d324-e14b-5b81-9d92-23df9cbbfbfd,30,11887a5e-152e-56c0-9b50-7d5495fe3b5a,25.000,L,230.67,EUR,2026-04-26,Standard requirement
af0f1d49-0450-510d-8c97-3825543cf9f0,2026-03-25T08:00:00Z,system,2026-03-25T08:00:00Z,system,8900bcd7-2744-553b-a5fb-c39d486243c5,10,d3c939e0-3924-58da-a01d-c79899d13ee4,150.000,EA,2496.18,EUR,2026-04-13,Production demand
c47379d7-32c6-5168-ba67-e70213ae87eb,2026-03-25T08:00:00Z,system,2026-03-25T08:00:00Z,system,8900bcd7-2744-553b-a5fb-c39d486243c5,20,6d2d9d2e-3534-5a9b-a2d9-67471b6743ab,100.000,EA,552.01,EUR,2026-04-13,Planned maintenance
de433caf-ffe7-58ba-86fa-69dda08399fe,2026-03-25T08:00:00Z,system,2026-03-25T08:00:00Z,system,8900bcd7-2744-553b-a5fb-c39d486243c5,30,b565639f-0e27-5958-90ec-8e31f21798a1,5.000,KG,6.89,EUR,2026-04-13,Replacement stock
832a87a5-f82f-5eab-ad95-c6924004de1e,2026-03-25T08:00:00Z,system,2026-03-25T08:00:00Z,system,8900bcd7-2744-553b-a5fb-c39d486243c5,40,4ab6e929-df87-5d07-b36e-bc3c2033a2c4,25.000,BOX,2202.21,EUR,2026-04-13,Standard requirement
9d970be9-e784-5b7c-bcd3-e2c90a127c8e,2025-11-13T08:00:00Z,system,2025-11-13T08:00:00Z,system,17425679-74b9-5c7a-b0a1-a347e48e968e,10,571479d1-0b4f-5e80-b110-0e3e87a27f94,1.000,EA,1584.72,EUR,2025-12-27,
87c47812-4f5c-5e47-9aae-ed1a4583e646,2025-11-13T08:00:00Z,system,2025-11-13T08:00:00Z,system,17425679-74b9-5c7a-b0a1-a347e48e968e,20,596f3822-e07b-55ed-bd48-239fb3db0e77,10.000,KG,26.36,EUR,2025-12-27,Standard requirement
78087efa-defd-5c63-a925-84a69bf62cfc,2025-11-13T08:00:00Z,system,2025-11-13T08:00:00Z,system,17425679-74b9-5c7a-b0a1-a347e48e968e,30,26b04983-d84b-57db-acd1-68d00120334b,25.000,L,1267.01,EUR,2025-12-27,Production demand
478f999f-dc5a-57ff-bd20-8b9aede576f2,2026-03-08T08:00:00Z,system,2026-03-08T08:00:00Z,system,cbdce86c-8691-5a3b-a5d1-e2ce0a800a12,10,60f8eac8-7f04-549c-a5f3-331eb9014d8a,200.000,SET,211.00,EUR,2026-05-21,Replacement stock
834d3920-fccf-52de-9d56-778b92cd6a8a,2026-03-08T08:00:00Z,system,2026-03-08T08:00:00Z,system,cbdce86c-8691-5a3b-a5d1-e2ce0a800a12,20,9e7b19d9-c9c7-562c-b69b-23994f239c49,2.000,EA,1078.32,EUR,2026-05-21,Replacement stock
17f50a50-7097-53e7-8ea5-776ef70d6eaf,2026-01-24T08:00:00Z,system,2026-01-24T08:00:00Z,system,b05f6c5e-12e9-56be-bbbf-613c6b5a0309,10,a77973af-89ac-57a4-be5e-db2cafc9e932,200.000,BOX,1406.30,EUR,2026-03-30,Planned maintenance
6e3710a6-d859-5c02-9ae5-05f7bbd733a8,2026-01-24T08:00:00Z,system,2026-01-24T08:00:00Z,system,b05f6c5e-12e9-56be-bbbf-613c6b5a0309,20,33a43adc-6963-52ef-b1d3-fd2492991b07,5.000,EA,1995.64,EUR,2026-03-30,
f070d5c9-60c2-5bd5-a87f-b1545d48a5d5,2026-01-24T08:00:00Z,system,2026-01-24T08:00:00Z,system,b05f6c5e-12e9-56be-bbbf-613c6b5a0309,30,d6f533a8-8f0b-5261-807a-7b1afa741e60,75.000,KG,4.38,EUR,2026-03-30,Production demand
d2908688-7e7d-5a8a-8073-a5f6040c8992,2026-01-24T08:00:00Z,system,2026-01-24T08:00:00Z,system,b05f6c5e-12e9-56be-bbbf-613c6b5a0309,40,bbccc08a-f2c9-5ff6-a628-fb59284b03ec,1.000,SET,103.06,EUR,2026-03-30,Planned maintenance
d4ece51c-c7cb-5a7e-ad8b-333f836ed745,2025-12-02T08:00:00Z,system,2025-12-02T08:00:00Z,system,4e8e1143-f79d-5f7a-a854-649c274242c5,10,a09d3b3c-22f6-56c6-93d4-2863d0444e94,2.000,L,1610.34,EUR,2026-01-29,Standard requirement
ca2a29e0-0c00-5e0d-917a-147e214976f1,2025-10-03T08:00:00Z,system,2025-10-03T08:00:00Z,system,3f36740e-1035-5fb4-916d-cc9c783f9f04,10,0c9f0a42-1ac7-5282-b469-b088f77d7e6d,2.000,BOX,1305.35,EUR,2025-12-14,Standard requirement
75934c0f-2128-58d8-96f9-18236c72d0c4,2025-10-03T08:00:00Z,system,2025-10-03T08:00:00Z,system,3f36740e-1035-5fb4-916d-cc9c783f9f04,20,a1de9ed1-ec0e-5ccc-86a4-1980e3dfb1ed,150.000,L,548.70,EUR,2025-12-14,Standard requirement
dc60da8d-e3dd-5cef-84e7-b588e2f03c53,2025-09-19T08:00:00Z,system,2025-09-19T08:00:00Z,system,0f526436-ae14-52ff-8f6e-6a817fca39a7,10,3aa391ce-4ff3-5173-9277-83ce43555c7c,100.000,L,98.76,EUR,2025-11-21,Planned maintenance
d54dc3f7-ebb1-5240-bf37-65fe9f0c0954,2025-09-19T08:00:00Z,system,2025-09-19T08:00:00Z,system,0f526436-ae14-52ff-8f6e-6a817fca39a7,20,6409ea13-8e69-5a7d-8700-a21076b19964,50.000,EA,100.00,EUR,2025-11-21,
a98be3f5-6115-5e33-b81e-92e1cc48f3bc,2026-03-26T08:00:00Z,system,2026-03-26T08:00:00Z,system,60807730-97f0-533f-b46a-2c5418599c79,10,33565d42-f2c6-5728-b582-d95f8618e410,10.000,BOX,1352.18,EUR,2026-05-27,
4d0f8911-6437-59b4-9ce0-0feb2a4ee1cf,2026-03-26T08:00:00Z,system,2026-03-26T08:00:00Z,system,60807730-97f0-533f-b46a-2c5418599c79,20,7206ba99-aabc-58a4-962c-b600c27e265f,10.000,KG,35.34,EUR,2026-05-27,Replacement stock
afb67250-6697-5899-ad13-043bd11415f1,2025-10-11T08:00:00Z,system,2025-10-11T08:00:00Z,system,3df5253c-e44f-596c-b71f-a17b67224be8,10,f968e107-0cac-5cfd-a628-d3aa05f1e38d,20.000,EA,1058.35,EUR,2025-11-19,Planned maintenance
2878adbf-b01f-54d9-8d9b-5061985973fa,2025-10-11T08:00:00Z,system,2025-10-11T08:00:00Z,system,3df5253c-e44f-596c-b71f-a17b67224be8,20,4bbe33ac-91fe-5b33-a3a4-57141de4e03e,5.000,M,1672.45,EUR,2025-11-19,Planned maintenance
5dfb3e97-0a61-5c14-a680-18d0cd6664fe,2025-10-11T08:00:00Z,system,2025-10-11T08:00:00Z,system,3df5253c-e44f-596c-b71f-a17b67224be8,30,811092f8-2db7-5749-ad90-adf8763eb900,25.000,EA,509.86,EUR,2025-11-19,Production demand
21bde2fc-558c-5bb0-afcf-8b2bdabdbfa1,2026-04-15T08:00:00Z,system,2026-04-15T08:00:00Z,system,f142575f-f4ba-515c-a03d-a068b99c9fc7,10,272957c5-680c-5583-a4ae-d8350def996c,10.000,BOX,1645.78,EUR,2026-06-05,Production demand
277a91ff-8504-5321-8089-89f6b1e6d051,2026-04-15T08:00:00Z,system,2026-04-15T08:00:00Z,system,f142575f-f4ba-515c-a03d-a068b99c9fc7,20,04c6ce4d-e9ec-5c21-9f43-b4b251046c2f,10.000,M,1047.61,EUR,2026-06-05,
4f5d8224-f06c-5525-9baf-a40085e27495,2026-04-15T08:00:00Z,system,2026-04-15T08:00:00Z,system,f142575f-f4ba-515c-a03d-a068b99c9fc7,30,781e49c0-8999-50e8-9276-e1fc0e9e29ca,150.000,EA,2588.20,EUR,2026-06-05,Replacement stock
3996ce79-7338-51bd-b18a-2eec61224976,2025-11-03T08:00:00Z,system,2025-11-03T08:00:00Z,system,d2ede4b0-f396-50cc-b570-b467dc27befc,10,f74e00d0-5597-5c85-9d8e-7ce030bdb99d,100.000,EA,1022.42,EUR,2025-12-20,
dd178691-a2ce-5625-a75d-f0f1db134348,2025-11-03T08:00:00Z,system,2025-11-03T08:00:00Z,system,d2ede4b0-f396-50cc-b570-b467dc27befc,20,b5842b92-2db0-59f1-bfed-7a5db5a20938,100.000,L,318.47,EUR,2025-12-20,
87c2c395-2421-5c6f-b317-7e38f52a6177,2025-11-03T08:00:00Z,system,2025-11-03T08:00:00Z,system,d2ede4b0-f396-50cc-b570-b467dc27befc,30,75f1b42f-e0d3-559b-883f-62a8bd802d21,25.000,L,22.13,EUR,2025-12-20,Planned maintenance
b4d87680-899f-57d9-8a89-2d5d9c71eb0f,2025-11-03T08:00:00Z,system,2025-11-03T08:00:00Z,system,d2ede4b0-f396-50cc-b570-b467dc27befc,40,15363821-3683-51e9-ad4d-1410e9a22f30,2.000,EA,803.00,EUR,2025-12-20,
80fc6de0-5d20-56d0-a679-49323777e3e6,2026-04-09T08:00:00Z,system,2026-04-09T08:00:00Z,system,258d5333-587e-55e1-9ac5-959cfb347779,10,33565d42-f2c6-5728-b582-d95f8618e410,1.000,BOX,1397.51,EUR,2026-05-12,Standard requirement
ca21c2ca-0b32-50cb-b294-5505ef70d4df,2026-05-06T08:00:00Z,system,2026-05-06T08:00:00Z,system,13317366-565c-530f-8b99-69616d017368,10,a006b8e3-6118-5906-998a-865149ed8589,200.000,SET,740.85,EUR,2026-05-15,Standard requirement
823b159b-6034-5f03-adf4-e34936e92e15,2026-05-06T08:00:00Z,system,2026-05-06T08:00:00Z,system,13317366-565c-530f-8b99-69616d017368,20,19e5854c-015a-5974-997b-3ccb05e32d73,150.000,M,475.31,EUR,2026-05-15,Planned maintenance
b8a50103-3ebe-5c3f-b00a-9b5a5784a780,2025-09-19T08:00:00Z,system,2025-09-19T08:00:00Z,system,59a2b1d2-c0d8-590e-9846-602c1bb2321e,10,8b3ec22a-bd3c-594f-b231-80df5dbed6ff,5.000,M,1269.44,EUR,2025-10-15,
a62869f1-3b60-5445-b424-6490734d2a6a,2025-09-19T08:00:00Z,system,2025-09-19T08:00:00Z,system,59a2b1d2-c0d8-590e-9846-602c1bb2321e,20,7a0573af-19d9-5fce-a1fb-edef3b2a16d3,50.000,EA,2148.14,EUR,2025-10-15,Planned maintenance
6dbd8744-866f-5b7c-b587-bf868d97276f,2025-09-19T08:00:00Z,system,2025-09-19T08:00:00Z,system,59a2b1d2-c0d8-590e-9846-602c1bb2321e,30,8ffbee35-114e-52c9-982d-47f2ee96df4a,5.000,EA,858.61,EUR,2025-10-15,Production demand
709677cc-dcc0-508d-91bc-435f4398f997,2025-09-19T08:00:00Z,system,2025-09-19T08:00:00Z,system,59a2b1d2-c0d8-590e-9846-602c1bb2321e,40,8e5f4a29-9822-5732-9a4b-23f68daf8471,25.000,SET,2185.77,EUR,2025-10-15,Production demand
7c7ec54e-8153-57a9-a4ba-8d0018bc1cd2,2026-01-10T08:00:00Z,system,2026-01-10T08:00:00Z,system,eae8447b-1fcd-5e9c-b59f-169bb3272f9e,10,e337ec5f-3c23-585a-808c-545892f7ee27,25.000,SET,1321.94,EUR,2026-01-28,Planned maintenance
d6cad6d1-ebfc-5e9a-ad30-1d25aa66d0fe,2025-12-13T08:00:00Z,system,2025-12-13T08:00:00Z,system,5a033504-eac7-5b23-859d-35f921b738f0,10,f4d5037c-d38c-5514-b120-c0d70fd1331e,2.000,L,891.08,EUR,2025-12-28,Replacement stock
89ab3d32-214e-5aab-8325-6f6444259321,2025-12-13T08:00:00Z,system,2025-12-13T08:00:00Z,system,5a033504-eac7-5b23-859d-35f921b738f0,20,a09d3b3c-22f6-56c6-93d4-2863d0444e94,200.000,L,1574.17,EUR,2025-12-28,
841490be-ff6e-5c7a-aea4-9dd10dfe3f14,2026-06-26T08:00:00Z,system,2026-06-26T08:00:00Z,system,656d3102-2ab3-53aa-ad77-963bbfe349e9,10,bd5e7023-209e-5ff1-a2af-9de8ff638d16,200.000,EA,2467.94,EUR,2026-08-08,
a9844031-196a-59d6-ba13-39cf65437fc0,2026-06-26T08:00:00Z,system,2026-06-26T08:00:00Z,system,656d3102-2ab3-53aa-ad77-963bbfe349e9,20,15f3b8aa-4649-5a10-a707-45aa1b2b3bf5,1.000,L,2003.48,EUR,2026-08-08,Planned maintenance
e9d5d70f-1d42-5937-be40-05d85dbc04b1,2026-03-24T08:00:00Z,system,2026-03-24T08:00:00Z,system,95b9bcad-ef08-5145-a312-9753a392b762,10,0c3785e3-7d1b-5f41-95de-b2299b8dd699,75.000,M,1165.10,EUR,2026-05-03,Replacement stock
2e5ec624-2c28-5a20-bdc3-a1098b744db7,2026-03-24T08:00:00Z,system,2026-03-24T08:00:00Z,system,95b9bcad-ef08-5145-a312-9753a392b762,20,d80537fd-c1c9-5741-8e8d-02dd52dc79bd,100.000,KG,26.84,EUR,2026-05-03,
d7a788ae-fb1e-5676-8b28-972c56089fab,2026-05-19T08:00:00Z,system,2026-05-19T08:00:00Z,system,f6688971-fd41-5e38-b51a-2a1f689602fa,10,5c00c635-ab30-509c-930a-9c3027c73ba1,2.000,BOX,1875.14,EUR,2026-08-02,Production demand
50d2a28c-5932-5d3c-9055-eb24a711b9c7,2026-05-19T08:00:00Z,system,2026-05-19T08:00:00Z,system,f6688971-fd41-5e38-b51a-2a1f689602fa,20,b3dbfa26-3c04-523e-a8d7-8b4485baefb6,200.000,EA,356.97,EUR,2026-08-02,Standard requirement
3c5465ba-a482-53ca-a4a9-567c2501087b,2026-05-19T08:00:00Z,system,2026-05-19T08:00:00Z,system,f6688971-fd41-5e38-b51a-2a1f689602fa,30,39525f20-4796-5c5f-b0d5-93b49ff19cd5,1.000,SET,948.33,EUR,2026-08-02,Planned maintenance
80861267-7501-5d55-a9db-37ff2b1ba89b,2026-04-29T08:00:00Z,system,2026-04-29T08:00:00Z,system,2d12bcfd-4254-5c2a-aed0-cc6678aeaf83,10,a56d36d8-7b2d-5bff-ae8b-8d8002e9d564,50.000,L,1171.69,EUR,2026-05-08,
10e71c00-a3d4-57d4-b321-c4f561820712,2026-04-29T08:00:00Z,system,2026-04-29T08:00:00Z,system,2d12bcfd-4254-5c2a-aed0-cc6678aeaf83,20,6d2d9d2e-3534-5a9b-a2d9-67471b6743ab,5.000,EA,528.73,EUR,2026-05-08,Planned maintenance
2015227e-7747-53e6-9265-ecd5bf83efdb,2026-06-18T08:00:00Z,system,2026-06-18T08:00:00Z,system,195c4cc9-a323-5590-8a8a-ae261b24240e,10,a77973af-89ac-57a4-be5e-db2cafc9e932,10.000,BOX,1351.36,EUR,2026-07-12,Replacement stock
00522c33-f811-5d7c-89f9-0fa38409fca4,2026-06-18T08:00:00Z,system,2026-06-18T08:00:00Z,system,195c4cc9-a323-5590-8a8a-ae261b24240e,20,3c91ccd6-92b6-5bb1-a450-2e87cd24008e,1.000,L,114.24,EUR,2026-07-12,Production demand
d8685342-5616-5c05-93b1-9e0625678b73,2026-06-18T08:00:00Z,system,2026-06-18T08:00:00Z,system,195c4cc9-a323-5590-8a8a-ae261b24240e,30,893944a0-a713-5323-888a-1702113e176d,75.000,KG,22.76,EUR,2026-07-12,Production demand
d912e31e-d061-5124-a508-6c9cd8db7078,2026-06-18T08:00:00Z,system,2026-06-18T08:00:00Z,system,195c4cc9-a323-5590-8a8a-ae261b24240e,40,66829174-3fa6-52dd-bbb1-daa7bca60901,100.000,BOX,731.59,EUR,2026-07-12,
4261c70f-36fc-50cc-89c6-2c514fbeb075,2025-09-22T08:00:00Z,system,2025-09-22T08:00:00Z,system,6b0a4d4c-716a-5d62-a820-de78b38c6c22,10,05a4f991-84c1-5839-9f40-938f84dcd65e,2.000,M,1325.43,EUR,2025-10-26,Standard requirement
bfc4b395-58aa-592a-834d-2f0c88a6c16a,2025-09-22T08:00:00Z,system,2025-09-22T08:00:00Z,system,6b0a4d4c-716a-5d62-a820-de78b38c6c22,20,a7d2c2da-af08-5f66-aad4-f45b74b00edb,10.000,L,2439.37,EUR,2025-10-26,Standard requirement
18633100-c9e0-53a5-aae2-ecc570834b73,2025-11-22T08:00:00Z,system,2025-11-22T08:00:00Z,system,fd7f494b-af5a-5f9f-bd27-ff53580ad0c9,10,17594ecd-2424-57ab-85b5-deef54d20340,25.000,L,884.56,EUR,2025-12-03,Production demand
37aefdd4-ea65-5277-bf79-bb818c63480e,2026-06-19T08:00:00Z,system,2026-06-19T08:00:00Z,system,9c61f30b-636c-54b8-bdaf-0073c2da245b,10,22447b3a-3dd0-58e6-a0a5-422538c79c8f,2.000,BOX,861.50,EUR,2026-07-02,Planned maintenance
b073694e-9395-57e4-84d7-a672d0dbc847,2026-06-19T08:00:00Z,system,2026-06-19T08:00:00Z,system,9c61f30b-636c-54b8-bdaf-0073c2da245b,20,4d8b3cb8-4991-55ac-afa4-443fd1749bfb,150.000,KG,23.94,EUR,2026-07-02,Replacement stock
49b59fac-e189-5451-9258-4fd659ef9c55,2026-06-19T08:00:00Z,system,2026-06-19T08:00:00Z,system,9c61f30b-636c-54b8-bdaf-0073c2da245b,30,b48aeed1-7840-500f-a433-e19c16974f9d,1.000,SET,1457.05,EUR,2026-07-02,Replacement stock
e8954836-77c7-59e7-80ff-32bb3cc47a06,2026-06-19T08:00:00Z,system,2026-06-19T08:00:00Z,system,9c61f30b-636c-54b8-bdaf-0073c2da245b,40,946b9def-1c5e-5d38-8f79-05db3b27b218,50.000,M,2578.67,EUR,2026-07-02,
3d67737d-b1b8-5e55-aeb7-68a3ad72cda8,2026-06-12T08:00:00Z,system,2026-06-12T08:00:00Z,system,ec6751fa-5cd9-5231-91f0-4cc3d72a572a,10,67ab40a1-5f15-54bf-b6a1-2a4a39b94193,10.000,M,2423.38,EUR,2026-07-27,
9877ad83-ed60-5cb0-8d8a-8021c9bd790d,2026-06-12T08:00:00Z,system,2026-06-12T08:00:00Z,system,ec6751fa-5cd9-5231-91f0-4cc3d72a572a,20,219cd16c-a048-5e62-90b0-7924b1431b82,2.000,L,1228.95,EUR,2026-07-27,Replacement stock
cc581881-2a95-584f-9257-cf1384b9c939,2026-06-12T08:00:00Z,system,2026-06-12T08:00:00Z,system,ec6751fa-5cd9-5231-91f0-4cc3d72a572a,30,39525f20-4796-5c5f-b0d5-93b49ff19cd5,100.000,SET,837.65,EUR,2026-07-27,Planned maintenance
1a4c6b5d-2638-5ea2-a30c-b1638d600cea,2026-02-24T08:00:00Z,system,2026-02-24T08:00:00Z,system,ad033e1e-f4cc-50ac-b593-3c844d61a7e7,10,4cb50627-8198-5765-9d5a-9d272c8ce58b,25.000,M,741.94,EUR,2026-04-11,Replacement stock
0c1f90af-0579-5a7e-96e7-89e111247919,2026-02-24T08:00:00Z,system,2026-02-24T08:00:00Z,system,ad033e1e-f4cc-50ac-b593-3c844d61a7e7,20,f74e00d0-5597-5c85-9d8e-7ce030bdb99d,2.000,EA,1091.11,EUR,2026-04-11,Planned maintenance
f8c62d80-482b-59cb-bb01-e260d70aae9a,2025-09-23T08:00:00Z,system,2025-09-23T08:00:00Z,system,499bdfd3-2b82-5d16-ac19-05a2f5a61369,10,53e0bf46-17ba-5243-bbe5-1d44068c8ac1,2.000,EA,80.99,EUR,2025-10-03,Replacement stock
89954c55-2bfe-5d8f-a92f-a20ab7629d1f,2025-09-23T08:00:00Z,system,2025-09-23T08:00:00Z,system,499bdfd3-2b82-5d16-ac19-05a2f5a61369,20,0fe72620-9284-5333-a180-c7cfbeaccc63,50.000,KG,22.51,EUR,2025-10-03,
4717fb83-4394-52ad-b92a-26417f330a2f,2025-09-23T08:00:00Z,system,2025-09-23T08:00:00Z,system,499bdfd3-2b82-5d16-ac19-05a2f5a61369,30,8c4308df-7ca4-593e-8ebe-c6de544847fa,75.000,L,2228.57,EUR,2025-10-03,Replacement stock
be57fdd7-71fc-5fa4-a013-4f602d1f5c42,2025-09-23T08:00:00Z,system,2025-09-23T08:00:00Z,system,499bdfd3-2b82-5d16-ac19-05a2f5a61369,40,51a7a682-3b4d-51e0-bc82-813005d006b8,100.000,BOX,1867.87,EUR,2025-10-03,Replacement stock
c627ea82-2aa2-5ced-9707-bdaf1066d664,2026-07-28T08:00:00Z,system,2026-07-28T08:00:00Z,system,75222c36-e603-53be-9e59-7516c0ab60ef,10,5994f62a-190b-5f64-a95c-9773a244fa2e,50.000,SET,1773.42,EUR,2026-08-04,Production demand
fbebcbd6-6a53-5c14-9c26-d8f87d448c1a,2026-05-28T08:00:00Z,system,2026-05-28T08:00:00Z,system,1bc64bef-9803-5fea-be1b-7361cfa091e9,10,fd4f25a0-d258-5944-8a33-a22b3cf44a4a,2.000,L,899.87,EUR,2026-06-07,Production demand
bff337f1-2b3e-578d-90ca-2926cf0ba37a,2026-05-28T08:00:00Z,system,2026-05-28T08:00:00Z,system,1bc64bef-9803-5fea-be1b-7361cfa091e9,20,c72d85f2-1053-502b-bd90-efeb25b78b61,10.000,L,507.07,EUR,2026-06-07,Production demand
1c9088ba-c5e6-5f9d-9530-5606d2c865f6,2026-05-28T08:00:00Z,system,2026-05-28T08:00:00Z,system,1bc64bef-9803-5fea-be1b-7361cfa091e9,30,99390864-f827-5aef-be8a-287357eedb0f,1.000,BOX,2070.78,EUR,2026-06-07,Replacement stock
0a43349e-f1f0-51e2-89a7-3cce29db4c9e,2025-10-07T08:00:00Z,system,2025-10-07T08:00:00Z,system,d626aed7-3c45-5d3b-9eba-22fe0ea6499b,10,a38ef102-6bca-5f5b-be2f-047c1623d7ef,200.000,EA,2049.82,EUR,2025-11-18,
a90678c8-a04b-54c1-a002-80b297994abb,2025-10-07T08:00:00Z,system,2025-10-07T08:00:00Z,system,d626aed7-3c45-5d3b-9eba-22fe0ea6499b,20,d3ea4cc3-d5fd-5d6d-a8b4-952acbec0290,75.000,SET,2419.84,EUR,2025-11-18,Replacement stock
80e115d8-d1de-52bb-8fa6-3f27f036879b,2026-03-28T08:00:00Z,system,2026-03-28T08:00:00Z,system,fc4e92fc-c1bf-50c2-aacc-69949544d5ff,10,425b666f-dd3e-51cf-b65c-1b1c5b49b01e,100.000,M,1665.64,EUR,2026-04-10,Replacement stock
5731a5fd-98ad-57f9-b83f-2914d32ee058,2026-03-28T08:00:00Z,system,2026-03-28T08:00:00Z,system,fc4e92fc-c1bf-50c2-aacc-69949544d5ff,20,12c9f3ae-d18d-52d5-8792-59bbe20067a0,2.000,L,1650.52,EUR,2026-04-10,Replacement stock
7db5615a-ffd9-5c73-b0ee-921234cab3df,2026-03-28T08:00:00Z,system,2026-03-28T08:00:00Z,system,fc4e92fc-c1bf-50c2-aacc-69949544d5ff,30,f4d5037c-d38c-5514-b120-c0d70fd1331e,150.000,L,1046.99,EUR,2026-04-10,Replacement stock
a7b3edc4-cfb6-5a0c-875f-9b76d39cc7f6,2026-05-21T08:00:00Z,system,2026-05-21T08:00:00Z,system,5ce8f2d3-a93f-5028-b4ee-7f0041c5c36d,10,8a9aca99-35d6-5da5-8c10-babbacfc2c60,50.000,BOX,838.42,EUR,2026-07-24,Planned maintenance
e1cd15ac-a244-5826-8ad3-dff1ec1ac1c3,2026-02-04T08:00:00Z,system,2026-02-04T08:00:00Z,system,1444da9e-d593-528c-8ebd-d2db95faa77c,10,d96ec281-e3a6-5aba-b6f4-379e05515ef4,20.000,SET,1196.29,EUR,2026-02-17,Planned maintenance
1fa5c47e-b4de-5022-8114-c2f337d3904c,2026-02-04T08:00:00Z,system,2026-02-04T08:00:00Z,system,1444da9e-d593-528c-8ebd-d2db95faa77c,20,ca48575f-0b73-55a6-b23c-6de718d78d67,150.000,KG,8.53,EUR,2026-02-17,Replacement stock
c17e50fc-476d-554f-904c-42d6c011c1cb,2026-02-04T08:00:00Z,system,2026-02-04T08:00:00Z,system,1444da9e-d593-528c-8ebd-d2db95faa77c,30,75f1b42f-e0d3-559b-883f-62a8bd802d21,50.000,L,20.27,EUR,2026-02-17,Replacement stock
4e0bedca-f42f-5e20-9546-a7b06f76e828,2026-03-19T08:00:00Z,system,2026-03-19T08:00:00Z,system,ef16aff2-f80c-5b65-bbaa-84580c35eb51,10,9c244d41-3489-5976-bcdb-b0d76c2237a9,2.000,KG,27.86,EUR,2026-03-26,Production demand
ee294ff8-e20d-5007-9593-a03f8192f5df,2026-03-19T08:00:00Z,system,2026-03-19T08:00:00Z,system,ef16aff2-f80c-5b65-bbaa-84580c35eb51,20,1279ded7-a3ce-5c62-b799-bc522c58f6c5,2.000,KG,15.41,EUR,2026-03-26,Planned maintenance
d6e73eae-c8af-5970-9ee7-b5f00ae0161e,2026-03-19T08:00:00Z,system,2026-03-19T08:00:00Z,system,ef16aff2-f80c-5b65-bbaa-84580c35eb51,30,26b04983-d84b-57db-acd1-68d00120334b,150.000,L,1304.92,EUR,2026-03-26,Replacement stock
c9cc1fa0-c06f-5aa6-9625-429567e590e7,2026-03-19T08:00:00Z,system,2026-03-19T08:00:00Z,system,ef16aff2-f80c-5b65-bbaa-84580c35eb51,40,5638f460-1932-50d2-8453-a3cf94aaa992,1.000,SET,2253.29,EUR,2026-03-26,Production demand
34b7af17-4498-5330-95e3-1fbd87d8d9b3,2025-09-15T08:00:00Z,system,2025-09-15T08:00:00Z,system,609c800a-05c6-5422-ba2f-c9e12d42d29a,10,5de012ce-db52-52e5-a612-6e2c3c02623a,200.000,SET,1147.86,EUR,2025-09-29,
da0a207e-c419-5fee-a37d-8b3fcedd33bd,2025-09-15T08:00:00Z,system,2025-09-15T08:00:00Z,system,609c800a-05c6-5422-ba2f-c9e12d42d29a,20,5ed4476d-3306-5591-960f-4c8a96c6dae8,2.000,BOX,1910.36,EUR,2025-09-29,Standard requirement
f6220066-2cef-5aaf-9730-1cdcac1f7d83,2025-09-15T08:00:00Z,system,2025-09-15T08:00:00Z,system,609c800a-05c6-5422-ba2f-c9e12d42d29a,30,3686479f-e462-5c48-9c5a-4cbf814179f1,200.000,M,261.37,EUR,2025-09-29,Production demand
1110d243-c999-58ba-aa5f-5fb6905f799c,2026-01-03T08:00:00Z,system,2026-01-03T08:00:00Z,system,a4fdea59-62d9-5996-ba63-7253e0429169,10,9390c973-ffaf-555f-9cb1-d1547db4c4d9,200.000,SET,1515.68,EUR,2026-01-18,Replacement stock
2a720192-d0e9-5bbf-9c14-725d2502c88f,2026-01-03T08:00:00Z,system,2026-01-03T08:00:00Z,system,a4fdea59-62d9-5996-ba63-7253e0429169,20,4c30fa9e-b4c6-593b-975f-b5c99a3fa9b1,150.000,M,586.18,EUR,2026-01-18,Planned maintenance
ca932425-5273-5c3a-a7f5-0fafdf057027,2025-09-08T08:00:00Z,system,2025-09-08T08:00:00Z,system,acfef1ac-f984-5c24-aa64-fccece5222f5,10,dbd21518-2460-5332-97ca-a826ccd26fd2,20.000,BOX,858.16,EUR,2025-09-24,Production demand
b04c50d1-d3b8-5492-8b88-14f7bd749045,2026-04-04T08:00:00Z,system,2026-04-04T08:00:00Z,system,b0a56654-4024-5f3c-b25d-c1edcddcc60c,10,b3dbfa26-3c04-523e-a8d7-8b4485baefb6,2.000,EA,353.59,EUR,2026-04-16,Standard requirement
8a0bb971-4f60-583a-9375-0ca4bcb25ab0,2026-05-21T08:00:00Z,system,2026-05-21T08:00:00Z,system,23d74a93-6f39-5c56-b97f-0c04fab39c27,10,7bbe83f1-c77e-5ae0-b99e-e216e600e89f,100.000,KG,24.87,EUR,2026-06-03,
1838a52b-0ed0-50e4-a995-c48465475299,2026-02-19T08:00:00Z,system,2026-02-19T08:00:00Z,system,b923eb69-7ad1-5ffb-a6b5-9281a8b372d3,10,86cd43f5-5e5a-58e0-8882-778206f00530,100.000,KG,18.29,EUR,2026-04-14,Planned maintenance
b07bffbd-0ad0-5c28-bc1d-ad75328e2871,2026-02-19T08:00:00Z,system,2026-02-19T08:00:00Z,system,b923eb69-7ad1-5ffb-a6b5-9281a8b372d3,20,8ecd63dc-042f-5821-9209-3db5b19e8ed7,2.000,EA,2090.12,EUR,2026-04-14,Planned maintenance
36e79ea8-5c9b-58a2-b3df-2840fae21f53,2026-02-19T08:00:00Z,system,2026-02-19T08:00:00Z,system,b923eb69-7ad1-5ffb-a6b5-9281a8b372d3,30,240a2ec2-b97a-51d0-9b66-a85819e5025e,150.000,SET,1493.44,EUR,2026-04-14,
30eac29b-a69c-5a40-b82a-3044117fd221,2026-02-19T08:00:00Z,system,2026-02-19T08:00:00Z,system,b923eb69-7ad1-5ffb-a6b5-9281a8b372d3,40,d82bd767-f5ed-57ab-a2c9-406318f72bc2,1.000,L,75.64,EUR,2026-04-14,
6554617c-5538-55c8-b7c6-ed32e56b609c,2026-02-18T08:00:00Z,system,2026-02-18T08:00:00Z,system,887d33cf-1b7a-5e27-b6b4-7bbaa94ed405,10,ef275a33-8e1e-5f24-916e-3b7ac4715837,150.000,KG,28.66,EUR,2026-03-17,
9ec08588-3e28-5ee4-8fdf-d93d0c0b094e,2026-02-18T08:00:00Z,system,2026-02-18T08:00:00Z,system,887d33cf-1b7a-5e27-b6b4-7bbaa94ed405,20,a9f39542-a399-5602-91a0-db378fe1532d,1.000,KG,33.17,EUR,2026-03-17,Planned maintenance
483de291-29ed-53f7-901c-27df246331a5,2026-01-29T08:00:00Z,system,2026-01-29T08:00:00Z,system,6201d48a-13f3-52be-801a-667405c288fe,10,d7792ea6-2faa-5ee1-b515-6b526ad9efbb,200.000,BOX,1558.47,EUR,2026-04-13,Standard requirement
024eabb6-4ca4-5cac-a5f7-a8aef733c547,2026-01-29T08:00:00Z,system,2026-01-29T08:00:00Z,system,6201d48a-13f3-52be-801a-667405c288fe,20,df47ed4b-da4f-5c58-b596-f38d4082538d,25.000,EA,1406.10,EUR,2026-04-13,
f8d51e83-58cd-5ca9-9083-6ac3bcb9350a,2026-01-29T08:00:00Z,system,2026-01-29T08:00:00Z,system,6201d48a-13f3-52be-801a-667405c288fe,30,a26b0733-3b42-54db-a022-07e6e0f7182b,2.000,L,1963.54,EUR,2026-04-13,Planned maintenance
238b45a3-55b4-5f25-bf33-eabbfe0e6d36,2025-10-29T08:00:00Z,system,2025-10-29T08:00:00Z,system,d9e6d8f0-9773-5ceb-b735-f49aede48d61,10,5b7ae8db-72b9-5511-ba23-2698e4fd03df,1.000,BOX,138.73,EUR,2026-01-09,Replacement stock
1ee8db9b-0a50-57a2-baea-cee2c7c39f20,2025-10-29T08:00:00Z,system,2025-10-29T08:00:00Z,system,d9e6d8f0-9773-5ceb-b735-f49aede48d61,20,4ab6e929-df87-5d07-b36e-bc3c2033a2c4,5.000,BOX,2300.58,EUR,2026-01-09,Production demand
2c3108b1-8fed-53c3-997a-2a47b88be762,2026-06-19T08:00:00Z,system,2026-06-19T08:00:00Z,system,eafca5b4-4115-5560-95d6-9ce3b75c7c92,10,35918af3-0428-5cb5-b70c-3960424df494,150.000,KG,22.75,EUR,2026-08-13,Planned maintenance
cb643f4e-c266-57af-8154-d8d4f9063df8,2026-06-19T08:00:00Z,system,2026-06-19T08:00:00Z,system,eafca5b4-4115-5560-95d6-9ce3b75c7c92,20,d0cb5824-8127-5ca6-8364-98b5469fc7c7,150.000,EA,1210.53,EUR,2026-08-13,Standard requirement
c4e53ce5-5c6d-571f-9532-494c10cd3d36,2026-06-19T08:00:00Z,system,2026-06-19T08:00:00Z,system,eafca5b4-4115-5560-95d6-9ce3b75c7c92,30,d578f14f-d884-5535-b26b-06c05c76a9ec,20.000,SET,1084.27,EUR,2026-08-13,Production demand
14fbd1fc-5a99-59e9-b5cb-52e9043fbdce,2026-03-22T08:00:00Z,system,2026-03-22T08:00:00Z,system,a28a9d5e-8832-5ea7-aaa8-356e362ca20e,10,11887a5e-152e-56c0-9b50-7d5495fe3b5a,5.000,L,252.69,EUR,2026-04-22,
1739dea3-0bea-5821-9540-8e68128899d3,2026-03-22T08:00:00Z,system,2026-03-22T08:00:00Z,system,a28a9d5e-8832-5ea7-aaa8-356e362ca20e,20,99390864-f827-5aef-be8a-287357eedb0f,1.000,BOX,1877.50,EUR,2026-04-22,Standard requirement
aa1ee422-c0ff-5683-8326-d465736a1804,2026-03-22T08:00:00Z,system,2026-03-22T08:00:00Z,system,a28a9d5e-8832-5ea7-aaa8-356e362ca20e,30,219cd16c-a048-5e62-90b0-7924b1431b82,75.000,L,1256.57,EUR,2026-04-22,
c5b0bdcb-cabb-5f79-92b0-9373a0467acc,2026-03-22T08:00:00Z,system,2026-03-22T08:00:00Z,system,a28a9d5e-8832-5ea7-aaa8-356e362ca20e,40,4d7c024a-2045-5e6d-bce5-30a3caf00779,1.000,EA,1189.21,EUR,2026-04-22,
0fd0da32-3e7c-58b5-9616-257d739f5b2e,2025-12-09T08:00:00Z,system,2025-12-09T08:00:00Z,system,3e893df9-6e16-57d8-8478-ead7f9dffd20,10,5e0e22e5-d386-54e2-bfeb-2492f8c12bc4,150.000,L,1898.74,EUR,2026-01-13,Planned maintenance
b97df6f1-035c-59c5-a1a3-2e88d70bd292,2025-12-09T08:00:00Z,system,2025-12-09T08:00:00Z,system,3e893df9-6e16-57d8-8478-ead7f9dffd20,20,33a43adc-6963-52ef-b1d3-fd2492991b07,75.000,EA,1828.40,EUR,2026-01-13,Production demand
2e7d6304-2d9f-5eaf-bbec-ff8e9f78913e,2025-12-09T08:00:00Z,system,2025-12-09T08:00:00Z,system,3e893df9-6e16-57d8-8478-ead7f9dffd20,30,7bbe83f1-c77e-5ae0-b99e-e216e600e89f,10.000,KG,23.48,EUR,2026-01-13,Production demand
506e2d29-623e-5e0c-b602-f2bbc2ce6729,2025-11-25T08:00:00Z,system,2025-11-25T08:00:00Z,system,9ce4044d-069f-536a-bf0f-64d410e610fc,10,b814d1af-9d7a-58a3-bcbc-2613f354645c,20.000,L,1428.73,EUR,2025-12-16,
ee6d2fd5-047b-5cbf-b643-c71c36f760e8,2025-11-25T08:00:00Z,system,2025-11-25T08:00:00Z,system,9ce4044d-069f-536a-bf0f-64d410e610fc,20,65a789a9-af01-5a64-8f47-133346520088,75.000,L,2303.08,EUR,2025-12-16,Standard requirement
e96cf1c1-90ce-5978-8069-5959c5b1ce23,2025-11-25T08:00:00Z,system,2025-11-25T08:00:00Z,system,9ce4044d-069f-536a-bf0f-64d410e610fc,30,5e0e22e5-d386-54e2-bfeb-2492f8c12bc4,200.000,L,1948.07,EUR,2025-12-16,
20f27b7e-4b79-5555-bc52-263877cd48dd,2026-02-27T08:00:00Z,system,2026-02-27T08:00:00Z,system,f43d08c0-ad30-527c-9353-5031fb072cf0,10,6c73375b-40a6-5535-9e27-a364e6837ed1,50.000,EA,2633.61,EUR,2026-05-01,
34e33857-e366-5c3c-8fc1-8cd07ffc0e91,2026-02-27T08:00:00Z,system,2026-02-27T08:00:00Z,system,f43d08c0-ad30-527c-9353-5031fb072cf0,20,7bbe83f1-c77e-5ae0-b99e-e216e600e89f,200.000,KG,26.51,EUR,2026-05-01,Production demand
43f2c111-cc9b-5641-9b23-4c11652af607,2026-02-27T08:00:00Z,system,2026-02-27T08:00:00Z,system,f43d08c0-ad30-527c-9353-5031fb072cf0,30,d82bd767-f5ed-57ab-a2c9-406318f72bc2,150.000,L,62.42,EUR,2026-05-01,Standard requirement
8d13fd0f-4bf3-5b7b-82b7-73a3b972a3aa,2025-12-07T08:00:00Z,system,2025-12-07T08:00:00Z,system,67bb1961-1d69-5b75-bd6a-f871a315078e,10,5ff325a3-cf1b-5887-bd0f-e1da5d5e6a57,1.000,BOX,757.94,EUR,2026-01-21,Replacement stock
5902f417-e861-5f86-becd-064d20c2ed61,2025-12-07T08:00:00Z,system,2025-12-07T08:00:00Z,system,67bb1961-1d69-5b75-bd6a-f871a315078e,20,85f6ae6a-e37a-5c6a-8c20-f972d8291238,20.000,M,151.78,EUR,2026-01-21,Planned maintenance
f37400e2-b3cd-5383-938d-89f1933acd19,2025-12-07T08:00:00Z,system,2025-12-07T08:00:00Z,system,67bb1961-1d69-5b75-bd6a-f871a315078e,30,48cb4f21-8c1b-5570-a07c-08c09fbf0ce6,25.000,SET,882.14,EUR,2026-01-21,Planned maintenance
f4f3376b-cb8a-5b90-9eed-ad23aa686874,2026-05-22T08:00:00Z,system,2026-05-22T08:00:00Z,system,c6374df3-940b-5190-b52c-a1c2b95721c1,10,f95fbe47-9c5c-5d2b-a38e-c84f39513733,1.000,M,622.69,EUR,2026-07-04,Production demand
407979fa-9fa9-54e6-a025-00436c671618,2026-05-22T08:00:00Z,system,2026-05-22T08:00:00Z,system,c6374df3-940b-5190-b52c-a1c2b95721c1,20,8d9d0fdb-dc82-543c-8c83-c722c23d8840,100.000,EA,802.47,EUR,2026-07-04,Planned maintenance
ca5a28ce-2de2-5ff9-8168-0d7c80d3813f,2026-05-22T08:00:00Z,system,2026-05-22T08:00:00Z,system,c6374df3-940b-5190-b52c-a1c2b95721c1,30,c51be922-7f94-5734-90be-dd25480a96da,50.000,EA,192.10,EUR,2026-07-04,Standard requirement
be613cb2-3506-5d5c-8a71-a23067bb7c8c,2025-10-17T08:00:00Z,system,2025-10-17T08:00:00Z,system,a0a0bcd8-b7a9-5453-b21a-b7a39423718d,10,e78a29f5-6b77-5c64-a898-2ef9faf92f91,1.000,KG,22.47,EUR,2025-12-14,
74d32d9c-9b0b-55f6-8410-c1a53b48bd3b,2025-10-17T08:00:00Z,system,2025-10-17T08:00:00Z,system,a0a0bcd8-b7a9-5453-b21a-b7a39423718d,20,0fe72620-9284-5333-a180-c7cfbeaccc63,2.000,KG,20.68,EUR,2025-12-14,Production demand
9ac409f7-6257-5a71-935c-1b1b9bea21ed,2025-10-17T08:00:00Z,system,2025-10-17T08:00:00Z,system,a0a0bcd8-b7a9-5453-b21a-b7a39423718d,30,6febc7d4-a6f9-547c-bdef-f6c3c7cebf1b,1.000,BOX,991.28,EUR,2025-12-14,Production demand
bdbd69e6-4f5a-593a-aabc-2af3beb672cc,2025-10-17T08:00:00Z,system,2025-10-17T08:00:00Z,system,a0a0bcd8-b7a9-5453-b21a-b7a39423718d,40,34a9184c-b2a2-5e49-b2fa-ec91dd5c7ccc,2.000,L,1545.47,EUR,2025-12-14,Replacement stock
e4b43c0a-ec76-5bf1-9266-a0fc1ab8e687,2026-01-31T08:00:00Z,system,2026-01-31T08:00:00Z,system,36f647ea-ad98-58ec-8085-fdc260a155a7,10,35918af3-0428-5cb5-b70c-3960424df494,50.000,KG,24.08,EUR,2026-04-10,Production demand
5bf76609-d36f-56c4-b8cc-21f8d3812a50,2026-04-22T08:00:00Z,system,2026-04-22T08:00:00Z,system,adc40233-9076-524f-a9fa-8d5c7b8eb305,10,fb8c381b-c548-5976-8e12-26f8e47df79d,1.000,KG,9.48,EUR,2026-06-23,Standard requirement
819b3ce5-b1ef-5cf9-b59c-12d6d90e7a52,2026-04-22T08:00:00Z,system,2026-04-22T08:00:00Z,system,adc40233-9076-524f-a9fa-8d5c7b8eb305,20,3fbd18a0-7abf-52be-90d6-d20cad8bccd3,150.000,SET,1094.42,EUR,2026-06-23,Production demand
c93dea23-7c5f-5d70-82df-5ad8b4d3cd09,2026-04-22T08:00:00Z,system,2026-04-22T08:00:00Z,system,adc40233-9076-524f-a9fa-8d5c7b8eb305,30,a1a5bad0-30ca-5727-b1d6-9e34f59daa2c,20.000,BOX,744.68,EUR,2026-06-23,
60c70428-9eab-5a6d-a493-ea0dce849fb3,2026-06-28T08:00:00Z,system,2026-06-28T08:00:00Z,system,38031137-baf2-5764-8fa9-3baedbb8ca37,10,c88caae9-8b8b-568d-892c-8e1ca200c581,5.000,BOX,1579.53,EUR,2026-07-25,Replacement stock
dd636422-1eb2-5ac9-9d1f-386ee57abf3c,2026-06-28T08:00:00Z,system,2026-06-28T08:00:00Z,system,38031137-baf2-5764-8fa9-3baedbb8ca37,20,a006b8e3-6118-5906-998a-865149ed8589,50.000,SET,766.30,EUR,2026-07-25,Production demand
12f01e07-6806-56b0-9782-6f0f94cade6d,2025-10-07T08:00:00Z,system,2025-10-07T08:00:00Z,system,07ffef19-cb8b-5b5d-a1da-a087446c371d,10,61c9dd7a-23b2-51ce-a4f8-1ecaedb8b55e,2.000,SET,1787.87,EUR,2025-11-08,
2c65073f-c498-54b7-87a0-ae3a6881db20,2025-10-07T08:00:00Z,system,2025-10-07T08:00:00Z,system,07ffef19-cb8b-5b5d-a1da-a087446c371d,20,af970570-0e69-5aa7-a1fd-93cea6d022c8,20.000,BOX,711.65,EUR,2025-11-08,
16a1521e-453c-5ab4-a330-67357f4dd135,2025-10-07T08:00:00Z,system,2025-10-07T08:00:00Z,system,07ffef19-cb8b-5b5d-a1da-a087446c371d,30,11bcb360-c513-556e-a8ed-3b43d3afbb6d,5.000,L,2331.21,EUR,2025-11-08,Replacement stock
f5034b26-46c0-504b-903b-97e512e23fee,2026-02-21T08:00:00Z,system,2026-02-21T08:00:00Z,system,7e4d6ad1-3394-5a55-8899-aff9bc583aad,10,449f174d-239f-5c9f-803d-0af1ffe5acb3,200.000,L,99.90,EUR,2026-04-18,Replacement stock
4c2a2e58-a59b-5fc0-9085-c870c0d68e16,2025-11-17T08:00:00Z,system,2025-11-17T08:00:00Z,system,49484ecb-88b6-5ec0-8a4f-e3e1f8869dd3,10,3e5204f6-3370-5c61-92de-50e60340d4c4,75.000,SET,1034.54,EUR,2026-01-22,Replacement stock
b5d0bcec-4cc3-57ac-8ac2-589db7d481b8,2025-11-17T08:00:00Z,system,2025-11-17T08:00:00Z,system,49484ecb-88b6-5ec0-8a4f-e3e1f8869dd3,20,22447b3a-3dd0-58e6-a0a5-422538c79c8f,10.000,BOX,840.42,EUR,2026-01-22,Replacement stock
f571681d-8543-5734-9163-37a31be97977,2025-12-24T08:00:00Z,system,2025-12-24T08:00:00Z,system,3cc54fad-0d1b-5b90-9647-2f73bbacd50f,10,9f72fcd8-0de5-52ab-8f85-0c7e59529a02,200.000,EA,356.77,EUR,2026-02-26,Standard requirement
1302d68b-62c3-5bee-98eb-22360d59c92b,2025-12-24T08:00:00Z,system,2025-12-24T08:00:00Z,system,3cc54fad-0d1b-5b90-9647-2f73bbacd50f,20,6ac6dbb0-6c7a-557d-b7d3-20ec8a1e7bc9,200.000,SET,974.21,EUR,2026-02-26,Planned maintenance
9e009384-2ff3-5466-8090-38412da5f08d,2026-04-11T08:00:00Z,system,2026-04-11T08:00:00Z,system,8461f358-1b22-547a-96e5-15ec66d344f2,10,4d7c024a-2045-5e6d-bce5-30a3caf00779,75.000,EA,1223.29,EUR,2026-05-08,Standard requirement
4db131f0-b4d2-5da0-be56-9b11131e6b8a,2026-04-11T08:00:00Z,system,2026-04-11T08:00:00Z,system,8461f358-1b22-547a-96e5-15ec66d344f2,20,596f3822-e07b-55ed-bd48-239fb3db0e77,5.000,KG,23.32,EUR,2026-05-08,Production demand
d33319fc-e6ed-5db3-a2bf-6f8f1e352542,2025-11-20T08:00:00Z,system,2025-11-20T08:00:00Z,system,5a1cc8d0-9e7b-5e52-b76d-7e37d2ae8c0a,10,7206ba99-aabc-58a4-962c-b600c27e265f,200.000,KG,36.05,EUR,2026-01-09,Production demand
bf447938-b496-5c91-ab2f-a3f17d24f4f2,2025-11-20T08:00:00Z,system,2025-11-20T08:00:00Z,system,5a1cc8d0-9e7b-5e52-b76d-7e37d2ae8c0a,20,f968e107-0cac-5cfd-a628-d3aa05f1e38d,150.000,EA,1060.31,EUR,2026-01-09,Planned maintenance
eb0c9e80-bc72-5ce8-a493-a76b79094312,2025-11-20T08:00:00Z,system,2025-11-20T08:00:00Z,system,5a1cc8d0-9e7b-5e52-b76d-7e37d2ae8c0a,30,22447b3a-3dd0-58e6-a0a5-422538c79c8f,100.000,BOX,938.52,EUR,2026-01-09,
702af6f1-3b40-5238-9e21-56247791b3b4,2025-09-17T08:00:00Z,system,2025-09-17T08:00:00Z,system,ff135240-1b8b-557c-8c41-a83ed6dc1dbc,10,95b589d9-d0fa-5b0b-97dc-32e0f9a9f036,200.000,EA,1554.54,EUR,2025-11-16,Production demand
c6d2559f-ec92-5259-9cb9-5b6c938fd072,2025-09-17T08:00:00Z,system,2025-09-17T08:00:00Z,system,ff135240-1b8b-557c-8c41-a83ed6dc1dbc,20,b6bc1653-27d5-583b-ba09-0b3325b8db55,2.000,SET,664.11,EUR,2025-11-16,Production demand
91635bc5-950a-5cef-bed3-eb26e13d37af,2025-09-17T08:00:00Z,system,2025-09-17T08:00:00Z,system,ff135240-1b8b-557c-8c41-a83ed6dc1dbc,30,452e2331-a466-542c-832b-33425b59e07a,150.000,EA,2480.32,EUR,2025-11-16,Planned maintenance
9397158a-3526-5a55-b93f-a12740a65b4a,2025-09-07T08:00:00Z,system,2025-09-07T08:00:00Z,system,ed61a534-6ce7-5eb2-827b-05ecbeac2d8d,10,c1263224-5b01-5628-b91f-a1409b9c0752,50.000,BOX,1721.34,EUR,2025-09-24,Standard requirement
ac2455b4-7ab4-51f7-ab27-5b4f6bbadd2c,2025-09-07T08:00:00Z,system,2025-09-07T08:00:00Z,system,ed61a534-6ce7-5eb2-827b-05ecbeac2d8d,20,cc5afda5-c29c-592b-ab4e-304a522f6af7,50.000,L,1519.15,EUR,2025-09-24,Production demand
21625e71-eaff-5993-ad1a-c20e6bfe79d6,2026-04-07T08:00:00Z,system,2026-04-07T08:00:00Z,system,b09f197e-1edb-5e78-909f-ac94aec35200,10,9f72fcd8-0de5-52ab-8f85-0c7e59529a02,150.000,EA,365.28,EUR,2026-04-25,Standard requirement
a1e290ca-5563-5349-b8cc-b8b19054470e,2026-03-19T08:00:00Z,system,2026-03-19T08:00:00Z,system,2823d17b-90fd-5dad-aa52-26ea115a2a6c,10,4c30fa9e-b4c6-593b-975f-b5c99a3fa9b1,2.000,M,508.47,EUR,2026-04-05,Standard requirement
6209755e-52bf-5869-95da-dc8e592df1ff,2026-03-19T08:00:00Z,system,2026-03-19T08:00:00Z,system,2823d17b-90fd-5dad-aa52-26ea115a2a6c,20,7a0573af-19d9-5fce-a1fb-edef3b2a16d3,50.000,EA,2107.21,EUR,2026-04-05,
1ca18097-d0e7-5364-91b5-5b4f168895a9,2026-03-19T08:00:00Z,system,2026-03-19T08:00:00Z,system,2823d17b-90fd-5dad-aa52-26ea115a2a6c,30,437ef9de-cfe9-5599-8502-13a53e958016,25.000,KG,11.36,EUR,2026-04-05,
f79b15a4-7c0c-5357-bb3f-d0765e3d1e29,2026-02-15T08:00:00Z,system,2026-02-15T08:00:00Z,system,fe3701af-065b-5fb2-bdeb-d3be850f2620,10,a46103e7-a245-5eef-af4b-854671431c6b,10.000,M,2300.12,EUR,2026-04-26,Planned maintenance
8f9ca200-0a8b-5c5a-a49f-5d480f05e3a7,2026-02-15T08:00:00Z,system,2026-02-15T08:00:00Z,system,fe3701af-065b-5fb2-bdeb-d3be850f2620,20,4b2dee46-41cf-5eee-b0e3-93ee894cef45,150.000,SET,2130.26,EUR,2026-04-26,Production demand
e6647c33-cb51-5e11-9587-a97360138ebd,2025-12-12T08:00:00Z,system,2025-12-12T08:00:00Z,system,ffcb3be2-5313-5f73-9a97-54f6d700af22,10,c921e193-a3b7-5f2b-800f-213728db4d05,2.000,KG,9.58,EUR,2026-01-23,Planned maintenance
b167dbe2-4866-5ad3-967f-9125defafad2,2025-10-08T08:00:00Z,system,2025-10-08T08:00:00Z,system,3845a0cb-8b36-5567-9cdf-36aee44b752c,10,8c4308df-7ca4-593e-8ebe-c6de544847fa,50.000,L,1873.67,EUR,2025-10-15,Standard requirement
caf57b62-71c8-5780-9369-9c95256a7127,2026-07-12T08:00:00Z,system,2026-07-12T08:00:00Z,system,06230ce9-2dfc-5d38-b3df-630167117336,10,a1a5bad0-30ca-5727-b1d6-9e34f59daa2c,25.000,BOX,755.01,EUR,2026-08-09,Planned maintenance
5c8cb74b-08f2-5b15-814a-9205e597dcae,2026-07-12T08:00:00Z,system,2026-07-12T08:00:00Z,system,06230ce9-2dfc-5d38-b3df-630167117336,20,a09d3b3c-22f6-56c6-93d4-2863d0444e94,200.000,L,1568.66,EUR,2026-08-09,Replacement stock
a1cde4c8-cf05-55cb-ae86-31f31021fdd8,2026-07-12T08:00:00Z,system,2026-07-12T08:00:00Z,system,06230ce9-2dfc-5d38-b3df-630167117336,30,85097ad1-7358-5034-a39c-c5bec0e42c12,10.000,BOX,2349.84,EUR,2026-08-09,Production demand
391dcf0c-fd7f-5d36-b7bc-166e74058082,2026-07-12T08:00:00Z,system,2026-07-12T08:00:00Z,system,06230ce9-2dfc-5d38-b3df-630167117336,40,af970570-0e69-5aa7-a1fd-93cea6d022c8,5.000,BOX,776.05,EUR,2026-08-09,Planned maintenance
6d49c921-befc-5ef1-b57c-788585f82f8c,2026-02-09T08:00:00Z,system,2026-02-09T08:00:00Z,system,68892c20-f9b7-587e-8cb4-8718583842a4,10,46b282d8-4f03-5afe-8c6a-9345fa79a1a8,100.000,L,801.82,EUR,2026-02-16,Standard requirement
039ebc58-4190-5bae-b832-8cc1be12046b,2026-02-09T08:00:00Z,system,2026-02-09T08:00:00Z,system,68892c20-f9b7-587e-8cb4-8718583842a4,20,ea35d05e-923f-559e-ad86-6b140ec0bcfd,75.000,KG,1.69,EUR,2026-02-16,Standard requirement
58188fa5-df58-5857-8d9e-28b2f59cdb4c,2026-02-09T08:00:00Z,system,2026-02-09T08:00:00Z,system,68892c20-f9b7-587e-8cb4-8718583842a4,30,4bbe33ac-91fe-5b33-a3a4-57141de4e03e,20.000,M,1937.02,EUR,2026-02-16,
6f925a49-cd80-5f1c-938f-073d2aadcd5f,2026-02-09T08:00:00Z,system,2026-02-09T08:00:00Z,system,68892c20-f9b7-587e-8cb4-8718583842a4,40,75f1b42f-e0d3-559b-883f-62a8bd802d21,25.000,L,19.73,EUR,2026-02-16,Production demand
13bc983f-4985-535a-8da6-f5899a9524fc,2025-12-09T08:00:00Z,system,2025-12-09T08:00:00Z,system,2cab55aa-a204-5503-8e9f-0774f202f50a,10,6d2d9d2e-3534-5a9b-a2d9-67471b6743ab,75.000,EA,548.55,EUR,2026-02-18,
2337ce61-cb2d-51d7-a47c-c3a5fbeb6cf6,2025-12-09T08:00:00Z,system,2025-12-09T08:00:00Z,system,2cab55aa-a204-5503-8e9f-0774f202f50a,20,a9f39542-a399-5602-91a0-db378fe1532d,20.000,KG,34.09,EUR,2026-02-18,Standard requirement
82b86446-0a5b-5ba6-b5c0-b0915af2a19e,2025-12-09T08:00:00Z,system,2025-12-09T08:00:00Z,system,2cab55aa-a204-5503-8e9f-0774f202f50a,30,6d2d9d2e-3534-5a9b-a2d9-67471b6743ab,2.000,EA,490.16,EUR,2026-02-18,Standard requirement
697104aa-8ce7-566b-a128-861f9b0b6bcf,2025-12-09T08:00:00Z,system,2025-12-09T08:00:00Z,system,2cab55aa-a204-5503-8e9f-0774f202f50a,40,65e45d5d-37a2-56b1-837a-6d62a46b2ae9,75.000,BOX,262.73,EUR,2026-02-18,Planned maintenance
c180c238-5e65-5d92-83f0-ae41ae531055,2026-07-09T08:00:00Z,system,2026-07-09T08:00:00Z,system,271f2ef5-3dcd-50cc-87de-24c8a3e36eb9,10,b7445b03-ff12-5031-afe2-33e925c82fd3,200.000,BOX,325.38,EUR,2026-07-17,
1fb99577-5d85-5ea0-83c9-bba240584195,2026-07-09T08:00:00Z,system,2026-07-09T08:00:00Z,system,271f2ef5-3dcd-50cc-87de-24c8a3e36eb9,20,7a0dddce-a54b-5ce2-932f-2cf37ea670f6,2.000,EA,1461.73,EUR,2026-07-17,Planned maintenance
3ffa945e-409c-5014-87e1-a087bb06bf7c,2026-07-09T08:00:00Z,system,2026-07-09T08:00:00Z,system,271f2ef5-3dcd-50cc-87de-24c8a3e36eb9,30,dc06185f-0801-58aa-86b9-6df5bf774217,200.000,L,765.74,EUR,2026-07-17,Production demand
17bb2ffb-effb-5f08-a10d-e0c0c0390730,2026-07-09T08:00:00Z,system,2026-07-09T08:00:00Z,system,271f2ef5-3dcd-50cc-87de-24c8a3e36eb9,40,75f1b42f-e0d3-559b-883f-62a8bd802d21,100.000,L,22.08,EUR,2026-07-17,Production demand
43b26ad9-48c1-5bb8-a512-b22408ab3e33,2025-12-11T08:00:00Z,system,2025-12-11T08:00:00Z,system,da787e04-9e82-5539-bebf-a6dd72001153,10,32549e95-8264-5b06-ac4c-4f93e09d17a2,100.000,BOX,1113.06,EUR,2026-02-14,Production demand
c55b8fb3-31d5-5650-be42-56bbecfcffa0,2025-12-11T08:00:00Z,system,2025-12-11T08:00:00Z,system,da787e04-9e82-5539-bebf-a6dd72001153,20,46b282d8-4f03-5afe-8c6a-9345fa79a1a8,150.000,L,798.95,EUR,2026-02-14,Standard requirement
e5f9f16e-3f97-52ca-a57d-50dc7f397ab1,2025-12-11T08:00:00Z,system,2025-12-11T08:00:00Z,system,da787e04-9e82-5539-bebf-a6dd72001153,30,53e0bf46-17ba-5243-bbe5-1d44068c8ac1,100.000,EA,79.55,EUR,2026-02-14,Replacement stock
92356ac6-8211-5564-a175-23bc4e1eef86,2026-06-17T08:00:00Z,system,2026-06-17T08:00:00Z,system,41522b34-2ded-5694-85f4-d19afe68bbaa,10,6cfb6402-60b6-52cc-80a2-aa3c8d1d7363,150.000,SET,1344.46,EUR,2026-08-15,Planned maintenance
e8cc001b-19fe-5454-ac48-0bf43482b3a5,2026-06-17T08:00:00Z,system,2026-06-17T08:00:00Z,system,41522b34-2ded-5694-85f4-d19afe68bbaa,20,0ec0e0b9-02b8-5273-be60-7699e859c9ef,1.000,SET,2282.32,EUR,2026-08-15,Replacement stock
bbf73a93-9eb0-5f47-966d-0f4d586a45a3,2026-04-30T08:00:00Z,system,2026-04-30T08:00:00Z,system,efbe0477-94b5-5743-8759-d1c7a7066f6e,10,12c9f3ae-d18d-52d5-8792-59bbe20067a0,50.000,L,1410.70,EUR,2026-05-30,Planned maintenance
b439b587-b8e0-547f-b3c4-9d8583cf9d92,2026-04-30T08:00:00Z,system,2026-04-30T08:00:00Z,system,efbe0477-94b5-5743-8759-d1c7a7066f6e,20,105849c8-03f2-573d-9e97-230d47fc6774,1.000,SET,1362.49,EUR,2026-05-30,Planned maintenance
2122ac03-9a56-52a4-ae84-b051db504802,2026-04-30T08:00:00Z,system,2026-04-30T08:00:00Z,system,efbe0477-94b5-5743-8759-d1c7a7066f6e,30,c13f04ef-297f-5b4a-879c-32e437691f2f,10.000,M,1329.61,EUR,2026-05-30,Production demand
407f0e9f-114c-5c00-a8ac-d25517748459,2026-04-30T08:00:00Z,system,2026-04-30T08:00:00Z,system,efbe0477-94b5-5743-8759-d1c7a7066f6e,40,33b58793-6f12-50d8-b5ed-f4aaefc6d3f0,1.000,M,68.46,EUR,2026-05-30,Production demand
776541a4-7db0-508c-a422-e8a9070d2c81,2026-02-28T08:00:00Z,system,2026-02-28T08:00:00Z,system,6f991454-739a-579e-a4d7-4cfc94e92063,10,7a0573af-19d9-5fce-a1fb-edef3b2a16d3,20.000,EA,2120.16,EUR,2026-03-07,Planned maintenance
d9ce94a6-517d-583a-b05f-868afeccf24e,2026-02-28T08:00:00Z,system,2026-02-28T08:00:00Z,system,6f991454-739a-579e-a4d7-4cfc94e92063,20,af970570-0e69-5aa7-a1fd-93cea6d022c8,1.000,BOX,797.91,EUR,2026-03-07,Production demand
21d97bc0-9c0d-5fe2-8458-aedd87a4eef2,2026-02-28T08:00:00Z,system,2026-02-28T08:00:00Z,system,6f991454-739a-579e-a4d7-4cfc94e92063,30,6cfb6402-60b6-52cc-80a2-aa3c8d1d7363,5.000,SET,1522.54,EUR,2026-03-07,Replacement stock
eb8a88c3-2207-579d-87f7-a0ef965bd376,2026-02-28T08:00:00Z,system,2026-02-28T08:00:00Z,system,6f991454-739a-579e-a4d7-4cfc94e92063,40,559354e7-7937-5578-baa8-6d7ae9f39b6f,20.000,BOX,982.69,EUR,2026-03-07,Production demand
877390e7-e258-56c8-9856-5a2609e16e80,2026-01-02T08:00:00Z,system,2026-01-02T08:00:00Z,system,89a919a5-e896-568d-94f4-17cb9bcf9b9b,10,65e45d5d-37a2-56b1-837a-6d62a46b2ae9,25.000,BOX,244.34,EUR,2026-01-24,
71492aea-32e4-5c5c-8aed-4e40938af9b5,2026-01-02T08:00:00Z,system,2026-01-02T08:00:00Z,system,89a919a5-e896-568d-94f4-17cb9bcf9b9b,20,61c9dd7a-23b2-51ce-a4f8-1ecaedb8b55e,1.000,SET,1879.24,EUR,2026-01-24,Planned maintenance
25a1c7fb-1528-5488-942b-11463f8a3fe6,2026-01-02T08:00:00Z,system,2026-01-02T08:00:00Z,system,89a919a5-e896-568d-94f4-17cb9bcf9b9b,30,e64ca70f-33df-53bc-81e4-7c69dabb1d6d,1.000,M,2111.61,EUR,2026-01-24,
c3f6b390-6311-5617-a995-f004b2570d88,2026-03-31T08:00:00Z,system,2026-03-31T08:00:00Z,system,bf0efb71-bca9-5b83-adc8-8183e404892f,10,0fe72620-9284-5333-a180-c7cfbeaccc63,1.000,KG,22.62,EUR,2026-05-23,Standard requirement
80337e3e-a15a-53c4-ae33-cb9e68a8efc7,2026-03-31T08:00:00Z,system,2026-03-31T08:00:00Z,system,bf0efb71-bca9-5b83-adc8-8183e404892f,20,1dd3c172-1e4d-56ef-89b5-1f44bd31959f,2.000,M,2356.60,EUR,2026-05-23,
e4a9657a-224c-5e19-ac99-b4af9329183e,2026-07-25T08:00:00Z,system,2026-07-25T08:00:00Z,system,b33c2aa1-7a9d-5bd9-9af1-2d02e31cf8a0,10,af970570-0e69-5aa7-a1fd-93cea6d022c8,1.000,BOX,715.14,EUR,2026-10-04,Standard requirement
9c793a1d-5c9f-52c4-9232-8ee10bbb9f1a,2026-05-26T08:00:00Z,system,2026-05-26T08:00:00Z,system,8e593155-93ed-542c-ac8f-c5bbe82c119a,10,eca867c4-ec3b-52d0-826e-e72c7e331d21,5.000,BOX,1170.76,EUR,2026-08-04,Standard requirement
15cd09a3-6ca1-591d-919b-9b547571593b,2026-05-26T08:00:00Z,system,2026-05-26T08:00:00Z,system,8e593155-93ed-542c-ac8f-c5bbe82c119a,20,fc75e2a5-ea49-539c-99b7-b2d024e54e2b,50.000,BOX,188.13,EUR,2026-08-04,Standard requirement
121eb20b-606d-555d-80b9-86087a11f37c,2026-05-26T08:00:00Z,system,2026-05-26T08:00:00Z,system,8e593155-93ed-542c-ac8f-c5bbe82c119a,30,20b9081b-2fb8-5ca6-99f3-12478b5fce53,50.000,KG,11.70,EUR,2026-08-04,Replacement stock
89140cc8-6c94-5923-b72d-3260de29e266,2026-05-26T08:00:00Z,system,2026-05-26T08:00:00Z,system,8e593155-93ed-542c-ac8f-c5bbe82c119a,40,f4d5037c-d38c-5514-b120-c0d70fd1331e,150.000,L,1051.29,EUR,2026-08-04,Replacement stock
e03e6a18-c8ad-5e39-a32a-71bef224a850,2026-02-28T08:00:00Z,system,2026-02-28T08:00:00Z,system,b49f62b7-0459-5259-bf50-a0b76b48f230,10,df47ed4b-da4f-5c58-b596-f38d4082538d,1.000,EA,1623.19,EUR,2026-03-26,Replacement stock
1281879f-b61c-57a6-9cf7-f63331cd2c42,2026-02-28T08:00:00Z,system,2026-02-28T08:00:00Z,system,b49f62b7-0459-5259-bf50-a0b76b48f230,20,b565639f-0e27-5958-90ec-8e31f21798a1,75.000,KG,6.75,EUR,2026-03-26,Production demand
5d882a8e-d4cf-5752-8409-0e34542b82fa,2026-02-28T08:00:00Z,system,2026-02-28T08:00:00Z,system,b49f62b7-0459-5259-bf50-a0b76b48f230,30,8b3ec22a-bd3c-594f-b231-80df5dbed6ff,10.000,M,1321.72,EUR,2026-03-26,Replacement stock
ebea0fa6-7415-52b1-a9af-65ef263512b2,2026-02-28T08:00:00Z,system,2026-02-28T08:00:00Z,system,b49f62b7-0459-5259-bf50-a0b76b48f230,40,81934ea3-15d5-5130-8a88-15160030bb8c,150.000,BOX,1712.33,EUR,2026-03-26,Standard requirement
cab0ec59-4749-51c8-b456-95cc1e6a3293,2025-11-03T08:00:00Z,system,2025-11-03T08:00:00Z,system,3bf2d38a-d6ac-51ad-8074-5a34f2ee31a4,10,2ecf27bf-5cc9-5e4d-bf61-da068d5ffc48,100.000,EA,770.12,EUR,2025-12-17,Replacement stock
709f32a0-da9f-51de-9106-0a230b3a4e5d,2025-11-03T08:00:00Z,system,2025-11-03T08:00:00Z,system,3bf2d38a-d6ac-51ad-8074-5a34f2ee31a4,20,0ec0e0b9-02b8-5273-be60-7699e859c9ef,75.000,SET,2148.04,EUR,2025-12-17,
ebf440c9-757b-5db7-8f2e-d29668716570,2025-11-03T08:00:00Z,system,2025-11-03T08:00:00Z,system,3bf2d38a-d6ac-51ad-8074-5a34f2ee31a4,30,d82bd767-f5ed-57ab-a2c9-406318f72bc2,50.000,L,70.04,EUR,2025-12-17,Production demand
1b91338a-cec4-5f4e-a800-d4f4394b3672,2026-01-21T08:00:00Z,system,2026-01-21T08:00:00Z,system,0c8ff860-11d0-56ee-9735-a94d27ed876b,10,c27d8ed1-1c81-52eb-9e88-e5402f546414,75.000,L,1700.14,EUR,2026-03-09,
170bf83d-6085-5281-b401-26070052aee5,2026-01-21T08:00:00Z,system,2026-01-21T08:00:00Z,system,0c8ff860-11d0-56ee-9735-a94d27ed876b,20,a006b8e3-6118-5906-998a-865149ed8589,1.000,SET,681.83,EUR,2026-03-09,Planned maintenance
dcac06d5-a8d9-51af-94f8-2f0e252ac11f,2026-01-21T08:00:00Z,system,2026-01-21T08:00:00Z,system,0c8ff860-11d0-56ee-9735-a94d27ed876b,30,4d8b3cb8-4991-55ac-afa4-443fd1749bfb,20.000,KG,25.03,EUR,2026-03-09,Standard requirement
7f869fc4-762c-5dc0-9574-a70f2b2b651f,2026-01-12T08:00:00Z,system,2026-01-12T08:00:00Z,system,a343ef79-7e6d-5037-bd7f-2415ad3323fc,10,272957c5-680c-5583-a4ae-d8350def996c,1.000,BOX,1798.17,EUR,2026-02-15,Replacement stock
7b88d5f1-87c4-50b4-ba19-0716b0605ca7,2026-01-12T08:00:00Z,system,2026-01-12T08:00:00Z,system,a343ef79-7e6d-5037-bd7f-2415ad3323fc,20,05a4f991-84c1-5839-9f40-938f84dcd65e,50.000,M,1559.42,EUR,2026-02-15,Planned maintenance
2f41b38d-5a47-5f95-8a45-dfa70bfe6e8e,2026-01-15T08:00:00Z,system,2026-01-15T08:00:00Z,system,0023f01e-c03d-58ed-a46b-60368c1fcc8c,10,62a2158d-64d0-547a-b140-23e19a0b0820,50.000,BOX,1475.58,EUR,2026-02-02,
f79662cd-751c-57f2-a7a9-d23a1cca2c53,2026-05-31T08:00:00Z,system,2026-05-31T08:00:00Z,system,7c656756-ace3-5e37-8d48-10d69193932e,10,7c9ec527-9eb0-52c4-b207-8cf0cae25caf,1.000,M,2201.44,EUR,2026-07-01,Planned maintenance
90986597-7aac-5234-a454-097840c46a48,2026-05-31T08:00:00Z,system,2026-05-31T08:00:00Z,system,7c656756-ace3-5e37-8d48-10d69193932e,20,19e5854c-015a-5974-997b-3ccb05e32d73,5.000,M,408.79,EUR,2026-07-01,
d77b363b-3076-5eb6-8812-8de862dd1627,2026-05-31T08:00:00Z,system,2026-05-31T08:00:00Z,system,7c656756-ace3-5e37-8d48-10d69193932e,30,72fab673-0e1b-50ad-a07f-80c4221c1763,25.000,BOX,2031.65,EUR,2026-07-01,Replacement stock
07e789d8-ec28-5ce9-9005-071c2de9cdc7,2025-11-30T08:00:00Z,system,2025-11-30T08:00:00Z,system,05492d51-9a20-5726-b62e-d50aa53423d5,10,3a0a1e49-476a-536d-b162-93bd126b8104,25.000,L,2018.39,EUR,2025-12-26,Planned maintenance
b48ac5df-61e4-5746-a3d3-4afae1eed3b4,2025-11-30T08:00:00Z,system,2025-11-30T08:00:00Z,system,05492d51-9a20-5726-b62e-d50aa53423d5,20,ed9623f5-c560-5892-8eb5-ab1f747a9b8e,20.000,KG,30.31,EUR,2025-12-26,Planned maintenance
760b3024-941f-55cb-abae-c811bc91f484,2025-11-30T08:00:00Z,system,2025-11-30T08:00:00Z,system,05492d51-9a20-5726-b62e-d50aa53423d5,30,79756df9-78e3-5df8-ad70-cff390e99aff,150.000,EA,969.65,EUR,2025-12-26,Production demand
639ddd68-72c6-5d7a-9407-afd5f6a03d34,2026-06-30T08:00:00Z,system,2026-06-30T08:00:00Z,system,5de4802b-2d34-5e2e-915d-acf61b1e9ce2,10,1dd3c172-1e4d-56ef-89b5-1f44bd31959f,75.000,M,2707.03,EUR,2026-07-11,
bc7db705-1cb0-59a7-adbc-7b6df2d16999,2026-06-30T08:00:00Z,system,2026-06-30T08:00:00Z,system,5de4802b-2d34-5e2e-915d-acf61b1e9ce2,20,88ec57c2-4bd1-5167-8c0f-b46a5404ea75,10.000,M,1243.22,EUR,2026-07-11,Replacement stock
973ed315-62d3-562d-bfdb-e1a4ac223670,2026-06-30T08:00:00Z,system,2026-06-30T08:00:00Z,system,5de4802b-2d34-5e2e-915d-acf61b1e9ce2,30,4cdd9f3f-a827-56ea-9bb0-828fa902a883,75.000,KG,1.60,EUR,2026-07-11,Production demand
c0db48e2-6610-5de5-ba0c-46a490fdb819,2026-06-30T08:00:00Z,system,2026-06-30T08:00:00Z,system,5de4802b-2d34-5e2e-915d-acf61b1e9ce2,40,4a6344a3-f35e-516c-9e41-3b71adc76bae,50.000,M,762.80,EUR,2026-07-11,Standard requirement
1012e38f-2938-5e27-babc-cb8a20989af6,2025-09-13T08:00:00Z,system,2025-09-13T08:00:00Z,system,fc765d32-9636-5026-b96e-09911152c1a6,10,8ecd63dc-042f-5821-9209-3db5b19e8ed7,150.000,EA,2010.90,EUR,2025-09-22,Production demand
65977d05-6316-5946-9938-8794f75585bc,2025-09-13T08:00:00Z,system,2025-09-13T08:00:00Z,system,fc765d32-9636-5026-b96e-09911152c1a6,20,ffad296f-4b1b-50b0-b7ea-693c82ec1839,25.000,M,758.24,EUR,2025-09-22,Production demand
d66c342f-5e2c-5e0a-ac1c-343ad0ecb5df,2025-09-13T08:00:00Z,system,2025-09-13T08:00:00Z,system,fc765d32-9636-5026-b96e-09911152c1a6,30,75d6a74c-c3cd-5660-ad71-3d8c716419de,1.000,BOX,1503.62,EUR,2025-09-22,Planned maintenance
89e84a35-6252-55b0-81d5-4b4c804286ea,2025-09-13T08:00:00Z,system,2025-09-13T08:00:00Z,system,fc765d32-9636-5026-b96e-09911152c1a6,40,23ca3651-d389-5646-8a4d-d24fb3e26384,75.000,SET,2475.41,EUR,2025-09-22,Production demand
f5908d5f-e1ba-562d-8e91-7efd32d0692b,2026-06-29T08:00:00Z,system,2026-06-29T08:00:00Z,system,9fb67f80-a54f-582e-a0bc-878f39739893,10,f95fbe47-9c5c-5d2b-a38e-c84f39513733,75.000,M,622.02,EUR,2026-08-08,Replacement stock
857675ac-7862-5978-ab19-9b66cfd77bdd,2026-06-29T08:00:00Z,system,2026-06-29T08:00:00Z,system,9fb67f80-a54f-582e-a0bc-878f39739893,20,a46103e7-a245-5eef-af4b-854671431c6b,150.000,M,2021.45,EUR,2026-08-08,Planned maintenance
f7103837-b9d6-5a3d-bff3-bd1e83f246ca,2026-06-29T08:00:00Z,system,2026-06-29T08:00:00Z,system,9fb67f80-a54f-582e-a0bc-878f39739893,30,66829174-3fa6-52dd-bbb1-daa7bca60901,150.000,BOX,654.11,EUR,2026-08-08,Production demand
6a860d42-0a2d-5561-8382-3c688297260b,2026-06-29T08:00:00Z,system,2026-06-29T08:00:00Z,system,9fb67f80-a54f-582e-a0bc-878f39739893,40,76540a83-8375-53ea-a170-4e4e171d11cd,20.000,KG,26.36,EUR,2026-08-08,Standard requirement
45a9d756-eb2d-51cc-a8e7-e116dce97b17,2025-12-31T08:00:00Z,system,2025-12-31T08:00:00Z,system,081ad7bf-e372-579c-9f57-d99e4a3e0fea,10,15363821-3683-51e9-ad4d-1410e9a22f30,1.000,EA,678.23,EUR,2026-03-08,
b6b993d6-f3b6-5130-8d6a-6436394a478f,2025-12-31T08:00:00Z,system,2025-12-31T08:00:00Z,system,081ad7bf-e372-579c-9f57-d99e4a3e0fea,20,06d90e5a-e269-5465-96ac-4d7026277e09,75.000,L,73.17,EUR,2026-03-08,Replacement stock
2d5289f7-cc46-5bc1-8bae-da77ff5c2848,2025-12-31T08:00:00Z,system,2025-12-31T08:00:00Z,system,081ad7bf-e372-579c-9f57-d99e4a3e0fea,30,e337ec5f-3c23-585a-808c-545892f7ee27,2.000,SET,1185.45,EUR,2026-03-08,Production demand
ffc9f4e9-5418-515e-a457-6a1c0e694633,2025-10-05T08:00:00Z,system,2025-10-05T08:00:00Z,system,6e303c0c-5d5b-5482-b980-6031fc0680c5,10,9c244d41-3489-5976-bcdb-b0d76c2237a9,10.000,KG,29.84,EUR,2025-12-08,Replacement stock
a4c04541-4ff9-5660-b688-cad8a007fc4d,2025-10-05T08:00:00Z,system,2025-10-05T08:00:00Z,system,6e303c0c-5d5b-5482-b980-6031fc0680c5,20,03f34b44-1652-577f-950a-78af8cdc601f,1.000,L,1145.98,EUR,2025-12-08,
0d57427a-bb93-5c97-8e5f-3b2fbbe3dbd1,2026-06-09T08:00:00Z,system,2026-06-09T08:00:00Z,system,b8c5e680-ff67-50f9-a03f-75ba283f1f32,10,a1de9ed1-ec0e-5ccc-86a4-1980e3dfb1ed,20.000,L,541.43,EUR,2026-08-18,
ed2a0b52-78a2-546e-92be-8fd98a0c9204,2026-05-30T08:00:00Z,system,2026-05-30T08:00:00Z,system,6eec3610-cbb8-50f2-8a9c-95594dd7eb3b,10,a7d2c2da-af08-5f66-aad4-f45b74b00edb,1.000,L,2370.81,EUR,2026-08-04,Standard requirement
4aa215ab-e049-562f-9051-b3e03de39e8f,2026-05-30T08:00:00Z,system,2026-05-30T08:00:00Z,system,6eec3610-cbb8-50f2-8a9c-95594dd7eb3b,20,d1656ddc-1679-5818-bc75-a4cf9404839a,20.000,M,194.79,EUR,2026-08-04,
41654736-ad26-5401-9f9d-403620b93f2b,2026-05-30T08:00:00Z,system,2026-05-30T08:00:00Z,system,6eec3610-cbb8-50f2-8a9c-95594dd7eb3b,30,0804c1cc-15f6-549d-b061-a4423dc8fcac,25.000,EA,334.54,EUR,2026-08-04,Standard requirement
52a9b6a1-8271-5530-9e23-666838b27c8d,2026-05-30T08:00:00Z,system,2026-05-30T08:00:00Z,system,6eec3610-cbb8-50f2-8a9c-95594dd7eb3b,40,2e938e1a-7d1e-5084-9f28-14acf3a39a7c,50.000,SET,2322.32,EUR,2026-08-04,Replacement stock
b39795a2-6b35-5e9b-adb0-4bc8770cc18e,2026-02-22T08:00:00Z,system,2026-02-22T08:00:00Z,system,67663b44-0db9-5ed8-a736-ac39b3cf8cd0,10,7a0573af-19d9-5fce-a1fb-edef3b2a16d3,150.000,EA,1897.99,EUR,2026-04-24,Standard requirement
14ca5b8e-1069-54ad-ab5f-8bdb738d43b7,2026-02-22T08:00:00Z,system,2026-02-22T08:00:00Z,system,67663b44-0db9-5ed8-a736-ac39b3cf8cd0,20,8407ccad-dc71-5f5d-bf6c-5c34f5e1b0ce,150.000,M,1693.24,EUR,2026-04-24,Replacement stock
e3f67c22-0640-5c46-818f-5eed238552f6,2026-02-22T08:00:00Z,system,2026-02-22T08:00:00Z,system,67663b44-0db9-5ed8-a736-ac39b3cf8cd0,30,d8fcbf1f-1dd7-50af-8261-2da45ed17eae,200.000,EA,298.25,EUR,2026-04-24,
81cd4cc2-e816-5e72-aed0-ccdad3c97b2d,2026-05-17T08:00:00Z,system,2026-05-17T08:00:00Z,system,395889d3-07e0-5cbd-bdde-2418f11e6273,10,9c244d41-3489-5976-bcdb-b0d76c2237a9,100.000,KG,27.52,EUR,2026-05-30,Replacement stock
ead8bacc-f291-50b0-b4a7-2ce1e46c1c12,2026-05-17T08:00:00Z,system,2026-05-17T08:00:00Z,system,395889d3-07e0-5cbd-bdde-2418f11e6273,20,a93a3ee0-dfe5-5635-b2cf-50207f6eefff,20.000,BOX,846.79,EUR,2026-05-30,Production demand
c66279cf-699f-5ca2-b42d-52d38e6b6c50,2026-05-17T08:00:00Z,system,2026-05-17T08:00:00Z,system,395889d3-07e0-5cbd-bdde-2418f11e6273,30,d1656ddc-1679-5818-bc75-a4cf9404839a,25.000,M,185.01,EUR,2026-05-30,Replacement stock
22f8c0de-b242-5565-b5af-7a3a4f75351e,2025-11-14T08:00:00Z,system,2025-11-14T08:00:00Z,system,a889cf62-6df6-5f1c-980b-766c85c6c767,10,e78a29f5-6b77-5c64-a898-2ef9faf92f91,25.000,KG,20.07,EUR,2026-01-03,Standard requirement
3bd03585-6070-51ce-be7b-96719aed5668,2025-11-14T08:00:00Z,system,2025-11-14T08:00:00Z,system,a889cf62-6df6-5f1c-980b-766c85c6c767,20,d96ec281-e3a6-5aba-b6f4-379e05515ef4,50.000,SET,1217.88,EUR,2026-01-03,
e9931198-1769-5a44-98f6-216fe052aa8b,2025-11-14T08:00:00Z,system,2025-11-14T08:00:00Z,system,a889cf62-6df6-5f1c-980b-766c85c6c767,30,99390864-f827-5aef-be8a-287357eedb0f,10.000,BOX,2015.31,EUR,2026-01-03,Replacement stock
0b90ea4a-aefd-5aa3-80b1-98dc3636d836,2025-11-13T08:00:00Z,system,2025-11-13T08:00:00Z,system,03a6c424-14e6-546c-b4b5-b56126693b34,10,3fc74a3b-0832-5675-b9fe-287a90de3ba8,10.000,EA,373.71,EUR,2025-12-23,Production demand
00e9ab29-3613-5d3a-878f-16f0d1f096b9,2025-11-13T08:00:00Z,system,2025-11-13T08:00:00Z,system,03a6c424-14e6-546c-b4b5-b56126693b34,20,ff7c211a-6fcd-5fa0-9ea1-713837b5f870,150.000,SET,1616.52,EUR,2025-12-23,Planned maintenance
8fbd2e6c-201b-5ffe-a294-52171722b33f,2025-11-13T08:00:00Z,system,2025-11-13T08:00:00Z,system,03a6c424-14e6-546c-b4b5-b56126693b34,30,8f727bc4-c2d9-58aa-8c86-102424996793,20.000,SET,269.00,EUR,2025-12-23,Replacement stock
dc720e1a-ffb7-565c-9fcc-9d765869775b,2025-11-13T08:00:00Z,system,2025-11-13T08:00:00Z,system,03a6c424-14e6-546c-b4b5-b56126693b34,40,2e938e1a-7d1e-5084-9f28-14acf3a39a7c,150.000,SET,2045.12,EUR,2025-12-23,
8bba6fee-0979-5a58-865f-e54c58612051,2026-04-29T08:00:00Z,system,2026-04-29T08:00:00Z,system,f30a001b-6367-51c7-a811-47c1d0ebcf7f,10,74ec4245-16d4-59ad-a64b-e56056485a1c,75.000,EA,2609.83,EUR,2026-06-16,Planned maintenance
cee0a9a9-8940-5371-8455-60f05c6d0c7e,2026-04-29T08:00:00Z,system,2026-04-29T08:00:00Z,system,f30a001b-6367-51c7-a811-47c1d0ebcf7f,20,74ec4245-16d4-59ad-a64b-e56056485a1c,10.000,EA,2368.66,EUR,2026-06-16,
e81db0d5-ba3b-5f72-8c28-4351aa045220,2026-04-25T08:00:00Z,system,2026-04-25T08:00:00Z,system,4ba625df-7d89-5426-b042-f3a623bfb5fc,10,965972d0-7dc1-5a2e-a771-140c178aec3b,200.000,EA,282.04,EUR,2026-07-05,Planned maintenance
0ad29e8d-7910-5f32-b0ec-740ca46c9a5a,2026-04-25T08:00:00Z,system,2026-04-25T08:00:00Z,system,4ba625df-7d89-5426-b042-f3a623bfb5fc,20,3aa391ce-4ff3-5173-9277-83ce43555c7c,200.000,L,100.86,EUR,2026-07-05,
260a6eb2-e32f-5560-bf66-fd4eb1f23122,2026-04-25T08:00:00Z,system,2026-04-25T08:00:00Z,system,4ba625df-7d89-5426-b042-f3a623bfb5fc,30,96fb08d2-476c-50b5-8ac4-5ecf45934f96,1.000,SET,77.86,EUR,2026-07-05,Production demand
4f167c61-d2b6-51b5-b53a-2a6f7f136ed0,2026-07-09T08:00:00Z,system,2026-07-09T08:00:00Z,system,90249327-c572-5a1b-8cef-c24cf26e174b,10,3f3309b3-487e-54de-ae3f-de56ef31378f,1.000,BOX,2297.53,EUR,2026-09-18,Production demand
391c208b-951a-5e37-95e5-e6b15d8a750a,2026-07-09T08:00:00Z,system,2026-07-09T08:00:00Z,system,90249327-c572-5a1b-8cef-c24cf26e174b,20,75d6a74c-c3cd-5660-ad71-3d8c716419de,10.000,BOX,1467.13,EUR,2026-09-18,
407b361b-5825-5d97-86b6-f28446c5afec,2026-07-09T08:00:00Z,system,2026-07-09T08:00:00Z,system,90249327-c572-5a1b-8cef-c24cf26e174b,30,18842f90-d5d5-59ad-837c-f13f2b55bb62,20.000,EA,1172.72,EUR,2026-09-18,Standard requirement
8293c5a9-214e-5485-8411-9fcf9f13cada,2026-07-09T08:00:00Z,system,2026-07-09T08:00:00Z,system,90249327-c572-5a1b-8cef-c24cf26e174b,40,3fbd18a0-7abf-52be-90d6-d20cad8bccd3,150.000,SET,937.74,EUR,2026-09-18,Replacement stock
16faa3a5-a699-5926-8733-bc0e695b8e2d,2025-09-20T08:00:00Z,system,2025-09-20T08:00:00Z,system,2959a91d-c19d-52b2-87f4-31ec8f56c8da,10,94288f21-6926-5da3-827e-38477bc97581,200.000,L,1121.61,EUR,2025-11-05,Replacement stock
86fa487b-3729-545c-8236-b2e8ff575112,2025-09-20T08:00:00Z,system,2025-09-20T08:00:00Z,system,2959a91d-c19d-52b2-87f4-31ec8f56c8da,20,272957c5-680c-5583-a4ae-d8350def996c,200.000,BOX,1731.63,EUR,2025-11-05,Standard requirement
556103aa-3938-5f39-b0b1-3de4fdc7f1b1,2025-09-20T08:00:00Z,system,2025-09-20T08:00:00Z,system,2959a91d-c19d-52b2-87f4-31ec8f56c8da,30,61c9dd7a-23b2-51ce-a4f8-1ecaedb8b55e,25.000,SET,2082.05,EUR,2025-11-05,Production demand
db5b7391-c841-524e-8a46-dd185dfa4980,2025-09-20T08:00:00Z,system,2025-09-20T08:00:00Z,system,2959a91d-c19d-52b2-87f4-31ec8f56c8da,40,9f268dd5-b99b-5f85-935d-cd614d5d12ad,20.000,KG,28.08,EUR,2025-11-05,Planned maintenance
537f3796-424b-5eb2-bf2a-26d262652e5c,2026-06-01T08:00:00Z,system,2026-06-01T08:00:00Z,system,a940114d-e72e-5fe1-8471-1c98452412e8,10,48cb4f21-8c1b-5570-a07c-08c09fbf0ce6,200.000,SET,837.35,EUR,2026-07-31,Planned maintenance
45e07fb1-430f-5d49-8357-ba6fac675564,2026-06-01T08:00:00Z,system,2026-06-01T08:00:00Z,system,a940114d-e72e-5fe1-8471-1c98452412e8,20,c13f04ef-297f-5b4a-879c-32e437691f2f,200.000,M,1328.39,EUR,2026-07-31,Production demand
14e04ba5-2dc6-521a-8499-2898efc22329,2026-06-01T08:00:00Z,system,2026-06-01T08:00:00Z,system,a940114d-e72e-5fe1-8471-1c98452412e8,30,cb6ffa8f-0fe6-5b74-b902-9c455baa0e7f,75.000,BOX,203.70,EUR,2026-07-31,Planned maintenance
0c189fc4-fdb4-5edf-9c25-bf188bdc60e0,2026-06-01T08:00:00Z,system,2026-06-01T08:00:00Z,system,a940114d-e72e-5fe1-8471-1c98452412e8,40,4a6344a3-f35e-516c-9e41-3b71adc76bae,25.000,M,703.57,EUR,2026-07-31,Production demand
e4394bbf-ddbc-5841-94a0-145a6330352d,2025-10-01T08:00:00Z,system,2025-10-01T08:00:00Z,system,19f7a401-9ab8-5c1f-90d8-272cfbf569bb,10,8f4fa6ee-76d8-5196-89f7-b65fbb2cfff1,5.000,KG,22.28,EUR,2025-10-23,Planned maintenance
08f94f79-0032-54ec-9cc1-4c92489cb19a,2025-10-01T08:00:00Z,system,2025-10-01T08:00:00Z,system,19f7a401-9ab8-5c1f-90d8-272cfbf569bb,20,60f8eac8-7f04-549c-a5f3-331eb9014d8a,20.000,SET,212.06,EUR,2025-10-23,Replacement stock
f8901f46-7e28-5762-8635-412ffd3d0114,2025-10-01T08:00:00Z,system,2025-10-01T08:00:00Z,system,19f7a401-9ab8-5c1f-90d8-272cfbf569bb,30,74ec4245-16d4-59ad-a64b-e56056485a1c,1.000,EA,2298.37,EUR,2025-10-23,Planned maintenance
1fc5acb2-517a-5336-b53d-ee0c3b8f2ff5,2026-06-08T08:00:00Z,system,2026-06-08T08:00:00Z,system,61b38d2a-c15a-56af-8138-5d87c75edcdf,10,cb6ffa8f-0fe6-5b74-b902-9c455baa0e7f,2.000,BOX,243.35,EUR,2026-08-08,Planned maintenance
b8a08d78-2987-599a-8a65-705dc60b9e7b,2026-06-08T08:00:00Z,system,2026-06-08T08:00:00Z,system,61b38d2a-c15a-56af-8138-5d87c75edcdf,20,5e0e22e5-d386-54e2-bfeb-2492f8c12bc4,50.000,L,1977.67,EUR,2026-08-08,Production demand
8e6b5a6b-c9e9-5908-be59-386e0952e1c2,2026-06-08T08:00:00Z,system,2026-06-08T08:00:00Z,system,61b38d2a-c15a-56af-8138-5d87c75edcdf,30,6be44d6c-c457-5100-971c-5640df33eb4b,1.000,SET,523.83,EUR,2026-08-08,
8c31d6b6-eb69-519c-b9a5-5aaadbfc759c,2026-06-08T08:00:00Z,system,2026-06-08T08:00:00Z,system,61b38d2a-c15a-56af-8138-5d87c75edcdf,40,94288f21-6926-5da3-827e-38477bc97581,1.000,L,1123.74,EUR,2026-08-08,Production demand
44429d08-c2ad-5990-b76f-6299f97af019,2026-07-12T08:00:00Z,system,2026-07-12T08:00:00Z,system,83d5a6a5-30b6-5fc5-85b5-d13b236d3a68,10,1010189f-26f3-5ece-8436-a2f2923354f3,5.000,EA,431.21,EUR,2026-08-03,Replacement stock
b379583c-301c-5670-ad1e-52d75737ba4f,2026-07-12T08:00:00Z,system,2026-07-12T08:00:00Z,system,83d5a6a5-30b6-5fc5-85b5-d13b236d3a68,20,40252466-922e-50d3-92f3-752f91ac6fff,1.000,L,1942.82,EUR,2026-08-03,Planned maintenance
52e9c8c8-5a6b-58ae-ac69-6c54a6396acb,2026-07-12T08:00:00Z,system,2026-07-12T08:00:00Z,system,83d5a6a5-30b6-5fc5-85b5-d13b236d3a68,30,775db43d-b20d-5440-9e66-3995ab8bf36c,75.000,L,197.83,EUR,2026-08-03,Standard requirement
df6d5c40-d398-546c-b895-3977ed82b643,2026-07-12T08:00:00Z,system,2026-07-12T08:00:00Z,system,83d5a6a5-30b6-5fc5-85b5-d13b236d3a68,40,3f3309b3-487e-54de-ae3f-de56ef31378f,10.000,BOX,2295.82,EUR,2026-08-03,Production demand
8dc766ea-54c3-55a4-898a-50016ac7fe29,2026-01-10T08:00:00Z,system,2026-01-10T08:00:00Z,system,eea12378-2517-59c1-9263-567419337e93,10,437ef9de-cfe9-5599-8502-13a53e958016,75.000,KG,12.89,EUR,2026-02-16,Replacement stock
3958a59f-ea10-5091-b029-4e4faa942a10,2026-01-10T08:00:00Z,system,2026-01-10T08:00:00Z,system,eea12378-2517-59c1-9263-567419337e93,20,75d6a74c-c3cd-5660-ad71-3d8c716419de,150.000,BOX,1479.63,EUR,2026-02-16,
efc9c4e9-436c-59e0-9a28-246cb8f3d212,2026-02-27T08:00:00Z,system,2026-02-27T08:00:00Z,system,789d3a50-616e-57b7-ba8f-5190ffe7881e,10,61c9dd7a-23b2-51ce-a4f8-1ecaedb8b55e,50.000,SET,1953.80,EUR,2026-03-30,Replacement stock
b4bbc67d-8972-5141-95ea-5baa589f9242,2026-05-23T08:00:00Z,system,2026-05-23T08:00:00Z,system,eff2d7fc-4e05-53db-ad03-a5fa2ad23aaf,10,8e000456-a6ac-57d9-b9cb-0522d8da4203,1.000,KG,19.07,EUR,2026-07-05,Standard requirement
b81b7f02-5513-513a-80f0-c5aac121b980,2026-05-23T08:00:00Z,system,2026-05-23T08:00:00Z,system,eff2d7fc-4e05-53db-ad03-a5fa2ad23aaf,20,a93a3ee0-dfe5-5635-b2cf-50207f6eefff,100.000,BOX,933.93,EUR,2026-07-05,Replacement stock
08505f0f-4f62-54af-b25f-22f471176d06,2026-05-23T08:00:00Z,system,2026-05-23T08:00:00Z,system,eff2d7fc-4e05-53db-ad03-a5fa2ad23aaf,30,5c00c635-ab30-509c-930a-9c3027c73ba1,20.000,BOX,1590.66,EUR,2026-07-05,Planned maintenance
7d62d4e6-9776-50d6-9e5f-687130f8dcd3,2025-09-15T08:00:00Z,system,2025-09-15T08:00:00Z,system,0fddf3f4-78fb-5299-aa22-c82b9e245102,10,5ed4476d-3306-5591-960f-4c8a96c6dae8,150.000,BOX,1769.07,EUR,2025-10-10,Replacement stock
30a702dc-0833-5707-bfaf-c76341ca7e29,2025-09-15T08:00:00Z,system,2025-09-15T08:00:00Z,system,0fddf3f4-78fb-5299-aa22-c82b9e245102,20,7bbe83f1-c77e-5ae0-b99e-e216e600e89f,20.000,KG,28.09,EUR,2025-10-10,Production demand
fa68744f-065b-5e9d-ae82-1a2e4886e5b8,2025-09-15T08:00:00Z,system,2025-09-15T08:00:00Z,system,0fddf3f4-78fb-5299-aa22-c82b9e245102,30,86cd43f5-5e5a-58e0-8882-778206f00530,20.000,KG,17.44,EUR,2025-10-10,
0c4e44c0-7a68-5093-a741-a326ce1e3213,2025-09-15T08:00:00Z,system,2025-09-15T08:00:00Z,system,0fddf3f4-78fb-5299-aa22-c82b9e245102,40,8ecd63dc-042f-5821-9209-3db5b19e8ed7,200.000,EA,2209.80,EUR,2025-10-10,Replacement stock
ffc96c07-c827-5979-8aa3-4eade037250b,2025-09-28T08:00:00Z,system,2025-09-28T08:00:00Z,system,aa8bb9eb-b350-5059-a5cc-b57655d615f2,10,ca48575f-0b73-55a6-b23c-6de718d78d67,5.000,KG,7.30,EUR,2025-11-03,
708a38c0-4e4a-5025-9946-f53d618d30b8,2025-09-28T08:00:00Z,system,2025-09-28T08:00:00Z,system,aa8bb9eb-b350-5059-a5cc-b57655d615f2,20,46b282d8-4f03-5afe-8c6a-9345fa79a1a8,150.000,L,919.56,EUR,2025-11-03,Standard requirement
808d973c-74d1-51f8-b8b9-95d18a2f8801,2026-05-20T08:00:00Z,system,2026-05-20T08:00:00Z,system,272c8a8e-cb1a-5a0f-8cc3-f10235e33da9,10,c1a24447-ba94-5724-9a1d-064a2c0b2811,150.000,SET,1182.60,EUR,2026-07-15,Production demand
11000fb8-fc95-5ae2-9228-a802631cb9ac,2026-04-01T08:00:00Z,system,2026-04-01T08:00:00Z,system,102e25dd-1bed-50f2-b98a-a11f7e07632b,10,15363821-3683-51e9-ad4d-1410e9a22f30,20.000,EA,679.68,EUR,2026-06-07,Planned maintenance
b69ae12d-2503-596f-854e-ac61b11dd49f,2025-11-04T08:00:00Z,system,2025-11-04T08:00:00Z,system,3ef93852-cda3-53cb-bbc7-afb4a2ded734,10,8955b821-56c4-50e4-a768-f8cd91a81833,200.000,BOX,1879.51,EUR,2026-01-03,Replacement stock
2062e1c0-a8fe-5416-87cf-28414a9a63b4,2025-11-04T08:00:00Z,system,2025-11-04T08:00:00Z,system,3ef93852-cda3-53cb-bbc7-afb4a2ded734,20,b195eb87-b559-5dc2-9e04-6eabb78ca3ef,5.000,SET,1868.05,EUR,2026-01-03,Replacement stock
9709ce52-c318-56bf-b110-6a557ed8faa8,2025-10-14T08:00:00Z,system,2025-10-14T08:00:00Z,system,40b7aadd-e8ed-5039-93d3-62a0cf371915,10,881eaa64-708a-5722-917e-fdcc33e19b55,100.000,M,2360.20,EUR,2025-10-31,Standard requirement
b35b94de-41af-5f61-9445-ec686202a630,2025-10-14T08:00:00Z,system,2025-10-14T08:00:00Z,system,40b7aadd-e8ed-5039-93d3-62a0cf371915,20,4510bf5d-95b5-5a36-8ecf-d02e870154c9,2.000,KG,5.96,EUR,2025-10-31,Replacement stock
e406d3b7-9815-526f-89c2-a7b10925edae,2025-10-14T08:00:00Z,system,2025-10-14T08:00:00Z,system,40b7aadd-e8ed-5039-93d3-62a0cf371915,30,eca867c4-ec3b-52d0-826e-e72c7e331d21,50.000,BOX,1194.57,EUR,2025-10-31,Planned maintenance
babb4cbd-d293-5e1b-b30f-816c9ee43a19,2025-10-14T08:00:00Z,system,2025-10-14T08:00:00Z,system,40b7aadd-e8ed-5039-93d3-62a0cf371915,40,571479d1-0b4f-5e80-b110-0e3e87a27f94,1.000,EA,1614.50,EUR,2025-10-31,Planned maintenance
36c66d9c-634b-5add-8819-e8601eac5770,2025-10-04T08:00:00Z,system,2025-10-04T08:00:00Z,system,f9f03cb3-b8b7-5ddc-b40b-ebaef1f40ca9,10,b73f763a-3d8c-562e-9549-a6941040255f,5.000,EA,843.33,EUR,2025-11-11,Standard requirement
5499905b-301b-5963-893c-9afe339b9692,2025-12-04T08:00:00Z,system,2025-12-04T08:00:00Z,system,54c7fdad-7224-5afe-a141-4c8451713d5b,10,c8f2c51c-f8b9-51a7-b2ab-da1f3ac760d6,25.000,M,1487.01,EUR,2025-12-11,Production demand
8dcdd93e-1a64-5538-82cd-cf7d9d958ab2,2026-01-19T08:00:00Z,system,2026-01-19T08:00:00Z,system,1625abfe-7699-5959-b4be-8ba160e518ac,10,b847b69b-3807-57f7-85b1-bf879953e4f1,10.000,KG,35.29,EUR,2026-02-20,Production demand
c3c18f82-372d-525a-9f57-a70c979d145b,2026-01-19T08:00:00Z,system,2026-01-19T08:00:00Z,system,1625abfe-7699-5959-b4be-8ba160e518ac,20,8f4fa6ee-76d8-5196-89f7-b65fbb2cfff1,10.000,KG,21.57,EUR,2026-02-20,
b483dfcd-cc70-56e6-a7aa-254ea718ef29,2026-04-09T08:00:00Z,system,2026-04-09T08:00:00Z,system,7d02542e-d57b-57af-80cf-cab7562e3a3b,10,eca867c4-ec3b-52d0-826e-e72c7e331d21,10.000,BOX,1320.58,EUR,2026-04-23,
797ce47c-4cc8-58ac-87ad-65217fe3ca54,2026-04-09T08:00:00Z,system,2026-04-09T08:00:00Z,system,7d02542e-d57b-57af-80cf-cab7562e3a3b,20,66829174-3fa6-52dd-bbb1-daa7bca60901,1.000,BOX,716.35,EUR,2026-04-23,Standard requirement
b8a92d12-360f-570a-9239-063b90bee12d,2026-04-09T08:00:00Z,system,2026-04-09T08:00:00Z,system,7d02542e-d57b-57af-80cf-cab7562e3a3b,30,748d36d0-ad0a-5e2f-ae52-4b9bd4ac6a44,100.000,M,1722.62,EUR,2026-04-23,Replacement stock
cf229779-34f9-5f60-8e42-3774e7769c43,2026-04-25T08:00:00Z,system,2026-04-25T08:00:00Z,system,14bcf046-b2c8-568f-9824-47dfaa2116c0,10,c27d8ed1-1c81-52eb-9e88-e5402f546414,75.000,L,1789.60,EUR,2026-05-14,Production demand
9950fb2d-e593-5b05-85be-313b340d96c8,2026-04-25T08:00:00Z,system,2026-04-25T08:00:00Z,system,14bcf046-b2c8-568f-9824-47dfaa2116c0,20,cc5afda5-c29c-592b-ab4e-304a522f6af7,2.000,L,1484.63,EUR,2026-05-14,Standard requirement
93191bf0-f833-577b-b17d-24b7a8073b38,2026-03-25T08:00:00Z,system,2026-03-25T08:00:00Z,system,01e93f1c-77fe-5d30-b339-fcf980a91352,10,81934ea3-15d5-5130-8a88-15160030bb8c,2.000,BOX,1997.35,EUR,2026-05-30,
b598e415-6410-572d-b7dd-a16fa10f6e78,2026-03-25T08:00:00Z,system,2026-03-25T08:00:00Z,system,01e93f1c-77fe-5d30-b339-fcf980a91352,20,34a9184c-b2a2-5e49-b2fa-ec91dd5c7ccc,75.000,L,1558.50,EUR,2026-05-30,
05e22379-c9dd-5494-95d7-d4688aa7e369,2026-03-25T08:00:00Z,system,2026-03-25T08:00:00Z,system,01e93f1c-77fe-5d30-b339-fcf980a91352,30,8c4308df-7ca4-593e-8ebe-c6de544847fa,75.000,L,1935.44,EUR,2026-05-30,Production demand
bbf13788-1052-5257-9667-874c38b7e7e1,2026-03-17T08:00:00Z,system,2026-03-17T08:00:00Z,system,2145b224-e910-5019-94f4-9f5487f642a6,10,4510bf5d-95b5-5a36-8ecf-d02e870154c9,50.000,KG,6.58,EUR,2026-04-13,
c6ee8e84-d727-5a92-80d7-9697ff877b9d,2026-03-17T08:00:00Z,system,2026-03-17T08:00:00Z,system,2145b224-e910-5019-94f4-9f5487f642a6,20,972054fa-e98c-5fa7-b5a0-eef2c0bddc26,10.000,M,910.56,EUR,2026-04-13,
664b1424-7e00-5faa-87c9-6fb3349a2ab4,2025-11-23T08:00:00Z,system,2025-11-23T08:00:00Z,system,5d5bacfc-5e05-5481-8b67-de395f790b7f,10,219cd16c-a048-5e62-90b0-7924b1431b82,2.000,L,1340.50,EUR,2025-12-21,
8ee60f83-d330-5b79-ac09-10cd67d14a23,2025-11-23T08:00:00Z,system,2025-11-23T08:00:00Z,system,5d5bacfc-5e05-5481-8b67-de395f790b7f,20,4cb50627-8198-5765-9d5a-9d272c8ce58b,1.000,M,783.99,EUR,2025-12-21,
8dbe387b-72da-521f-a053-b334978f111a,2025-11-23T08:00:00Z,system,2025-11-23T08:00:00Z,system,5d5bacfc-5e05-5481-8b67-de395f790b7f,30,0fe72620-9284-5333-a180-c7cfbeaccc63,5.000,KG,23.36,EUR,2025-12-21,Standard requirement
51409ad0-d294-5bcf-9e11-0b0c26e50f8e,2025-12-23T08:00:00Z,system,2025-12-23T08:00:00Z,system,d9045e97-98ad-5e01-86e7-b43c5b4438ba,10,79756df9-78e3-5df8-ad70-cff390e99aff,25.000,EA,923.40,EUR,2026-02-21,Replacement stock
67671e1e-6af7-5037-bdf6-d93dab5ebf1b,2025-10-21T08:00:00Z,system,2025-10-21T08:00:00Z,system,228779cd-8ca8-54bf-a653-f2b830629344,10,cf47eab7-b618-56ca-8312-fe97b2569fb6,150.000,BOX,395.06,EUR,2025-11-13,Production demand
17c43f31-b8dc-5621-b0ad-bca5886883de,2025-10-21T08:00:00Z,system,2025-10-21T08:00:00Z,system,228779cd-8ca8-54bf-a653-f2b830629344,20,c21a05cd-e0c4-5233-b2b3-69e0eadd9d50,50.000,EA,948.54,EUR,2025-11-13,Replacement stock
c7a06535-6de5-5938-b86e-842298bdd972,2025-10-21T08:00:00Z,system,2025-10-21T08:00:00Z,system,228779cd-8ca8-54bf-a653-f2b830629344,30,2ecf27bf-5cc9-5e4d-bf61-da068d5ffc48,50.000,EA,812.48,EUR,2025-11-13,Production demand
7ffe189c-f2bf-56b5-87c5-7a29a84c73f5,2025-10-21T08:00:00Z,system,2025-10-21T08:00:00Z,system,228779cd-8ca8-54bf-a653-f2b830629344,40,85f6ae6a-e37a-5c6a-8c20-f972d8291238,150.000,M,154.33,EUR,2025-11-13,Planned maintenance
d7ced1dd-b986-52e1-90cd-4fbefb9fd70d,2026-03-31T08:00:00Z,system,2026-03-31T08:00:00Z,system,4236982c-ff94-53cd-afe7-a6293866987b,10,70c1e335-53e1-5df8-b343-82e92d1eab19,75.000,M,110.32,EUR,2026-05-19,Replacement stock
8cadeefd-3db1-5d76-8618-94c8ff3158a3,2026-03-31T08:00:00Z,system,2026-03-31T08:00:00Z,system,4236982c-ff94-53cd-afe7-a6293866987b,20,51a7a682-3b4d-51e0-bc82-813005d006b8,2.000,BOX,1886.77,EUR,2026-05-19,Planned maintenance
7f439c08-2ea6-5bd8-9222-5fbcd8a27f5a,2026-03-31T08:00:00Z,system,2026-03-31T08:00:00Z,system,4236982c-ff94-53cd-afe7-a6293866987b,30,f84d7723-0164-5c03-952b-c6a6bd546739,10.000,EA,2635.69,EUR,2026-05-19,Standard requirement
2f65814e-bde0-568d-b560-58abb5a4024d,2026-03-31T08:00:00Z,system,2026-03-31T08:00:00Z,system,4236982c-ff94-53cd-afe7-a6293866987b,40,b565639f-0e27-5958-90ec-8e31f21798a1,5.000,KG,7.34,EUR,2026-05-19,Replacement stock
0d240fae-6faa-50b1-94e2-a606a57a56bc,2026-03-27T08:00:00Z,system,2026-03-27T08:00:00Z,system,60dbda5a-4fc2-5940-85f3-db1584b53790,10,219cd16c-a048-5e62-90b0-7924b1431b82,1.000,L,1225.88,EUR,2026-05-27,Replacement stock
b61bc31d-3b00-5438-9d2e-b4f41cb8fe77,2026-03-27T08:00:00Z,system,2026-03-27T08:00:00Z,system,60dbda5a-4fc2-5940-85f3-db1584b53790,20,5b7ae8db-72b9-5511-ba23-2698e4fd03df,200.000,BOX,134.94,EUR,2026-05-27,Production demand
5d1c6300-e2ba-53b7-a09e-0f2da2b7ec76,2025-10-14T08:00:00Z,system,2025-10-14T08:00:00Z,system,5663d21d-ffbf-5f52-9e4f-8e3b8b7f7fa9,10,9ee6432b-6595-54db-87c7-de231a6076c8,2.000,EA,200.15,EUR,2025-12-14,Planned maintenance
aaa8ef01-7b83-5e93-8914-7a92f98a4872,2025-10-14T08:00:00Z,system,2025-10-14T08:00:00Z,system,5663d21d-ffbf-5f52-9e4f-8e3b8b7f7fa9,20,5ff325a3-cf1b-5887-bd0f-e1da5d5e6a57,150.000,BOX,704.46,EUR,2025-12-14,Replacement stock
4894761c-32aa-5504-89ea-57cae8ef57aa,2025-09-10T08:00:00Z,system,2025-09-10T08:00:00Z,system,ab5fe605-8749-55a9-9361-c6864b27a750,10,73253cdf-d4e6-5749-9bda-81b380de990d,1.000,L,649.85,EUR,2025-11-22,Replacement stock
9c2c86fa-4743-548c-bdd4-603ac892d273,2025-09-10T08:00:00Z,system,2025-09-10T08:00:00Z,system,ab5fe605-8749-55a9-9361-c6864b27a750,20,bf264e10-7f30-5dfa-9770-1c2548ee3255,150.000,EA,1939.81,EUR,2025-11-22,
77547863-0ccd-5936-9523-7c8bcaf5b2a3,2025-10-08T08:00:00Z,system,2025-10-08T08:00:00Z,system,7af3b9a4-02c7-5957-8f9d-f869f9f07b6b,10,a1a5bad0-30ca-5727-b1d6-9e34f59daa2c,75.000,BOX,642.23,EUR,2025-11-27,Replacement stock
115f1c13-77bc-5ad1-9229-19adc32ab094,2025-10-08T08:00:00Z,system,2025-10-08T08:00:00Z,system,2fd76c99-fa67-5d65-814a-ccc8aa832596,10,425b666f-dd3e-51cf-b65c-1b1c5b49b01e,100.000,M,1584.94,EUR,2025-12-01,Replacement stock
7f1eec29-2fa3-5029-a09d-1263620df1f8,2025-10-08T08:00:00Z,system,2025-10-08T08:00:00Z,system,2fd76c99-fa67-5d65-814a-ccc8aa832596,20,6be44d6c-c457-5100-971c-5640df33eb4b,200.000,SET,477.11,EUR,2025-12-01,Production demand
1c338a3b-30e3-5064-9812-88f68269e511,2025-10-08T08:00:00Z,system,2025-10-08T08:00:00Z,system,2fd76c99-fa67-5d65-814a-ccc8aa832596,30,f4d5037c-d38c-5514-b120-c0d70fd1331e,150.000,L,943.63,EUR,2025-12-01,
230c58db-6b03-5a9f-bd0a-b056dfa0b8dc,2026-04-28T08:00:00Z,system,2026-04-28T08:00:00Z,system,2956bd95-26ea-594d-9173-3f213feeafd7,10,57da00f0-61c9-5674-b533-ab7f1607f838,10.000,BOX,1101.59,EUR,2026-06-03,Replacement stock
dc42cafb-2204-503b-a4c1-abd80584b3e6,2026-04-28T08:00:00Z,system,2026-04-28T08:00:00Z,system,2956bd95-26ea-594d-9173-3f213feeafd7,20,a7d2c2da-af08-5f66-aad4-f45b74b00edb,100.000,L,2402.88,EUR,2026-06-03,Planned maintenance
ff541df7-8f5e-5dba-aa5e-1893e6e40e45,2026-04-28T08:00:00Z,system,2026-04-28T08:00:00Z,system,2956bd95-26ea-594d-9173-3f213feeafd7,30,4c1fad4a-cd24-54cd-b60f-f4fc7907b672,1.000,KG,38.12,EUR,2026-06-03,
735c39a9-e478-50ed-a7f6-28a834dc3161,2026-06-15T08:00:00Z,system,2026-06-15T08:00:00Z,system,e7ab60e6-9003-5d2d-ad45-eac48803aab1,10,25d66eb3-16e0-54c3-bcbc-0f87d2c22b95,200.000,EA,865.48,EUR,2026-07-22,
40ce7872-3679-55b6-b6e4-0e11f06c9c07,2026-06-15T08:00:00Z,system,2026-06-15T08:00:00Z,system,e7ab60e6-9003-5d2d-ad45-eac48803aab1,20,62a2158d-64d0-547a-b140-23e19a0b0820,200.000,BOX,1513.52,EUR,2026-07-22,Planned maintenance
0901c7b2-3613-5964-b53e-4b2e4bbc5bc6,2026-06-15T08:00:00Z,system,2026-06-15T08:00:00Z,system,e7ab60e6-9003-5d2d-ad45-eac48803aab1,30,dc089f09-34df-5a3e-bedb-2c2e0f21465e,20.000,L,1475.15,EUR,2026-07-22,Standard requirement
cf00838b-72ec-5664-a312-6cbfc882db10,2026-06-15T08:00:00Z,system,2026-06-15T08:00:00Z,system,e7ab60e6-9003-5d2d-ad45-eac48803aab1,40,6cfb6402-60b6-52cc-80a2-aa3c8d1d7363,100.000,SET,1418.59,EUR,2026-07-22,Replacement stock
fa5a59a0-a2a4-5ed7-a555-b54a6d387d9a,2026-02-27T08:00:00Z,system,2026-02-27T08:00:00Z,system,47973e18-03ac-581d-904b-83f993c9e06e,10,0c3785e3-7d1b-5f41-95de-b2299b8dd699,150.000,M,1156.72,EUR,2026-05-09,Replacement stock
aa2795f8-9c27-56d7-9743-1e3ea16b4de1,2026-04-10T08:00:00Z,system,2026-04-10T08:00:00Z,system,37830eec-16db-5380-9175-ebab7320e2b4,10,51a7a682-3b4d-51e0-bc82-813005d006b8,10.000,BOX,2025.69,EUR,2026-06-02,Planned maintenance
c96dfde6-e7eb-519f-a0fa-b4e2a8be2c0c,2026-04-17T08:00:00Z,system,2026-04-17T08:00:00Z,system,84187c10-a768-55fb-baf5-ce13fff497e1,10,cbe6be44-8e37-53b6-99d6-fc5a8a20190d,200.000,L,2462.05,EUR,2026-05-23,Replacement stock
e50b4e9f-4e59-5c46-ab50-d533d4abec16,2025-11-04T08:00:00Z,system,2025-11-04T08:00:00Z,system,e593bd1e-f2a4-5dca-a8bc-552e255f4a2f,10,30e34ede-6271-5109-8dcc-7f95af88f2f3,75.000,BOX,2076.69,EUR,2026-01-13,
a6cbf1e0-ae41-579e-9268-de4abf815ec0,2025-11-04T08:00:00Z,system,2025-11-04T08:00:00Z,system,e593bd1e-f2a4-5dca-a8bc-552e255f4a2f,20,748d36d0-ad0a-5e2f-ae52-4b9bd4ac6a44,50.000,M,1813.99,EUR,2026-01-13,Replacement stock
40291556-ad9c-5d33-9415-8458ce8ead85,2025-11-04T08:00:00Z,system,2025-11-04T08:00:00Z,system,e593bd1e-f2a4-5dca-a8bc-552e255f4a2f,30,729b6d7e-7b34-59c4-ab17-3319477660be,50.000,KG,14.64,EUR,2026-01-13,Standard requirement
134b8e49-af77-534e-b9c0-16e3a2b97eb6,2025-11-04T08:00:00Z,system,2025-11-04T08:00:00Z,system,e593bd1e-f2a4-5dca-a8bc-552e255f4a2f,40,12c9f3ae-d18d-52d5-8792-59bbe20067a0,20.000,L,1634.71,EUR,2026-01-13,Planned maintenance
fa35ef03-cdce-52c3-9a30-8a7c874a87dd,2025-10-28T08:00:00Z,system,2025-10-28T08:00:00Z,system,4f330594-0c44-5aea-81fd-7b9cac740aff,10,6c7c41de-f18d-5d68-9697-8f8c32cb9e5e,2.000,M,1804.04,EUR,2025-12-08,Replacement stock
41dbd847-da96-508b-abff-bcddaa5e6ca7,2025-10-28T08:00:00Z,system,2025-10-28T08:00:00Z,system,4f330594-0c44-5aea-81fd-7b9cac740aff,20,b847b69b-3807-57f7-85b1-bf879953e4f1,20.000,KG,30.14,EUR,2025-12-08,Replacement stock
2f98f26a-34e3-54c0-88be-6d084f49a4e3,2025-11-10T08:00:00Z,system,2025-11-10T08:00:00Z,system,dc93263c-5a70-58f6-9455-0978de019588,10,d3ea4cc3-d5fd-5d6d-a8b4-952acbec0290,75.000,SET,2203.69,EUR,2026-01-16,Replacement stock
3f8a5023-8eef-5375-a1e6-a89c4be769b8,2025-11-10T08:00:00Z,system,2025-11-10T08:00:00Z,system,dc93263c-5a70-58f6-9455-0978de019588,20,9cccf623-1147-5c18-8001-597eaf1dced5,200.000,SET,1980.36,EUR,2026-01-16,Replacement stock
ac4f626d-f0aa-5016-af10-6a1affe1935c,2025-11-10T08:00:00Z,system,2025-11-10T08:00:00Z,system,dc93263c-5a70-58f6-9455-0978de019588,30,433f80c2-05f6-5b18-bf74-adc19e89d6f1,2.000,BOX,2454.72,EUR,2026-01-16,
8ed652b6-dfa0-5bbd-8363-04d25db87a7a,2025-11-10T08:00:00Z,system,2025-11-10T08:00:00Z,system,dc93263c-5a70-58f6-9455-0978de019588,40,fd117bf3-4f4c-5949-a1f5-fab4c43bea6b,20.000,M,586.10,EUR,2026-01-16,Production demand
d993ee58-4c25-562b-9d2b-10134999643d,2026-05-15T08:00:00Z,system,2026-05-15T08:00:00Z,system,ef0604d4-cd28-59ed-a749-7412830c0162,10,775db43d-b20d-5440-9e66-3995ab8bf36c,75.000,L,188.13,EUR,2026-07-06,Standard requirement
3f9c50ea-8232-51cd-be05-f41c29b271d4,2026-05-15T08:00:00Z,system,2026-05-15T08:00:00Z,system,ef0604d4-cd28-59ed-a749-7412830c0162,20,4a6344a3-f35e-516c-9e41-3b71adc76bae,5.000,M,766.50,EUR,2026-07-06,
c03d5eef-3c6f-5778-a768-f569885b664b,2026-06-17T08:00:00Z,system,2026-06-17T08:00:00Z,system,d4834053-21e7-5656-8a47-c2c6a10dece2,10,452e2331-a466-542c-832b-33425b59e07a,75.000,EA,2467.17,EUR,2026-08-06,Planned maintenance
de8a1942-ba4e-5b0b-ae1c-f280dd57b76c,2026-06-17T08:00:00Z,system,2026-06-17T08:00:00Z,system,d4834053-21e7-5656-8a47-c2c6a10dece2,20,b6bc1653-27d5-583b-ba09-0b3325b8db55,20.000,SET,694.60,EUR,2026-08-06,Planned maintenance
9ef9f74f-cf05-5ac4-a003-4fa05d643865,2026-06-17T08:00:00Z,system,2026-06-17T08:00:00Z,system,d4834053-21e7-5656-8a47-c2c6a10dece2,30,33565d42-f2c6-5728-b582-d95f8618e410,2.000,BOX,1308.60,EUR,2026-08-06,Planned maintenance
e5484054-026e-573c-896c-45c880f14745,2026-06-17T08:00:00Z,system,2026-06-17T08:00:00Z,system,d4834053-21e7-5656-8a47-c2c6a10dece2,40,22447b3a-3dd0-58e6-a0a5-422538c79c8f,10.000,BOX,874.29,EUR,2026-08-06,Production demand
3069c41c-614d-5f39-9b36-f186e5c01656,2026-01-08T08:00:00Z,system,2026-01-08T08:00:00Z,system,8b8e884a-36c9-57af-bfe1-5aef9ec4d3f7,10,4b2dee46-41cf-5eee-b0e3-93ee894cef45,50.000,SET,2095.69,EUR,2026-02-06,Planned maintenance
beb61672-1a18-548a-8ccd-68c734e8dcb5,2026-01-08T08:00:00Z,system,2026-01-08T08:00:00Z,system,8b8e884a-36c9-57af-bfe1-5aef9ec4d3f7,20,7c9ec527-9eb0-52c4-b207-8cf0cae25caf,50.000,M,2164.91,EUR,2026-02-06,Replacement stock
1639237d-fd17-5cf0-abcc-f3b6f6aad499,2026-03-12T08:00:00Z,system,2026-03-12T08:00:00Z,system,fa39ca5e-62de-5887-a1b1-ae6d2f5e3152,10,d96ec281-e3a6-5aba-b6f4-379e05515ef4,200.000,SET,1195.39,EUR,2026-03-28,Planned maintenance
f67c7a78-964f-564c-928d-bb7bdb66c3ee,2026-03-12T08:00:00Z,system,2026-03-12T08:00:00Z,system,fa39ca5e-62de-5887-a1b1-ae6d2f5e3152,20,0c3785e3-7d1b-5f41-95de-b2299b8dd699,20.000,M,1040.30,EUR,2026-03-28,Standard requirement
ffc008f0-f1fa-5583-a899-66cd41038303,2026-05-01T08:00:00Z,system,2026-05-01T08:00:00Z,system,77334a17-03f1-50d6-8656-0798557f8398,10,5c00c635-ab30-509c-930a-9c3027c73ba1,100.000,BOX,1711.53,EUR,2026-06-04,Production demand
6cb0884c-f671-57dc-adf8-537cfdb989ca,2026-05-01T08:00:00Z,system,2026-05-01T08:00:00Z,system,77334a17-03f1-50d6-8656-0798557f8398,20,65f7e1f5-55a6-5a0e-8cfc-7f783180cb51,50.000,L,2282.04,EUR,2026-06-04,Planned maintenance
f8b4e0b1-dab9-5426-afd1-f8622a538ef0,2026-05-01T08:00:00Z,system,2026-05-01T08:00:00Z,system,77334a17-03f1-50d6-8656-0798557f8398,30,9c2269ae-4d62-5146-b30e-9e301d4108b0,10.000,EA,577.09,EUR,2026-06-04,Production demand
ddf45f83-465e-5838-904a-d1bee7c5344b,2026-05-01T08:00:00Z,system,2026-05-01T08:00:00Z,system,77334a17-03f1-50d6-8656-0798557f8398,40,3dc01e32-c4f9-591d-bf47-70af97b27acc,150.000,BOX,1368.08,EUR,2026-06-04,Production demand
8ae5fa90-31c1-5bae-a556-750413d77dee,2025-12-21T08:00:00Z,system,2025-12-21T08:00:00Z,system,ce8f8b05-5937-5172-abc9-1d8944156682,10,8152f104-7621-5be4-8056-73ba5b77136f,50.000,EA,984.83,EUR,2026-02-28,Production demand
c08a8b12-e777-54c8-8354-1cf3071dfad6,2025-12-21T08:00:00Z,system,2025-12-21T08:00:00Z,system,ce8f8b05-5937-5172-abc9-1d8944156682,20,d3c939e0-3924-58da-a01d-c79899d13ee4,20.000,EA,2336.53,EUR,2026-02-28,Planned maintenance
d871314c-f833-5809-be85-64e127621d82,2025-12-21T08:00:00Z,system,2025-12-21T08:00:00Z,system,ce8f8b05-5937-5172-abc9-1d8944156682,30,8f4fa6ee-76d8-5196-89f7-b65fbb2cfff1,5.000,KG,21.74,EUR,2026-02-28,Standard requirement
ece18f78-f1e3-5df5-b3fe-86b39cf543a7,2026-03-28T08:00:00Z,system,2026-03-28T08:00:00Z,system,7206a850-c377-53a0-8e35-9076c6b9b20a,10,cc5afda5-c29c-592b-ab4e-304a522f6af7,1.000,L,1587.67,EUR,2026-04-14,Standard requirement
7f768bb6-8a20-521e-99e3-b983fbc358ee,2026-03-28T08:00:00Z,system,2026-03-28T08:00:00Z,system,7206a850-c377-53a0-8e35-9076c6b9b20a,20,3fbd18a0-7abf-52be-90d6-d20cad8bccd3,5.000,SET,993.67,EUR,2026-04-14,
a3441d8c-6404-5bff-9e17-da538ae975fe,2026-03-28T08:00:00Z,system,2026-03-28T08:00:00Z,system,7206a850-c377-53a0-8e35-9076c6b9b20a,30,dac566e3-7998-519e-827e-c56affe7618f,75.000,EA,2005.73,EUR,2026-04-14,Planned maintenance
043b0c72-db78-59f9-a297-c447eecd07a3,2025-11-21T08:00:00Z,system,2025-11-21T08:00:00Z,system,3c104df3-6037-5cec-a72e-1b3fa39500ea,10,62a2158d-64d0-547a-b140-23e19a0b0820,50.000,BOX,1481.80,EUR,2025-12-11,
013c5720-3b0a-575d-a7af-50eeb24647e7,2025-11-21T08:00:00Z,system,2025-11-21T08:00:00Z,system,3c104df3-6037-5cec-a72e-1b3fa39500ea,20,d0cb5824-8127-5ca6-8364-98b5469fc7c7,1.000,EA,1122.83,EUR,2025-12-11,Production demand
a1cc8431-02b8-5aed-94d9-c214696578b5,2025-11-21T08:00:00Z,system,2025-11-21T08:00:00Z,system,3c104df3-6037-5cec-a72e-1b3fa39500ea,30,4bbe33ac-91fe-5b33-a3a4-57141de4e03e,20.000,M,1978.19,EUR,2025-12-11,Replacement stock
eeff4a23-3ef3-56cc-b63c-6cb86ed0efb8,2025-11-21T08:00:00Z,system,2025-11-21T08:00:00Z,system,3c104df3-6037-5cec-a72e-1b3fa39500ea,40,76540a83-8375-53ea-a170-4e4e171d11cd,1.000,KG,28.10,EUR,2025-12-11,Replacement stock
944c161d-a7fb-511e-ab4a-ab7bb9f0e6ee,2025-12-27T08:00:00Z,system,2025-12-27T08:00:00Z,system,d0ab0682-8e73-5e56-a782-0f2f8ff86c54,10,5de012ce-db52-52e5-a612-6e2c3c02623a,150.000,SET,1264.77,EUR,2026-01-16,Standard requirement
3a5a2a62-7f91-5b33-ac50-d4a879f46336,2025-11-07T08:00:00Z,system,2025-11-07T08:00:00Z,system,198af9a6-5f81-50b3-b31f-eec39175d1da,10,a9f39542-a399-5602-91a0-db378fe1532d,2.000,KG,35.00,EUR,2025-12-10,
fdc6e873-be57-5975-a25d-9d5b1da1091b,2025-11-07T08:00:00Z,system,2025-11-07T08:00:00Z,system,198af9a6-5f81-50b3-b31f-eec39175d1da,20,e64ca70f-33df-53bc-81e4-7c69dabb1d6d,25.000,M,2093.60,EUR,2025-12-10,Planned maintenance
042a03a3-d65e-5015-8491-df316e37c506,2025-11-07T08:00:00Z,system,2025-11-07T08:00:00Z,system,198af9a6-5f81-50b3-b31f-eec39175d1da,30,5ff325a3-cf1b-5887-bd0f-e1da5d5e6a57,1.000,BOX,809.94,EUR,2025-12-10,Production demand
0e071d14-a5da-50e6-b38c-c36bf43c2c9c,2026-03-18T08:00:00Z,system,2026-03-18T08:00:00Z,system,61a5dd7e-f7c4-554f-9715-84fe9ab8676e,10,fd4f25a0-d258-5944-8a33-a22b3cf44a4a,10.000,L,834.93,EUR,2026-04-26,Production demand
25d68631-d3bc-5dc9-b889-9d1cc3e68971,2026-03-18T08:00:00Z,system,2026-03-18T08:00:00Z,system,61a5dd7e-f7c4-554f-9715-84fe9ab8676e,20,5c00c635-ab30-509c-930a-9c3027c73ba1,25.000,BOX,1779.45,EUR,2026-04-26,Production demand
10a9f1fa-bea5-5fb5-9bb8-c6883d4b32c9,2026-03-18T08:00:00Z,system,2026-03-18T08:00:00Z,system,61a5dd7e-f7c4-554f-9715-84fe9ab8676e,30,33565d42-f2c6-5728-b582-d95f8618e410,200.000,BOX,1292.36,EUR,2026-04-26,Replacement stock
68cb6556-4b79-556b-a3c2-a8cef145a5f6,2026-03-18T08:00:00Z,system,2026-03-18T08:00:00Z,system,61a5dd7e-f7c4-554f-9715-84fe9ab8676e,40,57c1b397-ad33-5575-8763-be4b1f77f414,1.000,EA,1826.81,EUR,2026-04-26,Replacement stock
cc5974c3-99e5-5fa5-8750-565c85795513,2026-03-24T08:00:00Z,system,2026-03-24T08:00:00Z,system,c87028f8-5955-5f3b-9920-bd895e763a19,10,4b8dedda-2e93-5a49-80c4-4876ab55500f,25.000,EA,1244.59,EUR,2026-05-08,Production demand
69a50793-472d-52b0-a40c-a98eb57a6026,2026-01-20T08:00:00Z,system,2026-01-20T08:00:00Z,system,eecb24ee-34d3-55b9-bbe1-7c0787962fb4,10,cb6ffa8f-0fe6-5b74-b902-9c455baa0e7f,150.000,BOX,240.08,EUR,2026-03-21,Standard requirement
53efe430-9a3c-506e-a712-48e1172716b7,2026-04-29T08:00:00Z,system,2026-04-29T08:00:00Z,system,ea07a3e7-5f5b-5b6a-9013-df24877c7552,10,04c6ce4d-e9ec-5c21-9f43-b4b251046c2f,75.000,M,1070.51,EUR,2026-05-11,Standard requirement
3b46036c-0eb1-5ce5-99fd-f58830fbae6e,2026-04-29T08:00:00Z,system,2026-04-29T08:00:00Z,system,ea07a3e7-5f5b-5b6a-9013-df24877c7552,20,8e000456-a6ac-57d9-b9cb-0522d8da4203,150.000,KG,17.83,EUR,2026-05-11,
4e7b465a-65d5-57dd-b43e-afbfd0bee2bb,2026-04-29T08:00:00Z,system,2026-04-29T08:00:00Z,system,ea07a3e7-5f5b-5b6a-9013-df24877c7552,30,53e0bf46-17ba-5243-bbe5-1d44068c8ac1,75.000,EA,77.57,EUR,2026-05-11,
ac8b5dc3-3c84-5cf3-a0c2-cf2b4f8686aa,2026-06-07T08:00:00Z,system,2026-06-07T08:00:00Z,system,e6a4c1e2-1d48-5928-82cd-e7b321a46c0a,10,4d8b3cb8-4991-55ac-afa4-443fd1749bfb,100.000,KG,21.99,EUR,2026-07-06,Planned maintenance
91ff1681-df18-532c-9122-310e260e2c2e,2026-06-10T08:00:00Z,system,2026-06-10T08:00:00Z,system,b70de9ad-da3e-5002-a8b4-c72e0ff4504d,10,4d8b3cb8-4991-55ac-afa4-443fd1749bfb,75.000,KG,23.72,EUR,2026-07-30,Standard requirement
6be64cef-5a7e-580f-9ab3-dc02bcbbd827,2026-02-28T08:00:00Z,system,2026-02-28T08:00:00Z,system,62c4ef2c-8dc7-51bc-9fbc-45c6586a2d5a,10,b73f763a-3d8c-562e-9549-a6941040255f,20.000,EA,874.29,EUR,2026-04-06,Planned maintenance
9961b40e-874a-5999-9fb6-e36a371f54a3,2025-10-06T08:00:00Z,system,2025-10-06T08:00:00Z,system,c6282149-1efa-57ba-8169-9a6bd0ac45bc,10,594e1f7d-2ddb-5853-a485-9177631a4db6,25.000,BOX,1268.09,EUR,2025-12-15,Replacement stock
2671b4ab-75db-57f8-8158-559e5e4cba49,2025-10-06T08:00:00Z,system,2025-10-06T08:00:00Z,system,c6282149-1efa-57ba-8169-9a6bd0ac45bc,20,893944a0-a713-5323-888a-1702113e176d,200.000,KG,21.47,EUR,2025-12-15,Production demand
68ce5fd7-e888-5881-adf0-a45cd37f4425,2026-07-11T08:00:00Z,system,2026-07-11T08:00:00Z,system,2d41b3d2-a4af-5ffb-9077-0b33be1c35ae,10,a1de9ed1-ec0e-5ccc-86a4-1980e3dfb1ed,75.000,L,527.77,EUR,2026-07-25,
e86f2fbf-2707-56a9-9417-472c2bcf0aaf,2026-07-11T08:00:00Z,system,2026-07-11T08:00:00Z,system,2d41b3d2-a4af-5ffb-9077-0b33be1c35ae,20,70c1e335-53e1-5df8-b343-82e92d1eab19,150.000,M,107.93,EUR,2026-07-25,Production demand
dc42b4f6-843d-5d78-b1b0-ced63cb3f307,2026-01-04T08:00:00Z,system,2026-01-04T08:00:00Z,system,8d0554c5-3170-587e-aa13-75c125326912,10,d3ea4cc3-d5fd-5d6d-a8b4-952acbec0290,75.000,SET,2433.26,EUR,2026-02-26,Production demand
96dd29c6-1a47-55a5-a8ae-eaa2ed100d31,2026-01-04T08:00:00Z,system,2026-01-04T08:00:00Z,system,8d0554c5-3170-587e-aa13-75c125326912,20,48cb4f21-8c1b-5570-a07c-08c09fbf0ce6,50.000,SET,797.18,EUR,2026-02-26,
ecb561a9-d8ab-5d28-b3e6-9828c5494a3c,2025-10-25T08:00:00Z,system,2025-10-25T08:00:00Z,system,aaf5806b-f690-54fd-a55a-1bcf2cf8525d,10,99390864-f827-5aef-be8a-287357eedb0f,200.000,BOX,1850.21,EUR,2025-12-21,Standard requirement
380741cb-a9e4-5e26-9d6c-7a788eef7a16,2025-10-25T08:00:00Z,system,2025-10-25T08:00:00Z,system,aaf5806b-f690-54fd-a55a-1bcf2cf8525d,20,729b6d7e-7b34-59c4-ab17-3319477660be,100.000,KG,13.32,EUR,2025-12-21,Planned maintenance
ab81f158-cc57-57a7-b2e9-1a35d93d50e6,2025-10-25T08:00:00Z,system,2025-10-25T08:00:00Z,system,aaf5806b-f690-54fd-a55a-1bcf2cf8525d,30,fd4f25a0-d258-5944-8a33-a22b3cf44a4a,1.000,L,955.55,EUR,2025-12-21,Standard requirement
55cd14d4-115d-5af1-ae0e-2c077e2d5772,2026-03-20T08:00:00Z,system,2026-03-20T08:00:00Z,system,82a4d8fd-cbe6-5fdd-9c30-4722937e07e4,10,f968e107-0cac-5cfd-a628-d3aa05f1e38d,150.000,EA,1062.76,EUR,2026-03-29,Replacement stock
84cbe8f4-5fd1-56f3-b62d-b3f48a5a2104,2026-03-20T08:00:00Z,system,2026-03-20T08:00:00Z,system,82a4d8fd-cbe6-5fdd-9c30-4722937e07e4,20,b73f763a-3d8c-562e-9549-a6941040255f,200.000,EA,868.38,EUR,2026-03-29,
e108edb3-07a1-5664-b520-115925e212c8,2026-03-20T08:00:00Z,system,2026-03-20T08:00:00Z,system,82a4d8fd-cbe6-5fdd-9c30-4722937e07e4,30,ba5523d6-66ae-54e6-9e20-1e373c65f38b,20.000,M,2012.18,EUR,2026-03-29,Production demand
80b227fa-24c7-56c0-a025-9f172022aaa7,2026-05-18T08:00:00Z,system,2026-05-18T08:00:00Z,system,44503875-35fa-57a6-aee3-a89c3430604d,10,18842f90-d5d5-59ad-837c-f13f2b55bb62,10.000,EA,1106.23,EUR,2026-07-04,Production demand
7b5f6bcb-8814-522c-9755-98eb0bb15ae6,2026-05-18T08:00:00Z,system,2026-05-18T08:00:00Z,system,44503875-35fa-57a6-aee3-a89c3430604d,20,70c1e335-53e1-5df8-b343-82e92d1eab19,200.000,M,108.71,EUR,2026-07-04,Replacement stock
6d0d3ca0-9932-589c-9492-30b1583667de,2026-05-18T08:00:00Z,system,2026-05-18T08:00:00Z,system,44503875-35fa-57a6-aee3-a89c3430604d,30,c72d85f2-1053-502b-bd90-efeb25b78b61,50.000,L,539.94,EUR,2026-07-04,Replacement stock
a1aa7ae5-c3cc-5e72-91a3-60f6ca274348,2026-05-18T08:00:00Z,system,2026-05-18T08:00:00Z,system,44503875-35fa-57a6-aee3-a89c3430604d,40,105849c8-03f2-573d-9e97-230d47fc6774,20.000,SET,1393.23,EUR,2026-07-04,Production demand
f929ddf1-c8e1-5bf0-8f6e-9fee6580e9f7,2026-05-14T08:00:00Z,system,2026-05-14T08:00:00Z,system,e3caf386-d64b-5511-bb3d-776d36061292,10,70c1e335-53e1-5df8-b343-82e92d1eab19,75.000,M,112.36,EUR,2026-05-28,Standard requirement
8b61f836-0b01-529f-b76a-2d86d878f2e8,2026-02-21T08:00:00Z,system,2026-02-21T08:00:00Z,system,b25c8148-fb02-5b0f-964e-71b974cea33a,10,0c3785e3-7d1b-5f41-95de-b2299b8dd699,10.000,M,1079.66,EUR,2026-05-07,Production demand
29f8eb98-526b-5654-80d8-12c226bd603f,2026-02-21T08:00:00Z,system,2026-02-21T08:00:00Z,system,b25c8148-fb02-5b0f-964e-71b974cea33a,20,cc5afda5-c29c-592b-ab4e-304a522f6af7,25.000,L,1478.50,EUR,2026-05-07,Planned maintenance
fbd02e43-9185-54e8-9046-893ba4cfbd6e,2025-12-16T08:00:00Z,system,2025-12-16T08:00:00Z,system,3ffe079f-0e74-50aa-a2a7-64788daeac0b,10,62215843-653f-5439-87fb-5f7f5b5dcd02,10.000,L,327.54,EUR,2026-02-18,Replacement stock
b9223467-7c85-5f00-b6de-e3ade486eccd,2025-12-16T08:00:00Z,system,2025-12-16T08:00:00Z,system,3ffe079f-0e74-50aa-a2a7-64788daeac0b,20,00a24b8a-d6ef-5fd9-b832-024cf1e9f1b5,200.000,EA,1277.74,EUR,2026-02-18,Replacement stock
a68182e1-23d3-5b2a-8894-f1728d401d7e,2026-01-30T08:00:00Z,system,2026-01-30T08:00:00Z,system,2b52d616-c9e8-51ad-93fb-7f939f5e31d6,10,c95f5935-922a-5171-a5e9-dde46f32a83d,100.000,KG,31.81,EUR,2026-04-02,Production demand
ee7871b8-e1f6-5fa2-a3a2-b8d7b0f0af89,2026-04-20T08:00:00Z,system,2026-04-20T08:00:00Z,system,e67eeff0-077d-5c65-a6a7-9cc4074a3a0c,10,8407ccad-dc71-5f5d-bf6c-5c34f5e1b0ce,100.000,M,2016.75,EUR,2026-05-11,Production demand
c06b04ff-f2ab-5bcf-81df-1c65d7304a4e,2026-04-20T08:00:00Z,system,2026-04-20T08:00:00Z,system,e67eeff0-077d-5c65-a6a7-9cc4074a3a0c,20,7e0dc5fc-446c-5a88-b96d-e4554891eeb1,150.000,L,1261.76,EUR,2026-05-11,Planned maintenance
b5755353-b214-5ecc-a4e7-f3885a9725e2,2025-12-30T08:00:00Z,system,2025-12-30T08:00:00Z,system,b09df2d7-4f8e-5bda-a047-14b335670d35,10,8e5f4a29-9822-5732-9a4b-23f68daf8471,20.000,SET,2167.28,EUR,2026-01-18,Planned maintenance
75c83f1f-09dc-5b21-85d4-ef47a12cc772,2025-12-30T08:00:00Z,system,2025-12-30T08:00:00Z,system,b09df2d7-4f8e-5bda-a047-14b335670d35,20,9c2269ae-4d62-5146-b30e-9e301d4108b0,20.000,EA,673.74,EUR,2026-01-18,Replacement stock
a515c5f1-868d-5d6e-a253-526bb4454075,2025-12-30T08:00:00Z,system,2025-12-30T08:00:00Z,system,b09df2d7-4f8e-5bda-a047-14b335670d35,30,0fe72620-9284-5333-a180-c7cfbeaccc63,150.000,KG,22.18,EUR,2026-01-18,
3a711925-ff19-58bb-9e84-663786951d5d,2025-12-30T08:00:00Z,system,2025-12-30T08:00:00Z,system,b09df2d7-4f8e-5bda-a047-14b335670d35,40,a1a5bad0-30ca-5727-b1d6-9e34f59daa2c,1.000,BOX,770.53,EUR,2026-01-18,Planned maintenance
abdf0a68-1f4a-5f7b-8868-792f85a0664d,2026-03-02T08:00:00Z,system,2026-03-02T08:00:00Z,system,390320d4-1449-57da-bba6-1ff92e37b62d,10,b195eb87-b559-5dc2-9e04-6eabb78ca3ef,1.000,SET,2004.83,EUR,2026-03-18,Replacement stock
9674fcb0-e9fe-5bab-be67-3adb8c02fe2d,2026-03-02T08:00:00Z,system,2026-03-02T08:00:00Z,system,390320d4-1449-57da-bba6-1ff92e37b62d,20,df47ed4b-da4f-5c58-b596-f38d4082538d,25.000,EA,1547.75,EUR,2026-03-18,Production demand
dbb06f5f-71ff-52be-9034-9bdfd4721187,2026-03-02T08:00:00Z,system,2026-03-02T08:00:00Z,system,390320d4-1449-57da-bba6-1ff92e37b62d,30,9cccf623-1147-5c18-8001-597eaf1dced5,25.000,SET,1931.00,EUR,2026-03-18,Production demand
094a5d1b-58ec-525d-a0c8-c8a0889f3d87,2026-03-02T08:00:00Z,system,2026-03-02T08:00:00Z,system,390320d4-1449-57da-bba6-1ff92e37b62d,40,219cd16c-a048-5e62-90b0-7924b1431b82,75.000,L,1221.88,EUR,2026-03-18,Planned maintenance
b64b78bc-d063-5cb1-a5cc-d23ee051e89a,2025-12-05T08:00:00Z,system,2025-12-05T08:00:00Z,system,697a4934-fd17-5f83-a953-e4cc367550fd,10,0ec0e0b9-02b8-5273-be60-7699e859c9ef,25.000,SET,2414.03,EUR,2025-12-29,Production demand
53cd6763-eb75-5316-9859-9f8cd8700d3a,2025-12-05T08:00:00Z,system,2025-12-05T08:00:00Z,system,697a4934-fd17-5f83-a953-e4cc367550fd,20,596f3822-e07b-55ed-bd48-239fb3db0e77,10.000,KG,25.09,EUR,2025-12-29,Standard requirement
ff42bcef-cb58-58e9-8d86-5e82ee118952,2025-12-06T08:00:00Z,system,2025-12-06T08:00:00Z,system,c868a4e9-b813-59ee-b127-a2cc25c1f1ca,10,8e000456-a6ac-57d9-b9cb-0522d8da4203,200.000,KG,17.43,EUR,2025-12-25,Production demand
4e8cd108-fcb9-5ed0-91d2-5dd707b3bf91,2025-11-04T08:00:00Z,system,2025-11-04T08:00:00Z,system,1b36c3dd-a9f3-514a-8fb8-167c9df5095a,10,70c1e335-53e1-5df8-b343-82e92d1eab19,50.000,M,116.75,EUR,2025-11-21,Production demand
cbfbf049-dc8e-5fea-b754-64abf8122513,2025-11-04T08:00:00Z,system,2025-11-04T08:00:00Z,system,1b36c3dd-a9f3-514a-8fb8-167c9df5095a,20,a826e0c2-43dd-5a6b-a002-5f2510a4b1f5,75.000,L,1280.21,EUR,2025-11-21,Replacement stock
af9d6792-6d81-5c2d-bae8-22e044deead4,2025-11-04T08:00:00Z,system,2025-11-04T08:00:00Z,system,1b36c3dd-a9f3-514a-8fb8-167c9df5095a,30,4c30fa9e-b4c6-593b-975f-b5c99a3fa9b1,2.000,M,580.06,EUR,2025-11-21,
9bb2903a-2c31-5aba-8d8c-822e7470da9b,2026-03-08T08:00:00Z,system,2026-03-08T08:00:00Z,system,c173bd50-4eb2-5b77-a967-b21888620719,10,4d7c024a-2045-5e6d-bce5-30a3caf00779,1.000,EA,1266.40,EUR,2026-04-13,
c624afcc-2dc3-5b90-b9ba-61aba46844e4,2025-11-26T08:00:00Z,system,2025-11-26T08:00:00Z,system,54048425-1167-51ce-b09a-c25486b4da08,10,4bbe33ac-91fe-5b33-a3a4-57141de4e03e,10.000,M,1772.25,EUR,2025-12-27,Replacement stock
22b277e9-0082-5a50-84a7-222222729d04,2025-11-26T08:00:00Z,system,2025-11-26T08:00:00Z,system,54048425-1167-51ce-b09a-c25486b4da08,20,781e49c0-8999-50e8-9276-e1fc0e9e29ca,2.000,EA,2440.09,EUR,2025-12-27,Replacement stock
88907310-4e10-5b89-aa95-04e042b50b59,2025-11-26T08:00:00Z,system,2025-11-26T08:00:00Z,system,54048425-1167-51ce-b09a-c25486b4da08,30,3b977897-9c14-59e5-a889-922436cc6be2,1.000,EA,589.00,EUR,2025-12-27,Planned maintenance
a103d68e-7808-56ae-814a-4e980c767d4b,2025-11-23T08:00:00Z,system,2025-11-23T08:00:00Z,system,88a700fb-893f-5485-8a02-5fc889cedf6a,10,3dc01e32-c4f9-591d-bf47-70af97b27acc,25.000,BOX,1444.69,EUR,2026-01-18,Replacement stock
4b3b188f-5605-52de-bcde-114a5feaa453,2025-11-23T08:00:00Z,system,2025-11-23T08:00:00Z,system,88a700fb-893f-5485-8a02-5fc889cedf6a,20,79756df9-78e3-5df8-ad70-cff390e99aff,2.000,EA,918.93,EUR,2026-01-18,
17deea32-e81e-57aa-b840-cd6b0139c2fc,2025-11-23T08:00:00Z,system,2025-11-23T08:00:00Z,system,88a700fb-893f-5485-8a02-5fc889cedf6a,30,893944a0-a713-5323-888a-1702113e176d,5.000,KG,23.34,EUR,2026-01-18,Standard requirement
29f5a9c4-c2c4-5453-807d-5f72e3897484,2026-05-15T08:00:00Z,system,2026-05-15T08:00:00Z,system,8582f5e9-5125-5ffb-9978-d93c651fc8dd,10,8a9aca99-35d6-5da5-8c10-babbacfc2c60,150.000,BOX,845.71,EUR,2026-07-01,Production demand
d0c2bb05-48e1-5ac2-a320-29911c0f4e07,2026-05-15T08:00:00Z,system,2026-05-15T08:00:00Z,system,8582f5e9-5125-5ffb-9978-d93c651fc8dd,20,4a6344a3-f35e-516c-9e41-3b71adc76bae,100.000,M,703.24,EUR,2026-07-01,Replacement stock
26534a31-31f9-51ec-bb1b-dc62f76accda,2025-09-17T08:00:00Z,system,2025-09-17T08:00:00Z,system,beef5221-9289-56f1-8642-d7c7204c9fa3,10,5b7ae8db-72b9-5511-ba23-2698e4fd03df,200.000,BOX,148.81,EUR,2025-10-04,
be621771-5393-52ec-b753-46560a015533,2025-09-17T08:00:00Z,system,2025-09-17T08:00:00Z,system,beef5221-9289-56f1-8642-d7c7204c9fa3,20,7f697323-30b6-54c7-bac6-3b08c847d275,25.000,M,1792.20,EUR,2025-10-04,Production demand
393e196d-e5cb-5074-ac90-680c0a15be3e,2026-06-12T08:00:00Z,system,2026-06-12T08:00:00Z,system,adea9928-849e-5d3f-8dc6-d4e40e81e946,10,d8fcbf1f-1dd7-50af-8261-2da45ed17eae,10.000,EA,295.07,EUR,2026-06-23,Replacement stock
f962c8e7-5754-5c2e-9660-6d81d3193433,2026-06-18T08:00:00Z,system,2026-06-18T08:00:00Z,system,a21be3ea-4ccf-5416-9d80-a82d1c2a846e,10,5201a455-a5dc-58a5-9da8-b460a7a6e9f4,20.000,M,1435.68,EUR,2026-07-01,Production demand
8a9bab17-bc24-5b1f-a2fa-dc2dcd3d0b4b,2026-02-15T08:00:00Z,system,2026-02-15T08:00:00Z,system,de5c8165-1c59-5944-a655-c01fc90d860c,10,c72d85f2-1053-502b-bd90-efeb25b78b61,2.000,L,528.09,EUR,2026-03-03,
d6ce091c-8162-5506-a486-7f7400faac1c,2026-02-15T08:00:00Z,system,2026-02-15T08:00:00Z,system,de5c8165-1c59-5944-a655-c01fc90d860c,20,5de012ce-db52-52e5-a612-6e2c3c02623a,100.000,SET,1178.67,EUR,2026-03-03,Production demand
54c00cdf-76e1-5c41-a5a8-160f1593bf38,2026-02-15T08:00:00Z,system,2026-02-15T08:00:00Z,system,de5c8165-1c59-5944-a655-c01fc90d860c,30,e64ca70f-33df-53bc-81e4-7c69dabb1d6d,20.000,M,2217.22,EUR,2026-03-03,Production demand
0cc00791-17f3-5b53-bc6d-cc6bb30d0307,2026-02-15T08:00:00Z,system,2026-02-15T08:00:00Z,system,de5c8165-1c59-5944-a655-c01fc90d860c,40,d1656ddc-1679-5818-bc75-a4cf9404839a,200.000,M,180.31,EUR,2026-03-03,Replacement stock
9115491a-2efc-59f5-8244-ee286e408cf6,2026-07-21T08:00:00Z,system,2026-07-21T08:00:00Z,system,37c971d7-228d-54ef-bafe-d0afb64e3188,10,fd117bf3-4f4c-5949-a1f5-fab4c43bea6b,100.000,M,506.33,EUR,2026-08-15,Production demand
f6dc61f5-51c1-5cbd-af33-46b216e2c50e,2026-07-21T08:00:00Z,system,2026-07-21T08:00:00Z,system,37c971d7-228d-54ef-bafe-d0afb64e3188,20,a006b8e3-6118-5906-998a-865149ed8589,2.000,SET,713.35,EUR,2026-08-15,Production demand
acc9947c-841b-5e02-badf-244583cd0112,2025-10-10T08:00:00Z,system,2025-10-10T08:00:00Z,system,c199a887-4dcf-5165-ac89-a24a3a1688d3,10,4ab6e929-df87-5d07-b36e-bc3c2033a2c4,200.000,BOX,2243.48,EUR,2025-11-05,Standard requirement
5ce85e7f-51d9-58a3-95d5-573bb5e1f6d9,2025-10-10T08:00:00Z,system,2025-10-10T08:00:00Z,system,c199a887-4dcf-5165-ac89-a24a3a1688d3,20,cfcda226-532c-599e-8ba1-da4625eb5246,2.000,EA,2022.39,EUR,2025-11-05,Replacement stock
99444d0f-3044-580c-883a-c5577279a4c7,2025-10-10T08:00:00Z,system,2025-10-10T08:00:00Z,system,c199a887-4dcf-5165-ac89-a24a3a1688d3,30,00a24b8a-d6ef-5fd9-b832-024cf1e9f1b5,100.000,EA,1143.82,EUR,2025-11-05,Production demand
13024a8e-6a4b-557f-a9f3-ca543f6cf7c3,2026-06-19T08:00:00Z,system,2026-06-19T08:00:00Z,system,0367865e-17bf-5abd-8bef-c34dac3ea24d,10,4a6344a3-f35e-516c-9e41-3b71adc76bae,100.000,M,767.17,EUR,2026-08-24,Standard requirement
28ffed7e-82c6-5bae-978a-d0fda8cf7c8d,2026-06-19T08:00:00Z,system,2026-06-19T08:00:00Z,system,0367865e-17bf-5abd-8bef-c34dac3ea24d,20,19e5854c-015a-5974-997b-3ccb05e32d73,5.000,M,449.58,EUR,2026-08-24,
3a8fd0bb-7b3e-516d-a66c-18bfd335414e,2025-09-19T08:00:00Z,system,2025-09-19T08:00:00Z,system,693e3cef-0c56-5ebe-9fbe-3d23a6da02b5,10,23ca3651-d389-5646-8a4d-d24fb3e26384,100.000,SET,2157.55,EUR,2025-11-23,
34997365-f743-5b8e-9dbd-4ef1c17c1c49,2025-09-19T08:00:00Z,system,2025-09-19T08:00:00Z,system,693e3cef-0c56-5ebe-9fbe-3d23a6da02b5,20,240a2ec2-b97a-51d0-9b66-a85819e5025e,50.000,SET,1534.23,EUR,2025-11-23,
bfc71865-f022-5248-a5f8-ec6ae52ebd08,2025-09-19T08:00:00Z,system,2025-09-19T08:00:00Z,system,693e3cef-0c56-5ebe-9fbe-3d23a6da02b5,30,81934ea3-15d5-5130-8a88-15160030bb8c,150.000,BOX,1743.08,EUR,2025-11-23,
4e86b727-7576-5491-89b3-117d08a634b0,2026-01-27T08:00:00Z,system,2026-01-27T08:00:00Z,system,12590b02-4448-5e9f-ac38-caee8e81c8b8,10,15f3b8aa-4649-5a10-a707-45aa1b2b3bf5,150.000,L,2331.31,EUR,2026-04-08,Replacement stock
54aae227-7fe5-5054-b02b-24183330d812,2026-01-27T08:00:00Z,system,2026-01-27T08:00:00Z,system,12590b02-4448-5e9f-ac38-caee8e81c8b8,20,0c3785e3-7d1b-5f41-95de-b2299b8dd699,200.000,M,1215.39,EUR,2026-04-08,Replacement stock
8fc9407b-3e93-5862-93ab-db39cd3a9d7f,2026-01-27T08:00:00Z,system,2026-01-27T08:00:00Z,system,12590b02-4448-5e9f-ac38-caee8e81c8b8,30,d0cb5824-8127-5ca6-8364-98b5469fc7c7,200.000,EA,1166.67,EUR,2026-04-08,
f43663e6-eb66-5f7f-84fc-823f73fff4e4,2026-01-27T08:00:00Z,system,2026-01-27T08:00:00Z,system,12590b02-4448-5e9f-ac38-caee8e81c8b8,40,c72d85f2-1053-502b-bd90-efeb25b78b61,200.000,L,552.21,EUR,2026-04-08,Replacement stock
4767201a-e579-57fe-ab30-b2587e0ac7fa,2026-03-05T08:00:00Z,system,2026-03-05T08:00:00Z,system,bdb30f46-6bdc-5393-8649-eacd1f2c758b,10,33b58793-6f12-50d8-b5ed-f4aaefc6d3f0,150.000,M,68.66,EUR,2026-04-09,Standard requirement
237a9370-65df-5641-8708-4ee1615783a7,2026-03-05T08:00:00Z,system,2026-03-05T08:00:00Z,system,bdb30f46-6bdc-5393-8649-eacd1f2c758b,20,5b7ae8db-72b9-5511-ba23-2698e4fd03df,2.000,BOX,136.97,EUR,2026-04-09,Production demand
53b976f6-d6e4-58ce-aefe-70bb559ee20f,2026-03-05T08:00:00Z,system,2026-03-05T08:00:00Z,system,bdb30f46-6bdc-5393-8649-eacd1f2c758b,30,b0ab2af3-a243-52cb-867b-07afe9932cc1,75.000,EA,2625.83,EUR,2026-04-09,
f4fc19d3-49bf-5880-bf8b-e6bb3fc7e47a,2025-11-15T08:00:00Z,system,2025-11-15T08:00:00Z,system,5abb8227-c7db-55df-8ac1-38a8392c21d7,10,c72d85f2-1053-502b-bd90-efeb25b78b61,200.000,L,519.95,EUR,2026-01-21,Planned maintenance
6b1ed173-435a-5fb1-82ba-daac74fda51b,2025-11-15T08:00:00Z,system,2025-11-15T08:00:00Z,system,5abb8227-c7db-55df-8ac1-38a8392c21d7,20,ff7c211a-6fcd-5fa0-9ea1-713837b5f870,10.000,SET,1559.59,EUR,2026-01-21,Production demand
22f197c4-403c-5772-b90a-a65f3444b117,2026-05-07T08:00:00Z,system,2026-05-07T08:00:00Z,system,da464949-e245-5ec7-8f0d-e621a1ef0c68,10,dbd21518-2460-5332-97ca-a826ccd26fd2,20.000,BOX,786.50,EUR,2026-06-24,Planned maintenance
00d2b6f1-fc75-5364-bfab-d82c2d978944,2025-11-15T08:00:00Z,system,2025-11-15T08:00:00Z,system,c99c4c31-1232-5157-b9e1-ae7ecbb7d72f,10,9390c973-ffaf-555f-9cb1-d1547db4c4d9,2.000,SET,1670.44,EUR,2025-12-12,Production demand
32a8fd53-05f8-54aa-960a-e67aa744e3da,2025-09-17T08:00:00Z,system,2025-09-17T08:00:00Z,system,b3c11d2b-fd6a-573a-b6f8-8861451dbdb2,10,781e49c0-8999-50e8-9276-e1fc0e9e29ca,5.000,EA,2523.47,EUR,2025-11-24,Standard requirement
ac167871-2ddd-5dc7-8487-3f00ae4fcbb2,2026-07-24T08:00:00Z,system,2026-07-24T08:00:00Z,system,6c6d6cdb-df45-5424-8744-ed67126dd147,10,6409ea13-8e69-5a7d-8700-a21076b19964,10.000,EA,85.03,EUR,2026-09-06,Planned maintenance
dbc2457a-ce33-57da-9685-33560e491b2d,2025-09-25T08:00:00Z,system,2025-09-25T08:00:00Z,system,602877aa-f62b-5b14-bb40-4c079dc6fc52,10,ffad296f-4b1b-50b0-b7ea-693c82ec1839,100.000,M,719.61,EUR,2025-11-05,Replacement stock
fa7abfa7-5cb6-5b43-a74f-2d9b65c1ec1c,2025-09-25T08:00:00Z,system,2025-09-25T08:00:00Z,system,602877aa-f62b-5b14-bb40-4c079dc6fc52,20,d96ec281-e3a6-5aba-b6f4-379e05515ef4,100.000,SET,1416.70,EUR,2025-11-05,
5a22f72c-0b87-5c45-9541-6abe320e1ecc,2025-09-25T08:00:00Z,system,2025-09-25T08:00:00Z,system,602877aa-f62b-5b14-bb40-4c079dc6fc52,30,dac566e3-7998-519e-827e-c56affe7618f,150.000,EA,1848.49,EUR,2025-11-05,Replacement stock
29d59cbf-6f19-55d4-aa31-0826d90ea283,2026-05-06T08:00:00Z,system,2026-05-06T08:00:00Z,system,7e6e6b23-ef20-5d74-ae5b-692f17bd3ecc,10,1b34037e-a23b-5ef9-ab8d-bcd7b335e9a7,2.000,M,1466.83,EUR,2026-06-21,Production demand
68a1a513-3b3f-5d72-ac6f-a1299bd44b65,2026-05-06T08:00:00Z,system,2026-05-06T08:00:00Z,system,7e6e6b23-ef20-5d74-ae5b-692f17bd3ecc,20,a56d36d8-7b2d-5bff-ae8b-8d8002e9d564,5.000,L,1347.75,EUR,2026-06-21,Standard requirement
6efafc40-193f-5f51-b7fc-5096b06ec3c8,2026-05-06T08:00:00Z,system,2026-05-06T08:00:00Z,system,7e6e6b23-ef20-5d74-ae5b-692f17bd3ecc,30,594e1f7d-2ddb-5853-a485-9177631a4db6,5.000,BOX,1155.76,EUR,2026-06-21,
2e6bef01-8350-5475-98a1-7513e728a0fe,2026-04-05T08:00:00Z,system,2026-04-05T08:00:00Z,system,b0415a03-c3a1-5f15-a8b5-264422492ee0,10,26b04983-d84b-57db-acd1-68d00120334b,25.000,L,1390.04,EUR,2026-05-16,Planned maintenance
6fe373eb-36c6-5813-900a-d869b7fdfad9,2026-04-05T08:00:00Z,system,2026-04-05T08:00:00Z,system,b0415a03-c3a1-5f15-a8b5-264422492ee0,20,c51be922-7f94-5734-90be-dd25480a96da,1.000,EA,219.46,EUR,2026-05-16,Standard requirement
4f553e20-01a3-5711-b1e0-a783087c88ee,2026-04-05T08:00:00Z,system,2026-04-05T08:00:00Z,system,b0415a03-c3a1-5f15-a8b5-264422492ee0,30,bd5e7023-209e-5ff1-a2af-9de8ff638d16,50.000,EA,2164.44,EUR,2026-05-16,Replacement stock
85d1843d-762a-5b35-b6f4-9ba6f1b6c373,2026-04-05T08:00:00Z,system,2026-04-05T08:00:00Z,system,b0415a03-c3a1-5f15-a8b5-264422492ee0,40,5bced482-deea-5fc4-8653-6c41fc86806e,5.000,M,2267.19,EUR,2026-05-16,Planned maintenance
67b3d8df-5620-5450-89cd-7f00a32d0f85,2025-11-23T08:00:00Z,system,2025-11-23T08:00:00Z,system,1d0dd27b-714c-59dc-9a55-2fa7c0a714e7,10,b5842b92-2db0-59f1-bfed-7a5db5a20938,1.000,L,354.14,EUR,2026-01-07,
45ae0e12-d4cf-5239-b17e-cedef0162b66,2025-11-17T08:00:00Z,system,2025-11-17T08:00:00Z,system,77db41c2-1fb3-5f7c-92c9-8aed306aa8cf,10,86cd43f5-5e5a-58e0-8882-778206f00530,150.000,KG,17.34,EUR,2026-01-22,Production demand
332ae65d-edca-5141-be6d-ac28ec0dc86d,2025-11-17T08:00:00Z,system,2025-11-17T08:00:00Z,system,77db41c2-1fb3-5f7c-92c9-8aed306aa8cf,20,c27d8ed1-1c81-52eb-9e88-e5402f546414,20.000,L,1579.18,EUR,2026-01-22,
23a1ed07-fee5-5dda-816f-c98dff276815,2025-11-17T08:00:00Z,system,2025-11-17T08:00:00Z,system,77db41c2-1fb3-5f7c-92c9-8aed306aa8cf,30,437ef9de-cfe9-5599-8502-13a53e958016,75.000,KG,12.55,EUR,2026-01-22,Replacement stock
f411d8ac-cc46-55ff-895c-bfb33849493a,2025-11-17T08:00:00Z,system,2025-11-17T08:00:00Z,system,77db41c2-1fb3-5f7c-92c9-8aed306aa8cf,40,5201a455-a5dc-58a5-9da8-b460a7a6e9f4,75.000,M,1624.83,EUR,2026-01-22,Production demand
d8f80fe3-0088-5686-b7a6-80921cf839da,2026-01-26T08:00:00Z,system,2026-01-26T08:00:00Z,system,6adb3706-9e33-54c6-92eb-c41718586d6d,10,1455dc98-f7ae-5a52-9c81-dc7663903a45,2.000,KG,24.93,EUR,2026-04-09,Replacement stock
74a99dae-d73a-56c3-9f31-e21b95bf6d9f,2026-01-26T08:00:00Z,system,2026-01-26T08:00:00Z,system,6adb3706-9e33-54c6-92eb-c41718586d6d,20,8f4fa6ee-76d8-5196-89f7-b65fbb2cfff1,2.000,KG,22.54,EUR,2026-04-09,Standard requirement
47c67a7a-db11-5f63-8b51-bfe7f8a8a1ab,2026-01-26T08:00:00Z,system,2026-01-26T08:00:00Z,system,6adb3706-9e33-54c6-92eb-c41718586d6d,30,f6f54dcc-7dd4-5c4e-aa26-edca535dced2,2.000,SET,224.21,EUR,2026-04-09,Planned maintenance
1a730704-975d-5caa-90dd-8bed11e875dc,2026-01-26T08:00:00Z,system,2026-01-26T08:00:00Z,system,6adb3706-9e33-54c6-92eb-c41718586d6d,40,3a0a1e49-476a-536d-b162-93bd126b8104,150.000,L,1976.21,EUR,2026-04-09,
8d5cc2ea-506d-5929-b6ba-599ee1fcad39,2025-09-16T08:00:00Z,system,2025-09-16T08:00:00Z,system,8e2b9bae-23b1-50cb-86f6-8305a4366096,10,04c6ce4d-e9ec-5c21-9f43-b4b251046c2f,20.000,M,1168.36,EUR,2025-10-13,Standard requirement
bcd63570-beab-5a60-b385-88e9fb3c57f3,2025-09-16T08:00:00Z,system,2025-09-16T08:00:00Z,system,8e2b9bae-23b1-50cb-86f6-8305a4366096,20,eafe3238-5e48-56bf-9122-b7966afc27e1,25.000,M,1647.02,EUR,2025-10-13,Planned maintenance
154935f2-d7a6-5a5c-ae38-2c76d018c78d,2025-09-16T08:00:00Z,system,2025-09-16T08:00:00Z,system,8e2b9bae-23b1-50cb-86f6-8305a4366096,30,a77973af-89ac-57a4-be5e-db2cafc9e932,2.000,BOX,1293.13,EUR,2025-10-13,Standard requirement
da04690a-1179-5d63-bdf5-985dbcad1c43,2025-09-16T08:00:00Z,system,2025-09-16T08:00:00Z,system,8e2b9bae-23b1-50cb-86f6-8305a4366096,40,eca867c4-ec3b-52d0-826e-e72c7e331d21,75.000,BOX,1216.79,EUR,2025-10-13,Standard requirement
bc0f9588-edc4-5d9d-9b6f-562b046a8682,2025-11-25T08:00:00Z,system,2025-11-25T08:00:00Z,system,c2a014c3-0d9a-520d-9415-b51ff296f9dd,10,a56d36d8-7b2d-5bff-ae8b-8d8002e9d564,75.000,L,1193.77,EUR,2026-01-10,Production demand
ff0fcf20-fd61-5182-9d41-9aa97a6df19e,2025-11-25T08:00:00Z,system,2025-11-25T08:00:00Z,system,c2a014c3-0d9a-520d-9415-b51ff296f9dd,20,3c91ccd6-92b6-5bb1-a450-2e87cd24008e,25.000,L,132.15,EUR,2026-01-10,Replacement stock
3a74b8cb-eac0-54f8-aab7-56a9424ca208,2025-11-25T08:00:00Z,system,2025-11-25T08:00:00Z,system,c2a014c3-0d9a-520d-9415-b51ff296f9dd,30,9c2269ae-4d62-5146-b30e-9e301d4108b0,50.000,EA,677.06,EUR,2026-01-10,
8f2dced6-7505-5898-96e3-cfdb25633b84,2025-11-25T08:00:00Z,system,2025-11-25T08:00:00Z,system,c2a014c3-0d9a-520d-9415-b51ff296f9dd,40,bb0b52d6-caeb-5f0b-8479-76c4c50869c1,10.000,KG,4.38,EUR,2026-01-10,Planned maintenance
c75b71a2-fb76-5f92-9966-94a0985cb115,2026-06-27T08:00:00Z,system,2026-06-27T08:00:00Z,system,85a03c2a-4b83-5252-ab71-e7bcee4604ca,10,73253cdf-d4e6-5749-9bda-81b380de990d,75.000,L,769.74,EUR,2026-07-19,Standard requirement
327b7d91-b5c7-5785-b070-bd31b1821daa,2026-06-27T08:00:00Z,system,2026-06-27T08:00:00Z,system,85a03c2a-4b83-5252-ab71-e7bcee4604ca,20,9c244d41-3489-5976-bcdb-b0d76c2237a9,25.000,KG,26.17,EUR,2026-07-19,
b2b1ae1a-d40c-5b04-ad0e-7187781a203a,2026-06-27T08:00:00Z,system,2026-06-27T08:00:00Z,system,85a03c2a-4b83-5252-ab71-e7bcee4604ca,30,6be44d6c-c457-5100-971c-5640df33eb4b,10.000,SET,490.10,EUR,2026-07-19,Planned maintenance
f44edd80-85fc-57a0-8cde-041b9d55726a,2026-07-26T08:00:00Z,system,2026-07-26T08:00:00Z,system,a1f6865f-1473-5ef8-b535-ef84a85ee383,10,b73f763a-3d8c-562e-9549-a6941040255f,25.000,EA,823.58,EUR,2026-10-06,Production demand
79cdbffd-d146-5a79-ae6f-46a843acf7d1,2026-07-26T08:00:00Z,system,2026-07-26T08:00:00Z,system,a1f6865f-1473-5ef8-b535-ef84a85ee383,20,03f34b44-1652-577f-950a-78af8cdc601f,10.000,L,1048.20,EUR,2026-10-06,Planned maintenance
868e5b1e-b1ae-5c36-9b18-768792255cc3,2025-12-27T08:00:00Z,system,2025-12-27T08:00:00Z,system,011abaae-9043-56f2-99fa-ecf406fcd2b5,10,72fab673-0e1b-50ad-a07f-80c4221c1763,2.000,BOX,2062.56,EUR,2026-01-16,Planned maintenance
8dbde3fc-9088-5e02-af55-e6c5b5b07f17,2025-12-27T08:00:00Z,system,2025-12-27T08:00:00Z,system,011abaae-9043-56f2-99fa-ecf406fcd2b5,20,8ffbee35-114e-52c9-982d-47f2ee96df4a,200.000,EA,803.44,EUR,2026-01-16,Standard requirement
3caf9cea-2bf5-5941-9249-02c494e8263a,2025-12-27T08:00:00Z,system,2025-12-27T08:00:00Z,system,011abaae-9043-56f2-99fa-ecf406fcd2b5,30,61c9dd7a-23b2-51ce-a4f8-1ecaedb8b55e,10.000,SET,1739.00,EUR,2026-01-16,Standard requirement
c01547df-bbed-518e-98b2-6aea21f4c7db,2025-12-27T08:00:00Z,system,2025-12-27T08:00:00Z,system,011abaae-9043-56f2-99fa-ecf406fcd2b5,40,f86c9292-1db7-5162-81d0-0b6ff62e922d,10.000,SET,1049.83,EUR,2026-01-16,Planned maintenance
7cf73f9f-fb62-53b7-b7e0-6cd3dfaaf5fb,2025-09-12T08:00:00Z,system,2025-09-12T08:00:00Z,system,c3ab929d-045b-5b3a-b384-e5dae1675e28,10,d1656ddc-1679-5818-bc75-a4cf9404839a,75.000,M,169.57,EUR,2025-11-05,Planned maintenance
56f7fc20-d49d-533d-b9c8-6693a36fffc8,2025-09-12T08:00:00Z,system,2025-09-12T08:00:00Z,system,c3ab929d-045b-5b3a-b384-e5dae1675e28,20,729b6d7e-7b34-59c4-ab17-3319477660be,2.000,KG,14.61,EUR,2025-11-05,Planned maintenance
8e4524ab-0adc-5bf4-a0a5-4ef095125161,2025-09-12T08:00:00Z,system,2025-09-12T08:00:00Z,system,c3ab929d-045b-5b3a-b384-e5dae1675e28,30,cb6ffa8f-0fe6-5b74-b902-9c455baa0e7f,50.000,BOX,238.58,EUR,2025-11-05,Replacement stock
f7583dd7-7fe5-59b3-9654-e581c3f4f711,2026-07-26T08:00:00Z,system,2026-07-26T08:00:00Z,system,2c0676f6-8bb9-55d7-a0bc-03b180926b36,10,b48aeed1-7840-500f-a433-e19c16974f9d,25.000,SET,1318.17,EUR,2026-09-15,Planned maintenance
93eae624-2bde-5ac7-bc61-02f131c6ad0c,2026-07-26T08:00:00Z,system,2026-07-26T08:00:00Z,system,2c0676f6-8bb9-55d7-a0bc-03b180926b36,20,433f80c2-05f6-5b18-bf74-adc19e89d6f1,5.000,BOX,2318.13,EUR,2026-09-15,
eca02510-0036-5435-9a51-e728a6fdbc7e,2026-07-26T08:00:00Z,system,2026-07-26T08:00:00Z,system,2c0676f6-8bb9-55d7-a0bc-03b180926b36,30,fd4f25a0-d258-5944-8a33-a22b3cf44a4a,1.000,L,921.65,EUR,2026-09-15,Production demand
76c3a750-ccc7-5293-85e0-57a535837bda,2026-03-01T08:00:00Z,system,2026-03-01T08:00:00Z,system,e6434e2c-87fa-5aed-a92e-99315bdd6e97,10,596f3822-e07b-55ed-bd48-239fb3db0e77,50.000,KG,28.01,EUR,2026-05-10,Standard requirement
3b5d5a87-befb-5ba5-9852-c8a9e436e03e,2025-11-08T08:00:00Z,system,2025-11-08T08:00:00Z,system,eb2ddda7-0572-5429-a2a7-f96c849fdfca,10,4b8dedda-2e93-5a49-80c4-4876ab55500f,200.000,EA,1297.64,EUR,2025-12-22,
517ffcd7-a648-5911-a1f8-e7ccd3b9d08e,2025-11-08T08:00:00Z,system,2025-11-08T08:00:00Z,system,eb2ddda7-0572-5429-a2a7-f96c849fdfca,20,c27d8ed1-1c81-52eb-9e88-e5402f546414,5.000,L,1653.17,EUR,2025-12-22,
3aa20cbd-5d87-5972-9580-78f9032a2db7,2025-11-08T08:00:00Z,system,2025-11-08T08:00:00Z,system,eb2ddda7-0572-5429-a2a7-f96c849fdfca,30,aa609c4e-2fa3-5db5-a548-e837797b7ec8,10.000,SET,1977.23,EUR,2025-12-22,Planned maintenance
0e0e7781-5d77-5895-b75b-4d5f68683216,2025-11-08T08:00:00Z,system,2025-11-08T08:00:00Z,system,eb2ddda7-0572-5429-a2a7-f96c849fdfca,40,15f3b8aa-4649-5a10-a707-45aa1b2b3bf5,75.000,L,2084.58,EUR,2025-12-22,Production demand
517be488-ef4a-599f-9d8a-1a3f73d04036,2025-10-23T08:00:00Z,system,2025-10-23T08:00:00Z,system,6a592f19-18ff-592b-a75f-a326748fc805,10,21cbb700-5485-5bab-b31b-e024cd04b587,100.000,M,1368.09,EUR,2025-11-13,Standard requirement
04ffb66e-a718-5bc2-83ee-b6ebccda6768,2025-10-23T08:00:00Z,system,2025-10-23T08:00:00Z,system,6a592f19-18ff-592b-a75f-a326748fc805,20,37c4d2f8-f57c-5a2d-a98c-e54c9a60f9b2,5.000,KG,24.54,EUR,2025-11-13,Planned maintenance
1c6a7dde-948e-5cc7-85a2-0c9382f98477,2025-10-23T08:00:00Z,system,2025-10-23T08:00:00Z,system,6a592f19-18ff-592b-a75f-a326748fc805,30,0ff1099e-974c-5cf5-97fc-078fe85ca3af,10.000,L,1498.72,EUR,2025-11-13,
49fa48e9-1275-5d56-8cba-4680cf832301,2025-09-23T08:00:00Z,system,2025-09-23T08:00:00Z,system,5faacd4f-7de8-58f4-9c52-8ecddced27e7,10,b73f763a-3d8c-562e-9549-a6941040255f,1.000,EA,851.48,EUR,2025-11-23,Production demand
e7728ade-840d-5e41-b992-ff77d1feff6f,2025-09-23T08:00:00Z,system,2025-09-23T08:00:00Z,system,5faacd4f-7de8-58f4-9c52-8ecddced27e7,20,6888476b-380f-570d-8a87-551948fe535a,1.000,M,1081.50,EUR,2025-11-23,Replacement stock
fbac4746-f6b1-5179-bb27-251da0cf0987,2025-09-23T08:00:00Z,system,2025-09-23T08:00:00Z,system,5faacd4f-7de8-58f4-9c52-8ecddced27e7,30,4c30fa9e-b4c6-593b-975f-b5c99a3fa9b1,25.000,M,568.04,EUR,2025-11-23,Planned maintenance
f5325e5f-67bd-540f-aab5-dfe960612b88,2026-01-19T08:00:00Z,system,2026-01-19T08:00:00Z,system,85978fb9-1c36-5148-a3f6-b7628e052343,10,6c7c41de-f18d-5d68-9697-8f8c32cb9e5e,5.000,M,2111.45,EUR,2026-03-28,Replacement stock
18ca1bc5-1646-5367-b075-fc27981eaab1,2026-06-05T08:00:00Z,system,2026-06-05T08:00:00Z,system,3a9149a7-8c89-5904-aa28-c595ffa938f0,10,d8fcbf1f-1dd7-50af-8261-2da45ed17eae,50.000,EA,277.55,EUR,2026-08-08,Standard requirement
0a62138d-d4f4-5f17-8423-4f7f3007a94a,2026-06-05T08:00:00Z,system,2026-06-05T08:00:00Z,system,3a9149a7-8c89-5904-aa28-c595ffa938f0,20,7f697323-30b6-54c7-bac6-3b08c847d275,50.000,M,1976.90,EUR,2026-08-08,Replacement stock
4af8614c-c9a9-51ad-a8af-beec7f79ea80,2026-06-05T08:00:00Z,system,2026-06-05T08:00:00Z,system,3a9149a7-8c89-5904-aa28-c595ffa938f0,30,965972d0-7dc1-5a2e-a771-140c178aec3b,25.000,EA,264.63,EUR,2026-08-08,Replacement stock
f0bde6f2-c566-58be-990b-00b0e0334b53,2026-06-05T08:00:00Z,system,2026-06-05T08:00:00Z,system,3a9149a7-8c89-5904-aa28-c595ffa938f0,40,c1263224-5b01-5628-b91f-a1409b9c0752,10.000,BOX,1841.64,EUR,2026-08-08,Replacement stock
eab4055c-93a9-5005-a4f6-1e9062004892,2025-09-12T08:00:00Z,system,2025-09-12T08:00:00Z,system,767c1883-fdc1-5527-a72a-4d3c242c9399,10,6b8b9c0c-ca33-51c4-9164-471f4abb4160,5.000,BOX,1452.99,EUR,2025-09-23,Planned maintenance
8ef13569-6596-530e-b41e-74d56af7221c,2025-09-12T08:00:00Z,system,2025-09-12T08:00:00Z,system,767c1883-fdc1-5527-a72a-4d3c242c9399,20,24e149d4-fbad-5890-a7ee-15a416fd63bc,75.000,SET,279.93,EUR,2025-09-23,Production demand
9593a0f3-81a4-5ef8-a0ce-27edd84ed7c9,2025-09-12T08:00:00Z,system,2025-09-12T08:00:00Z,system,767c1883-fdc1-5527-a72a-4d3c242c9399,30,a7d2c2da-af08-5f66-aad4-f45b74b00edb,100.000,L,2298.39,EUR,2025-09-23,Replacement stock
d366be9e-ebcd-5002-b00d-49c8efacd682,2025-09-12T08:00:00Z,system,2025-09-12T08:00:00Z,system,767c1883-fdc1-5527-a72a-4d3c242c9399,40,cf47eab7-b618-56ca-8312-fe97b2569fb6,200.000,BOX,386.34,EUR,2025-09-23,Production demand
f6edc6af-db67-56bd-b9a2-66b79445a110,2025-11-17T08:00:00Z,system,2025-11-17T08:00:00Z,system,b451888d-56df-507f-92f8-45295767f1c4,10,74ec4245-16d4-59ad-a64b-e56056485a1c,100.000,EA,2220.46,EUR,2026-01-27,Production demand
a355262c-d200-574d-b962-b7fc54db5c7d,2025-09-16T08:00:00Z,system,2025-09-16T08:00:00Z,system,77412429-0176-53eb-928a-ebc70dc459d7,10,7ca4c0eb-249c-5459-9122-836398535a4b,200.000,L,2335.95,EUR,2025-09-25,Standard requirement
cf161345-1233-5d67-a485-c283f8ee1a73,2025-09-16T08:00:00Z,system,2025-09-16T08:00:00Z,system,77412429-0176-53eb-928a-ebc70dc459d7,20,0e061496-b663-511d-b153-ccea08f04c32,10.000,M,399.17,EUR,2025-09-25,
c9fcd86b-8485-56ae-bb93-599a78a2d84d,2025-09-16T08:00:00Z,system,2025-09-16T08:00:00Z,system,77412429-0176-53eb-928a-ebc70dc459d7,30,b7445b03-ff12-5031-afe2-33e925c82fd3,5.000,BOX,333.57,EUR,2025-09-25,Production demand
2a191850-89e5-5d4c-a3a6-daab21fd2ed4,2025-09-11T08:00:00Z,system,2025-09-11T08:00:00Z,system,daf069d0-75e1-5041-bac4-e384f27eeb7a,10,5201a455-a5dc-58a5-9da8-b460a7a6e9f4,5.000,M,1481.17,EUR,2025-10-01,Standard requirement
2c619dc1-c7c6-5f8d-b48e-8ca64724f215,2025-11-06T08:00:00Z,system,2025-11-06T08:00:00Z,system,0ad379ce-d371-56d4-a823-1bb519a93f65,10,c88caae9-8b8b-568d-892c-8e1ca200c581,200.000,BOX,1525.83,EUR,2025-11-26,Standard requirement
daae71c5-7626-59a3-9bde-434c11142023,2026-03-20T08:00:00Z,system,2026-03-20T08:00:00Z,system,da7f9405-6420-5108-93c0-67062b18228d,10,21cbb700-5485-5bab-b31b-e024cd04b587,1.000,M,1309.68,EUR,2026-05-30,Standard requirement
28f1fa80-54cd-5ea8-bda4-d7eb540c86b2,2026-03-20T08:00:00Z,system,2026-03-20T08:00:00Z,system,da7f9405-6420-5108-93c0-67062b18228d,20,9f72fcd8-0de5-52ab-8f85-0c7e59529a02,150.000,EA,414.90,EUR,2026-05-30,Production demand
b1729306-1786-5f6a-aaaf-d7b5273597a6,2026-03-20T08:00:00Z,system,2026-03-20T08:00:00Z,system,da7f9405-6420-5108-93c0-67062b18228d,30,0a95d286-40e6-5f4e-bce8-380f86c5e052,20.000,BOX,1560.35,EUR,2026-05-30,Standard requirement
094aa0a4-4e82-5504-a62a-3711226abc2e,2026-03-20T08:00:00Z,system,2026-03-20T08:00:00Z,system,da7f9405-6420-5108-93c0-67062b18228d,40,fcd3a87b-71f1-5871-b12a-5cf7f75c379d,10.000,M,100.15,EUR,2026-05-30,Production demand
71a2a3e8-901b-544e-bb80-21a1c5dcda76,2025-09-06T08:00:00Z,system,2025-09-06T08:00:00Z,system,6e7db0ec-950c-5313-9cb2-5e8b45f40487,10,972054fa-e98c-5fa7-b5a0-eef2c0bddc26,20.000,M,871.40,EUR,2025-09-14,Replacement stock
7da81bf2-e8e6-598f-91d2-502494a804b9,2025-09-06T08:00:00Z,system,2025-09-06T08:00:00Z,system,6e7db0ec-950c-5313-9cb2-5e8b45f40487,20,b565639f-0e27-5958-90ec-8e31f21798a1,50.000,KG,7.09,EUR,2025-09-14,Production demand
8ac7a7d4-341e-5998-9182-4882bcd62d17,2025-11-19T08:00:00Z,system,2025-11-19T08:00:00Z,system,e497463e-86fb-511f-8e77-be3a9b6dfb0c,10,5201a455-a5dc-58a5-9da8-b460a7a6e9f4,100.000,M,1365.18,EUR,2026-01-14,Production demand
2dfb3e8b-0608-5720-986d-ff530557770c,2025-11-19T08:00:00Z,system,2025-11-19T08:00:00Z,system,e497463e-86fb-511f-8e77-be3a9b6dfb0c,20,4a6344a3-f35e-516c-9e41-3b71adc76bae,200.000,M,715.96,EUR,2026-01-14,Planned maintenance
d1423264-3601-5a65-9662-4a46e7b0619d,2025-11-19T08:00:00Z,system,2025-11-19T08:00:00Z,system,e497463e-86fb-511f-8e77-be3a9b6dfb0c,30,748d36d0-ad0a-5e2f-ae52-4b9bd4ac6a44,1.000,M,1809.88,EUR,2026-01-14,Production demand
e8cacbfd-ccc1-5af2-bfd6-b6ccb7f0cb55,2026-03-12T08:00:00Z,system,2026-03-12T08:00:00Z,system,03cc6160-b1b7-54fc-896b-b11159b827cc,10,25d66eb3-16e0-54c3-bcbc-0f87d2c22b95,5.000,EA,754.09,EUR,2026-05-07,Standard requirement
95432455-a369-5466-a5a4-15c8a9dff156,2026-03-12T08:00:00Z,system,2026-03-12T08:00:00Z,system,03cc6160-b1b7-54fc-896b-b11159b827cc,20,33a43adc-6963-52ef-b1d3-fd2492991b07,200.000,EA,1888.47,EUR,2026-05-07,Replacement stock
67e55e16-34e4-5976-be6b-64d3690799a7,2025-09-02T08:00:00Z,system,2025-09-02T08:00:00Z,system,5264fb55-73bf-5aa7-8201-d5d2d6b3936c,10,3a0a1e49-476a-536d-b162-93bd126b8104,100.000,L,1920.12,EUR,2025-09-19,Replacement stock
e4506183-e0c6-5c7c-8c0e-16059c057c66,2025-09-02T08:00:00Z,system,2025-09-02T08:00:00Z,system,5264fb55-73bf-5aa7-8201-d5d2d6b3936c,20,240a2ec2-b97a-51d0-9b66-a85819e5025e,10.000,SET,1473.95,EUR,2025-09-19,Replacement stock
21ccbb74-7932-5dd7-9c43-b72f5b8980d0,2026-03-29T08:00:00Z,system,2026-03-29T08:00:00Z,system,da24d810-0c61-54b7-89bc-f8e7ebd80311,10,5ff325a3-cf1b-5887-bd0f-e1da5d5e6a57,5.000,BOX,787.79,EUR,2026-06-01,Production demand
1eedbf9d-95c5-5ad0-9cf5-d032ea57947f,2025-12-21T08:00:00Z,system,2025-12-21T08:00:00Z,system,66566dd8-b6dd-5844-8e44-f2a064c63665,10,cb6ffa8f-0fe6-5b74-b902-9c455baa0e7f,150.000,BOX,208.13,EUR,2026-03-02,Production demand
8e051b2d-2c4a-574a-bdcb-a21d8057923f,2025-12-21T08:00:00Z,system,2025-12-21T08:00:00Z,system,66566dd8-b6dd-5844-8e44-f2a064c63665,20,8c4308df-7ca4-593e-8ebe-c6de544847fa,100.000,L,2083.89,EUR,2026-03-02,Standard requirement
efd6f3a6-ffe8-5634-bec2-27a600c705f5,2025-12-21T08:00:00Z,system,2025-12-21T08:00:00Z,system,66566dd8-b6dd-5844-8e44-f2a064c63665,30,c95f5935-922a-5171-a5e9-dde46f32a83d,200.000,KG,34.18,EUR,2026-03-02,Production demand
89e7dc64-756e-51dd-a3cd-0267e151f129,2025-12-21T08:00:00Z,system,2025-12-21T08:00:00Z,system,66566dd8-b6dd-5844-8e44-f2a064c63665,40,33b58793-6f12-50d8-b5ed-f4aaefc6d3f0,75.000,M,73.64,EUR,2026-03-02,
bd70be70-ea8b-55f2-8538-8577b6e16842,2025-10-03T08:00:00Z,system,2025-10-03T08:00:00Z,system,ff515a6e-f7d8-5d03-9de8-b87cc62f3ede,10,b03f0dc2-a9e5-5330-affe-38e1a3e58c73,20.000,L,285.70,EUR,2025-10-10,Replacement stock
3cc196b4-e778-5008-abdf-4544a03602ac,2025-12-29T08:00:00Z,system,2025-12-29T08:00:00Z,system,8d4cba70-46df-5ad0-b300-c52fbd8a007a,10,cc5afda5-c29c-592b-ab4e-304a522f6af7,20.000,L,1354.14,EUR,2026-01-22,Planned maintenance
b287b927-af7d-5000-8c29-ccb33c34f7f7,2025-12-29T08:00:00Z,system,2025-12-29T08:00:00Z,system,8d4cba70-46df-5ad0-b300-c52fbd8a007a,20,df47ed4b-da4f-5c58-b596-f38d4082538d,200.000,EA,1552.28,EUR,2026-01-22,
0de626c2-51a2-5cda-aaf9-65921c13de0e,2025-12-29T08:00:00Z,system,2025-12-29T08:00:00Z,system,8d4cba70-46df-5ad0-b300-c52fbd8a007a,30,4ab6e929-df87-5d07-b36e-bc3c2033a2c4,200.000,BOX,2147.03,EUR,2026-01-22,Planned maintenance
4beb4483-7e0c-5193-a61a-5345dc8f55e1,2026-01-03T08:00:00Z,system,2026-01-03T08:00:00Z,system,83a851ea-9b9e-5e6e-8a5c-28a0775569b5,10,3686479f-e462-5c48-9c5a-4cbf814179f1,150.000,M,250.56,EUR,2026-02-17,
d701ca43-874f-50a9-8786-eb070446eb72,2026-01-03T08:00:00Z,system,2026-01-03T08:00:00Z,system,83a851ea-9b9e-5e6e-8a5c-28a0775569b5,20,7a0573af-19d9-5fce-a1fb-edef3b2a16d3,200.000,EA,2001.24,EUR,2026-02-17,Planned maintenance
06bb6049-847a-5e9f-9532-71471e9cf3f5,2026-01-03T08:00:00Z,system,2026-01-03T08:00:00Z,system,83a851ea-9b9e-5e6e-8a5c-28a0775569b5,30,c13f04ef-297f-5b4a-879c-32e437691f2f,25.000,M,1175.70,EUR,2026-02-17,Standard requirement
88c1b901-8e1c-5bc6-b3f8-95d31d8a77b8,2026-01-03T08:00:00Z,system,2026-01-03T08:00:00Z,system,83a851ea-9b9e-5e6e-8a5c-28a0775569b5,40,8152f104-7621-5be4-8056-73ba5b77136f,20.000,EA,894.86,EUR,2026-02-17,
11008b13-c9fd-548e-9822-53e72591a326,2025-09-02T08:00:00Z,system,2025-09-02T08:00:00Z,system,0f84428d-6081-5eea-9e1d-8ff41c4658e6,10,0e061496-b663-511d-b153-ccea08f04c32,25.000,M,447.96,EUR,2025-10-13,Standard requirement
7c244100-3bc6-5d43-9c7d-6d972d6b4e53,2025-09-02T08:00:00Z,system,2025-09-02T08:00:00Z,system,0f84428d-6081-5eea-9e1d-8ff41c4658e6,20,5994f62a-190b-5f64-a95c-9773a244fa2e,25.000,SET,1528.80,EUR,2025-10-13,
10ff2117-8627-58dd-a6bd-32ca2a270cac,2025-09-02T08:00:00Z,system,2025-09-02T08:00:00Z,system,0f84428d-6081-5eea-9e1d-8ff41c4658e6,30,5de012ce-db52-52e5-a612-6e2c3c02623a,50.000,SET,1208.57,EUR,2025-10-13,Planned maintenance
b8c0ceba-b3ed-56f8-8776-14f46c861c16,2026-02-21T08:00:00Z,system,2026-02-21T08:00:00Z,system,5faac653-e286-52bd-8439-9987a04084dc,10,6c73375b-40a6-5535-9e27-a364e6837ed1,10.000,EA,2309.20,EUR,2026-03-12,Standard requirement
8258a602-920a-5898-b2bf-5768ee1caf51,2026-02-21T08:00:00Z,system,2026-02-21T08:00:00Z,system,5faac653-e286-52bd-8439-9987a04084dc,20,92383fa1-d27d-5e6a-b93a-e9f0ff565f05,100.000,EA,1038.28,EUR,2026-03-12,Planned maintenance
a13bf772-16df-5bab-983c-9fa32b518339,2026-02-21T08:00:00Z,system,2026-02-21T08:00:00Z,system,5faac653-e286-52bd-8439-9987a04084dc,30,b03f0dc2-a9e5-5330-affe-38e1a3e58c73,10.000,L,306.67,EUR,2026-03-12,
6f632a29-4f24-5dba-bcd0-c85671a3c073,2026-06-01T08:00:00Z,system,2026-06-01T08:00:00Z,system,1b8a167d-e168-5ee5-a884-8465efaf83f6,10,4cb50627-8198-5765-9d5a-9d272c8ce58b,10.000,M,759.77,EUR,2026-07-01,
5d6223d8-e5fb-59e9-8262-90d19e7ce1e8,2026-06-08T08:00:00Z,system,2026-06-08T08:00:00Z,system,c96a9df4-2332-5bc4-a7ee-52b91df8ce81,10,9f268dd5-b99b-5f85-935d-cd614d5d12ad,10.000,KG,25.31,EUR,2026-06-30,Replacement stock
53b7ed40-aa8a-5a26-9cf8-fb7eb1c6d64e,2026-06-08T08:00:00Z,system,2026-06-08T08:00:00Z,system,c96a9df4-2332-5bc4-a7ee-52b91df8ce81,20,df47ed4b-da4f-5c58-b596-f38d4082538d,2.000,EA,1564.21,EUR,2026-06-30,Standard requirement
f8245918-2dcd-5c2e-96b7-43473a3e1bdd,2026-06-08T08:00:00Z,system,2026-06-08T08:00:00Z,system,c96a9df4-2332-5bc4-a7ee-52b91df8ce81,30,03f34b44-1652-577f-950a-78af8cdc601f,20.000,L,1231.34,EUR,2026-06-30,
f2531e5f-8b38-5a29-b059-05ad42ec5b1d,2025-09-28T08:00:00Z,system,2025-09-28T08:00:00Z,system,7cebadc3-534f-5791-807f-9987a385eccf,10,34a9184c-b2a2-5e49-b2fa-ec91dd5c7ccc,25.000,L,1603.45,EUR,2025-11-18,
fc10f606-227e-5c38-951a-4e2f5029f64f,2026-03-31T08:00:00Z,system,2026-03-31T08:00:00Z,system,fd531b40-203d-569e-b4f7-c813cb86a4ae,10,7a0573af-19d9-5fce-a1fb-edef3b2a16d3,150.000,EA,2045.63,EUR,2026-05-16,Planned maintenance
f8cb2d3f-87c1-55fa-83a1-98ba2e93062f,2025-12-27T08:00:00Z,system,2025-12-27T08:00:00Z,system,4a256897-0792-5135-90ee-914a9a6f84bb,10,3b977897-9c14-59e5-a889-922436cc6be2,150.000,EA,535.43,EUR,2026-01-06,Production demand
708c6ea7-b549-59d4-9a65-09369fe9fb14,2025-12-27T08:00:00Z,system,2025-12-27T08:00:00Z,system,4a256897-0792-5135-90ee-914a9a6f84bb,20,596f3822-e07b-55ed-bd48-239fb3db0e77,75.000,KG,26.79,EUR,2026-01-06,Standard requirement
dce07b80-026e-5f3d-b01c-20ebe854cd98,2025-12-27T08:00:00Z,system,2025-12-27T08:00:00Z,system,4a256897-0792-5135-90ee-914a9a6f84bb,30,57da00f0-61c9-5674-b533-ab7f1607f838,5.000,BOX,1098.61,EUR,2026-01-06,Standard requirement
7612d412-2854-5e31-95a4-78788533f68b,2025-10-17T08:00:00Z,system,2025-10-17T08:00:00Z,system,3366f90e-78bc-5f22-8586-ad7244cc6193,10,240a2ec2-b97a-51d0-9b66-a85819e5025e,20.000,SET,1484.99,EUR,2025-11-21,Standard requirement
1220474c-41c7-5e70-bbc5-040234a6a5b3,2025-10-17T08:00:00Z,system,2025-10-17T08:00:00Z,system,3366f90e-78bc-5f22-8586-ad7244cc6193,20,8152f104-7621-5be4-8056-73ba5b77136f,2.000,EA,969.48,EUR,2025-11-21,Planned maintenance
100f6fef-68cb-5c60-8af2-848ac7c6471a,2026-03-03T08:00:00Z,system,2026-03-03T08:00:00Z,system,75875ff1-8b1c-5473-acd9-2cf46a1993b8,10,e8785cbc-7b69-5687-b699-d292f70bdc74,50.000,SET,1782.44,EUR,2026-04-13,Replacement stock
062df676-d6ea-5b5a-8331-7cf259dad1e9,2026-07-22T08:00:00Z,system,2026-07-22T08:00:00Z,system,955fb468-a0cf-5ec6-a5b4-c200e3a484c5,10,bd5e7023-209e-5ff1-a2af-9de8ff638d16,25.000,EA,2573.96,EUR,2026-09-12,Replacement stock
eaffb31a-fb5a-592c-aa52-c651d3a983a8,2026-07-22T08:00:00Z,system,2026-07-22T08:00:00Z,system,955fb468-a0cf-5ec6-a5b4-c200e3a484c5,20,6c7c41de-f18d-5d68-9697-8f8c32cb9e5e,150.000,M,2030.94,EUR,2026-09-12,Production demand
48d4c320-6501-58d9-b7fd-db5788eebe0b,2026-07-22T08:00:00Z,system,2026-07-22T08:00:00Z,system,955fb468-a0cf-5ec6-a5b4-c200e3a484c5,30,b0ab2af3-a243-52cb-867b-07afe9932cc1,1.000,EA,2508.11,EUR,2026-09-12,Production demand
c3736fbe-1d06-50f0-a615-53d33bdef420,2026-07-22T08:00:00Z,system,2026-07-22T08:00:00Z,system,955fb468-a0cf-5ec6-a5b4-c200e3a484c5,40,0ec0e0b9-02b8-5273-be60-7699e859c9ef,200.000,SET,2361.41,EUR,2026-09-12,
c8b7e8be-4e2b-5006-a8fb-80ddf910e6d8,2026-04-01T08:00:00Z,system,2026-04-01T08:00:00Z,system,52f24c3e-ee24-5ade-a987-949d274d1977,10,67ab40a1-5f15-54bf-b6a1-2a4a39b94193,2.000,M,2525.83,EUR,2026-04-23,Production demand
b98eacd7-178e-55a4-816f-8845cb533667,2026-04-01T08:00:00Z,system,2026-04-01T08:00:00Z,system,52f24c3e-ee24-5ade-a987-949d274d1977,20,a26b0733-3b42-54db-a022-07e6e0f7182b,200.000,L,2008.50,EUR,2026-04-23,
ed86c182-b06e-5d21-a76f-8b44aa847d3d,2026-04-01T08:00:00Z,system,2026-04-01T08:00:00Z,system,52f24c3e-ee24-5ade-a987-949d274d1977,30,5638f460-1932-50d2-8453-a3cf94aaa992,75.000,SET,2101.76,EUR,2026-04-23,Replacement stock
355e4988-a09f-5699-9818-f8441125e782,2026-04-01T08:00:00Z,system,2026-04-01T08:00:00Z,system,52f24c3e-ee24-5ade-a987-949d274d1977,40,5ed4476d-3306-5591-960f-4c8a96c6dae8,50.000,BOX,1940.98,EUR,2026-04-23,Production demand
e575db3b-a4a7-5a30-866e-b6ce8056ff00,2026-06-22T08:00:00Z,system,2026-06-22T08:00:00Z,system,79d7a8d4-012b-556d-bc10-1fb6acf5bc54,10,d80537fd-c1c9-5741-8e8d-02dd52dc79bd,25.000,KG,24.21,EUR,2026-08-24,Standard requirement
42d38493-8cd5-52a3-9b4a-f5dd9afdb44d,2026-06-22T08:00:00Z,system,2026-06-22T08:00:00Z,system,79d7a8d4-012b-556d-bc10-1fb6acf5bc54,20,4ab6e929-df87-5d07-b36e-bc3c2033a2c4,5.000,BOX,2345.25,EUR,2026-08-24,
c6201c92-5877-56d5-bd1d-821d897db179,2025-09-20T08:00:00Z,system,2025-09-20T08:00:00Z,system,21b195d2-dace-50e6-bebb-ed99959cbffb,10,c27d8ed1-1c81-52eb-9e88-e5402f546414,2.000,L,1517.53,EUR,2025-11-13,Production demand
d781cf4b-97dd-500f-85e0-eea7760d81ba,2025-09-20T08:00:00Z,system,2025-09-20T08:00:00Z,system,21b195d2-dace-50e6-bebb-ed99959cbffb,20,0e061496-b663-511d-b153-ccea08f04c32,20.000,M,416.64,EUR,2025-11-13,Planned maintenance
07a45db1-6253-5630-a1cc-1477b84b609b,2025-09-20T08:00:00Z,system,2025-09-20T08:00:00Z,system,21b195d2-dace-50e6-bebb-ed99959cbffb,30,e337ec5f-3c23-585a-808c-545892f7ee27,2.000,SET,1129.59,EUR,2025-11-13,Production demand
e97e204d-5012-5de3-9345-894f1712f4eb,2025-12-16T08:00:00Z,system,2025-12-16T08:00:00Z,system,73acdb87-9e88-5562-8b8a-ab72543adf85,10,dac566e3-7998-519e-827e-c56affe7618f,10.000,EA,1780.56,EUR,2026-01-05,Production demand
ca9aae1d-ebbb-5a9c-bbe6-620c5b46669a,2025-12-16T08:00:00Z,system,2025-12-16T08:00:00Z,system,73acdb87-9e88-5562-8b8a-ab72543adf85,20,40f7edb2-203b-5446-a8cb-ca4462c89fb6,50.000,SET,1831.16,EUR,2026-01-05,
e4e5c607-5e52-58fa-ae36-4aa048e7d324,2025-12-16T08:00:00Z,system,2025-12-16T08:00:00Z,system,73acdb87-9e88-5562-8b8a-ab72543adf85,30,88ec57c2-4bd1-5167-8c0f-b46a5404ea75,75.000,M,1189.77,EUR,2026-01-05,Replacement stock
c258edfb-d803-57ec-a219-676e20aca3e3,2025-09-24T08:00:00Z,system,2025-09-24T08:00:00Z,system,0f189df0-7635-50aa-8422-0e719f6ceb6e,10,946b9def-1c5e-5d38-8f79-05db3b27b218,10.000,M,2223.28,EUR,2025-10-11,
f1fda9da-8f67-57f9-8157-0504b1c71046,2025-09-24T08:00:00Z,system,2025-09-24T08:00:00Z,system,0f189df0-7635-50aa-8422-0e719f6ceb6e,20,b7445b03-ff12-5031-afe2-33e925c82fd3,2.000,BOX,319.49,EUR,2025-10-11,Planned maintenance
8630a832-949e-54d3-8274-4439e1edea74,2025-09-25T08:00:00Z,system,2025-09-25T08:00:00Z,system,4ddf910b-5643-5508-a022-f7600cb33c68,10,636b0283-9b52-54dd-8753-fde5579db5ce,2.000,BOX,1790.41,EUR,2025-11-29,Production demand
49b462fd-1ced-54c0-ae2e-56ffcb998e18,2025-10-04T08:00:00Z,system,2025-10-04T08:00:00Z,system,0d0ab5cb-4b43-5361-b15b-e84b53c052a1,10,881eaa64-708a-5722-917e-fdcc33e19b55,75.000,M,2575.16,EUR,2025-10-19,Production demand
e6c75c31-5cf1-5f17-ac68-98b325d36729,2025-10-04T08:00:00Z,system,2025-10-04T08:00:00Z,system,0d0ab5cb-4b43-5361-b15b-e84b53c052a1,20,b03f0dc2-a9e5-5330-affe-38e1a3e58c73,75.000,L,260.88,EUR,2025-10-19,Replacement stock
4254fc2f-7f79-5970-a15e-6184c46bb6c5,2025-10-04T08:00:00Z,system,2025-10-04T08:00:00Z,system,0d0ab5cb-4b43-5361-b15b-e84b53c052a1,30,433f80c2-05f6-5b18-bf74-adc19e89d6f1,2.000,BOX,2239.74,EUR,2025-10-19,
f0421c3a-bde0-57ec-b9a7-fb1a84c79f7a,2025-10-04T08:00:00Z,system,2025-10-04T08:00:00Z,system,0d0ab5cb-4b43-5361-b15b-e84b53c052a1,40,729b6d7e-7b34-59c4-ab17-3319477660be,50.000,KG,13.56,EUR,2025-10-19,Replacement stock
3d04a136-f761-5f67-a8ab-fcb9c9c1d273,2026-06-03T08:00:00Z,system,2026-06-03T08:00:00Z,system,1814d459-02fb-528c-a3a6-bfbcb90f74bd,10,6d2735d4-0448-53f2-b4da-81a2b822e099,50.000,KG,24.37,EUR,2026-06-27,Production demand
2a49f0ed-2e34-5053-8bf6-d5f9d6004252,2026-06-03T08:00:00Z,system,2026-06-03T08:00:00Z,system,1814d459-02fb-528c-a3a6-bfbcb90f74bd,20,5de012ce-db52-52e5-a612-6e2c3c02623a,20.000,SET,1204.63,EUR,2026-06-27,Planned maintenance
2e8aae48-1000-5e92-a2c7-4af727853719,2025-09-13T08:00:00Z,system,2025-09-13T08:00:00Z,system,c96f6822-db1c-51d1-a7e9-ded810f7c712,10,d7792ea6-2faa-5ee1-b515-6b526ad9efbb,1.000,BOX,1517.34,EUR,2025-09-21,Planned maintenance
d249cd46-1442-5c69-835b-598a6caaf7f2,2025-09-13T08:00:00Z,system,2025-09-13T08:00:00Z,system,c96f6822-db1c-51d1-a7e9-ded810f7c712,20,34a9184c-b2a2-5e49-b2fa-ec91dd5c7ccc,200.000,L,1462.59,EUR,2025-09-21,Production demand
f0d2df3a-ab62-5637-a8a9-f37c36088622,2025-09-13T08:00:00Z,system,2025-09-13T08:00:00Z,system,c96f6822-db1c-51d1-a7e9-ded810f7c712,30,946b9def-1c5e-5d38-8f79-05db3b27b218,10.000,M,2355.43,EUR,2025-09-21,
e49a8f69-f225-515c-a695-0123df47130f,2026-06-29T08:00:00Z,system,2026-06-29T08:00:00Z,system,6b7a389f-c10c-53e2-885d-bdca45030be7,10,5638f460-1932-50d2-8453-a3cf94aaa992,200.000,SET,2059.53,EUR,2026-07-28,
25f44d48-29ea-5985-b574-3df1b0d302fd,2026-03-20T08:00:00Z,system,2026-03-20T08:00:00Z,system,4231a6b3-c3fc-52c7-bc8d-759bff58473b,10,6be44d6c-c457-5100-971c-5640df33eb4b,10.000,SET,487.98,EUR,2026-05-20,
473e286c-8ce8-5c33-81ee-fa309fb94146,2025-10-31T08:00:00Z,system,2025-10-31T08:00:00Z,system,9433dc5b-62af-5a61-bc24-399ad304cb20,10,a9f39542-a399-5602-91a0-db378fe1532d,10.000,KG,34.42,EUR,2026-01-09,Production demand
8ad37ba6-49cd-571b-99ea-a67f4eebfcb7,2025-10-31T08:00:00Z,system,2025-10-31T08:00:00Z,system,9433dc5b-62af-5a61-bc24-399ad304cb20,20,775db43d-b20d-5440-9e66-3995ab8bf36c,20.000,L,176.50,EUR,2026-01-09,Production demand
4547f129-7e7a-526b-8440-22ec83912486,2026-05-18T08:00:00Z,system,2026-05-18T08:00:00Z,system,ac1cf21b-8e6e-5075-be8d-55d5d4f32476,10,748d36d0-ad0a-5e2f-ae52-4b9bd4ac6a44,200.000,M,2008.29,EUR,2026-07-02,Production demand
84d2fb44-72c0-53f1-a849-6f6789e32164,2026-05-18T08:00:00Z,system,2026-05-18T08:00:00Z,system,ac1cf21b-8e6e-5075-be8d-55d5d4f32476,20,559354e7-7937-5578-baa8-6d7ae9f39b6f,75.000,BOX,983.09,EUR,2026-07-02,
19f8cde2-35f1-556e-ae31-84968a90a7fb,2026-05-18T08:00:00Z,system,2026-05-18T08:00:00Z,system,ac1cf21b-8e6e-5075-be8d-55d5d4f32476,30,4ab6e929-df87-5d07-b36e-bc3c2033a2c4,75.000,BOX,2336.67,EUR,2026-07-02,Production demand
7b92c658-f1af-59f8-99b7-64585ae683eb,2026-05-18T08:00:00Z,system,2026-05-18T08:00:00Z,system,ac1cf21b-8e6e-5075-be8d-55d5d4f32476,40,eca867c4-ec3b-52d0-826e-e72c7e331d21,150.000,BOX,1230.17,EUR,2026-07-02,Replacement stock
f73f0978-9126-57af-b0dc-0e24fca481f1,2026-03-11T08:00:00Z,system,2026-03-11T08:00:00Z,system,2541b5f2-1607-5885-89dd-8d13b8b7e32a,10,6409ea13-8e69-5a7d-8700-a21076b19964,150.000,EA,88.31,EUR,2026-04-28,Production demand
48117553-3f20-52ca-a440-349c5cc695b1,2026-03-11T08:00:00Z,system,2026-03-11T08:00:00Z,system,2541b5f2-1607-5885-89dd-8d13b8b7e32a,20,4bbe33ac-91fe-5b33-a3a4-57141de4e03e,20.000,M,1724.57,EUR,2026-04-28,Standard requirement
49f11b2c-1df1-510f-ae00-ab5563b92ac8,2026-04-15T08:00:00Z,system,2026-04-15T08:00:00Z,system,cc0009ee-d21c-5713-8416-75f755773ce0,10,c1a24447-ba94-5724-9a1d-064a2c0b2811,20.000,SET,1177.80,EUR,2026-06-17,Production demand
99609527-7d6c-5872-bfc8-4ed33bf723d8,2026-01-28T08:00:00Z,system,2026-01-28T08:00:00Z,system,ad30a30d-a921-57aa-80d1-9eb847ef695f,10,b96b5fc7-bf71-5802-87c3-a74c4dd012f4,150.000,EA,721.57,EUR,2026-03-02,Planned maintenance
98802ba4-8dda-5b28-8242-4a962b5f98b8,2025-09-06T08:00:00Z,system,2025-09-06T08:00:00Z,system,a9d1250e-0cc6-5e70-b888-5ed05f600184,10,105849c8-03f2-573d-9e97-230d47fc6774,20.000,SET,1583.82,EUR,2025-11-05,
5493fa1a-edcd-5df8-96d2-a41207df64f4,2025-09-06T08:00:00Z,system,2025-09-06T08:00:00Z,system,a9d1250e-0cc6-5e70-b888-5ed05f600184,20,c27d8ed1-1c81-52eb-9e88-e5402f546414,1.000,L,1584.19,EUR,2025-11-05,Replacement stock
120f81eb-2807-5c2f-92e8-6d255bb591f3,2025-09-06T08:00:00Z,system,2025-09-06T08:00:00Z,system,a9d1250e-0cc6-5e70-b888-5ed05f600184,30,18842f90-d5d5-59ad-837c-f13f2b55bb62,25.000,EA,1244.43,EUR,2025-11-05,Standard requirement
cbdb476c-11ac-5353-8fef-d9c7cf5727b3,2026-07-22T08:00:00Z,system,2026-07-22T08:00:00Z,system,4acab5f7-5734-5106-878c-b146ea33f846,10,9c244d41-3489-5976-bcdb-b0d76c2237a9,1.000,KG,26.16,EUR,2026-08-24,Replacement stock
9bd6352a-2bfd-57e0-8cc1-f4f16ed211de,2026-07-22T08:00:00Z,system,2026-07-22T08:00:00Z,system,4acab5f7-5734-5106-878c-b146ea33f846,20,48cb4f21-8c1b-5570-a07c-08c09fbf0ce6,200.000,SET,836.06,EUR,2026-08-24,Planned maintenance
0b4069c1-5996-5da8-9eea-54de533866d9,2026-07-22T08:00:00Z,system,2026-07-22T08:00:00Z,system,4acab5f7-5734-5106-878c-b146ea33f846,30,c51be922-7f94-5734-90be-dd25480a96da,25.000,EA,214.79,EUR,2026-08-24,
79eb1774-6ffc-5fa5-ba28-03b43671cd7b,2026-07-22T08:00:00Z,system,2026-07-22T08:00:00Z,system,4acab5f7-5734-5106-878c-b146ea33f846,40,05a4f991-84c1-5839-9f40-938f84dcd65e,50.000,M,1563.77,EUR,2026-08-24,Production demand
3dc1cf3b-32d0-5c19-ac51-ac93cb955eef,2025-12-06T08:00:00Z,system,2025-12-06T08:00:00Z,system,d89885c2-2ef0-5b21-a574-94b5946b8209,10,5b7ae8db-72b9-5511-ba23-2698e4fd03df,2.000,BOX,143.21,EUR,2026-02-11,Planned maintenance
33f0d569-3e01-58d3-a007-b3284421121b,2025-12-06T08:00:00Z,system,2025-12-06T08:00:00Z,system,d89885c2-2ef0-5b21-a574-94b5946b8209,20,bb0b52d6-caeb-5f0b-8479-76c4c50869c1,200.000,KG,3.89,EUR,2026-02-11,Replacement stock
dc52fe48-a653-5292-a4e5-d4fcead5bbbe,2026-04-03T08:00:00Z,system,2026-04-03T08:00:00Z,system,49de7fad-c811-5a4b-929a-5adf38453818,10,8407ccad-dc71-5f5d-bf6c-5c34f5e1b0ce,150.000,M,2043.20,EUR,2026-04-13,
ea4ae57a-0ae6-58bc-8a23-5facf6d40f97,2026-04-03T08:00:00Z,system,2026-04-03T08:00:00Z,system,49de7fad-c811-5a4b-929a-5adf38453818,20,c95f5935-922a-5171-a5e9-dde46f32a83d,25.000,KG,35.78,EUR,2026-04-13,Production demand
672f1d53-6e81-502c-87c9-81be997bd818,2026-04-03T08:00:00Z,system,2026-04-03T08:00:00Z,system,49de7fad-c811-5a4b-929a-5adf38453818,30,d8fcbf1f-1dd7-50af-8261-2da45ed17eae,1.000,EA,284.98,EUR,2026-04-13,Planned maintenance
11d02aa0-fe2b-5450-b7d7-f03ef37160f1,2025-10-30T08:00:00Z,system,2025-10-30T08:00:00Z,system,b1cc30ca-2c24-5b09-98a8-12717c809333,10,7e59f4f1-d7ce-51df-b9a3-a70a1b1ee546,25.000,EA,2358.64,EUR,2025-11-25,
3a0e8f00-cbc7-5a21-bcf3-46eb61e53f67,2025-10-30T08:00:00Z,system,2025-10-30T08:00:00Z,system,b1cc30ca-2c24-5b09-98a8-12717c809333,20,a826e0c2-43dd-5a6b-a002-5f2510a4b1f5,25.000,L,1354.12,EUR,2025-11-25,Planned maintenance
7db68717-684b-5bff-a06f-d9a1c47dc220,2025-10-02T08:00:00Z,system,2025-10-02T08:00:00Z,system,cebbef95-23b7-5be3-b0a6-208dfb698c7a,10,c72d85f2-1053-502b-bd90-efeb25b78b61,20.000,L,522.69,EUR,2025-12-15,Planned maintenance
4010b598-ece6-596d-9f6b-4fec4fd46f7c,2025-10-02T08:00:00Z,system,2025-10-02T08:00:00Z,system,cebbef95-23b7-5be3-b0a6-208dfb698c7a,20,729b6d7e-7b34-59c4-ab17-3319477660be,2.000,KG,14.31,EUR,2025-12-15,
487dab3e-f777-5f25-938b-d11e0e395bcb,2025-10-02T08:00:00Z,system,2025-10-02T08:00:00Z,system,cebbef95-23b7-5be3-b0a6-208dfb698c7a,30,b73f763a-3d8c-562e-9549-a6941040255f,200.000,EA,786.82,EUR,2025-12-15,Planned maintenance
199e2df1-1128-51cb-aaa5-09e3c723f853,2025-10-02T08:00:00Z,system,2025-10-02T08:00:00Z,system,cebbef95-23b7-5be3-b0a6-208dfb698c7a,40,0c3785e3-7d1b-5f41-95de-b2299b8dd699,100.000,M,1006.26,EUR,2025-12-15,
48c28b42-1661-54cf-a9aa-6f083510e632,2026-04-13T08:00:00Z,system,2026-04-13T08:00:00Z,system,a5e0793d-1e29-5103-9b5c-b474a0161199,10,19b64704-248d-5db5-b479-bb7989cf5373,150.000,M,1684.06,EUR,2026-04-29,Production demand
256a3c9e-1d84-5629-89d1-fbfa96f99733,2026-04-13T08:00:00Z,system,2026-04-13T08:00:00Z,system,a5e0793d-1e29-5103-9b5c-b474a0161199,20,85f6ae6a-e37a-5c6a-8c20-f972d8291238,10.000,M,168.06,EUR,2026-04-29,Standard requirement
3f066ab6-b26d-57a3-bf9d-d50fcfa9bd47,2026-04-13T08:00:00Z,system,2026-04-13T08:00:00Z,system,a5e0793d-1e29-5103-9b5c-b474a0161199,30,d6f533a8-8f0b-5261-807a-7b1afa741e60,2.000,KG,4.04,EUR,2026-04-29,Standard requirement
a723945b-3cfb-5d34-b9ab-f9129cf5aa08,2026-04-13T08:00:00Z,system,2026-04-13T08:00:00Z,system,a5e0793d-1e29-5103-9b5c-b474a0161199,40,19e5854c-015a-5974-997b-3ccb05e32d73,200.000,M,465.26,EUR,2026-04-29,Production demand
2e1ba79d-d271-56b1-8890-d7fc0f724864,2026-02-23T08:00:00Z,system,2026-02-23T08:00:00Z,system,c46286d5-7f56-5cf7-bbb2-698dab3e98c7,10,24e149d4-fbad-5890-a7ee-15a416fd63bc,2.000,SET,310.34,EUR,2026-04-24,
1c153977-e801-5a39-a7f6-d34fc1ecce95,2026-02-23T08:00:00Z,system,2026-02-23T08:00:00Z,system,c46286d5-7f56-5cf7-bbb2-698dab3e98c7,20,f86c9292-1db7-5162-81d0-0b6ff62e922d,200.000,SET,976.51,EUR,2026-04-24,Production demand
e0d99c4f-8237-5ca0-b2bf-0b86b0c2a016,2026-02-23T08:00:00Z,system,2026-02-23T08:00:00Z,system,c46286d5-7f56-5cf7-bbb2-698dab3e98c7,30,6febc7d4-a6f9-547c-bdef-f6c3c7cebf1b,5.000,BOX,983.87,EUR,2026-04-24,Production demand
dec09249-a0fc-5b3d-ac55-e15560b4705c,2026-03-24T08:00:00Z,system,2026-03-24T08:00:00Z,system,2f468f37-7e25-58af-b20d-dbf7b735e1a3,10,9ee6432b-6595-54db-87c7-de231a6076c8,50.000,EA,190.65,EUR,2026-05-11,
39c86281-5318-5fcc-8a3e-96b735c4d021,2025-11-16T08:00:00Z,system,2025-11-16T08:00:00Z,system,c7defd8f-2f6c-57fc-9ed9-b5b1564dd5b5,10,12c9f3ae-d18d-52d5-8792-59bbe20067a0,5.000,L,1431.50,EUR,2026-01-18,
396162d5-5ae5-551e-8ebb-5cac6b55f31d,2025-11-16T08:00:00Z,system,2025-11-16T08:00:00Z,system,c7defd8f-2f6c-57fc-9ed9-b5b1564dd5b5,20,437ef9de-cfe9-5599-8502-13a53e958016,1.000,KG,10.99,EUR,2026-01-18,Replacement stock
c6f44337-d5d5-5a02-a5b7-5d5d9084c90e,2025-11-16T08:00:00Z,system,2025-11-16T08:00:00Z,system,c7defd8f-2f6c-57fc-9ed9-b5b1564dd5b5,30,1cedd62f-02fd-505a-b102-9f80692d77d7,10.000,BOX,2029.81,EUR,2026-01-18,
79a5cceb-70d7-5a30-9d44-d5f45db727a4,2026-06-01T08:00:00Z,system,2026-06-01T08:00:00Z,system,aaa7c50d-f5b8-5289-8827-0e954d91c169,10,1279ded7-a3ce-5c62-b799-bc522c58f6c5,150.000,KG,15.73,EUR,2026-08-02,Production demand
8c7f756b-5e9a-513f-92f9-b0e76f019e8a,2026-06-01T08:00:00Z,system,2026-06-01T08:00:00Z,system,aaa7c50d-f5b8-5289-8827-0e954d91c169,20,d7792ea6-2faa-5ee1-b515-6b526ad9efbb,20.000,BOX,1597.62,EUR,2026-08-02,Planned maintenance
604e0b7d-5bcf-5299-8cd7-e2931f117411,2026-06-06T08:00:00Z,system,2026-06-06T08:00:00Z,system,e40aef87-8ca8-52bc-adf8-04703ef6b6d7,10,449f174d-239f-5c9f-803d-0af1ffe5acb3,50.000,L,96.77,EUR,2026-06-17,Planned maintenance
9deffb37-e981-5608-9ce4-78845c96e707,2026-06-06T08:00:00Z,system,2026-06-06T08:00:00Z,system,e40aef87-8ca8-52bc-adf8-04703ef6b6d7,20,ba5523d6-66ae-54e6-9e20-1e373c65f38b,200.000,M,1859.28,EUR,2026-06-17,Standard requirement
c62d647d-3627-59da-8ad0-251ba427516f,2026-06-06T08:00:00Z,system,2026-06-06T08:00:00Z,system,e40aef87-8ca8-52bc-adf8-04703ef6b6d7,30,3dc01e32-c4f9-591d-bf47-70af97b27acc,5.000,BOX,1240.29,EUR,2026-06-17,Replacement stock
92eb5838-254b-5622-87aa-cb01fb77f896,2026-06-22T08:00:00Z,system,2026-06-22T08:00:00Z,system,3168ea55-f6a2-5f0f-8535-db24ff4f3060,10,94288f21-6926-5da3-827e-38477bc97581,150.000,L,1184.50,EUR,2026-07-11,Production demand
322aef28-f2ea-5e74-9fe9-f9c6e932945c,2026-06-22T08:00:00Z,system,2026-06-22T08:00:00Z,system,3168ea55-f6a2-5f0f-8535-db24ff4f3060,20,e78a29f5-6b77-5c64-a898-2ef9faf92f91,20.000,KG,20.42,EUR,2026-07-11,
1544fa4d-5213-5247-8d25-055528533e72,2026-06-22T08:00:00Z,system,2026-06-22T08:00:00Z,system,3168ea55-f6a2-5f0f-8535-db24ff4f3060,30,8a88a029-d7a6-5756-bff0-19a8dbb9a099,200.000,L,594.14,EUR,2026-07-11,Standard requirement
8eda3f56-a475-5fa1-a2ea-f199425189db,2026-06-22T08:00:00Z,system,2026-06-22T08:00:00Z,system,3168ea55-f6a2-5f0f-8535-db24ff4f3060,40,5638f460-1932-50d2-8453-a3cf94aaa992,20.000,SET,2379.60,EUR,2026-07-11,Planned maintenance
01059a6a-4b18-5499-8ef9-75cf5ad76ca4,2025-09-02T08:00:00Z,system,2025-09-02T08:00:00Z,system,1fada8d4-4aa4-59a3-bbd7-9e62ab0745cc,10,8a9aca99-35d6-5da5-8c10-babbacfc2c60,50.000,BOX,737.81,EUR,2025-10-27,
7be1f391-949f-5591-ae62-b4318c0a2f76,2025-09-02T08:00:00Z,system,2025-09-02T08:00:00Z,system,1fada8d4-4aa4-59a3-bbd7-9e62ab0745cc,20,748d36d0-ad0a-5e2f-ae52-4b9bd4ac6a44,2.000,M,1914.32,EUR,2025-10-27,Standard requirement
432a89bf-af9a-5914-b1bc-f28742450a9a,2025-09-02T08:00:00Z,system,2025-09-02T08:00:00Z,system,1fada8d4-4aa4-59a3-bbd7-9e62ab0745cc,30,e64ca70f-33df-53bc-81e4-7c69dabb1d6d,5.000,M,2367.82,EUR,2025-10-27,Standard requirement
71a3d55b-b25c-57c5-b629-9c5873927c01,2025-09-02T08:00:00Z,system,2025-09-02T08:00:00Z,system,1fada8d4-4aa4-59a3-bbd7-9e62ab0745cc,40,7206ba99-aabc-58a4-962c-b600c27e265f,200.000,KG,34.57,EUR,2025-10-27,Production demand
1ea8705a-4fdd-5997-ab99-093e8006cc2d,2025-12-11T08:00:00Z,system,2025-12-11T08:00:00Z,system,f9279c20-0688-58f0-914c-68049fceabd6,10,5b7ae8db-72b9-5511-ba23-2698e4fd03df,25.000,BOX,158.58,EUR,2025-12-24,Standard requirement
11edaa0e-4c7b-5431-b65d-2fc4ca9610c9,2025-12-11T08:00:00Z,system,2025-12-11T08:00:00Z,system,f9279c20-0688-58f0-914c-68049fceabd6,20,37c4d2f8-f57c-5a2d-a98c-e54c9a60f9b2,50.000,KG,26.95,EUR,2025-12-24,Planned maintenance
56da429a-894f-5ab9-a057-b233695fcbec,2025-12-11T08:00:00Z,system,2025-12-11T08:00:00Z,system,f9279c20-0688-58f0-914c-68049fceabd6,30,fd117bf3-4f4c-5949-a1f5-fab4c43bea6b,5.000,M,598.61,EUR,2025-12-24,Standard requirement
c5692d59-a115-5324-b25d-5f73e303a9e7,2025-12-11T08:00:00Z,system,2025-12-11T08:00:00Z,system,f9279c20-0688-58f0-914c-68049fceabd6,40,9390c973-ffaf-555f-9cb1-d1547db4c4d9,1.000,SET,1649.60,EUR,2025-12-24,Standard requirement
2a98330c-a0f0-53b3-80ba-5cd308810870,2026-04-23T08:00:00Z,system,2026-04-23T08:00:00Z,system,b889a9e6-b585-5002-8817-980a9a6e58b8,10,65e45d5d-37a2-56b1-837a-6d62a46b2ae9,75.000,BOX,244.81,EUR,2026-06-18,Standard requirement
ef480595-cb46-5def-b0e6-468379643391,2026-04-23T08:00:00Z,system,2026-04-23T08:00:00Z,system,b889a9e6-b585-5002-8817-980a9a6e58b8,20,65f7e1f5-55a6-5a0e-8cfc-7f783180cb51,10.000,L,1904.48,EUR,2026-06-18,
7f89e2ad-7d39-5179-8561-2decfa561a5e,2026-04-23T08:00:00Z,system,2026-04-23T08:00:00Z,system,b889a9e6-b585-5002-8817-980a9a6e58b8,30,272957c5-680c-5583-a4ae-d8350def996c,75.000,BOX,1735.11,EUR,2026-06-18,Production demand
59fe4b6f-187d-58fc-8cc1-7fb03fa5e708,2026-07-27T08:00:00Z,system,2026-07-27T08:00:00Z,system,409c69d9-384d-5e77-b144-c209242f4149,10,571479d1-0b4f-5e80-b110-0e3e87a27f94,5.000,EA,1767.69,EUR,2026-08-29,Standard requirement
65d112f9-7ed0-5fbe-8c09-d8c7d1b39479,2026-07-27T08:00:00Z,system,2026-07-27T08:00:00Z,system,409c69d9-384d-5e77-b144-c209242f4149,20,cfcda226-532c-599e-8ba1-da4625eb5246,20.000,EA,2108.04,EUR,2026-08-29,Production demand
91634285-4094-5672-9e66-58bc5428683f,2026-02-13T08:00:00Z,system,2026-02-13T08:00:00Z,system,031ecda2-7a7b-5212-96ca-6b4472a893f7,10,d7d105d2-074c-5725-8033-75f4abb592a8,2.000,M,621.14,EUR,2026-04-03,Replacement stock
640ff050-496d-5190-99dd-73f36f22d153,2026-02-13T08:00:00Z,system,2026-02-13T08:00:00Z,system,031ecda2-7a7b-5212-96ca-6b4472a893f7,20,32549e95-8264-5b06-ac4c-4f93e09d17a2,25.000,BOX,1234.49,EUR,2026-04-03,Production demand
05cd30d4-3df7-5904-8bcb-ac8b2384c519,2026-01-03T08:00:00Z,system,2026-01-03T08:00:00Z,system,ae3ccf3c-fafb-5725-adad-2a379d12ccfc,10,bbccc08a-f2c9-5ff6-a628-fb59284b03ec,200.000,SET,93.20,EUR,2026-03-05,Standard requirement
ca1f9a53-011e-5449-be59-303ecd4a282b,2026-01-03T08:00:00Z,system,2026-01-03T08:00:00Z,system,ae3ccf3c-fafb-5725-adad-2a379d12ccfc,20,9390c973-ffaf-555f-9cb1-d1547db4c4d9,200.000,SET,1647.83,EUR,2026-03-05,
f829d3d4-9c1d-5a8e-8591-3fe030b24652,2026-01-03T08:00:00Z,system,2026-01-03T08:00:00Z,system,ae3ccf3c-fafb-5725-adad-2a379d12ccfc,30,eca867c4-ec3b-52d0-826e-e72c7e331d21,5.000,BOX,1183.77,EUR,2026-03-05,Replacement stock
8fbdd582-7e7f-50e8-9c8b-9a21131e1f04,2026-02-07T08:00:00Z,system,2026-02-07T08:00:00Z,system,ca9e73ed-e3fa-5452-b5dd-3e8796e5b332,10,f84d7723-0164-5c03-952b-c6a6bd546739,10.000,EA,2475.35,EUR,2026-03-24,Production demand
d335398f-3d83-5205-bfab-d7e34681da44,2026-07-12T08:00:00Z,system,2026-07-12T08:00:00Z,system,bede95d6-9955-5f98-974d-a6695bc36630,10,eca867c4-ec3b-52d0-826e-e72c7e331d21,20.000,BOX,1120.24,EUR,2026-09-11,Replacement stock
8434e993-05b4-5634-8609-73b235e79682,2026-07-12T08:00:00Z,system,2026-07-12T08:00:00Z,system,bede95d6-9955-5f98-974d-a6695bc36630,20,d3ea4cc3-d5fd-5d6d-a8b4-952acbec0290,2.000,SET,2028.57,EUR,2026-09-11,Standard requirement
d3c633d5-adeb-5e67-95b0-1dfba6d37c89,2026-07-12T08:00:00Z,system,2026-07-12T08:00:00Z,system,bede95d6-9955-5f98-974d-a6695bc36630,30,92383fa1-d27d-5e6a-b93a-e9f0ff565f05,50.000,EA,968.47,EUR,2026-09-11,Planned maintenance
be035bd7-1249-5cc5-8761-facc5f4b2e02,2026-01-03T08:00:00Z,system,2026-01-03T08:00:00Z,system,95ba41c9-e977-5929-9353-bc5d97c49ac6,10,cb6ffa8f-0fe6-5b74-b902-9c455baa0e7f,25.000,BOX,214.21,EUR,2026-02-03,Replacement stock
f5d6bbde-8f47-5657-9a5d-56c879b1ce85,2026-01-03T08:00:00Z,system,2026-01-03T08:00:00Z,system,95ba41c9-e977-5929-9353-bc5d97c49ac6,20,a1de9ed1-ec0e-5ccc-86a4-1980e3dfb1ed,150.000,L,483.54,EUR,2026-02-03,Replacement stock
099c33cb-bc0d-527e-9ad7-d4f97f8d8c55,2026-01-03T08:00:00Z,system,2026-01-03T08:00:00Z,system,95ba41c9-e977-5929-9353-bc5d97c49ac6,30,dc06185f-0801-58aa-86b9-6df5bf774217,5.000,L,842.63,EUR,2026-02-03,Replacement stock
0c894373-5a8b-5e60-8f37-cb09f651c383,2026-07-03T08:00:00Z,system,2026-07-03T08:00:00Z,system,7e3d1194-9392-5cdc-ba4f-4f5aeddd6a79,10,5ff325a3-cf1b-5887-bd0f-e1da5d5e6a57,10.000,BOX,814.04,EUR,2026-09-06,Production demand
b7eaa8ab-4922-5770-b7fb-bffb69408fb8,2026-07-03T08:00:00Z,system,2026-07-03T08:00:00Z,system,7e3d1194-9392-5cdc-ba4f-4f5aeddd6a79,20,b0ab2af3-a243-52cb-867b-07afe9932cc1,50.000,EA,2437.43,EUR,2026-09-06,Standard requirement
f646dd63-4713-5620-a860-877d6dd0ff33,2026-07-03T08:00:00Z,system,2026-07-03T08:00:00Z,system,7e3d1194-9392-5cdc-ba4f-4f5aeddd6a79,30,a826e0c2-43dd-5a6b-a002-5f2510a4b1f5,50.000,L,1503.31,EUR,2026-09-06,Production demand
8efea5c0-d8de-5130-8beb-ddc8073545ab,2025-12-02T08:00:00Z,system,2025-12-02T08:00:00Z,system,9ec79bb8-2cf2-55a3-a40a-80928aa96d63,10,a1a5bad0-30ca-5727-b1d6-9e34f59daa2c,150.000,BOX,768.41,EUR,2025-12-28,Standard requirement
b867e422-3a86-5c32-a654-54af6a5dd71d,2025-12-02T08:00:00Z,system,2025-12-02T08:00:00Z,system,9ec79bb8-2cf2-55a3-a40a-80928aa96d63,20,2e04e317-f482-5ac1-936d-a38a95e8c762,25.000,M,1773.82,EUR,2025-12-28,Production demand
7178a539-f3b8-5c45-b474-be22f7f85fa8,2025-12-28T08:00:00Z,system,2025-12-28T08:00:00Z,system,b83b24a8-3651-53e1-9f64-c0d7dbc51d9c,10,946b9def-1c5e-5d38-8f79-05db3b27b218,200.000,M,2184.51,EUR,2026-03-11,Standard requirement
b9edede4-8f8e-5991-b0e5-aa544891dbb9,2025-12-28T08:00:00Z,system,2025-12-28T08:00:00Z,system,b83b24a8-3651-53e1-9f64-c0d7dbc51d9c,20,39525f20-4796-5c5f-b0d5-93b49ff19cd5,150.000,SET,951.36,EUR,2026-03-11,
72652217-742f-5451-a88f-e2bdc84abafe,2026-03-03T08:00:00Z,system,2026-03-03T08:00:00Z,system,c34fda3b-8201-5a6f-99ba-499290f8b299,10,3a0a1e49-476a-536d-b162-93bd126b8104,50.000,L,2128.47,EUR,2026-04-12,Planned maintenance
8a4dd7ec-d255-5fd1-982c-4fb2147ddd01,2026-03-03T08:00:00Z,system,2026-03-03T08:00:00Z,system,c34fda3b-8201-5a6f-99ba-499290f8b299,20,1010189f-26f3-5ece-8436-a2f2923354f3,1.000,EA,381.99,EUR,2026-04-12,Replacement stock
0d01b4f4-2d57-5108-a768-abc0d8abcc1e,2026-03-03T08:00:00Z,system,2026-03-03T08:00:00Z,system,c34fda3b-8201-5a6f-99ba-499290f8b299,30,6be44d6c-c457-5100-971c-5640df33eb4b,75.000,SET,490.43,EUR,2026-04-12,Planned maintenance
e2dd5cba-17a7-59c6-beae-16398bce7760,2026-03-03T08:00:00Z,system,2026-03-03T08:00:00Z,system,c34fda3b-8201-5a6f-99ba-499290f8b299,40,dc089f09-34df-5a3e-bedb-2c2e0f21465e,50.000,L,1705.16,EUR,2026-04-12,Standard requirement
f1bd27d0-93aa-587f-94c5-c83a16aab05e,2026-03-17T08:00:00Z,system,2026-03-17T08:00:00Z,system,1ed7612a-311a-5898-8403-1f7e26d93d51,10,0c9f0a42-1ac7-5282-b469-b088f77d7e6d,5.000,BOX,1208.40,EUR,2026-04-26,
a6a22f6d-8fb1-59e7-8ec8-d0ad6a92ab82,2026-03-17T08:00:00Z,system,2026-03-17T08:00:00Z,system,1ed7612a-311a-5898-8403-1f7e26d93d51,20,ba5523d6-66ae-54e6-9e20-1e373c65f38b,200.000,M,2212.20,EUR,2026-04-26,Standard requirement
ef66c421-b089-54cd-95b0-dc3739d16cec,2026-03-17T08:00:00Z,system,2026-03-17T08:00:00Z,system,1ed7612a-311a-5898-8403-1f7e26d93d51,30,3b977897-9c14-59e5-a889-922436cc6be2,200.000,EA,558.29,EUR,2026-04-26,Planned maintenance
c95c2709-45b3-57a7-8aff-173fc426af63,2026-03-17T08:00:00Z,system,2026-03-17T08:00:00Z,system,1ed7612a-311a-5898-8403-1f7e26d93d51,40,32549e95-8264-5b06-ac4c-4f93e09d17a2,50.000,BOX,1205.04,EUR,2026-04-26,Production demand
5f4d8ff3-125e-5e50-b4c4-ab58c9a66420,2025-12-15T08:00:00Z,system,2025-12-15T08:00:00Z,system,1da67488-3e6d-5557-a3f5-63742164cea4,10,9ee6432b-6595-54db-87c7-de231a6076c8,2.000,EA,184.95,EUR,2026-02-02,Replacement stock
37f14912-8d1d-53ff-9301-54eec62c6315,2025-12-15T08:00:00Z,system,2025-12-15T08:00:00Z,system,1da67488-3e6d-5557-a3f5-63742164cea4,20,f4d5037c-d38c-5514-b120-c0d70fd1331e,2.000,L,906.90,EUR,2026-02-02,Planned maintenance
432ee2d2-c7e5-5083-b190-7aebb39ecfc7,2026-06-10T08:00:00Z,system,2026-06-10T08:00:00Z,system,4a3dcf7f-ff90-5d64-a86e-b8f1680abe58,10,57c1b397-ad33-5575-8763-be4b1f77f414,75.000,EA,2141.86,EUR,2026-08-01,
09f26d35-a96c-5365-ba30-e9f88494b247,2025-10-29T08:00:00Z,system,2025-10-29T08:00:00Z,system,155dfb7f-105d-537a-b9b8-39eac8acd708,10,05a4f991-84c1-5839-9f40-938f84dcd65e,10.000,M,1373.67,EUR,2026-01-06,Planned maintenance
50589768-56cf-5e6c-b308-a50a55ac4976,2025-10-29T08:00:00Z,system,2025-10-29T08:00:00Z,system,155dfb7f-105d-537a-b9b8-39eac8acd708,20,3aa391ce-4ff3-5173-9277-83ce43555c7c,20.000,L,103.74,EUR,2026-01-06,Planned maintenance
93eb2bb8-0211-5737-8fb7-df3828c0c574,2026-07-23T08:00:00Z,system,2026-07-23T08:00:00Z,system,778b8d90-c879-5c57-a6f3-75a1e7d07ecd,10,d4ebbd6f-8a69-5cf1-8716-7275006eb3b3,5.000,M,2202.10,EUR,2026-10-01,Production demand
c4611a9c-8c27-5126-8711-d29211866fdb,2026-07-23T08:00:00Z,system,2026-07-23T08:00:00Z,system,778b8d90-c879-5c57-a6f3-75a1e7d07ecd,20,dc089f09-34df-5a3e-bedb-2c2e0f21465e,5.000,L,1719.81,EUR,2026-10-01,Production demand
006ecf40-accf-5dbd-a859-694cc0340ad3,2026-07-23T08:00:00Z,system,2026-07-23T08:00:00Z,system,778b8d90-c879-5c57-a6f3-75a1e7d07ecd,30,a93a3ee0-dfe5-5635-b2cf-50207f6eefff,50.000,BOX,937.82,EUR,2026-10-01,
e59aba44-e538-5a73-b67e-2ba9a07008a5,2026-03-07T08:00:00Z,system,2026-03-07T08:00:00Z,system,0453dd6d-9ef4-536c-80f5-d1622a68d110,10,85f6ae6a-e37a-5c6a-8c20-f972d8291238,75.000,M,176.81,EUR,2026-03-30,
6fdf586a-1651-5b0e-90c0-1bbbfc9b394c,2026-03-07T08:00:00Z,system,2026-03-07T08:00:00Z,system,0453dd6d-9ef4-536c-80f5-d1622a68d110,20,a1de9ed1-ec0e-5ccc-86a4-1980e3dfb1ed,150.000,L,535.82,EUR,2026-03-30,
ab6fc70b-2f57-56ae-ade4-8b789964d8c5,2026-03-07T08:00:00Z,system,2026-03-07T08:00:00Z,system,0453dd6d-9ef4-536c-80f5-d1622a68d110,30,d96ec281-e3a6-5aba-b6f4-379e05515ef4,2.000,SET,1224.57,EUR,2026-03-30,Production demand
7f779605-f9eb-5bbb-8a3b-8c1ad4a2a580,2026-04-24T08:00:00Z,system,2026-04-24T08:00:00Z,system,0fca0a2a-5b1e-5845-b465-135f6503c0e1,10,f86c9292-1db7-5162-81d0-0b6ff62e922d,100.000,SET,1121.98,EUR,2026-05-25,Replacement stock
e1bd8512-7b71-5146-a850-d74e6b1fcdc7,2026-04-24T08:00:00Z,system,2026-04-24T08:00:00Z,system,0fca0a2a-5b1e-5845-b465-135f6503c0e1,20,775db43d-b20d-5440-9e66-3995ab8bf36c,150.000,L,180.49,EUR,2026-05-25,Planned maintenance
93ecf2ab-7fc7-5296-97e4-5ad1f0dab010,2026-04-24T08:00:00Z,system,2026-04-24T08:00:00Z,system,0fca0a2a-5b1e-5845-b465-135f6503c0e1,30,f84d7723-0164-5c03-952b-c6a6bd546739,5.000,EA,2618.39,EUR,2026-05-25,Standard requirement
5ad1d78f-ed8f-5884-8ef4-4d68a6b57939,2026-04-24T08:00:00Z,system,2026-04-24T08:00:00Z,system,0fca0a2a-5b1e-5845-b465-135f6503c0e1,40,8955b821-56c4-50e4-a768-f8cd91a81833,100.000,BOX,1890.69,EUR,2026-05-25,
1e2dcd50-4072-5c96-a81a-59eef4d46851,2026-07-04T08:00:00Z,system,2026-07-04T08:00:00Z,system,ae25b450-f20f-519c-83a6-af6ccb1fe345,10,cff52af4-5fdd-5e0b-be96-5b7ede153dbb,200.000,SET,955.62,EUR,2026-07-20,Production demand
d68243d0-0283-591c-89e8-632af66d20af,2026-07-04T08:00:00Z,system,2026-07-04T08:00:00Z,system,ae25b450-f20f-519c-83a6-af6ccb1fe345,20,4a6344a3-f35e-516c-9e41-3b71adc76bae,5.000,M,735.97,EUR,2026-07-20,
6a2dd5f8-dd70-50f7-9a8f-5df2a2ad8f74,2026-07-04T08:00:00Z,system,2026-07-04T08:00:00Z,system,ae25b450-f20f-519c-83a6-af6ccb1fe345,30,a7d2c2da-af08-5f66-aad4-f45b74b00edb,5.000,L,2603.03,EUR,2026-07-20,Planned maintenance
6dcb660d-9f59-5765-8188-3d1840df79e8,2026-07-04T08:00:00Z,system,2026-07-04T08:00:00Z,system,ae25b450-f20f-519c-83a6-af6ccb1fe345,40,ed9623f5-c560-5892-8eb5-ab1f747a9b8e,5.000,KG,31.90,EUR,2026-07-20,Production demand
820c71fb-afe4-55d7-bbb2-07cea02df31a,2026-07-28T08:00:00Z,system,2026-07-28T08:00:00Z,system,4067274f-0637-57b1-9f3f-70fdea750300,10,80c11da5-9f8d-5b62-9f22-c377427c0d7f,10.000,M,1602.17,EUR,2026-10-03,Standard requirement
e2ee3505-19c8-5391-8d54-3ed1586f1ea1,2026-07-28T08:00:00Z,system,2026-07-28T08:00:00Z,system,4067274f-0637-57b1-9f3f-70fdea750300,20,748d36d0-ad0a-5e2f-ae52-4b9bd4ac6a44,2.000,M,2049.41,EUR,2026-10-03,Standard requirement
bdcd064a-bb2e-57fd-90f4-a3e374bf019f,2026-07-28T08:00:00Z,system,2026-07-28T08:00:00Z,system,4067274f-0637-57b1-9f3f-70fdea750300,30,dac566e3-7998-519e-827e-c56affe7618f,1.000,EA,2094.80,EUR,2026-10-03,Planned maintenance
5d9c9751-7717-5575-85ab-2ed37c8655c3,2026-07-28T08:00:00Z,system,2026-07-28T08:00:00Z,system,4067274f-0637-57b1-9f3f-70fdea750300,40,99390864-f827-5aef-be8a-287357eedb0f,25.000,BOX,2179.27,EUR,2026-10-03,Replacement stock
ea6b6405-03ff-53be-8829-f4c8309bf594,2026-01-24T08:00:00Z,system,2026-01-24T08:00:00Z,system,2f4f91b8-7bd4-54e0-980f-0de27597c96e,10,a56d36d8-7b2d-5bff-ae8b-8d8002e9d564,5.000,L,1184.65,EUR,2026-04-01,Production demand
c9e0c284-fb35-5a67-9041-51f1801e13bd,2026-02-16T08:00:00Z,system,2026-02-16T08:00:00Z,system,ec75c32a-8e85-54e8-864b-11235c25e481,10,0a95d286-40e6-5f4e-bce8-380f86c5e052,10.000,BOX,1653.48,EUR,2026-03-22,Replacement stock
23e62d5d-b5a0-583a-918a-181ac81b7fd3,2026-02-16T08:00:00Z,system,2026-02-16T08:00:00Z,system,ec75c32a-8e85-54e8-864b-11235c25e481,20,62a2158d-64d0-547a-b140-23e19a0b0820,5.000,BOX,1566.89,EUR,2026-03-22,Planned maintenance
db145152-4fe7-574a-8cc1-4937baa50706,2026-02-16T08:00:00Z,system,2026-02-16T08:00:00Z,system,ec75c32a-8e85-54e8-864b-11235c25e481,30,30e34ede-6271-5109-8dcc-7f95af88f2f3,5.000,BOX,1954.54,EUR,2026-03-22,Replacement stock
21ac6a8f-9689-5ac8-9414-32034326bf0c,2026-02-16T08:00:00Z,system,2026-02-16T08:00:00Z,system,ec75c32a-8e85-54e8-864b-11235c25e481,40,53e0bf46-17ba-5243-bbe5-1d44068c8ac1,75.000,EA,69.66,EUR,2026-03-22,Planned maintenance
84409d18-39b1-5938-b95f-d34d1f326a5d,2026-03-06T08:00:00Z,system,2026-03-06T08:00:00Z,system,1889cf19-2426-59be-9aea-1a98aab15842,10,d7d105d2-074c-5725-8033-75f4abb592a8,100.000,M,627.63,EUR,2026-05-06,Production demand
2ef7aed5-f903-51ce-a0b2-41790977c0fa,2026-03-06T08:00:00Z,system,2026-03-06T08:00:00Z,system,1889cf19-2426-59be-9aea-1a98aab15842,20,19e5854c-015a-5974-997b-3ccb05e32d73,25.000,M,406.31,EUR,2026-05-06,Production demand
050f0642-b7a5-5717-8cad-e7f9e7ee7e2d,2026-03-06T08:00:00Z,system,2026-03-06T08:00:00Z,system,1889cf19-2426-59be-9aea-1a98aab15842,30,33565d42-f2c6-5728-b582-d95f8618e410,150.000,BOX,1504.31,EUR,2026-05-06,Planned maintenance
a0b7b4fe-f01f-57f0-a7f0-2d75e28be204,2026-03-06T08:00:00Z,system,2026-03-06T08:00:00Z,system,1889cf19-2426-59be-9aea-1a98aab15842,40,eafe3238-5e48-56bf-9122-b7966afc27e1,25.000,M,1762.36,EUR,2026-05-06,Production demand
bb32ef99-db73-59f5-ada1-81e88e844f67,2026-02-09T08:00:00Z,system,2026-02-09T08:00:00Z,system,8d59718a-7011-5bf1-b9c8-4694f86922c2,10,0c9f0a42-1ac7-5282-b469-b088f77d7e6d,100.000,BOX,1334.94,EUR,2026-03-15,Standard requirement
ec66aa03-8302-5de3-b64d-f5478b1bbf3a,2026-02-09T08:00:00Z,system,2026-02-09T08:00:00Z,system,8d59718a-7011-5bf1-b9c8-4694f86922c2,20,3dc01e32-c4f9-591d-bf47-70af97b27acc,75.000,BOX,1410.08,EUR,2026-03-15,Replacement stock
adf3d9f9-e9c8-5fde-af5d-474589d87a36,2026-02-09T08:00:00Z,system,2026-02-09T08:00:00Z,system,8d59718a-7011-5bf1-b9c8-4694f86922c2,30,9261773a-79a7-5ba7-a7f8-356b7ba60aa2,25.000,EA,1707.80,EUR,2026-03-15,Replacement stock
996abb2c-c21f-5b3f-8803-4b7a35138278,2026-03-25T08:00:00Z,system,2026-03-25T08:00:00Z,system,c7a6409c-4092-50b4-8c7f-d39ca912d9ad,10,c13f04ef-297f-5b4a-879c-32e437691f2f,1.000,M,1251.03,EUR,2026-06-01,Production demand
65743a5b-fdec-5e1a-9987-728cced2aeb2,2026-03-25T08:00:00Z,system,2026-03-25T08:00:00Z,system,c7a6409c-4092-50b4-8c7f-d39ca912d9ad,20,e64ca70f-33df-53bc-81e4-7c69dabb1d6d,1.000,M,2069.02,EUR,2026-06-01,Production demand
e87651da-49cc-55b3-8019-65d6fdadb4ab,2026-03-25T08:00:00Z,system,2026-03-25T08:00:00Z,system,c7a6409c-4092-50b4-8c7f-d39ca912d9ad,30,74ec4245-16d4-59ad-a64b-e56056485a1c,20.000,EA,2407.47,EUR,2026-06-01,Replacement stock
33f74b29-a9d1-5268-956c-00e7b7353b73,2025-09-26T08:00:00Z,system,2025-09-26T08:00:00Z,system,4dab3a35-6e85-5cbe-8120-bf2e0dcc5910,10,66829174-3fa6-52dd-bbb1-daa7bca60901,150.000,BOX,677.77,EUR,2025-11-28,Replacement stock
8638174c-b0e6-51b2-b0a4-b3dd25e5256f,2026-01-20T08:00:00Z,system,2026-01-20T08:00:00Z,system,d5a29908-29a8-5b38-b652-089e509bc35b,10,893944a0-a713-5323-888a-1702113e176d,25.000,KG,22.21,EUR,2026-03-19,
a38231fb-b1bc-5d55-80f5-ddd9c8e37f34,2026-05-18T08:00:00Z,system,2026-05-18T08:00:00Z,system,1a98e7d3-d3bb-53ff-99ee-d52e0a4f32da,10,b48aeed1-7840-500f-a433-e19c16974f9d,20.000,SET,1471.28,EUR,2026-07-06,Planned maintenance
a49f0e9c-5395-50ac-869e-9e785ef6928f,2026-05-18T08:00:00Z,system,2026-05-18T08:00:00Z,system,1a98e7d3-d3bb-53ff-99ee-d52e0a4f32da,20,b7445b03-ff12-5031-afe2-33e925c82fd3,200.000,BOX,306.65,EUR,2026-07-06,Planned maintenance
00eacb14-4d6c-5a97-8d53-1f53f758e854,2026-05-18T08:00:00Z,system,2026-05-18T08:00:00Z,system,1a98e7d3-d3bb-53ff-99ee-d52e0a4f32da,30,d7d105d2-074c-5725-8033-75f4abb592a8,150.000,M,599.81,EUR,2026-07-06,
4530394f-8000-5f9b-bb44-48142d4e9861,2026-05-18T08:00:00Z,system,2026-05-18T08:00:00Z,system,1a98e7d3-d3bb-53ff-99ee-d52e0a4f32da,40,6888476b-380f-570d-8a87-551948fe535a,150.000,M,1073.53,EUR,2026-07-06,Planned maintenance
17284061-f432-5871-bfdf-6f1849d0d82d,2026-04-04T08:00:00Z,system,2026-04-04T08:00:00Z,system,fea022b8-6695-55a5-8cd5-f1766b3ed699,10,5638f460-1932-50d2-8453-a3cf94aaa992,25.000,SET,1978.90,EUR,2026-06-12,Standard requirement
13f702b0-8bc5-55b1-993e-17a02f4ccc25,2026-04-04T08:00:00Z,system,2026-04-04T08:00:00Z,system,fea022b8-6695-55a5-8cd5-f1766b3ed699,20,8ffbee35-114e-52c9-982d-47f2ee96df4a,75.000,EA,865.10,EUR,2026-06-12,Standard requirement
b0603a20-8de7-56e2-a15b-a5b3d64d4a39,2026-06-20T08:00:00Z,system,2026-06-20T08:00:00Z,system,3a38d2f8-41b9-53c0-bfeb-dc81d8a90c02,10,b121cc73-e21b-5700-aed3-23e3f1122454,20.000,EA,535.55,EUR,2026-07-27,
5c98c6fc-4ef9-5af4-9b1e-72c5e39b0bae,2025-09-21T08:00:00Z,system,2025-09-21T08:00:00Z,system,2528772b-8c59-59ea-bfe7-ab9683ca3d2b,10,95b589d9-d0fa-5b0b-97dc-32e0f9a9f036,10.000,EA,1581.61,EUR,2025-11-12,Standard requirement
9c4ae593-8cce-5518-91d7-a5246435c3a6,2025-09-21T08:00:00Z,system,2025-09-21T08:00:00Z,system,2528772b-8c59-59ea-bfe7-ab9683ca3d2b,20,af970570-0e69-5aa7-a1fd-93cea6d022c8,1.000,BOX,761.60,EUR,2025-11-12,Replacement stock
27157961-8a43-52e9-abd2-c53de3ece37d,2026-06-18T08:00:00Z,system,2026-06-18T08:00:00Z,system,e7bc11d0-5478-5fda-83ed-bfa1197cafa1,10,4d8b3cb8-4991-55ac-afa4-443fd1749bfb,200.000,KG,22.43,EUR,2026-07-23,Standard requirement
4e0ed415-f20c-5ec0-af9f-bbbf1ff18957,2026-06-18T08:00:00Z,system,2026-06-18T08:00:00Z,system,e7bc11d0-5478-5fda-83ed-bfa1197cafa1,20,449f174d-239f-5c9f-803d-0af1ffe5acb3,10.000,L,106.21,EUR,2026-07-23,
042cdf8f-8b51-5031-bf1a-f2d7057fc7b2,2026-07-12T08:00:00Z,system,2026-07-12T08:00:00Z,system,595fd8c2-ac79-546a-8a17-b98208d746df,10,7a0573af-19d9-5fce-a1fb-edef3b2a16d3,25.000,EA,1868.12,EUR,2026-08-11,Planned maintenance
efaf1f84-03e2-5272-ab36-973fdf2203a2,2026-07-12T08:00:00Z,system,2026-07-12T08:00:00Z,system,595fd8c2-ac79-546a-8a17-b98208d746df,20,5bced482-deea-5fc4-8653-6c41fc86806e,75.000,M,2083.80,EUR,2026-08-11,Production demand
9df4c99f-193a-5905-98c6-1279bec23d13,2026-07-12T08:00:00Z,system,2026-07-12T08:00:00Z,system,595fd8c2-ac79-546a-8a17-b98208d746df,30,d0cb5824-8127-5ca6-8364-98b5469fc7c7,100.000,EA,1292.09,EUR,2026-08-11,Standard requirement
fe3d9c6c-5bcb-57a9-bb56-28de3df99665,2025-10-08T08:00:00Z,system,2025-10-08T08:00:00Z,system,1b604a61-4209-5b75-9314-da4676393c03,10,23ca3651-d389-5646-8a4d-d24fb3e26384,5.000,SET,2494.25,EUR,2025-11-14,
43b0410f-680c-59fa-9094-aba2a213ab8f,2025-10-08T08:00:00Z,system,2025-10-08T08:00:00Z,system,1b604a61-4209-5b75-9314-da4676393c03,20,dbd21518-2460-5332-97ca-a826ccd26fd2,10.000,BOX,895.50,EUR,2025-11-14,
4a503d72-609c-59cc-9723-64189869ef43,2025-10-08T08:00:00Z,system,2025-10-08T08:00:00Z,system,1b604a61-4209-5b75-9314-da4676393c03,30,fd4f25a0-d258-5944-8a33-a22b3cf44a4a,200.000,L,802.98,EUR,2025-11-14,Standard requirement
8cc09446-ae8f-5cae-927e-1bbf339cabcd,2025-10-08T08:00:00Z,system,2025-10-08T08:00:00Z,system,1b604a61-4209-5b75-9314-da4676393c03,40,1455dc98-f7ae-5a52-9c81-dc7663903a45,10.000,KG,24.73,EUR,2025-11-14,Production demand
f414d956-664e-5196-b484-53d9abb9642a,2026-01-18T08:00:00Z,system,2026-01-18T08:00:00Z,system,32dccb04-f0ca-5921-9f96-f8ec686451c7,10,8f727bc4-c2d9-58aa-8c86-102424996793,25.000,SET,252.81,EUR,2026-02-05,Production demand
a469d1f8-6dd6-5dff-b431-e0a990f14456,2026-02-13T08:00:00Z,system,2026-02-13T08:00:00Z,system,3c592ef2-d45f-589a-b72f-6c6efe9f13ed,10,de05430c-0d15-5267-a70a-983b7ffb5638,200.000,M,1288.57,EUR,2026-04-08,Replacement stock
301d5b02-6abf-5fe9-ba48-bf7584e40cd9,2026-02-13T08:00:00Z,system,2026-02-13T08:00:00Z,system,3c592ef2-d45f-589a-b72f-6c6efe9f13ed,20,5e0e22e5-d386-54e2-bfeb-2492f8c12bc4,200.000,L,2053.42,EUR,2026-04-08,
e8c3aee3-cb5b-513c-bef1-5e8721a09e9d,2026-02-13T08:00:00Z,system,2026-02-13T08:00:00Z,system,3c592ef2-d45f-589a-b72f-6c6efe9f13ed,30,11bcb360-c513-556e-a8ed-3b43d3afbb6d,100.000,L,1993.60,EUR,2026-04-08,Planned maintenance
3958067b-dd71-51c5-9165-5097775e6044,2026-01-29T08:00:00Z,system,2026-01-29T08:00:00Z,system,07d237fd-dd71-5f95-8dbf-dc01b2500ba6,10,aa609c4e-2fa3-5db5-a548-e837797b7ec8,5.000,SET,2067.27,EUR,2026-03-15,Replacement stock
7d895d2e-4695-5a95-84dd-6843a39de80a,2025-11-16T08:00:00Z,system,2025-11-16T08:00:00Z,system,7f0f4ffa-65eb-50a8-bad2-d2fef5995297,10,6c73375b-40a6-5535-9e27-a364e6837ed1,150.000,EA,2361.51,EUR,2025-12-03,
74287bc0-9aec-5b73-aa14-307c65e22c60,2025-11-16T08:00:00Z,system,2025-11-16T08:00:00Z,system,7f0f4ffa-65eb-50a8-bad2-d2fef5995297,20,9e7b19d9-c9c7-562c-b69b-23994f239c49,10.000,EA,1065.25,EUR,2025-12-03,
0e626543-f64f-5e29-b0de-7f4929366ccd,2025-11-16T08:00:00Z,system,2025-11-16T08:00:00Z,system,7f0f4ffa-65eb-50a8-bad2-d2fef5995297,30,4cb50627-8198-5765-9d5a-9d272c8ce58b,10.000,M,794.22,EUR,2025-12-03,Production demand
bd04104f-0c9e-522a-842f-9e4eeeaf1cef,2026-02-27T08:00:00Z,system,2026-02-27T08:00:00Z,system,3cc62ca0-d7a3-5da3-b958-72ab2fb663a9,10,b73f763a-3d8c-562e-9549-a6941040255f,50.000,EA,881.65,EUR,2026-04-27,Production demand
a11ac80a-767c-571a-89c8-f31fdc4ac7dc,2025-11-17T08:00:00Z,system,2025-11-17T08:00:00Z,system,03ed0350-a8bf-5a90-828e-c5d642633e90,10,6c73375b-40a6-5535-9e27-a364e6837ed1,2.000,EA,2537.83,EUR,2025-12-27,Production demand
5540e1b7-fca3-5bdc-a548-107397e2dec7,2026-06-30T08:00:00Z,system,2026-06-30T08:00:00Z,system,72f31414-2b43-5b4f-8c88-9c9e2cabe2bf,10,d80537fd-c1c9-5741-8e8d-02dd52dc79bd,150.000,KG,22.78,EUR,2026-08-25,
5bc12b5f-fa27-5d5b-9346-4ae56981c18c,2026-06-30T08:00:00Z,system,2026-06-30T08:00:00Z,system,72f31414-2b43-5b4f-8c88-9c9e2cabe2bf,20,7e59f4f1-d7ce-51df-b9a3-a70a1b1ee546,25.000,EA,2195.34,EUR,2026-08-25,Production demand
4482cc8e-7654-553a-b2ed-3fd3d82ffe00,2026-06-30T08:00:00Z,system,2026-06-30T08:00:00Z,system,72f31414-2b43-5b4f-8c88-9c9e2cabe2bf,30,e64ca70f-33df-53bc-81e4-7c69dabb1d6d,1.000,M,2125.07,EUR,2026-08-25,Production demand
42440f8e-0b4d-5429-8eb0-0d9adecbebd4,2026-02-04T08:00:00Z,system,2026-02-04T08:00:00Z,system,35c4d7ee-c5aa-5629-baec-c584bb091a06,10,ca48575f-0b73-55a6-b23c-6de718d78d67,10.000,KG,7.67,EUR,2026-04-16,Replacement stock
d5e592a9-8d40-5b27-b9cf-1d699fa9b871,2026-02-04T08:00:00Z,system,2026-02-04T08:00:00Z,system,35c4d7ee-c5aa-5629-baec-c584bb091a06,20,8f727bc4-c2d9-58aa-8c86-102424996793,20.000,SET,265.08,EUR,2026-04-16,Standard requirement
76a50b38-e220-58d1-95b0-b331bea5f636,2026-02-04T08:00:00Z,system,2026-02-04T08:00:00Z,system,35c4d7ee-c5aa-5629-baec-c584bb091a06,30,9e7b19d9-c9c7-562c-b69b-23994f239c49,100.000,EA,966.79,EUR,2026-04-16,Standard requirement
92dfd88a-2ac8-587d-9e82-7e67fb557d90,2026-01-01T08:00:00Z,system,2026-01-01T08:00:00Z,system,2a986242-fd83-5c34-b53e-9dfdaa524383,10,748d36d0-ad0a-5e2f-ae52-4b9bd4ac6a44,100.000,M,1998.48,EUR,2026-02-22,Replacement stock
d2995435-36e5-5f5e-b878-86515d446e81,2026-01-01T08:00:00Z,system,2026-01-01T08:00:00Z,system,2a986242-fd83-5c34-b53e-9dfdaa524383,20,b03f0dc2-a9e5-5330-affe-38e1a3e58c73,10.000,L,269.62,EUR,2026-02-22,Production demand
c25c3b3e-8902-590c-86c7-59bcd53061c3,2026-01-16T08:00:00Z,system,2026-01-16T08:00:00Z,system,4d56fe76-8af0-51c6-aa44-ab629493f81a,10,05a4f991-84c1-5839-9f40-938f84dcd65e,20.000,M,1463.55,EUR,2026-02-05,Replacement stock
ebb724f6-3d79-5c31-9267-aeb8141227ba,2026-01-16T08:00:00Z,system,2026-01-16T08:00:00Z,system,4d56fe76-8af0-51c6-aa44-ab629493f81a,20,8d01b374-77d2-5c26-8153-6ec890456ef4,5.000,KG,33.19,EUR,2026-02-05,Production demand
3ac66350-cfdc-5663-8b99-833456437d01,2026-01-08T08:00:00Z,system,2026-01-08T08:00:00Z,system,8e56f671-a96d-5aa4-b61e-32c4d3e20f22,10,c8f2c51c-f8b9-51a7-b2ab-da1f3ac760d6,75.000,M,1539.70,EUR,2026-01-19,Production demand
617808d3-c1ef-5f5f-aaac-57bb721af708,2026-01-08T08:00:00Z,system,2026-01-08T08:00:00Z,system,8e56f671-a96d-5aa4-b61e-32c4d3e20f22,20,c95f5935-922a-5171-a5e9-dde46f32a83d,5.000,KG,31.73,EUR,2026-01-19,Production demand
e3b11f80-1812-58cf-97ef-e8eeb9f470c6,2026-01-08T08:00:00Z,system,2026-01-08T08:00:00Z,system,8e56f671-a96d-5aa4-b61e-32c4d3e20f22,30,8d9d0fdb-dc82-543c-8c83-c722c23d8840,2.000,EA,750.54,EUR,2026-01-19,Production demand
62fd6ec6-c6b8-5fb4-883a-eef843df28b1,2026-01-08T08:00:00Z,system,2026-01-08T08:00:00Z,system,8e56f671-a96d-5aa4-b61e-32c4d3e20f22,40,4cdc5ff6-d193-563c-9400-f57baf1162a6,25.000,BOX,1035.38,EUR,2026-01-19,
9f9f7ea3-758a-581e-a355-3ba4e5483178,2025-12-04T08:00:00Z,system,2025-12-04T08:00:00Z,system,82957f30-04db-5737-9cce-de11cf626e69,10,7a0dddce-a54b-5ce2-932f-2cf37ea670f6,200.000,EA,1418.14,EUR,2026-02-11,
1b7610cc-ff92-573a-9fb0-c78ab7c41ad8,2025-12-04T08:00:00Z,system,2025-12-04T08:00:00Z,system,82957f30-04db-5737-9cce-de11cf626e69,20,781e49c0-8999-50e8-9276-e1fc0e9e29ca,2.000,EA,2163.87,EUR,2026-02-11,
3af2e838-33da-5b11-b327-684154508a2e,2025-12-15T08:00:00Z,system,2025-12-15T08:00:00Z,system,441e57a2-e160-51b5-877d-cff89422fad4,10,3fbd18a0-7abf-52be-90d6-d20cad8bccd3,25.000,SET,948.79,EUR,2026-02-11,Planned maintenance
836dbfe1-6696-5311-873d-78820ec304d6,2026-04-08T08:00:00Z,system,2026-04-08T08:00:00Z,system,632eea76-12e7-5826-93aa-32c3e33fbb0b,10,29cfd91a-8f49-5d4d-97e2-fb011b81ac36,2.000,L,1371.68,EUR,2026-04-22,Replacement stock
6e200f2e-a474-5cab-a7ae-9fee3b736094,2026-04-08T08:00:00Z,system,2026-04-08T08:00:00Z,system,632eea76-12e7-5826-93aa-32c3e33fbb0b,20,86cd43f5-5e5a-58e0-8882-778206f00530,1.000,KG,16.95,EUR,2026-04-22,Planned maintenance
ea679f7c-5d50-50e7-b964-0663479a7981,2026-04-08T08:00:00Z,system,2026-04-08T08:00:00Z,system,632eea76-12e7-5826-93aa-32c3e33fbb0b,30,d82bd767-f5ed-57ab-a2c9-406318f72bc2,10.000,L,68.11,EUR,2026-04-22,
5aa8b8ed-fbbe-5189-b3ad-0dea4e4e11fc,2026-04-30T08:00:00Z,system,2026-04-30T08:00:00Z,system,2fb24229-cad8-5d3a-baf0-d93a0111be6f,10,5bced482-deea-5fc4-8653-6c41fc86806e,200.000,M,2244.81,EUR,2026-05-23,Replacement stock
ea5f99a5-bbe3-51e2-be63-9a0df699e371,2025-11-01T08:00:00Z,system,2025-11-01T08:00:00Z,system,0cd7700d-216a-5e05-a5b9-0f10c7eabe86,10,747bd910-e2d1-5080-b88a-7ef1a35ac5f6,50.000,BOX,1442.56,EUR,2025-12-23,Planned maintenance
7ab7f399-8adf-5a8c-9fc9-c8d8bdf3c31e,2025-11-01T08:00:00Z,system,2025-11-01T08:00:00Z,system,0cd7700d-216a-5e05-a5b9-0f10c7eabe86,20,d96ec281-e3a6-5aba-b6f4-379e05515ef4,75.000,SET,1295.40,EUR,2025-12-23,Standard requirement
fdc44aae-4206-5eab-ab83-c45bc4908ab4,2025-10-18T08:00:00Z,system,2025-10-18T08:00:00Z,system,15c9a8f0-ea18-5e84-a8b9-bdbf5f24d96b,10,7a0dddce-a54b-5ce2-932f-2cf37ea670f6,20.000,EA,1461.56,EUR,2025-10-28,Replacement stock
3c8ad59b-3603-5835-9f9f-04f235a4f46c,2026-07-24T08:00:00Z,system,2026-07-24T08:00:00Z,system,94e25e46-6d6f-5143-8c6c-36d8b2082923,10,62a2158d-64d0-547a-b140-23e19a0b0820,25.000,BOX,1647.91,EUR,2026-08-18,Production demand
33b45202-82b7-53ad-98de-6161b0c52855,2026-07-24T08:00:00Z,system,2026-07-24T08:00:00Z,system,94e25e46-6d6f-5143-8c6c-36d8b2082923,20,1b30f45e-0d32-58be-8b74-c6b2411df44a,150.000,EA,2249.58,EUR,2026-08-18,Standard requirement
f294110f-0525-5b36-8ec8-75af91d803f2,2026-07-24T08:00:00Z,system,2026-07-24T08:00:00Z,system,94e25e46-6d6f-5143-8c6c-36d8b2082923,30,d80537fd-c1c9-5741-8e8d-02dd52dc79bd,150.000,KG,25.29,EUR,2026-08-18,Replacement stock
e5ff747b-0cf4-5bc1-9e22-0bbe6ae0b231,2026-02-19T08:00:00Z,system,2026-02-19T08:00:00Z,system,ebcb0b8e-aa30-5051-8c5d-41993f16e7a8,10,33b58793-6f12-50d8-b5ed-f4aaefc6d3f0,10.000,M,77.89,EUR,2026-04-16,Production demand
2ca0d390-7c32-56d1-866f-49c9dce3a27e,2026-02-19T08:00:00Z,system,2026-02-19T08:00:00Z,system,ebcb0b8e-aa30-5051-8c5d-41993f16e7a8,20,88ec57c2-4bd1-5167-8c0f-b46a5404ea75,100.000,M,1150.51,EUR,2026-04-16,Planned maintenance
1c8a0a6c-23dd-5932-a4e2-57a255ad2d59,2026-02-19T08:00:00Z,system,2026-02-19T08:00:00Z,system,ebcb0b8e-aa30-5051-8c5d-41993f16e7a8,30,bf264e10-7f30-5dfa-9770-1c2548ee3255,2.000,EA,1900.87,EUR,2026-04-16,Standard requirement
7c35b0da-c37b-5bd8-af2c-6c865c3e8658,2026-02-19T08:00:00Z,system,2026-02-19T08:00:00Z,system,ebcb0b8e-aa30-5051-8c5d-41993f16e7a8,40,6f137624-ae20-5016-9d90-8e735016ca60,10.000,BOX,2016.06,EUR,2026-04-16,Replacement stock
4dc1f0c1-c148-52e3-91dd-c7727f8730cc,2026-03-13T08:00:00Z,system,2026-03-13T08:00:00Z,system,26d7abd1-9d14-59b7-a8ac-240a78fbfeaa,10,f4d5037c-d38c-5514-b120-c0d70fd1331e,20.000,L,1051.92,EUR,2026-05-26,Planned maintenance
dd930682-0c76-56ef-b93a-8fd77221d81f,2026-03-13T08:00:00Z,system,2026-03-13T08:00:00Z,system,26d7abd1-9d14-59b7-a8ac-240a78fbfeaa,20,c51be922-7f94-5734-90be-dd25480a96da,75.000,EA,198.15,EUR,2026-05-26,
1522d385-68d0-5652-82f5-2ff7232733d2,2026-03-13T08:00:00Z,system,2026-03-13T08:00:00Z,system,26d7abd1-9d14-59b7-a8ac-240a78fbfeaa,30,a38ef102-6bca-5f5b-be2f-047c1623d7ef,100.000,EA,2148.81,EUR,2026-05-26,Replacement stock
13e73a25-9fca-527d-be67-5afc3324858c,2026-05-27T08:00:00Z,system,2026-05-27T08:00:00Z,system,ef78d806-e3d4-5071-b6a7-6d1b8139fae5,10,1cedd62f-02fd-505a-b102-9f80692d77d7,20.000,BOX,1986.38,EUR,2026-08-05,Planned maintenance
ea4eb059-8724-5720-abb6-b6148a7fd2b6,2026-05-27T08:00:00Z,system,2026-05-27T08:00:00Z,system,ef78d806-e3d4-5071-b6a7-6d1b8139fae5,20,eafe3238-5e48-56bf-9122-b7966afc27e1,20.000,M,1571.41,EUR,2026-08-05,Standard requirement
5378a888-dc5d-539c-a88f-eb7c639c5b6a,2026-05-26T08:00:00Z,system,2026-05-26T08:00:00Z,system,cc2ea762-f177-524a-8032-68386677444c,10,33a77c1e-2f02-54f3-aaf8-2d033e03a54f,2.000,EA,301.08,EUR,2026-06-30,
ea16e84b-5c1a-5a3c-b7b4-acdbc9d70507,2025-12-31T08:00:00Z,system,2025-12-31T08:00:00Z,system,69829b80-3c18-581d-995b-36167fa9aa6e,10,4cdc5ff6-d193-563c-9400-f57baf1162a6,20.000,BOX,1013.81,EUR,2026-01-22,Planned maintenance
a0405667-a192-5bdc-a118-af75618ddf05,2025-12-31T08:00:00Z,system,2025-12-31T08:00:00Z,system,69829b80-3c18-581d-995b-36167fa9aa6e,20,ff7c211a-6fcd-5fa0-9ea1-713837b5f870,75.000,SET,1722.74,EUR,2026-01-22,Standard requirement
b9600513-3600-56ac-8d4d-edcec77177f0,2025-12-31T08:00:00Z,system,2025-12-31T08:00:00Z,system,69829b80-3c18-581d-995b-36167fa9aa6e,30,c921e193-a3b7-5f2b-800f-213728db4d05,2.000,KG,8.76,EUR,2026-01-22,Production demand
f2fdb24b-7dcc-5046-80d7-1398173c5f4e,2026-03-22T08:00:00Z,system,2026-03-22T08:00:00Z,system,a6518284-b28f-57d0-a8c6-3449711d4fdf,10,4a6344a3-f35e-516c-9e41-3b71adc76bae,10.000,M,692.07,EUR,2026-05-02,Replacement stock
23499549-a9b2-5cae-8762-a809ca7bfe79,2026-03-22T08:00:00Z,system,2026-03-22T08:00:00Z,system,a6518284-b28f-57d0-a8c6-3449711d4fdf,20,11bcb360-c513-556e-a8ed-3b43d3afbb6d,1.000,L,2280.72,EUR,2026-05-02,
c93dd86e-44b1-50ca-80fd-30de6afdb435,2026-03-22T08:00:00Z,system,2026-03-22T08:00:00Z,system,a6518284-b28f-57d0-a8c6-3449711d4fdf,30,a826e0c2-43dd-5a6b-a002-5f2510a4b1f5,5.000,L,1331.09,EUR,2026-05-02,Planned maintenance
8ca0fb9d-e28c-58c0-9c13-5b3080c4ab29,2026-02-26T08:00:00Z,system,2026-02-26T08:00:00Z,system,e630beb8-baf7-540e-a99c-f951133c208e,10,6b8b9c0c-ca33-51c4-9164-471f4abb4160,25.000,BOX,1511.90,EUR,2026-04-05,Planned maintenance
03ca958b-78d0-59bc-8ee7-70b754ef251a,2026-02-26T08:00:00Z,system,2026-02-26T08:00:00Z,system,e630beb8-baf7-540e-a99c-f951133c208e,20,f968e107-0cac-5cfd-a628-d3aa05f1e38d,150.000,EA,1049.13,EUR,2026-04-05,Production demand
5450c30e-ad1e-5738-bea6-1383ab181416,2026-04-02T08:00:00Z,system,2026-04-02T08:00:00Z,system,ee6cb275-5758-504c-ba13-f173efa74cf1,10,4510bf5d-95b5-5a36-8ecf-d02e870154c9,5.000,KG,6.97,EUR,2026-05-30,Standard requirement
5cc64ddc-45e0-5ede-bfc3-ef64114fa781,2026-04-02T08:00:00Z,system,2026-04-02T08:00:00Z,system,ee6cb275-5758-504c-ba13-f173efa74cf1,20,b847b69b-3807-57f7-85b1-bf879953e4f1,1.000,KG,29.57,EUR,2026-05-30,Replacement stock
46339532-f2ae-5965-bdbc-da9b76bb5c15,2026-04-02T08:00:00Z,system,2026-04-02T08:00:00Z,system,ee6cb275-5758-504c-ba13-f173efa74cf1,30,0c3785e3-7d1b-5f41-95de-b2299b8dd699,50.000,M,1208.52,EUR,2026-05-30,Production demand
5f33dc47-c997-5e4c-9512-060a5b438115,2026-06-16T08:00:00Z,system,2026-06-16T08:00:00Z,system,ccc673c7-c3bd-5ea6-b02a-f134bde85aca,10,35918af3-0428-5cb5-b70c-3960424df494,25.000,KG,21.87,EUR,2026-07-09,Standard requirement
13270480-b9c7-5d35-8544-af4e0971d9ad,2026-06-16T08:00:00Z,system,2026-06-16T08:00:00Z,system,ccc673c7-c3bd-5ea6-b02a-f134bde85aca,20,b121cc73-e21b-5700-aed3-23e3f1122454,2.000,EA,606.95,EUR,2026-07-09,Standard requirement
3ce47ab3-a16f-57c5-8517-ab112aafcbf7,2026-06-16T08:00:00Z,system,2026-06-16T08:00:00Z,system,ccc673c7-c3bd-5ea6-b02a-f134bde85aca,30,9c244d41-3489-5976-bcdb-b0d76c2237a9,100.000,KG,26.66,EUR,2026-07-09,
86e2f42c-f616-51ca-a32b-9041b62469be,2026-06-16T08:00:00Z,system,2026-06-16T08:00:00Z,system,ccc673c7-c3bd-5ea6-b02a-f134bde85aca,40,b121cc73-e21b-5700-aed3-23e3f1122454,5.000,EA,614.59,EUR,2026-07-09,Production demand
68b2c956-f9a7-5a23-b5fc-1bff9d3f1046,2025-12-01T08:00:00Z,system,2025-12-01T08:00:00Z,system,c3959c53-1b84-5119-9f76-731abbc1e88e,10,d7d105d2-074c-5725-8033-75f4abb592a8,25.000,M,619.32,EUR,2026-01-04,
c85869ce-1348-52ff-9767-cb7905f22cd9,2025-12-01T08:00:00Z,system,2025-12-01T08:00:00Z,system,c3959c53-1b84-5119-9f76-731abbc1e88e,20,946b9def-1c5e-5d38-8f79-05db3b27b218,75.000,M,2366.23,EUR,2026-01-04,Production demand
14c2f52a-f538-5811-ae00-a177bfbd240b,2025-12-01T08:00:00Z,system,2025-12-01T08:00:00Z,system,c3959c53-1b84-5119-9f76-731abbc1e88e,30,a09d3b3c-22f6-56c6-93d4-2863d0444e94,25.000,L,1556.80,EUR,2026-01-04,Standard requirement
71364197-d3e3-5bff-8332-ae376e446af2,2025-10-18T08:00:00Z,system,2025-10-18T08:00:00Z,system,01c8e37d-98fb-5876-8b8f-8d8c39631d7e,10,cfcda226-532c-599e-8ba1-da4625eb5246,20.000,EA,2007.70,EUR,2025-12-15,
6bd9cd29-20ac-5676-b8fd-7bb9f530580b,2025-10-18T08:00:00Z,system,2025-10-18T08:00:00Z,system,01c8e37d-98fb-5876-8b8f-8d8c39631d7e,20,48cb4f21-8c1b-5570-a07c-08c09fbf0ce6,100.000,SET,796.27,EUR,2025-12-15,Standard requirement
d79889c9-60a0-5066-9b81-ef3b733b3d16,2025-10-18T08:00:00Z,system,2025-10-18T08:00:00Z,system,01c8e37d-98fb-5876-8b8f-8d8c39631d7e,30,1b30f45e-0d32-58be-8b74-c6b2411df44a,20.000,EA,2120.68,EUR,2025-12-15,Production demand
794e8d09-321b-5937-867c-f64f5c5ff267,2025-10-18T08:00:00Z,system,2025-10-18T08:00:00Z,system,01c8e37d-98fb-5876-8b8f-8d8c39631d7e,40,5994f62a-190b-5f64-a95c-9773a244fa2e,20.000,SET,1605.00,EUR,2025-12-15,Planned maintenance
f08bf54b-201c-5021-89e4-120cec0163be,2025-09-23T08:00:00Z,system,2025-09-23T08:00:00Z,system,11cedadc-29c3-591b-97e6-9d671bd1c4a3,10,4b8dedda-2e93-5a49-80c4-4876ab55500f,20.000,EA,1194.37,EUR,2025-11-08,
b5b05c5f-321d-5140-a2d5-2dca883204f4,2025-09-23T08:00:00Z,system,2025-09-23T08:00:00Z,system,11cedadc-29c3-591b-97e6-9d671bd1c4a3,20,8f727bc4-c2d9-58aa-8c86-102424996793,100.000,SET,259.07,EUR,2025-11-08,Standard requirement
70656897-0391-550e-b9c2-0b59c13e1491,2026-07-14T08:00:00Z,system,2026-07-14T08:00:00Z,system,a7f9e395-cc77-5a60-984a-b61e5e34abd1,10,9c244d41-3489-5976-bcdb-b0d76c2237a9,2.000,KG,30.15,EUR,2026-08-14,Planned maintenance
02824bee-afb3-5404-b47f-75a38e740153,2026-07-14T08:00:00Z,system,2026-07-14T08:00:00Z,system,a7f9e395-cc77-5a60-984a-b61e5e34abd1,20,94288f21-6926-5da3-827e-38477bc97581,50.000,L,1251.50,EUR,2026-08-14,Production demand
d0f958cf-08a2-570e-a215-2897372000e6,2026-07-14T08:00:00Z,system,2026-07-14T08:00:00Z,system,a7f9e395-cc77-5a60-984a-b61e5e34abd1,30,3e5204f6-3370-5c61-92de-50e60340d4c4,200.000,SET,920.64,EUR,2026-08-14,Production demand
540461f5-a6d6-5a98-b64d-7b5f8ddbd6f5,2025-09-04T08:00:00Z,system,2025-09-04T08:00:00Z,system,72a44000-5a55-5eea-97d8-e9e590936483,10,9390c973-ffaf-555f-9cb1-d1547db4c4d9,100.000,SET,1773.30,EUR,2025-10-03,Standard requirement
733f0aed-edfd-5eff-8942-60cd2965b56b,2026-03-19T08:00:00Z,system,2026-03-19T08:00:00Z,system,f58933d8-970f-5466-83d7-1e4bbda7f8d4,10,fcd3a87b-71f1-5871-b12a-5cf7f75c379d,10.000,M,104.70,EUR,2026-04-11,Production demand
265e4d6a-285a-5e38-b887-e8d3167b24f5,2026-03-19T08:00:00Z,system,2026-03-19T08:00:00Z,system,f58933d8-970f-5466-83d7-1e4bbda7f8d4,20,9f268dd5-b99b-5f85-935d-cd614d5d12ad,2.000,KG,26.36,EUR,2026-04-11,Planned maintenance
a7adef97-9f13-5ea0-be2b-cf8ebaf8250b,2026-03-19T08:00:00Z,system,2026-03-19T08:00:00Z,system,f58933d8-970f-5466-83d7-1e4bbda7f8d4,30,75f1b42f-e0d3-559b-883f-62a8bd802d21,10.000,L,19.89,EUR,2026-04-11,Production demand
774e81e9-2a4b-52c3-a1e3-4edc84b9a8f0,2026-01-07T08:00:00Z,system,2026-01-07T08:00:00Z,system,895b062f-ced8-5174-a4ae-e412e84a0219,10,33a43adc-6963-52ef-b1d3-fd2492991b07,200.000,EA,2117.35,EUR,2026-03-23,Planned maintenance
d67f105d-2ece-5187-8821-e1fd1071d7ee,2026-01-07T08:00:00Z,system,2026-01-07T08:00:00Z,system,895b062f-ced8-5174-a4ae-e412e84a0219,20,c921e193-a3b7-5f2b-800f-213728db4d05,2.000,KG,9.31,EUR,2026-03-23,Production demand
58cedbe9-e97c-57d7-b264-5e7b50b2ae9c,2026-01-07T08:00:00Z,system,2026-01-07T08:00:00Z,system,895b062f-ced8-5174-a4ae-e412e84a0219,30,8a88a029-d7a6-5756-bff0-19a8dbb9a099,2.000,L,558.61,EUR,2026-03-23,Production demand
db6ed9c4-b812-5d42-9442-3e113466b3e2,2026-01-07T08:00:00Z,system,2026-01-07T08:00:00Z,system,895b062f-ced8-5174-a4ae-e412e84a0219,40,eafe3238-5e48-56bf-9122-b7966afc27e1,75.000,M,1480.10,EUR,2026-03-23,Planned maintenance
49f6011a-426a-5dee-a0cd-f86c6bb6016c,2026-02-04T08:00:00Z,system,2026-02-04T08:00:00Z,system,d4669bdb-3210-566f-b01e-ccbe44ffab01,10,8d9d0fdb-dc82-543c-8c83-c722c23d8840,50.000,EA,696.38,EUR,2026-04-02,
4d2abb0b-6877-56c8-b980-3ff946dae8c4,2026-01-07T08:00:00Z,system,2026-01-07T08:00:00Z,system,b635cecf-ebda-5bfa-9135-3614e04b41cf,10,d7792ea6-2faa-5ee1-b515-6b526ad9efbb,10.000,BOX,1557.24,EUR,2026-01-16,Production demand
a305a49f-f992-5130-a085-d1c94a6dad4f,2026-01-07T08:00:00Z,system,2026-01-07T08:00:00Z,system,b635cecf-ebda-5bfa-9135-3614e04b41cf,20,c95f5935-922a-5171-a5e9-dde46f32a83d,50.000,KG,34.01,EUR,2026-01-16,Planned maintenance
017069bd-2767-5801-9410-b172abbcea8f,2026-01-07T08:00:00Z,system,2026-01-07T08:00:00Z,system,b635cecf-ebda-5bfa-9135-3614e04b41cf,30,33565d42-f2c6-5728-b582-d95f8618e410,10.000,BOX,1266.29,EUR,2026-01-16,
a3d390f3-eb84-5304-8245-d52992323a16,2026-01-07T08:00:00Z,system,2026-01-07T08:00:00Z,system,b635cecf-ebda-5bfa-9135-3614e04b41cf,40,33a43adc-6963-52ef-b1d3-fd2492991b07,2.000,EA,1901.74,EUR,2026-01-16,Standard requirement
560557a9-b02f-5cc2-8243-3d9fa79bd6e2,2025-10-08T08:00:00Z,system,2025-10-08T08:00:00Z,system,95165148-2e83-52e4-8ea4-b1a63e5cedc7,10,00a24b8a-d6ef-5fd9-b832-024cf1e9f1b5,50.000,EA,1196.94,EUR,2025-11-20,Production demand
964b7867-a313-55c7-86b5-89ed115c1f61,2025-10-15T08:00:00Z,system,2025-10-15T08:00:00Z,system,0067d85d-2188-5e4a-96da-16f89526e761,10,23ca3651-d389-5646-8a4d-d24fb3e26384,150.000,SET,2164.81,EUR,2025-11-26,Standard requirement
bc400d9b-7210-58f0-a37e-d0b897599694,2025-10-15T08:00:00Z,system,2025-10-15T08:00:00Z,system,0067d85d-2188-5e4a-96da-16f89526e761,20,0804c1cc-15f6-549d-b061-a4423dc8fcac,150.000,EA,361.13,EUR,2025-11-26,Replacement stock
9d386a4e-ae1d-5a74-8e2e-7e1eea78fe93,2025-10-15T08:00:00Z,system,2025-10-15T08:00:00Z,system,0067d85d-2188-5e4a-96da-16f89526e761,30,881eaa64-708a-5722-917e-fdcc33e19b55,25.000,M,2506.84,EUR,2025-11-26,
85ff3bdc-21e2-5348-b9c9-701ee437a516,2026-05-07T08:00:00Z,system,2026-05-07T08:00:00Z,system,bd268248-2560-5f92-bfe9-61d6cc899700,10,7fb17ba4-6dd3-5a8b-a71f-be9e5b3c1f9a,100.000,KG,36.41,EUR,2026-06-02,Production demand
5d42e3cf-def8-5917-9ffb-a880b4bd0e05,2026-05-07T08:00:00Z,system,2026-05-07T08:00:00Z,system,bd268248-2560-5f92-bfe9-61d6cc899700,20,33b58793-6f12-50d8-b5ed-f4aaefc6d3f0,75.000,M,79.12,EUR,2026-06-02,
48837539-a084-54b8-ae55-f569bac88b9d,2025-10-23T08:00:00Z,system,2025-10-23T08:00:00Z,system,751855b1-0f85-54a7-90b3-46c829b0b5c0,10,3fc74a3b-0832-5675-b9fe-287a90de3ba8,10.000,EA,369.88,EUR,2025-12-07,
17a5d9fa-f2e3-5653-bbfd-db598489f126,2025-10-23T08:00:00Z,system,2025-10-23T08:00:00Z,system,751855b1-0f85-54a7-90b3-46c829b0b5c0,20,893944a0-a713-5323-888a-1702113e176d,20.000,KG,25.12,EUR,2025-12-07,Replacement stock
3fda0d79-57d0-5553-91fc-b1433760539f,2025-10-23T08:00:00Z,system,2025-10-23T08:00:00Z,system,751855b1-0f85-54a7-90b3-46c829b0b5c0,30,811092f8-2db7-5749-ad90-adf8763eb900,100.000,EA,546.20,EUR,2025-12-07,
0ac22f13-a092-5073-8bb9-f73508f6a682,2025-10-23T08:00:00Z,system,2025-10-23T08:00:00Z,system,751855b1-0f85-54a7-90b3-46c829b0b5c0,40,7fb17ba4-6dd3-5a8b-a71f-be9e5b3c1f9a,50.000,KG,31.61,EUR,2025-12-07,Production demand
14c904a9-f37c-5abc-86a5-67f1565254a7,2026-01-25T08:00:00Z,system,2026-01-25T08:00:00Z,system,d15a82e6-40ec-596d-b4aa-293b87f1e632,10,6c7c41de-f18d-5d68-9697-8f8c32cb9e5e,10.000,M,1996.78,EUR,2026-02-26,Replacement stock
19cc9e13-7cac-503a-bf87-de888a8119d7,2026-01-25T08:00:00Z,system,2026-01-25T08:00:00Z,system,d15a82e6-40ec-596d-b4aa-293b87f1e632,20,f4d5037c-d38c-5514-b120-c0d70fd1331e,50.000,L,873.93,EUR,2026-02-26,Production demand
1c0224ae-05d0-5790-aeea-a7cb11073286,2026-01-25T08:00:00Z,system,2026-01-25T08:00:00Z,system,d15a82e6-40ec-596d-b4aa-293b87f1e632,30,747bd910-e2d1-5080-b88a-7ef1a35ac5f6,200.000,BOX,1274.16,EUR,2026-02-26,Planned maintenance
04194df6-6113-5deb-a8c6-0303e42f6358,2026-05-18T08:00:00Z,system,2026-05-18T08:00:00Z,system,158a63ef-b5fc-5ce4-84c0-f360bef8fe52,10,99390864-f827-5aef-be8a-287357eedb0f,5.000,BOX,1978.37,EUR,2026-06-01,Planned maintenance
d8d19a4d-3c02-58f5-9dd0-e0bec07b321e,2026-05-18T08:00:00Z,system,2026-05-18T08:00:00Z,system,158a63ef-b5fc-5ce4-84c0-f360bef8fe52,20,2ecf27bf-5cc9-5e4d-bf61-da068d5ffc48,150.000,EA,690.78,EUR,2026-06-01,Planned maintenance
da4807e2-29ac-5f8a-ac37-bd8a2efd5070,2026-02-04T08:00:00Z,system,2026-02-04T08:00:00Z,system,e430e7a9-e6d7-5e21-b431-dfc2d02021c0,10,d3c939e0-3924-58da-a01d-c79899d13ee4,50.000,EA,2117.24,EUR,2026-02-12,Planned maintenance
d54dc6c5-b417-596f-bd45-85f8867d764a,2026-02-04T08:00:00Z,system,2026-02-04T08:00:00Z,system,e430e7a9-e6d7-5e21-b431-dfc2d02021c0,20,c921e193-a3b7-5f2b-800f-213728db4d05,25.000,KG,9.42,EUR,2026-02-12,Replacement stock
ded2e934-6294-5c56-b910-586cc08da68a,2026-04-20T08:00:00Z,system,2026-04-20T08:00:00Z,system,c283da98-aee2-545b-8416-c49e2bc0588c,10,86cd43f5-5e5a-58e0-8882-778206f00530,5.000,KG,16.14,EUR,2026-05-08,Standard requirement
2c31230a-6250-5e47-9c3b-7d852038f768,2026-04-20T08:00:00Z,system,2026-04-20T08:00:00Z,system,c283da98-aee2-545b-8416-c49e2bc0588c,20,9f72fcd8-0de5-52ab-8f85-0c7e59529a02,100.000,EA,371.52,EUR,2026-05-08,Replacement stock
4b0397d6-9115-5876-88a5-62e8dcf1fe80,2026-02-16T08:00:00Z,system,2026-02-16T08:00:00Z,system,8d9b5f0b-a76f-5a13-91b4-de25c3917dca,10,b48aeed1-7840-500f-a433-e19c16974f9d,10.000,SET,1381.86,EUR,2026-03-15,Planned maintenance
f7db1966-a3c5-5eb0-8c54-85d8bface8b5,2026-02-16T08:00:00Z,system,2026-02-16T08:00:00Z,system,8d9b5f0b-a76f-5a13-91b4-de25c3917dca,20,75c713f1-f5c1-515a-b00c-8a93e54aab54,200.000,L,498.25,EUR,2026-03-15,Planned maintenance
74435bdb-9d16-5105-9623-e50b00898bfb,2026-02-16T08:00:00Z,system,2026-02-16T08:00:00Z,system,8d9b5f0b-a76f-5a13-91b4-de25c3917dca,30,94288f21-6926-5da3-827e-38477bc97581,100.000,L,1094.25,EUR,2026-03-15,Standard requirement
b734e5ca-987e-5603-ad46-952041ee60b9,2026-02-16T08:00:00Z,system,2026-02-16T08:00:00Z,system,8d9b5f0b-a76f-5a13-91b4-de25c3917dca,40,15f3b8aa-4649-5a10-a707-45aa1b2b3bf5,100.000,L,2031.83,EUR,2026-03-15,Standard requirement
c33f0c1d-fce3-50ee-a466-4889c4300eea,2026-01-01T08:00:00Z,system,2026-01-01T08:00:00Z,system,ec079a9e-bd2a-511e-8faf-2197820a6b5c,10,a56d36d8-7b2d-5bff-ae8b-8d8002e9d564,1.000,L,1370.03,EUR,2026-02-16,Standard requirement
0fd415ed-b961-5876-b0f3-d0d3af6d61aa,2025-09-23T08:00:00Z,system,2025-09-23T08:00:00Z,system,c9ec3829-79c5-5160-a5f5-711441821a33,10,80c11da5-9f8d-5b62-9f22-c377427c0d7f,50.000,M,1655.65,EUR,2025-11-13,Planned maintenance
a1121fe3-6f58-5c9d-a6f3-3a9c54873df6,2025-09-23T08:00:00Z,system,2025-09-23T08:00:00Z,system,c9ec3829-79c5-5160-a5f5-711441821a33,20,bbccc08a-f2c9-5ff6-a628-fb59284b03ec,25.000,SET,106.66,EUR,2025-11-13,Planned maintenance
74072b8e-39f2-55f9-89fb-a8f800f77434,2025-09-23T08:00:00Z,system,2025-09-23T08:00:00Z,system,c9ec3829-79c5-5160-a5f5-711441821a33,30,5464a7bf-73cd-5738-b7f9-01c417006d3e,50.000,EA,1600.31,EUR,2025-11-13,Planned maintenance
420c05d1-d1ea-52b0-892e-dcd039780fa3,2025-09-23T08:00:00Z,system,2025-09-23T08:00:00Z,system,c9ec3829-79c5-5160-a5f5-711441821a33,40,11bcb360-c513-556e-a8ed-3b43d3afbb6d,200.000,L,2072.69,EUR,2025-11-13,
40039b60-69f3-5a87-a873-bb1ca68451a8,2025-09-01T08:00:00Z,system,2025-09-01T08:00:00Z,system,a2540824-0d32-504a-b900-c34d9ec8f62f,10,1dd3c172-1e4d-56ef-89b5-1f44bd31959f,25.000,M,2601.23,EUR,2025-10-03,Planned maintenance
79b5049c-74b2-599e-9649-4f9c743d84b2,2025-09-01T08:00:00Z,system,2025-09-01T08:00:00Z,system,a2540824-0d32-504a-b900-c34d9ec8f62f,20,21cbb700-5485-5bab-b31b-e024cd04b587,2.000,M,1245.88,EUR,2025-10-03,Planned maintenance
b5e60cf9-4685-5dff-8532-822dca74e7a9,2025-09-01T08:00:00Z,system,2025-09-01T08:00:00Z,system,a2540824-0d32-504a-b900-c34d9ec8f62f,30,9e7b19d9-c9c7-562c-b69b-23994f239c49,1.000,EA,1058.99,EUR,2025-10-03,Replacement stock
3580509a-dd47-5317-a8c2-4c1b903ea3a3,2026-01-07T08:00:00Z,system,2026-01-07T08:00:00Z,system,0948d1b1-cd2b-52ec-ac14-8bb919bb2209,10,1dd3c172-1e4d-56ef-89b5-1f44bd31959f,25.000,M,2473.57,EUR,2026-02-07,
82d268a0-8171-5c61-9317-2bff017a53f2,2026-01-07T08:00:00Z,system,2026-01-07T08:00:00Z,system,0948d1b1-cd2b-52ec-ac14-8bb919bb2209,20,594e1f7d-2ddb-5853-a485-9177631a4db6,200.000,BOX,1263.48,EUR,2026-02-07,Standard requirement
b63e0fac-cdec-5abe-8e36-540f264dfb9d,2026-01-07T08:00:00Z,system,2026-01-07T08:00:00Z,system,0948d1b1-cd2b-52ec-ac14-8bb919bb2209,30,8ecd63dc-042f-5821-9209-3db5b19e8ed7,25.000,EA,2020.86,EUR,2026-02-07,Replacement stock
aee805a3-e58e-5d29-8202-9c96e964cae4,2026-03-11T08:00:00Z,system,2026-03-11T08:00:00Z,system,c7d61cf3-d320-5320-831a-a2516b1e1e32,10,33a77c1e-2f02-54f3-aaf8-2d033e03a54f,25.000,EA,280.47,EUR,2026-04-20,Production demand
b805a7bb-9618-5295-a1b6-93f5d77f4827,2026-03-11T08:00:00Z,system,2026-03-11T08:00:00Z,system,c7d61cf3-d320-5320-831a-a2516b1e1e32,20,425b666f-dd3e-51cf-b65c-1b1c5b49b01e,25.000,M,1459.54,EUR,2026-04-20,Standard requirement
f5b29be8-54a5-527d-a24a-bd379fa0b9ac,2025-09-06T08:00:00Z,system,2025-09-06T08:00:00Z,system,18a709c6-9d06-5281-9243-44176d5987e7,10,96fb08d2-476c-50b5-8ac4-5ecf45934f96,50.000,SET,76.45,EUR,2025-11-10,Production demand
10c845b2-502e-555e-bfca-6fecb622073f,2025-09-06T08:00:00Z,system,2025-09-06T08:00:00Z,system,18a709c6-9d06-5281-9243-44176d5987e7,20,3a0a1e49-476a-536d-b162-93bd126b8104,150.000,L,1967.44,EUR,2025-11-10,
5a93e319-0470-5fc7-b7b5-d8ff9950dac2,2025-09-06T08:00:00Z,system,2025-09-06T08:00:00Z,system,18a709c6-9d06-5281-9243-44176d5987e7,30,74ec4245-16d4-59ad-a64b-e56056485a1c,5.000,EA,2628.26,EUR,2025-11-10,Standard requirement
3dee513f-85da-53dd-b5a1-42650252cf6c,2025-09-06T08:00:00Z,system,2025-09-06T08:00:00Z,system,18a709c6-9d06-5281-9243-44176d5987e7,40,c27d8ed1-1c81-52eb-9e88-e5402f546414,75.000,L,1797.48,EUR,2025-11-10,Planned maintenance
207b638f-1fe9-5050-a3ba-8b27f0fbab68,2025-12-15T08:00:00Z,system,2025-12-15T08:00:00Z,system,7378ef21-1869-570e-915c-028c7d4ae69c,10,f968e107-0cac-5cfd-a628-d3aa05f1e38d,10.000,EA,1058.02,EUR,2026-01-31,Replacement stock
298c2bcb-8641-5d72-8800-29b759386ca1,2025-12-15T08:00:00Z,system,2025-12-15T08:00:00Z,system,7378ef21-1869-570e-915c-028c7d4ae69c,20,29cfd91a-8f49-5d4d-97e2-fb011b81ac36,10.000,L,1362.52,EUR,2026-01-31,Standard requirement
85f9aa7b-5acc-5c4b-9c8c-d781fe882179,2025-12-15T08:00:00Z,system,2025-12-15T08:00:00Z,system,7378ef21-1869-570e-915c-028c7d4ae69c,30,66829174-3fa6-52dd-bbb1-daa7bca60901,150.000,BOX,674.96,EUR,2026-01-31,Standard requirement
dd844638-54cc-5ec1-88f2-a74356c477eb,2025-12-15T08:00:00Z,system,2025-12-15T08:00:00Z,system,7378ef21-1869-570e-915c-028c7d4ae69c,40,7e59f4f1-d7ce-51df-b9a3-a70a1b1ee546,75.000,EA,2302.85,EUR,2026-01-31,Standard requirement
710eb9c4-fc73-5f90-8093-a72bbcc2e777,2026-01-04T08:00:00Z,system,2026-01-04T08:00:00Z,system,4958aba0-eb2f-5d87-8492-477fb01c8d7b,10,4c1fad4a-cd24-54cd-b60f-f4fc7907b672,2.000,KG,36.32,EUR,2026-01-29,
772b5a75-c9bb-5cc2-a8bf-57bb2ba18dd8,2026-01-04T08:00:00Z,system,2026-01-04T08:00:00Z,system,4958aba0-eb2f-5d87-8492-477fb01c8d7b,20,20b9081b-2fb8-5ca6-99f3-12478b5fce53,5.000,KG,11.42,EUR,2026-01-29,Standard requirement
ad6f044f-2c8e-5b3a-9cfc-0cfea78c3aad,2026-01-04T08:00:00Z,system,2026-01-04T08:00:00Z,system,4958aba0-eb2f-5d87-8492-477fb01c8d7b,30,452e2331-a466-542c-832b-33425b59e07a,10.000,EA,2170.42,EUR,2026-01-29,Replacement stock
d3d9be10-0d23-588a-8dfc-3b7de1a77e26,2025-10-18T08:00:00Z,system,2025-10-18T08:00:00Z,system,7ab2fc5b-c961-5f9c-96f5-9111c593ff67,10,74ec4245-16d4-59ad-a64b-e56056485a1c,25.000,EA,2275.58,EUR,2025-11-22,Standard requirement
511d4894-0378-5d87-a4a2-85468d788d11,2025-10-18T08:00:00Z,system,2025-10-18T08:00:00Z,system,7ab2fc5b-c961-5f9c-96f5-9111c593ff67,20,33a43adc-6963-52ef-b1d3-fd2492991b07,5.000,EA,2043.41,EUR,2025-11-22,Replacement stock
8c7236e1-1efc-5016-9639-ba32ae439b0e,2026-05-11T08:00:00Z,system,2026-05-11T08:00:00Z,system,df4a2ae8-7a1a-518b-9956-4a1f40c29957,10,9f268dd5-b99b-5f85-935d-cd614d5d12ad,1.000,KG,26.26,EUR,2026-06-01,
2d3dbca7-727c-5fa6-8420-c9c4d51811c1,2026-05-11T08:00:00Z,system,2026-05-11T08:00:00Z,system,df4a2ae8-7a1a-518b-9956-4a1f40c29957,20,fd4f25a0-d258-5944-8a33-a22b3cf44a4a,100.000,L,858.80,EUR,2026-06-01,
cc59948a-7d5f-5c8b-a4e4-e25171da5f92,2026-03-05T08:00:00Z,system,2026-03-05T08:00:00Z,system,3ae6247c-f1af-526d-aab1-26d3b4b1e877,10,f2c4243e-4417-5346-87ed-f7baa4d23a22,75.000,BOX,1709.70,EUR,2026-03-19,Replacement stock
2cfffa15-0fb1-5b4d-990f-8c189442f28e,2026-03-05T08:00:00Z,system,2026-03-05T08:00:00Z,system,3ae6247c-f1af-526d-aab1-26d3b4b1e877,20,b73f763a-3d8c-562e-9549-a6941040255f,1.000,EA,788.12,EUR,2026-03-19,Standard requirement
b6c3f436-a6ae-5933-a789-28846db03115,2026-03-05T08:00:00Z,system,2026-03-05T08:00:00Z,system,3ae6247c-f1af-526d-aab1-26d3b4b1e877,30,05a4f991-84c1-5839-9f40-938f84dcd65e,5.000,M,1506.79,EUR,2026-03-19,Standard requirement
a4878171-84cf-5ea5-9ee2-63552eaf9090,2026-03-05T08:00:00Z,system,2026-03-05T08:00:00Z,system,3ae6247c-f1af-526d-aab1-26d3b4b1e877,40,9261773a-79a7-5ba7-a7f8-356b7ba60aa2,200.000,EA,1800.77,EUR,2026-03-19,Replacement stock
dbf46a27-7b76-5eb6-a2e5-b8f8b960128a,2025-09-13T08:00:00Z,system,2025-09-13T08:00:00Z,system,5631338b-0771-5077-a811-593f3edac129,10,21cbb700-5485-5bab-b31b-e024cd04b587,75.000,M,1175.65,EUR,2025-10-25,
f546936a-1eee-5442-a26c-60b718a242a1,2025-09-13T08:00:00Z,system,2025-09-13T08:00:00Z,system,5631338b-0771-5077-a811-593f3edac129,20,f4d5037c-d38c-5514-b120-c0d70fd1331e,25.000,L,967.04,EUR,2025-10-25,Planned maintenance
ec977da7-df15-5dc0-a9b7-0752650a5741,2025-09-13T08:00:00Z,system,2025-09-13T08:00:00Z,system,5631338b-0771-5077-a811-593f3edac129,30,fd4f25a0-d258-5944-8a33-a22b3cf44a4a,100.000,L,929.52,EUR,2025-10-25,
16f7ca3a-92fe-5654-92c1-42e1c67b806f,2025-09-13T08:00:00Z,system,2025-09-13T08:00:00Z,system,5631338b-0771-5077-a811-593f3edac129,40,7206ba99-aabc-58a4-962c-b600c27e265f,10.000,KG,36.89,EUR,2025-10-25,Replacement stock
2daf9cba-6931-528a-bf90-b6b5f1a53eb9,2026-03-04T08:00:00Z,system,2026-03-04T08:00:00Z,system,68d3292c-ce9f-5779-a3b0-401143062d3d,10,65f7e1f5-55a6-5a0e-8cfc-7f783180cb51,150.000,L,1917.29,EUR,2026-05-01,Production demand
a815e609-99d1-5b50-af19-3b5a8b177924,2026-03-04T08:00:00Z,system,2026-03-04T08:00:00Z,system,68d3292c-ce9f-5779-a3b0-401143062d3d,20,8c4308df-7ca4-593e-8ebe-c6de544847fa,5.000,L,2197.59,EUR,2026-05-01,Planned maintenance
4aa93e37-6d70-5aa5-8e5c-239f0b6b1f34,2026-07-17T08:00:00Z,system,2026-07-17T08:00:00Z,system,4d4213bd-99d0-56ce-b6fe-fed93ba8bffc,10,c1263224-5b01-5628-b91f-a1409b9c0752,2.000,BOX,1944.56,EUR,2026-09-02,Standard requirement
1dd32be6-1795-524f-94c0-81ce875c0fe7,2026-03-07T08:00:00Z,system,2026-03-07T08:00:00Z,system,9807fa00-7f3f-5300-8ca0-2ba75532d18d,10,21cbb700-5485-5bab-b31b-e024cd04b587,10.000,M,1362.59,EUR,2026-03-17,
fdb63dff-2312-5a02-9199-81cc78b38e5a,2025-11-11T08:00:00Z,system,2025-11-11T08:00:00Z,system,074d0c82-7822-555e-98e9-c57cbf08632d,10,b0ab2af3-a243-52cb-867b-07afe9932cc1,10.000,EA,2542.17,EUR,2026-01-16,
3e5fe4bd-cb24-5034-b0da-4cb743044a68,2025-11-11T08:00:00Z,system,2025-11-11T08:00:00Z,system,074d0c82-7822-555e-98e9-c57cbf08632d,20,accc637f-3162-5d58-877b-1b8457c93561,100.000,L,1383.46,EUR,2026-01-16,
a0312024-8004-5588-9a30-2d151d1b3d28,2025-10-01T08:00:00Z,system,2025-10-01T08:00:00Z,system,42ab0706-4d2a-56b1-a3ef-679808bc1b64,10,f86c9292-1db7-5162-81d0-0b6ff62e922d,5.000,SET,1011.03,EUR,2025-10-10,Replacement stock
fcdab043-8040-50c4-adb0-b65d165a1bbb,2025-12-20T08:00:00Z,system,2025-12-20T08:00:00Z,system,a5f1c7fc-62e6-5656-872c-9a533663768e,10,9390c973-ffaf-555f-9cb1-d1547db4c4d9,100.000,SET,1726.51,EUR,2026-01-31,Production demand
59c6489c-a389-5275-94bf-5f23fca2831a,2025-12-20T08:00:00Z,system,2025-12-20T08:00:00Z,system,a5f1c7fc-62e6-5656-872c-9a533663768e,20,81934ea3-15d5-5130-8a88-15160030bb8c,75.000,BOX,1973.36,EUR,2026-01-31,Production demand
c9986b0b-c97d-56d6-bff9-9e0e331cec4f,2025-12-20T08:00:00Z,system,2025-12-20T08:00:00Z,system,a5f1c7fc-62e6-5656-872c-9a533663768e,30,748d36d0-ad0a-5e2f-ae52-4b9bd4ac6a44,75.000,M,1954.97,EUR,2026-01-31,
2d7aade4-1445-550d-ae0a-848f032c76cf,2026-05-02T08:00:00Z,system,2026-05-02T08:00:00Z,system,71b15405-a4ee-5415-b38c-ce743a6c2341,10,9f268dd5-b99b-5f85-935d-cd614d5d12ad,2.000,KG,23.52,EUR,2026-05-19,Production demand
4276e8ef-8aeb-566a-832c-7f894e6190aa,2026-05-02T08:00:00Z,system,2026-05-02T08:00:00Z,system,71b15405-a4ee-5415-b38c-ce743a6c2341,20,612fada6-761e-5f21-9247-4531ae1ea588,20.000,L,459.45,EUR,2026-05-19,
22b894e7-bbc9-5540-b354-8435304c40d4,2026-01-21T08:00:00Z,system,2026-01-21T08:00:00Z,system,cda46022-9396-5e4d-97e4-729bc0787742,10,96fb08d2-476c-50b5-8ac4-5ecf45934f96,20.000,SET,72.39,EUR,2026-03-10,Planned maintenance
7637bb0e-b7aa-5d6d-9640-1babe8f1e293,2026-01-09T08:00:00Z,system,2026-01-09T08:00:00Z,system,ea0af65f-5143-5d47-88d3-cd25239212f8,10,92383fa1-d27d-5e6a-b93a-e9f0ff565f05,10.000,EA,1089.14,EUR,2026-02-27,Standard requirement
1ad0ef40-520f-5de0-87eb-59ff9d8ba273,2026-01-09T08:00:00Z,system,2026-01-09T08:00:00Z,system,ea0af65f-5143-5d47-88d3-cd25239212f8,20,b195eb87-b559-5dc2-9e04-6eabb78ca3ef,2.000,SET,1875.74,EUR,2026-02-27,Replacement stock
95654d8e-4d34-50fa-a147-e8323ff06b27,2026-01-09T08:00:00Z,system,2026-01-09T08:00:00Z,system,ea0af65f-5143-5d47-88d3-cd25239212f8,30,dc089f09-34df-5a3e-bedb-2c2e0f21465e,20.000,L,1467.14,EUR,2026-02-27,Standard requirement
59e9bf1d-ade4-5be9-95b9-6b8fad598054,2026-01-09T08:00:00Z,system,2026-01-09T08:00:00Z,system,ea0af65f-5143-5d47-88d3-cd25239212f8,40,4cdc5ff6-d193-563c-9400-f57baf1162a6,150.000,BOX,913.51,EUR,2026-02-27,Standard requirement
0a364352-8376-5b21-ba7c-f27e8ab967c0,2025-10-26T08:00:00Z,system,2025-10-26T08:00:00Z,system,74cfcf07-4f08-5a50-89ff-b64e18511298,10,811092f8-2db7-5749-ad90-adf8763eb900,2.000,EA,582.77,EUR,2025-11-21,
6f5dbfdb-5874-5492-8a5c-cdb9cf3b4d41,2025-10-26T08:00:00Z,system,2025-10-26T08:00:00Z,system,74cfcf07-4f08-5a50-89ff-b64e18511298,20,e64ca70f-33df-53bc-81e4-7c69dabb1d6d,2.000,M,2396.72,EUR,2025-11-21,Replacement stock
be0a67f5-497f-5bfd-99bb-4a2766d847eb,2025-10-26T08:00:00Z,system,2025-10-26T08:00:00Z,system,74cfcf07-4f08-5a50-89ff-b64e18511298,30,f86c9292-1db7-5162-81d0-0b6ff62e922d,2.000,SET,1013.26,EUR,2025-11-21,
37c70ba7-222b-581a-8496-59cac4704906,2025-10-26T08:00:00Z,system,2025-10-26T08:00:00Z,system,74cfcf07-4f08-5a50-89ff-b64e18511298,40,9e7b19d9-c9c7-562c-b69b-23994f239c49,1.000,EA,1134.47,EUR,2025-11-21,
74ef4f1b-fe7a-5409-899a-8b544a153abd,2026-03-09T08:00:00Z,system,2026-03-09T08:00:00Z,system,772cab1d-8a45-5d44-8f2d-50ab910e1468,10,8955b821-56c4-50e4-a768-f8cd91a81833,200.000,BOX,1768.62,EUR,2026-03-20,
1c8409f9-7bd0-5887-af4c-efe857e7ea13,2026-03-09T08:00:00Z,system,2026-03-09T08:00:00Z,system,772cab1d-8a45-5d44-8f2d-50ab910e1468,20,85f6ae6a-e37a-5c6a-8c20-f972d8291238,150.000,M,162.22,EUR,2026-03-20,
f0df017d-e7dd-5345-97a3-fafb2c89a7b5,2026-03-09T08:00:00Z,system,2026-03-09T08:00:00Z,system,772cab1d-8a45-5d44-8f2d-50ab910e1468,30,8d9d0fdb-dc82-543c-8c83-c722c23d8840,1.000,EA,721.44,EUR,2026-03-20,Replacement stock
8abd8f37-6de4-59b3-a6c5-f2428c4ad8d1,2026-06-16T08:00:00Z,system,2026-06-16T08:00:00Z,system,e514d734-d704-5eee-8910-da64897be3f7,10,26b04983-d84b-57db-acd1-68d00120334b,50.000,L,1397.91,EUR,2026-08-29,
ea716341-0d10-5717-961b-ca5f39a92a5f,2026-06-16T08:00:00Z,system,2026-06-16T08:00:00Z,system,e514d734-d704-5eee-8910-da64897be3f7,20,51a7a682-3b4d-51e0-bc82-813005d006b8,1.000,BOX,1870.53,EUR,2026-08-29,Planned maintenance
9c33764f-7954-5972-b1ba-baeadb93caa5,2026-06-16T08:00:00Z,system,2026-06-16T08:00:00Z,system,e514d734-d704-5eee-8910-da64897be3f7,30,65e45d5d-37a2-56b1-837a-6d62a46b2ae9,2.000,BOX,221.75,EUR,2026-08-29,Standard requirement
fe791e6b-f84f-5c3a-819f-1462d81be84d,2026-01-10T08:00:00Z,system,2026-01-10T08:00:00Z,system,f5fd955a-1272-55be-b629-1108d663f9df,10,9390c973-ffaf-555f-9cb1-d1547db4c4d9,20.000,SET,1547.57,EUR,2026-01-27,
3f67bb38-a80a-5d91-a2bd-e8c163bad4db,2026-01-10T08:00:00Z,system,2026-01-10T08:00:00Z,system,f5fd955a-1272-55be-b629-1108d663f9df,20,18842f90-d5d5-59ad-837c-f13f2b55bb62,25.000,EA,1259.68,EUR,2026-01-27,Replacement stock
164d7e48-8649-5182-8719-263288a77337,2026-01-10T08:00:00Z,system,2026-01-10T08:00:00Z,system,f5fd955a-1272-55be-b629-1108d663f9df,30,8ecd63dc-042f-5821-9209-3db5b19e8ed7,75.000,EA,2280.73,EUR,2026-01-27,Production demand
91235a30-0273-545a-88ee-1dcd97574f02,2026-03-14T08:00:00Z,system,2026-03-14T08:00:00Z,system,ad501730-e306-5d2b-b3bb-57a5b9d7c7bb,10,d3c939e0-3924-58da-a01d-c79899d13ee4,20.000,EA,2173.73,EUR,2026-03-21,Replacement stock
65698199-9d6e-53f4-bda1-3f6227ddd135,2026-01-08T08:00:00Z,system,2026-01-08T08:00:00Z,system,4e046638-b977-5ecb-84dc-03519add7c99,10,d80537fd-c1c9-5741-8e8d-02dd52dc79bd,20.000,KG,22.31,EUR,2026-01-27,Standard requirement
1787a9ff-0c25-5fd4-ba5c-9dd9b68b6014,2026-01-08T08:00:00Z,system,2026-01-08T08:00:00Z,system,4e046638-b977-5ecb-84dc-03519add7c99,20,5bced482-deea-5fc4-8653-6c41fc86806e,1.000,M,2385.69,EUR,2026-01-27,Planned maintenance
31a9ad66-4dae-58b8-ae8e-7d2c197b744e,2026-01-08T08:00:00Z,system,2026-01-08T08:00:00Z,system,4e046638-b977-5ecb-84dc-03519add7c99,30,1cedd62f-02fd-505a-b102-9f80692d77d7,2.000,BOX,1877.17,EUR,2026-01-27,Planned maintenance
a116c83c-a754-5c53-9c0e-917fada3fa56,2025-09-02T08:00:00Z,system,2025-09-02T08:00:00Z,system,3d2f070f-1a56-5ab9-957d-6165383e3c4f,10,81934ea3-15d5-5130-8a88-15160030bb8c,150.000,BOX,1857.17,EUR,2025-11-12,Planned maintenance
60b58e3e-d3f5-50b8-a9c0-a6e8b04affbe,2025-09-02T08:00:00Z,system,2025-09-02T08:00:00Z,system,3d2f070f-1a56-5ab9-957d-6165383e3c4f,20,20b9081b-2fb8-5ca6-99f3-12478b5fce53,50.000,KG,12.55,EUR,2025-11-12,Standard requirement
cd2ab6cd-379f-587d-902d-199d74e11645,2025-09-02T08:00:00Z,system,2025-09-02T08:00:00Z,system,3d2f070f-1a56-5ab9-957d-6165383e3c4f,30,9c2269ae-4d62-5146-b30e-9e301d4108b0,200.000,EA,576.54,EUR,2025-11-12,
6e4ebc70-cab8-57c3-98c3-e07bf46b0c15,2026-07-04T08:00:00Z,system,2026-07-04T08:00:00Z,system,1234f7be-acaa-5b91-97f2-37d9d73728c4,10,8a88a029-d7a6-5756-bff0-19a8dbb9a099,75.000,L,602.12,EUR,2026-09-04,Replacement stock
48001f93-22f0-5505-88ac-e677cc55a375,2026-07-04T08:00:00Z,system,2026-07-04T08:00:00Z,system,1234f7be-acaa-5b91-97f2-37d9d73728c4,20,29cfd91a-8f49-5d4d-97e2-fb011b81ac36,50.000,L,1245.64,EUR,2026-09-04,Standard requirement
9c039784-1296-51ed-80cf-0da36a040314,2026-07-20T08:00:00Z,system,2026-07-20T08:00:00Z,system,cc8fed96-33b7-5232-aaa5-04d84d9e392a,10,219cd16c-a048-5e62-90b0-7924b1431b82,150.000,L,1327.76,EUR,2026-09-30,Planned maintenance
1aa01d89-af51-50a0-8677-2b36c97a8fd0,2026-07-20T08:00:00Z,system,2026-07-20T08:00:00Z,system,cc8fed96-33b7-5232-aaa5-04d84d9e392a,20,d0cb5824-8127-5ca6-8364-98b5469fc7c7,150.000,EA,1261.56,EUR,2026-09-30,
d9cb94a0-1d76-5df8-9dfc-146d01cd92c8,2026-07-20T08:00:00Z,system,2026-07-20T08:00:00Z,system,cc8fed96-33b7-5232-aaa5-04d84d9e392a,30,5ff325a3-cf1b-5887-bd0f-e1da5d5e6a57,200.000,BOX,760.92,EUR,2026-09-30,Production demand
79bdb83f-46ce-50df-8605-76419d8c1457,2026-01-11T08:00:00Z,system,2026-01-11T08:00:00Z,system,d1b5de0b-241c-545e-863d-615e523114f5,10,b73f763a-3d8c-562e-9549-a6941040255f,50.000,EA,889.97,EUR,2026-01-28,
fba68c08-8302-54c5-9423-3f7e69a4e8b9,2026-01-11T08:00:00Z,system,2026-01-11T08:00:00Z,system,d1b5de0b-241c-545e-863d-615e523114f5,20,2ecf27bf-5cc9-5e4d-bf61-da068d5ffc48,20.000,EA,766.38,EUR,2026-01-28,Planned maintenance
3843bedd-3c1d-5ac6-b9b0-58182dbdb46c,2026-01-11T08:00:00Z,system,2026-01-11T08:00:00Z,system,d1b5de0b-241c-545e-863d-615e523114f5,30,b565639f-0e27-5958-90ec-8e31f21798a1,2.000,KG,6.51,EUR,2026-01-28,Production demand
0ce3be0c-ef3b-5f38-a0a1-91c1eda05265,2026-01-11T08:00:00Z,system,2026-01-11T08:00:00Z,system,d1b5de0b-241c-545e-863d-615e523114f5,40,5994f62a-190b-5f64-a95c-9773a244fa2e,150.000,SET,1544.22,EUR,2026-01-28,Replacement stock
