ID,createdAt,createdBy,modifiedAt,modifiedBy,purchaseOrderNumber,supplier_ID,plant_ID,buyer_ID,orderDate,deliveryDate,status,currency_code,netAmount,taxAmount,totalAmount,paymentTerms,incoterm,approvedBy_ID,approvedAt,notes
b8a209e1-4c7a-5ec8-b90f-12b83de64671,2026-05-03T08:00:00Z,system,2026-05-03T08:00:00Z,system,4500000001,0e7989e3-b333-5cb4-9f42-168c3ddc0475,9f6bd345-59f3-56b7-b1b4-8a3e5fab6656,7c801ba4-5463-5410-bdfc-fb9770b2a7c7,2026-05-03,2026-07-08,COMPLETED,EUR,373693.75,71001.81,444695.56,0003,CIP,91e632eb-67bf-5d38-a8b5-8e84d43dd62b,2026-05-06T08:00:00Z,Project-specific procurement
c2e4b784-59ee-58e9-8a6b-b9ca0eb71821,2026-04-08T08:00:00Z,system,2026-04-08T08:00:00Z,system,4500000002,884f5851-1e34-5f63-ad75-a94a773d1ad3,9f6bd345-59f3-56b7-b1b4-8a3e5fab6656,deb3fb29-3383-5c3d-9343-4b0681551f8f,2026-04-08,2026-05-20,COMPLETED,EUR,75873.61,14415.99,90289.60,Z060,FCA,0737d81c-800f-585f-8a81-5742f5aa93a6,2026-04-08T08:00:00Z,Standard procurement order
cf9381bb-0ecc-57fe-ad79-ecf17607cb18,2026-02-14T08:00:00Z,system,2026-02-14T08:00:00Z,system,4500000003,359fa532-4eff-5ff0-b581-ecd02cbc2439,51ca2c43-9865-5eed-88e1-7efd0be651e9,78f316cf-bc76-5bab-9068-b36833d8b019,2026-02-14,2026-04-04,ORDERED,EUR,133056.04,30602.89,163658.93,0003,CIP,0737d81c-800f-585f-8a81-5742f5aa93a6,2026-02-15T08:00:00Z,Priority supplier order
b665e407-7416-5ae2-bb6c-c37ab9dbb5b6,2026-04-10T08:00:00Z,system,2026-04-10T08:00:00Z,system,4500000004,fc881ce9-571f-5e00-8519-4a0a92991103,26221d5e-2e66-5ea9-8c4d-30720ed59583,762dab21-f406-51e5-938f-353039145619,2026-04-10,2026-05-04,ORDERED,EUR,332866.96,59916.05,392783.01,Z045,EXW,78f316cf-bc76-5bab-9068-b36833d8b019,2026-04-13T08:00:00Z,Standard procurement order
20234219-565c-5096-a804-ab4c5416e5b8,2026-05-02T08:00:00Z,system,2026-05-02T08:00:00Z,system,4500000005,bd1f39ee-0971-5fa0-b5e0-5483a5478547,89693957-df41-5038-b06b-8fcd13674f65,f4bfe1cc-a9ff-5838-84b3-8d0b8a482a8d,2026-05-02,2026-05-22,COMPLETED,PLN,907545.64,208735.50,1116281.14,0001,FCA,78f316cf-bc76-5bab-9068-b36833d8b019,2026-05-04T08:00:00Z,
7d2cbb2c-ab59-5e66-b77c-d20645b0689e,2025-11-01T08:00:00Z,system,2025-11-01T08:00:00Z,system,4500000006,b87c753c-6aec-5a34-986e-6b7063eb1eb3,5528724a-ec45-5c0d-ac18-8666390c638c,d778b989-a675-5d3f-8009-55dfeceec6f9,2025-11-01,2025-12-05,ORDERED,GBP,45078.50,9466.48,54544.98,Z045,CIP,78f316cf-bc76-5bab-9068-b36833d8b019,2025-11-03T08:00:00Z,Project-specific procurement
2adcf972-70db-5cca-9d36-18c043dbeab9,2026-04-28T08:00:00Z,system,2026-04-28T08:00:00Z,system,4500000007,0a065745-a966-5f0d-8fc3-ddeaa9abdfec,78e17b4f-64d9-5a1f-8e02-e8a798b67ff0,24356e6d-8de5-5316-88e3-702cdfd23228,2026-04-28,2026-05-20,COMPLETED,EUR,304856.33,57922.70,362779.03,0003,CPT,d925509d-9c4c-55ac-990d-b19752aa437c,2026-04-30T08:00:00Z,Priority supplier order
0a62cb65-3c53-58fd-a537-10474a522d51,2026-03-04T08:00:00Z,system,2026-03-04T08:00:00Z,system,4500000008,c9e9137a-fbd0-5b48-86f9-b6693cb7cf2f,329ee744-d62e-5fc4-a06d-cd6019444aa8,4cc33be3-e381-5651-8754-1dfb4784e453,2026-03-04,2026-04-16,COMPLETED,CAD,178767.26,33965.78,212733.04,0001,CIP,91e632eb-67bf-5d38-a8b5-8e84d43dd62b,2026-03-06T08:00:00Z,
ce042739-821f-57b6-9cd5-2072dd6ee887,2025-10-13T08:00:00Z,system,2025-10-13T08:00:00Z,system,4500000009,0a065745-a966-5f0d-8fc3-ddeaa9abdfec,34b80a58-c167-5ea6-9b2c-d151aa2ea5a3,8e723945-6a6c-5803-a42e-c1347adfc586,2025-10-13,2025-10-26,COMPLETED,EUR,22954.95,4361.44,27316.39,0003,CPT,c7e3e4e0-4eb0-57ed-973a-248aa1d4166f,2025-10-14T08:00:00Z,Quarterly replenishment
f9d9eec2-abb0-5f2e-bc4d-64834508b26f,2026-01-14T08:00:00Z,system,2026-01-14T08:00:00Z,system,4500000010,93067b6e-59b9-55e4-837d-0482b5bedd04,3e8df789-1fad-5f45-9e4e-ae08a2240191,f4bfe1cc-a9ff-5838-84b3-8d0b8a482a8d,2026-01-14,2026-02-21,COMPLETED,EUR,26740.32,6150.27,32890.59,Z030,DDP,2cd38cf3-5347-5c8e-9bec-7cbfde8bcfb8,2026-01-17T08:00:00Z,Priority supplier order
384eae6c-ac31-5ef3-a7f4-675077191111,2026-01-17T08:00:00Z,system,2026-01-17T08:00:00Z,system,4500000011,b2062365-15e8-5d1c-ae5c-a2c4459e969a,3e8df789-1fad-5f45-9e4e-ae08a2240191,7c801ba4-5463-5410-bdfc-fb9770b2a7c7,2026-01-17,2026-03-10,COMPLETED,CAD,38442.78,8072.98,46515.76,0003,EXW,4deefa0a-1e41-5a72-a113-c2b82a9ea70b,2026-01-19T08:00:00Z,Project-specific procurement
f59da89c-1518-5545-8d23-6cb882cf7d55,2025-12-22T08:00:00Z,system,2025-12-22T08:00:00Z,system,4500000012,6da4b9d9-a7ad-549b-9ffd-2b4f6a0184ea,26221d5e-2e66-5ea9-8c4d-30720ed59583,113128ae-1f79-5f39-8c07-f3d07a663bae,2025-12-22,2026-01-10,COMPLETED,CHF,346172.67,79619.71,425792.38,0002,DAP,78f316cf-bc76-5bab-9068-b36833d8b019,2025-12-24T08:00:00Z,Quarterly replenishment
22c10ab8-a747-58a5-89f3-7f31ec59eeec,2026-06-06T08:00:00Z,system,2026-06-06T08:00:00Z,system,4500000013,5fbcdd4c-a131-52b4-b068-b19472e199e6,e294ac9d-bd77-5078-ba31-f74bebb60488,0a9b9cf2-8c50-54fd-b243-53899f77bb55,2026-06-06,2026-06-26,SUBMITTED,GBP,81538.62,17123.11,98661.73,Z045,EXW,,,Standard procurement order
efcb835d-d6db-5477-8de3-4c989078008c,2026-07-27T08:00:00Z,system,2026-07-27T08:00:00Z,system,4500000014,93067b6e-59b9-55e4-837d-0482b5bedd04,efd8a8e4-0bb8-5f9e-be95-16451417acb0,7c801ba4-5463-5410-bdfc-fb9770b2a7c7,2026-07-27,2026-09-27,ORDERED,EUR,417553.60,75159.65,492713.25,Z030,DDP,c7e3e4e0-4eb0-57ed-973a-248aa1d4166f,2026-07-30T08:00:00Z,Quarterly replenishment
1890c026-a5e3-58ef-8ada-d194fa5c42d7,2026-04-09T08:00:00Z,system,2026-04-09T08:00:00Z,system,4500000015,b15dfe01-245c-5c44-b8e3-e4299119c304,12473360-94f1-5fba-a391-36ce9d7f31be,bf01dabf-7f6b-5183-895b-36a5584e7d8d,2026-04-09,2026-04-23,SUBMITTED,EUR,17355.58,3124.00,20479.58,Z030,EXW,,,
f60dea83-af3d-5ef6-9692-be9312dde5ae,2026-06-01T08:00:00Z,system,2026-06-01T08:00:00Z,system,4500000016,d793f1b1-63cb-5e54-90fc-fbfc7ddf9248,03aef187-5272-56c7-bfc4-cf8b61ecf06b,e1c1d5bd-6452-5e7c-9911-1b5d499df0eb,2026-06-01,2026-06-23,COMPLETED,EUR,171180.71,35947.95,207128.66,Z045,DAP,78f316cf-bc76-5bab-9068-b36833d8b019,2026-06-03T08:00:00Z,Priority supplier order
dfa02dd6-7cc8-586f-9c69-1ae66adb01aa,2025-11-19T08:00:00Z,system,2025-11-19T08:00:00Z,system,4500000017,2a64ab18-32db-5e0b-85a4-bd5238baa6d3,e6d386f5-8b03-578e-aca0-68c8e68a10d1,2cd38cf3-5347-5c8e-9bec-7cbfde8bcfb8,2025-11-19,2025-12-22,COMPLETED,DKK,304270.16,57811.33,362081.49,0003,DDP,4deefa0a-1e41-5a72-a113-c2b82a9ea70b,2025-11-20T08:00:00Z,Quarterly replenishment
74de987d-acae-51f4-a3a4-030ff35a7b11,2026-02-23T08:00:00Z,system,2026-02-23T08:00:00Z,system,4500000018,3b018b68-0323-520e-b88f-fd6f1a05e7b9,51ca2c43-9865-5eed-88e1-7efd0be651e9,c7e3e4e0-4eb0-57ed-973a-248aa1d4166f,2026-02-23,2026-03-08,COMPLETED,CZK,3487630.44,627773.48,4115403.92,Z060,FCA,2cd38cf3-5347-5c8e-9bec-7cbfde8bcfb8,2026-02-25T08:00:00Z,Project-specific procurement
83835ca3-e509-59df-99bb-980b845a3df6,2026-05-22T08:00:00Z,system,2026-05-22T08:00:00Z,system,4500000019,d2bf3709-0518-53ca-af9e-9b58adb6c37d,03aef187-5272-56c7-bfc4-cf8b61ecf06b,53657725-cc33-52fa-bf83-e8ebce35acc6,2026-05-22,2026-06-28,DRAFT,EUR,202797.02,42587.37,245384.39,0003,CPT,,,Project-specific procurement
02e5d242-d3b0-5200-aab4-d3cdafa209b6,2026-02-19T08:00:00Z,system,2026-02-19T08:00:00Z,system,4500000020,90e10c7e-6736-59c8-948e-d8729b244cbb,113d871c-fdd0-59b0-922b-71a1f17a7a5b,b0637871-bb7d-59e4-8037-d5e1bbe0560a,2026-02-19,2026-03-16,COMPLETED,EUR,72155.29,13709.51,85864.80,Z060,CIP,4deefa0a-1e41-5a72-a113-c2b82a9ea70b,2026-02-22T08:00:00Z,Project-specific procurement
c3953874-ea5c-52cc-95de-102fb149cf61,2026-03-18T08:00:00Z,system,2026-03-18T08:00:00Z,system,4500000021,96a68ba6-f5c3-582f-b5dd-32442951c1e2,51ca2c43-9865-5eed-88e1-7efd0be651e9,762dab21-f406-51e5-938f-353039145619,2026-03-18,2026-03-23,COMPLETED,GBP,272190.00,48994.20,321184.20,Z030,FCA,4deefa0a-1e41-5a72-a113-c2b82a9ea70b,2026-03-21T08:00:00Z,Quarterly replenishment
1dd9fac2-0af1-5b1e-9018-490d92d52e43,2026-02-07T08:00:00Z,system,2026-02-07T08:00:00Z,system,4500000022,59b08f46-6268-5135-959b-28e10d381b78,87cb6569-bd40-5e24-8586-da21fbea3a81,b0637871-bb7d-59e4-8037-d5e1bbe0560a,2026-02-07,2026-03-12,COMPLETED,EUR,170056.01,32310.64,202366.65,Z045,CPT,0a9b9cf2-8c50-54fd-b243-53899f77bb55,2026-02-09T08:00:00Z,Standard procurement order
239d492b-ccc8-5c69-8430-3edfe07bacab,2026-06-29T08:00:00Z,system,2026-06-29T08:00:00Z,system,4500000023,bb468112-b8da-577b-8a64-e0f89be5b8ff,e294ac9d-bd77-5078-ba31-f74bebb60488,5f639525-25c5-54fa-aa87-ccfe5b39776a,2026-06-29,2026-08-28,SUBMITTED,EUR,32441.25,7461.49,39902.74,Z060,CPT,,,Standard procurement order
69d35ae3-b922-5075-b875-f8abc9133626,2025-10-29T08:00:00Z,system,2025-10-29T08:00:00Z,system,4500000024,f7190352-c6c4-5faf-95cf-5bd66bc37b3c,51ca2c43-9865-5eed-88e1-7efd0be651e9,24356e6d-8de5-5316-88e3-702cdfd23228,2025-10-29,2025-12-10,APPROVED,CAD,174245.39,31364.17,205609.56,0003,EXW,0737d81c-800f-585f-8a81-5742f5aa93a6,2025-10-30T08:00:00Z,
9b0ebf83-3c03-565c-acb1-155cca6fd2e4,2026-05-18T08:00:00Z,system,2026-05-18T08:00:00Z,system,4500000025,cfe20baa-62bb-5713-863b-db3fe7da6a3d,0450cf2b-52b5-5c7a-95b0-bbdc67bca724,4e5e44a7-230a-5238-af8a-6363cf5be42b,2026-05-18,2026-07-24,COMPLETED,GBP,124671.76,24934.35,149606.11,0002,DDP,91e632eb-67bf-5d38-a8b5-8e84d43dd62b,2026-05-19T08:00:00Z,Project-specific procurement
2486c454-d7e0-51e7-b4f3-11db6217a23d,2026-05-20T08:00:00Z,system,2026-05-20T08:00:00Z,system,4500000026,aee6450e-4511-5d45-adb8-f7752be64638,5528724a-ec45-5c0d-ac18-8666390c638c,53657725-cc33-52fa-bf83-e8ebce35acc6,2026-05-20,2026-07-06,ORDERED,PLN,294497.06,61844.38,356341.44,Z030,DAP,78f316cf-bc76-5bab-9068-b36833d8b019,2026-05-21T08:00:00Z,Quarterly replenishment
77346ccb-c22c-5d3c-bc7c-042104cd0b21,2026-05-08T08:00:00Z,system,2026-05-08T08:00:00Z,system,4500000027,f7190352-c6c4-5faf-95cf-5bd66bc37b3c,d425a94e-8ac6-50ba-81e4-27a328a21379,762dab21-f406-51e5-938f-353039145619,2026-05-08,2026-05-15,ORDERED,CAD,242252.95,43605.53,285858.48,0003,EXW,78f316cf-bc76-5bab-9068-b36833d8b019,2026-05-08T08:00:00Z,Quarterly replenishment
1c618ed6-c394-5085-b5ff-3ff6d3d83684,2026-07-25T08:00:00Z,system,2026-07-25T08:00:00Z,system,4500000028,f63b9909-85ce-59ad-9d5e-17342163100f,283bb6f3-df62-5cb4-9d4b-a62afcbbb11d,4e216c0a-c972-5f8b-9c46-6350e9b7fcd3,2026-07-25,2026-09-01,COMPLETED,CZK,13382178.77,2408792.18,15790970.95,Z030,DDP,0a9b9cf2-8c50-54fd-b243-53899f77bb55,2026-07-28T08:00:00Z,Project-specific procurement
60f201fd-9ae7-5c14-8b1f-41572f07c3af,2026-03-27T08:00:00Z,system,2026-03-27T08:00:00Z,system,4500000029,984c11de-cc53-5f88-b387-edbfeb6e675a,12473360-94f1-5fba-a391-36ce9d7f31be,53657725-cc33-52fa-bf83-e8ebce35acc6,2026-03-27,2026-04-13,ORDERED,GBP,242092.11,48418.42,290510.53,Z060,DDP,d925509d-9c4c-55ac-990d-b19752aa437c,2026-03-28T08:00:00Z,Priority supplier order
bf9115a4-4232-538b-a7a8-811e80d26905,2026-07-20T08:00:00Z,system,2026-07-20T08:00:00Z,system,4500000030,7655230e-ef2f-5754-b7eb-84089011038a,78e17b4f-64d9-5a1f-8e02-e8a798b67ff0,2cd38cf3-5347-5c8e-9bec-7cbfde8bcfb8,2026-07-20,2026-08-07,ORDERED,EUR,631914.20,120063.70,751977.90,Z060,EXW,c7e3e4e0-4eb0-57ed-973a-248aa1d4166f,2026-07-20T08:00:00Z,
e7495fed-208c-5906-8565-fe25ae5dbcae,2026-04-17T08:00:00Z,system,2026-04-17T08:00:00Z,system,4500000031,e7adb3bc-bb01-5e5f-bbed-7b156e5f54b8,3e8df789-1fad-5f45-9e4e-ae08a2240191,362bb051-fb3b-5a89-9979-8640133ad18b,2026-04-17,2026-05-01,COMPLETED,EUR,264077.40,55456.25,319533.65,0002,EXW,0a9b9cf2-8c50-54fd-b243-53899f77bb55,2026-04-20T08:00:00Z,Priority supplier order
74abf032-598b-549a-a5d4-04afe7532fa5,2026-05-30T08:00:00Z,system,2026-05-30T08:00:00Z,system,4500000032,4905c412-da5c-5c34-bb71-a406f34a50f9,681d3a1f-6166-5793-8dd0-2f9ae8a7e909,4e216c0a-c972-5f8b-9c46-6350e9b7fcd3,2026-05-30,2026-07-19,COMPLETED,PLN,1458211.20,291642.24,1749853.44,Z060,DDP,4deefa0a-1e41-5a72-a113-c2b82a9ea70b,2026-06-01T08:00:00Z,
f0258dd3-3eb1-5b33-bf64-1433fadd5e4e,2026-03-08T08:00:00Z,system,2026-03-08T08:00:00Z,system,4500000033,60eeff72-afa3-5425-9ed3-d24b0eb590b7,87cb6569-bd40-5e24-8586-da21fbea3a81,24356e6d-8de5-5316-88e3-702cdfd23228,2026-03-08,2026-03-31,APPROVED,SEK,3366310.33,639598.96,4005909.29,Z030,FCA,0a9b9cf2-8c50-54fd-b243-53899f77bb55,2026-03-08T08:00:00Z,
73800759-5fa8-5511-8509-1f3d344dc49a,2026-02-14T08:00:00Z,system,2026-02-14T08:00:00Z,system,4500000034,1e6af728-f1a9-58e4-83dd-e019059d95b9,3cab26fd-f62f-5970-ad42-c321a067cf36,6a4dd11c-1048-5284-aa7d-1444c1c67877,2026-02-14,2026-03-07,SUBMITTED,PLN,27995.95,5599.19,33595.14,Z030,FCA,,,Quarterly replenishment
6a4d0ecc-60ed-5765-a728-27ab4a8589bc,2026-02-22T08:00:00Z,system,2026-02-22T08:00:00Z,system,4500000035,0a065745-a966-5f0d-8fc3-ddeaa9abdfec,78e17b4f-64d9-5a1f-8e02-e8a798b67ff0,88db520f-00d6-51aa-8b62-c7a88dd50f4c,2026-02-22,2026-03-31,COMPLETED,EUR,47602.32,9044.44,56646.76,0003,CPT,0a9b9cf2-8c50-54fd-b243-53899f77bb55,2026-02-23T08:00:00Z,Quarterly replenishment
36425fb1-4ee4-52d7-9616-f130a23a8b9a,2026-01-07T08:00:00Z,system,2026-01-07T08:00:00Z,system,4500000036,fade348f-52ae-5a47-bce2-e9f1380900f1,3cab26fd-f62f-5970-ad42-c321a067cf36,f911dfb3-26ad-5d1f-b884-074c195d7b36,2026-01-07,2026-02-20,COMPLETED,CZK,2556997.29,511399.46,3068396.75,Z045,FCA,0a9b9cf2-8c50-54fd-b243-53899f77bb55,2026-01-07T08:00:00Z,Priority supplier order
6243001e-35dc-5c38-bc0a-eb63d9c3c0ff,2026-06-26T08:00:00Z,system,2026-06-26T08:00:00Z,system,4500000037,d5f4a9fb-8418-5f72-bb85-8b4e25a61de3,e6d386f5-8b03-578e-aca0-68c8e68a10d1,344e75d1-f4ee-5da0-b8c0-d2949c9f7794,2026-06-26,2026-08-11,COMPLETED,EUR,400442.36,76084.05,476526.41,Z030,CPT,c7e3e4e0-4eb0-57ed-973a-248aa1d4166f,2026-06-28T08:00:00Z,
32873aa1-61f1-5943-adaa-ac5e25aec01d,2026-04-25T08:00:00Z,system,2026-04-25T08:00:00Z,system,4500000038,d81fc662-e016-5120-8688-1d27c779f450,681d3a1f-6166-5793-8dd0-2f9ae8a7e909,91e632eb-67bf-5d38-a8b5-8e84d43dd62b,2026-04-25,2026-06-13,COMPLETED,EUR,297355.15,53523.93,350879.08,0003,CIP,d925509d-9c4c-55ac-990d-b19752aa437c,2026-04-25T08:00:00Z,Quarterly replenishment
a8473d17-a8f7-5d21-b3f9-0155d92a0eaf,2026-01-07T08:00:00Z,system,2026-01-07T08:00:00Z,system,4500000039,60eeff72-afa3-5425-9ed3-d24b0eb590b7,51ca2c43-9865-5eed-88e1-7efd0be651e9,4e5e44a7-230a-5238-af8a-6363cf5be42b,2026-01-07,2026-01-30,COMPLETED,SEK,4061182.50,852848.32,4914030.82,Z030,FCA,0737d81c-800f-585f-8a81-5742f5aa93a6,2026-01-09T08:00:00Z,Project-specific procurement
fa1571b3-349b-587b-9cf8-84ff292f7411,2025-10-10T08:00:00Z,system,2025-10-10T08:00:00Z,system,4500000040,075638c7-6598-507a-a950-ecbee7bdc084,5528724a-ec45-5c0d-ac18-8666390c638c,5f639525-25c5-54fa-aa87-ccfe5b39776a,2025-10-10,2025-11-21,COMPLETED,CAD,633758.12,133089.21,766847.33,0002,DDP,c7e3e4e0-4eb0-57ed-973a-248aa1d4166f,2025-10-12T08:00:00Z,Priority supplier order
5699026f-bb10-56e5-a910-f5fc6319a373,2025-10-10T08:00:00Z,system,2025-10-10T08:00:00Z,system,4500000041,e7bda0f4-a61e-57e6-9d47-1167f61db12a,e294ac9d-bd77-5078-ba31-f74bebb60488,deb3fb29-3383-5c3d-9343-4b0681551f8f,2025-10-10,2025-12-09,COMPLETED,CAD,34620.47,7270.30,41890.77,Z060,EXW,4deefa0a-1e41-5a72-a113-c2b82a9ea70b,2025-10-11T08:00:00Z,Quarterly replenishment
735d5bd5-a4d0-5c6c-90f1-ea696a6d6c67,2026-04-20T08:00:00Z,system,2026-04-20T08:00:00Z,system,4500000042,2ced5b4f-e17d-5790-af58-523f7f527540,26221d5e-2e66-5ea9-8c4d-30720ed59583,362bb051-fb3b-5a89-9979-8640133ad18b,2026-04-20,2026-05-11,ORDERED,GBP,653294.66,137191.88,790486.54,0001,DDP,0737d81c-800f-585f-8a81-5742f5aa93a6,2026-04-22T08:00:00Z,Quarterly replenishment
84ba2db1-386b-507f-aec8-7f000ee5755c,2025-10-11T08:00:00Z,system,2025-10-11T08:00:00Z,system,4500000043,3b018b68-0323-520e-b88f-fd6f1a05e7b9,0450cf2b-52b5-5c7a-95b0-bbdc67bca724,2cd38cf3-5347-5c8e-9bec-7cbfde8bcfb8,2025-10-11,2025-12-15,COMPLETED,CZK,4332862.80,866572.56,5199435.36,Z060,FCA,d925509d-9c4c-55ac-990d-b19752aa437c,2025-10-12T08:00:00Z,Quarterly replenishment
e5206133-2eec-52ce-8e2e-49f09e3c9b11,2026-06-11T08:00:00Z,system,2026-06-11T08:00:00Z,system,4500000044,e562fce3-1dda-5959-b99a-ae629b2730a8,261d0783-3954-5ee6-baf2-f9e37bbb725b,78f316cf-bc76-5bab-9068-b36833d8b019,2026-06-11,2026-06-19,COMPLETED,PLN,2804082.05,560816.41,3364898.46,0001,EXW,2cd38cf3-5347-5c8e-9bec-7cbfde8bcfb8,2026-06-11T08:00:00Z,
6f0af118-f06b-57f6-b7ea-924b59eb867e,2026-04-02T08:00:00Z,system,2026-04-02T08:00:00Z,system,4500000045,015d24f1-4165-5423-96d2-fccd1c7bc852,261d0783-3954-5ee6-baf2-f9e37bbb725b,a8900ba9-a076-5a48-8859-1f3fc1e76071,2026-04-02,2026-05-17,COMPLETED,EUR,57781.95,12134.21,69916.16,0002,DDP,78f316cf-bc76-5bab-9068-b36833d8b019,2026-04-05T08:00:00Z,Priority supplier order
91da3452-7845-5756-a7e0-dd4d9abdafaa,2026-03-25T08:00:00Z,system,2026-03-25T08:00:00Z,system,4500000046,90e10c7e-6736-59c8-948e-d8729b244cbb,12473360-94f1-5fba-a391-36ce9d7f31be,78f316cf-bc76-5bab-9068-b36833d8b019,2026-03-25,2026-04-25,COMPLETED,EUR,88855.00,18659.55,107514.55,Z060,CIP,0737d81c-800f-585f-8a81-5742f5aa93a6,2026-03-28T08:00:00Z,Standard procurement order
b26956d3-8714-5143-8c66-8c8cfe486c6c,2026-05-03T08:00:00Z,system,2026-05-03T08:00:00Z,system,4500000047,bcb31d65-a401-530a-ad05-b5d8799c8a39,261d0783-3954-5ee6-baf2-f9e37bbb725b,5f639525-25c5-54fa-aa87-ccfe5b39776a,2026-05-03,2026-07-02,DRAFT,SEK,1742824.12,348564.82,2091388.94,Z030,DDP,,,Standard procurement order
98c1f63b-07ad-54fd-b15e-a2ac912c56dc,2026-06-09T08:00:00Z,system,2026-06-09T08:00:00Z,system,4500000048,b62723e4-85b4-54e6-952d-4d88f5adae98,113d871c-fdd0-59b0-922b-71a1f17a7a5b,8e723945-6a6c-5803-a42e-c1347adfc586,2026-06-09,2026-08-14,APPROVED,CHF,36746.85,6981.90,43728.75,Z045,DAP,0737d81c-800f-585f-8a81-5742f5aa93a6,2026-06-10T08:00:00Z,Quarterly replenishment
730ff507-3a99-5268-ba0c-ef6603c11404,2026-04-03T08:00:00Z,system,2026-04-03T08:00:00Z,system,4500000049,60eeff72-afa3-5425-9ed3-d24b0eb590b7,03aef187-5272-56c7-bfc4-cf8b61ecf06b,78f316cf-bc76-5bab-9068-b36833d8b019,2026-04-03,2026-05-31,ORDERED,SEK,1557177.31,358150.78,1915328.09,Z030,FCA,0737d81c-800f-585f-8a81-5742f5aa93a6,2026-04-04T08:00:00Z,
e78098b8-76d5-5532-a410-feca5b4fb250,2026-07-27T08:00:00Z,system,2026-07-27T08:00:00Z,system,4500000050,015d24f1-4165-5423-96d2-fccd1c7bc852,681d3a1f-6166-5793-8dd0-2f9ae8a7e909,f4bfe1cc-a9ff-5838-84b3-8d0b8a482a8d,2026-07-27,2026-09-12,CANCELLED,EUR,9481.89,1991.20,11473.09,0002,DDP,,,
7a04712c-47ac-5092-a0b8-ef1b72609dd2,2026-03-13T08:00:00Z,system,2026-03-13T08:00:00Z,system,4500000051,aee6450e-4511-5d45-adb8-f7752be64638,d425a94e-8ac6-50ba-81e4-27a328a21379,bf01dabf-7f6b-5183-895b-36a5584e7d8d,2026-03-13,2026-04-22,ORDERED,PLN,594552.81,107019.51,701572.32,Z030,DAP,78f316cf-bc76-5bab-9068-b36833d8b019,2026-03-13T08:00:00Z,Standard procurement order
8e2ded3c-5cee-5ae5-92fb-4a4a7464a199,2025-11-10T08:00:00Z,system,2025-11-10T08:00:00Z,system,4500000052,f63b9909-85ce-59ad-9d5e-17342163100f,e6d386f5-8b03-578e-aca0-68c8e68a10d1,bfc09207-4542-5693-a52b-974f1bcfaf39,2025-11-10,2025-12-25,COMPLETED,CZK,4957324.60,941891.67,5899216.27,Z030,DDP,91e632eb-67bf-5d38-a8b5-8e84d43dd62b,2025-11-11T08:00:00Z,Project-specific procurement
2ef43bab-d6a0-5606-ae71-f5ba5d2c3540,2026-04-24T08:00:00Z,system,2026-04-24T08:00:00Z,system,4500000053,6f8c90f6-de0f-580e-9bb0-f06f5b0ced4d,3e8df789-1fad-5f45-9e4e-ae08a2240191,8e723945-6a6c-5803-a42e-c1347adfc586,2026-04-24,2026-04-30,APPROVED,EUR,284384.72,65408.49,349793.21,Z060,CPT,d925509d-9c4c-55ac-990d-b19752aa437c,2026-04-27T08:00:00Z,Project-specific procurement
ef791037-c4dc-5b72-9295-a356c7cf19f3,2025-12-12T08:00:00Z,system,2025-12-12T08:00:00Z,system,4500000054,94637be8-57b0-5434-bd07-63fb1b7462c2,87cb6569-bd40-5e24-8586-da21fbea3a81,4e216c0a-c972-5f8b-9c46-6350e9b7fcd3,2025-12-12,2025-12-30,COMPLETED,PLN,2046910.39,388912.97,2435823.36,0003,FCA,c7e3e4e0-4eb0-57ed-973a-248aa1d4166f,2025-12-12T08:00:00Z,Project-specific procurement
1f90e752-6f4c-5a7e-a153-b654ea272eb6,2026-03-07T08:00:00Z,system,2026-03-07T08:00:00Z,system,4500000055,bd1f39ee-0971-5fa0-b5e0-5483a5478547,0450cf2b-52b5-5c7a-95b0-bbdc67bca724,53657725-cc33-52fa-bf83-e8ebce35acc6,2026-03-07,2026-04-29,SUBMITTED,PLN,442257.05,92873.98,535131.03,0001,FCA,,,Quarterly replenishment
9ae7a4a6-979c-5492-b2c9-03b3a921ffde,2026-03-11T08:00:00Z,system,2026-03-11T08:00:00Z,system,4500000056,0a065745-a966-5f0d-8fc3-ddeaa9abdfec,26221d5e-2e66-5ea9-8c4d-30720ed59583,4e5e44a7-230a-5238-af8a-6363cf5be42b,2026-03-11,2026-05-19,COMPLETED,EUR,228706.43,48028.35,276734.78,0003,CPT,d925509d-9c4c-55ac-990d-b19752aa437c,2026-03-11T08:00:00Z,Priority supplier order
87f1dd14-12de-5cd9-be78-24cea2e3a947,2026-07-18T08:00:00Z,system,2026-07-18T08:00:00Z,system,4500000057,146ea71e-a89e-577d-9441-646e3fc87b78,efd8a8e4-0bb8-5f9e-be95-16451417acb0,5f639525-25c5-54fa-aa87-ccfe5b39776a,2026-07-18,2026-08-28,ORDERED,CZK,975549.10,175598.84,1151147.94,Z045,CPT,0737d81c-800f-585f-8a81-5742f5aa93a6,2026-07-21T08:00:00Z,
d7ef6c90-e000-5184-bdb0-f0e55e5e81ce,2026-07-07T08:00:00Z,system,2026-07-07T08:00:00Z,system,4500000058,bb468112-b8da-577b-8a64-e0f89be5b8ff,3e8df789-1fad-5f45-9e4e-ae08a2240191,6a4dd11c-1048-5284-aa7d-1444c1c67877,2026-07-07,2026-07-18,ORDERED,EUR,21662.19,4549.06,26211.25,Z060,CPT,0a9b9cf2-8c50-54fd-b243-53899f77bb55,2026-07-07T08:00:00Z,Standard procurement order
ec7cf4b0-837a-5707-a009-a1e9ab21cb66,2026-05-28T08:00:00Z,system,2026-05-28T08:00:00Z,system,4500000059,aee6450e-4511-5d45-adb8-f7752be64638,3cab26fd-f62f-5970-ad42-c321a067cf36,4cc33be3-e381-5651-8754-1dfb4784e453,2026-05-28,2026-07-10,APPROVED,PLN,2441495.25,488299.05,2929794.30,Z030,DAP,91e632eb-67bf-5d38-a8b5-8e84d43dd62b,2026-05-31T08:00:00Z,Quarterly replenishment
81eeea6f-c49c-5bb7-afae-f22eb1896664,2025-11-01T08:00:00Z,system,2025-11-01T08:00:00Z,system,4500000060,93067b6e-59b9-55e4-837d-0482b5bedd04,3cab26fd-f62f-5970-ad42-c321a067cf36,b519a3ff-3161-5685-8e6b-9063483eb30b,2025-11-01,2025-11-10,CANCELLED,EUR,229905.95,52878.37,282784.32,Z030,DDP,,,
28b78189-6e8b-5cc5-9076-b221bfc8b10a,2026-05-28T08:00:00Z,system,2026-05-28T08:00:00Z,system,4500000061,bad1bbc1-a377-5cf7-9f39-169939fb97d7,e6d386f5-8b03-578e-aca0-68c8e68a10d1,aa73552f-c4e3-50c0-ab42-ae08fe8628fc,2026-05-28,2026-08-01,COMPLETED,EUR,146707.61,27874.45,174582.06,0001,DDP,0a9b9cf2-8c50-54fd-b243-53899f77bb55,2026-05-29T08:00:00Z,Quarterly replenishment
d22a293e-2e30-5ce4-8394-7bb812e532ba,2026-04-08T08:00:00Z,system,2026-04-08T08:00:00Z,system,4500000062,bbe536c0-548b-5f63-9041-e346ae8009a3,d425a94e-8ac6-50ba-81e4-27a328a21379,b519a3ff-3161-5685-8e6b-9063483eb30b,2026-04-08,2026-04-14,ORDERED,PLN,1260643.30,226915.79,1487559.09,Z060,EXW,4deefa0a-1e41-5a72-a113-c2b82a9ea70b,2026-04-10T08:00:00Z,
893ddc5f-11f3-5fe3-ad39-332e3ef4df5a,2025-12-16T08:00:00Z,system,2025-12-16T08:00:00Z,system,4500000063,c16f8764-9fa7-5704-95f3-5067c3d777a5,efd8a8e4-0bb8-5f9e-be95-16451417acb0,b0f0219c-497a-5b5a-8247-64bb9744b592,2025-12-16,2026-01-11,COMPLETED,EUR,9130.43,1826.09,10956.52,0003,DAP,d925509d-9c4c-55ac-990d-b19752aa437c,2025-12-19T08:00:00Z,Priority supplier order
c43c6b43-311b-5174-9593-3e80645c088c,2025-11-06T08:00:00Z,system,2025-11-06T08:00:00Z,system,4500000064,c5e19f5d-f971-532d-b16b-ae6d6537f398,e6d386f5-8b03-578e-aca0-68c8e68a10d1,b519a3ff-3161-5685-8e6b-9063483eb30b,2025-11-06,2025-12-16,ORDERED,EUR,671796.00,127641.24,799437.24,Z045,DDP,0a9b9cf2-8c50-54fd-b243-53899f77bb55,2025-11-09T08:00:00Z,Standard procurement order
6a60a0cc-93c9-578a-a060-7d31baaa45fa,2025-11-18T08:00:00Z,system,2025-11-18T08:00:00Z,system,4500000065,c9e9137a-fbd0-5b48-86f9-b6693cb7cf2f,51ca2c43-9865-5eed-88e1-7efd0be651e9,8758fdc7-b73d-58da-9847-91a91303126e,2025-11-18,2025-12-07,COMPLETED,CAD,276451.34,49761.24,326212.58,0001,CIP,d925509d-9c4c-55ac-990d-b19752aa437c,2025-11-18T08:00:00Z,Standard procurement order
016c8e2e-cd74-5e1f-a74b-022bb567f97c,2025-11-01T08:00:00Z,system,2025-11-01T08:00:00Z,system,4500000066,93067b6e-59b9-55e4-837d-0482b5bedd04,681d3a1f-6166-5793-8dd0-2f9ae8a7e909,2cd38cf3-5347-5c8e-9bec-7cbfde8bcfb8,2025-11-01,2025-12-07,COMPLETED,EUR,125015.73,28753.62,153769.35,Z030,DDP,4deefa0a-1e41-5a72-a113-c2b82a9ea70b,2025-11-04T08:00:00Z,
9d1e95cd-66ae-5090-8cd5-dfa4cb5348cb,2026-05-26T08:00:00Z,system,2026-05-26T08:00:00Z,system,4500000067,69346548-c6be-516e-a50c-3db3ca154679,89693957-df41-5038-b06b-8fcd13674f65,e1c1d5bd-6452-5e7c-9911-1b5d499df0eb,2026-05-26,2026-07-27,COMPLETED,EUR,59296.12,13638.11,72934.23,0002,EXW,c7e3e4e0-4eb0-57ed-973a-248aa1d4166f,2026-05-29T08:00:00Z,Priority supplier order
5b41b462-bac4-5882-84ba-bceb15a2dfcb,2026-05-05T08:00:00Z,system,2026-05-05T08:00:00Z,system,4500000068,bbe536c0-548b-5f63-9041-e346ae8009a3,3e8df789-1fad-5f45-9e4e-ae08a2240191,8e723945-6a6c-5803-a42e-c1347adfc586,2026-05-05,2026-06-28,DRAFT,PLN,388552.02,77710.40,466262.42,Z060,EXW,,,Quarterly replenishment
01b1076e-e2c0-5c89-830c-00f8f40b3cb1,2026-06-24T08:00:00Z,system,2026-06-24T08:00:00Z,system,4500000069,a23e4a94-04fb-533d-8c0b-943c85425ed6,89693957-df41-5038-b06b-8fcd13674f65,0a9b9cf2-8c50-54fd-b243-53899f77bb55,2026-06-24,2026-07-19,COMPLETED,EUR,98404.96,22633.14,121038.10,0002,CPT,0737d81c-800f-585f-8a81-5742f5aa93a6,2026-06-24T08:00:00Z,Standard procurement order
cd773ed3-ff79-5aaf-a63d-d49519b0f53a,2026-02-15T08:00:00Z,system,2026-02-15T08:00:00Z,system,4500000070,4d88fd10-b824-591a-bb0e-2525a57ca3d1,34b80a58-c167-5ea6-9b2c-d151aa2ea5a3,cbe963d2-a4e6-5ec1-a15f-948ff5630895,2026-02-15,2026-03-03,SUBMITTED,SEK,3010962.32,572082.84,3583045.16,Z030,EXW,,,Priority supplier order
bd3c692a-5dcc-5445-be29-3bc5f546bdf9,2025-11-29T08:00:00Z,system,2025-11-29T08:00:00Z,system,4500000071,075638c7-6598-507a-a950-ecbee7bdc084,e294ac9d-bd77-5078-ba31-f74bebb60488,344e75d1-f4ee-5da0-b8c0-d2949c9f7794,2025-11-29,2026-01-28,COMPLETED,CAD,339134.30,61044.17,400178.47,0002,DDP,d925509d-9c4c-55ac-990d-b19752aa437c,2025-11-30T08:00:00Z,
eed7e896-d181-5bdf-8c16-8f5d19da3168,2026-05-14T08:00:00Z,system,2026-05-14T08:00:00Z,system,4500000072,3860acc8-b436-5ed6-9515-d6421fd680bf,3e8df789-1fad-5f45-9e4e-ae08a2240191,deb3fb29-3383-5c3d-9343-4b0681551f8f,2026-05-14,2026-06-22,COMPLETED,EUR,191850.09,44125.52,235975.61,Z045,DDP,4deefa0a-1e41-5a72-a113-c2b82a9ea70b,2026-05-14T08:00:00Z,
27aeeeeb-5612-5735-868c-1cc9e02aef93,2026-05-12T08:00:00Z,system,2026-05-12T08:00:00Z,system,4500000073,b2062365-15e8-5d1c-ae5c-a2c4459e969a,329ee744-d62e-5fc4-a06d-cd6019444aa8,ef2ba588-e5f9-591f-9a01-16a28aec4a68,2026-05-12,2026-07-08,COMPLETED,CAD,208243.53,39566.27,247809.80,0003,EXW,c7e3e4e0-4eb0-57ed-973a-248aa1d4166f,2026-05-14T08:00:00Z,Priority supplier order
ade8a01e-6f03-5274-b065-162e902de700,2026-05-26T08:00:00Z,system,2026-05-26T08:00:00Z,system,4500000074,bbac652c-53ab-5bd8-8cc8-f60b29b6bccb,283bb6f3-df62-5cb4-9d4b-a62afcbbb11d,4b8f339d-64d5-53f8-bcd2-cafb0ea20c4d,2026-05-26,2026-06-16,ORDERED,EUR,514875.80,108123.92,622999.72,0001,CPT,c7e3e4e0-4eb0-57ed-973a-248aa1d4166f,2026-05-29T08:00:00Z,Project-specific procurement
67d9cd82-b5cf-5758-99db-8299b5cc6600,2026-03-25T08:00:00Z,system,2026-03-25T08:00:00Z,system,4500000075,96a68ba6-f5c3-582f-b5dd-32442951c1e2,681d3a1f-6166-5793-8dd0-2f9ae8a7e909,113128ae-1f79-5f39-8c07-f3d07a663bae,2026-03-25,2026-05-22,COMPLETED,GBP,316480.84,66460.98,382941.82,Z030,FCA,91e632eb-67bf-5d38-a8b5-8e84d43dd62b,2026-03-28T08:00:00Z,
0f54aa30-4239-544f-88d7-50100d7af378,2026-07-03T08:00:00Z,system,2026-07-03T08:00:00Z,system,4500000076,94637be8-57b0-5434-bd07-63fb1b7462c2,0450cf2b-52b5-5c7a-95b0-bbdc67bca724,0a9b9cf2-8c50-54fd-b243-53899f77bb55,2026-07-03,2026-08-23,APPROVED,PLN,516277.42,118743.81,635021.23,0003,FCA,2cd38cf3-5347-5c8e-9bec-7cbfde8bcfb8,2026-07-06T08:00:00Z,Standard procurement order
c1d04a38-ec92-5c44-ad9c-6d656c0a4705,2026-02-01T08:00:00Z,system,2026-02-01T08:00:00Z,system,4500000077,67a09cac-9b92-5bb0-9758-d477e2227557,113d871c-fdd0-59b0-922b-71a1f17a7a5b,f911dfb3-26ad-5d1f-b884-074c195d7b36,2026-02-01,2026-02-24,COMPLETED,CHF,15744.53,2991.46,18735.99,Z060,CIP,91e632eb-67bf-5d38-a8b5-8e84d43dd62b,2026-02-02T08:00:00Z,
0a0ac4a5-0999-5f2f-b00d-ae5a540bce50,2025-10-14T08:00:00Z,system,2025-10-14T08:00:00Z,system,4500000078,6f8c90f6-de0f-580e-9bb0-f06f5b0ced4d,cb89079f-b137-594d-b7f6-f3803900b013,24356e6d-8de5-5316-88e3-702cdfd23228,2025-10-14,2025-11-14,CANCELLED,EUR,630716.27,119836.09,750552.36,Z060,CPT,,,Project-specific procurement
aca19b61-163c-5e42-92f8-a493c5cdccff,2025-10-02T08:00:00Z,system,2025-10-02T08:00:00Z,system,4500000079,8b76e5c3-b6c5-51bc-b372-d04c363dc141,3e8df789-1fad-5f45-9e4e-ae08a2240191,113128ae-1f79-5f39-8c07-f3d07a663bae,2025-10-02,2025-10-10,COMPLETED,CZK,861234.35,198083.90,1059318.25,Z060,EXW,d925509d-9c4c-55ac-990d-b19752aa437c,2025-10-04T08:00:00Z,Quarterly replenishment
f9a0829f-12a4-5ee4-b41e-9bd984e557f4,2025-12-13T08:00:00Z,system,2025-12-13T08:00:00Z,system,4500000080,1e6af728-f1a9-58e4-83dd-e019059d95b9,3cab26fd-f62f-5970-ad42-c321a067cf36,113128ae-1f79-5f39-8c07-f3d07a663bae,2025-12-13,2025-12-31,SUBMITTED,PLN,483369.29,101507.55,584876.84,Z030,FCA,,,
51c7a637-5d1c-5d2c-b555-11d9b6994b42,2025-10-06T08:00:00Z,system,2025-10-06T08:00:00Z,system,4500000081,892eeadb-a73e-5ef7-bf12-aac4cf532878,12473360-94f1-5fba-a391-36ce9d7f31be,78f316cf-bc76-5bab-9068-b36833d8b019,2025-10-06,2025-11-10,COMPLETED,EUR,246231.50,44321.67,290553.17,Z030,DDP,0a9b9cf2-8c50-54fd-b243-53899f77bb55,2025-10-08T08:00:00Z,
80eb4402-ac31-5db8-8404-67b3673aaca3,2026-04-29T08:00:00Z,system,2026-04-29T08:00:00Z,system,4500000082,d5f4a9fb-8418-5f72-bb85-8b4e25a61de3,3e8df789-1fad-5f45-9e4e-ae08a2240191,4cc33be3-e381-5651-8754-1dfb4784e453,2026-04-29,2026-07-04,COMPLETED,EUR,192525.31,44280.82,236806.13,Z030,CPT,c7e3e4e0-4eb0-57ed-973a-248aa1d4166f,2026-04-29T08:00:00Z,Project-specific procurement
0935a9b2-76b3-53d9-8946-5cd2ba5338db,2026-06-08T08:00:00Z,system,2026-06-08T08:00:00Z,system,4500000083,e7adb3bc-bb01-5e5f-bbed-7b156e5f54b8,34b80a58-c167-5ea6-9b2c-d151aa2ea5a3,6a4dd11c-1048-5284-aa7d-1444c1c67877,2026-06-08,2026-08-06,COMPLETED,EUR,1010.25,191.95,1202.20,0002,EXW,78f316cf-bc76-5bab-9068-b36833d8b019,2026-06-10T08:00:00Z,Priority supplier order
f1656f84-86c4-5656-b02b-2755a8f255d0,2026-02-06T08:00:00Z,system,2026-02-06T08:00:00Z,system,4500000084,fade348f-52ae-5a47-bce2-e9f1380900f1,e6d386f5-8b03-578e-aca0-68c8e68a10d1,53657725-cc33-52fa-bf83-e8ebce35acc6,2026-02-06,2026-04-03,ORDERED,CZK,339239.54,64455.51,403695.05,Z045,FCA,78f316cf-bc76-5bab-9068-b36833d8b019,2026-02-06T08:00:00Z,Project-specific procurement
aa089608-1804-560d-b430-7dad2f8b65a6,2026-02-04T08:00:00Z,system,2026-02-04T08:00:00Z,system,4500000085,b15dfe01-245c-5c44-b8e3-e4299119c304,e294ac9d-bd77-5078-ba31-f74bebb60488,2cd38cf3-5347-5c8e-9bec-7cbfde8bcfb8,2026-02-04,2026-03-27,COMPLETED,EUR,12201.31,2562.28,14763.59,Z030,EXW,4deefa0a-1e41-5a72-a113-c2b82a9ea70b,2026-02-06T08:00:00Z,Standard procurement order
f5f81b28-e332-54d3-b6c2-9e233982911f,2026-07-26T08:00:00Z,system,2026-07-26T08:00:00Z,system,4500000086,146ea71e-a89e-577d-9441-646e3fc87b78,78e17b4f-64d9-5a1f-8e02-e8a798b67ff0,24356e6d-8de5-5316-88e3-702cdfd23228,2026-07-26,2026-08-17,COMPLETED,CZK,4317102.75,820249.52,5137352.27,Z045,CPT,0737d81c-800f-585f-8a81-5742f5aa93a6,2026-07-28T08:00:00Z,
93483fb7-8bc6-5494-89a3-2afc028c16e6,2025-11-01T08:00:00Z,system,2025-11-01T08:00:00Z,system,4500000087,557cf375-7c03-53fa-97ab-351cf44b06d9,d425a94e-8ac6-50ba-81e4-27a328a21379,5941f83b-16e1-5dcd-8dc3-df8d4713fe97,2025-11-01,2025-11-11,COMPLETED,CAD,486261.93,111840.24,598102.17,Z030,FCA,78f316cf-bc76-5bab-9068-b36833d8b019,2025-11-03T08:00:00Z,
ae6947e6-245b-57e3-9705-2760433eff7a,2025-10-27T08:00:00Z,system,2025-10-27T08:00:00Z,system,4500000088,fa9a8815-098a-5e45-bc94-5794fa09989e,3cab26fd-f62f-5970-ad42-c321a067cf36,82118fb0-4b2c-5ab5-b817-ec77a960c692,2025-10-27,2025-11-17,SUBMITTED,GBP,119699.00,23939.80,143638.80,Z060,DDP,,,Quarterly replenishment
c072651c-37a9-57eb-830b-90ae5671230c,2026-06-16T08:00:00Z,system,2026-06-16T08:00:00Z,system,4500000089,e3e429d9-10d1-55e7-b248-40fedb48b315,51ca2c43-9865-5eed-88e1-7efd0be651e9,344e75d1-f4ee-5da0-b8c0-d2949c9f7794,2026-06-16,2026-07-20,SUBMITTED,EUR,648877.41,116797.93,765675.34,Z045,CPT,,,Quarterly replenishment
c6ade307-8642-5d0c-a097-2e806b43ea9f,2026-01-21T08:00:00Z,system,2026-01-21T08:00:00Z,system,4500000090,529acd2b-16e5-56e2-9831-27d1c37b8610,87cb6569-bd40-5e24-8586-da21fbea3a81,deb3fb29-3383-5c3d-9343-4b0681551f8f,2026-01-21,2026-03-19,APPROVED,SEK,3017631.60,573350.00,3590981.60,Z045,CPT,d925509d-9c4c-55ac-990d-b19752aa437c,2026-01-22T08:00:00Z,Quarterly replenishment
974efaed-504c-537d-a45a-6029d4c69b7d,2026-03-30T08:00:00Z,system,2026-03-30T08:00:00Z,system,4500000091,6baf0642-83c4-5c75-8d5e-2d181e2adb72,efd8a8e4-0bb8-5f9e-be95-16451417acb0,4e216c0a-c972-5f8b-9c46-6350e9b7fcd3,2026-03-30,2026-04-07,SUBMITTED,GBP,89617.88,17923.58,107541.46,Z030,CPT,,,Priority supplier order
56d32d3b-9fcb-5821-bfee-774058e6ba43,2025-10-10T08:00:00Z,system,2025-10-10T08:00:00Z,system,4500000092,fc881ce9-571f-5e00-8519-4a0a92991103,521489a3-799d-50a5-9448-eeaa409714d1,deb3fb29-3383-5c3d-9343-4b0681551f8f,2025-10-10,2025-11-20,COMPLETED,EUR,483348.86,101503.26,584852.12,Z045,EXW,4deefa0a-1e41-5a72-a113-c2b82a9ea70b,2025-10-13T08:00:00Z,Standard procurement order
56b96c25-0629-510a-bc39-a7929ccbe6b5,2026-02-25T08:00:00Z,system,2026-02-25T08:00:00Z,system,4500000093,557cf375-7c03-53fa-97ab-351cf44b06d9,26221d5e-2e66-5ea9-8c4d-30720ed59583,4e5e44a7-230a-5238-af8a-6363cf5be42b,2026-02-25,2026-03-11,ORDERED,CAD,45696.71,8225.41,53922.12,Z030,FCA,0a9b9cf2-8c50-54fd-b243-53899f77bb55,2026-02-28T08:00:00Z,Priority supplier order
4b9372a7-c59b-5ce6-b182-7b30a0c70035,2026-07-04T08:00:00Z,system,2026-07-04T08:00:00Z,system,4500000094,61c6b671-bb49-54e7-b5ac-ac9fed5590a0,9f6bd345-59f3-56b7-b1b4-8a3e5fab6656,f4bfe1cc-a9ff-5838-84b3-8d0b8a482a8d,2026-07-04,2026-07-17,ORDERED,CHF,58158.90,11050.19,69209.09,0003,EXW,c7e3e4e0-4eb0-57ed-973a-248aa1d4166f,2026-07-05T08:00:00Z,Priority supplier order
44f6ed13-daac-5c97-99d6-031f74298149,2025-10-10T08:00:00Z,system,2025-10-10T08:00:00Z,system,4500000095,892eeadb-a73e-5ef7-bf12-aac4cf532878,d425a94e-8ac6-50ba-81e4-27a328a21379,4cc33be3-e381-5651-8754-1dfb4784e453,2025-10-10,2025-10-27,CANCELLED,EUR,939799.78,187959.96,1127759.74,Z030,DDP,,,Priority supplier order
16b2579f-2928-52ab-a3e1-d892584350d2,2026-06-07T08:00:00Z,system,2026-06-07T08:00:00Z,system,4500000096,3860acc8-b436-5ed6-9515-d6421fd680bf,26221d5e-2e66-5ea9-8c4d-30720ed59583,ef2ba588-e5f9-591f-9a01-16a28aec4a68,2026-06-07,2026-07-21,ORDERED,EUR,98832.19,19766.44,118598.63,Z045,DDP,0737d81c-800f-585f-8a81-5742f5aa93a6,2026-06-10T08:00:00Z,Quarterly replenishment
39c7d074-93b2-5ed4-bf7f-809d86e77a32,2025-12-18T08:00:00Z,system,2025-12-18T08:00:00Z,system,4500000097,e5752291-9c1a-556d-ab73-e21f0d3f37eb,5b8df29c-4f7d-5b45-b24c-0b5a197ae2b0,f4bfe1cc-a9ff-5838-84b3-8d0b8a482a8d,2025-12-18,2026-02-05,DRAFT,CZK,1009782.80,212054.39,1221837.19,Z060,DDP,,,
caa3b730-cec5-5b84-adab-744725d7f1e4,2026-01-03T08:00:00Z,system,2026-01-03T08:00:00Z,system,4500000098,e3e429d9-10d1-55e7-b248-40fedb48b315,51ca2c43-9865-5eed-88e1-7efd0be651e9,f911dfb3-26ad-5d1f-b884-074c195d7b36,2026-01-03,2026-01-11,COMPLETED,EUR,432136.70,77784.61,509921.31,Z045,CPT,2cd38cf3-5347-5c8e-9bec-7cbfde8bcfb8,2026-01-04T08:00:00Z,Project-specific procurement
7b111fdc-c155-5968-bb99-2269dd540f6b,2025-10-11T08:00:00Z,system,2025-10-11T08:00:00Z,system,4500000099,5fbcdd4c-a131-52b4-b068-b19472e199e6,efd8a8e4-0bb8-5f9e-be95-16451417acb0,2cd38cf3-5347-5c8e-9bec-7cbfde8bcfb8,2025-10-11,2025-12-10,DRAFT,GBP,489855.80,88174.04,578029.84,Z045,EXW,,,Quarterly replenishment
3b2fef81-faff-5c41-bf0c-42dbd82ac218,2026-02-18T08:00:00Z,system,2026-02-18T08:00:00Z,system,4500000100,d0364d31-f3bf-5613-a4d3-90809d201d9f,113d871c-fdd0-59b0-922b-71a1f17a7a5b,d778b989-a675-5d3f-8009-55dfeceec6f9,2026-02-18,2026-04-16,COMPLETED,GBP,181598.60,34503.73,216102.33,0002,CIP,4deefa0a-1e41-5a72-a113-c2b82a9ea70b,2026-02-18T08:00:00Z,
21bf900c-4836-5b5d-8839-482933479fc4,2026-03-29T08:00:00Z,system,2026-03-29T08:00:00Z,system,4500000101,d61c0227-d2cb-53a8-b3e6-45175058182d,cb89079f-b137-594d-b7f6-f3803900b013,362bb051-fb3b-5a89-9979-8640133ad18b,2026-03-29,2026-04-23,ORDERED,EUR,24608.32,4675.58,29283.90,Z030,FCA,2cd38cf3-5347-5c8e-9bec-7cbfde8bcfb8,2026-04-01T08:00:00Z,Quarterly replenishment
6b0827a9-4813-55ca-ad90-10278b86203e,2026-07-08T08:00:00Z,system,2026-07-08T08:00:00Z,system,4500000102,c5e19f5d-f971-532d-b16b-ae6d6537f398,89693957-df41-5038-b06b-8fcd13674f65,762dab21-f406-51e5-938f-353039145619,2026-07-08,2026-08-05,COMPLETED,EUR,104437.90,24020.72,128458.62,Z045,DDP,91e632eb-67bf-5d38-a8b5-8e84d43dd62b,2026-07-08T08:00:00Z,Project-specific procurement
ebf1da35-f900-5f1e-a8dd-cdc37dd964b8,2026-05-14T08:00:00Z,system,2026-05-14T08:00:00Z,system,4500000103,2ced5b4f-e17d-5790-af58-523f7f527540,26221d5e-2e66-5ea9-8c4d-30720ed59583,344e75d1-f4ee-5da0-b8c0-d2949c9f7794,2026-05-14,2026-06-25,COMPLETED,GBP,18550.21,3710.04,22260.25,0001,DDP,78f316cf-bc76-5bab-9068-b36833d8b019,2026-05-16T08:00:00Z,Standard procurement order
e6d1c688-5806-54a1-a757-2218017732d3,2026-03-16T08:00:00Z,system,2026-03-16T08:00:00Z,system,4500000104,6baf0642-83c4-5c75-8d5e-2d181e2adb72,89693957-df41-5038-b06b-8fcd13674f65,aa73552f-c4e3-50c0-ab42-ae08fe8628fc,2026-03-16,2026-04-07,CANCELLED,GBP,13036.01,2346.48,15382.49,Z030,CPT,,,Standard procurement order
d8deda89-3ac4-53fa-8373-21b751c2744d,2026-07-02T08:00:00Z,system,2026-07-02T08:00:00Z,system,4500000105,10da3830-3725-5f5b-946b-84d8208ac3df,d425a94e-8ac6-50ba-81e4-27a328a21379,ef2ba588-e5f9-591f-9a01-16a28aec4a68,2026-07-02,2026-08-15,COMPLETED,EUR,229583.10,52804.11,282387.21,0003,DAP,91e632eb-67bf-5d38-a8b5-8e84d43dd62b,2026-07-03T08:00:00Z,
8015cda8-29e0-55ea-b825-b18da9dcd857,2026-02-23T08:00:00Z,system,2026-02-23T08:00:00Z,system,4500000106,10da3830-3725-5f5b-946b-84d8208ac3df,efd8a8e4-0bb8-5f9e-be95-16451417acb0,362bb051-fb3b-5a89-9979-8640133ad18b,2026-02-23,2026-03-16,SUBMITTED,EUR,70075.87,14715.93,84791.80,0003,DAP,,,
9eca5de0-578f-5971-a82c-9555c84b1119,2026-07-22T08:00:00Z,system,2026-07-22T08:00:00Z,system,4500000107,7655230e-ef2f-5754-b7eb-84089011038a,521489a3-799d-50a5-9448-eeaa409714d1,5941f83b-16e1-5dcd-8dc3-df8d4713fe97,2026-07-22,2026-07-27,COMPLETED,EUR,196654.29,39330.86,235985.15,Z060,EXW,0a9b9cf2-8c50-54fd-b243-53899f77bb55,2026-07-24T08:00:00Z,Standard procurement order
8b129bf7-32b2-571d-b87a-96cd805e23a4,2026-04-19T08:00:00Z,system,2026-04-19T08:00:00Z,system,4500000108,5cfd420c-6305-56f0-b599-3c1c4c1b5282,51ca2c43-9865-5eed-88e1-7efd0be651e9,762dab21-f406-51e5-938f-353039145619,2026-04-19,2026-06-05,DRAFT,PLN,1359548.65,285505.22,1645053.87,Z030,CIP,,,Standard procurement order
f28ec3f5-f2ee-5478-aeae-c9016e772de4,2026-04-06T08:00:00Z,system,2026-04-06T08:00:00Z,system,4500000109,b15dfe01-245c-5c44-b8e3-e4299119c304,521489a3-799d-50a5-9448-eeaa409714d1,e1c1d5bd-6452-5e7c-9911-1b5d499df0eb,2026-04-06,2026-05-09,COMPLETED,EUR,403688.70,84774.63,488463.33,Z030,EXW,0737d81c-800f-585f-8a81-5742f5aa93a6,2026-04-07T08:00:00Z,
ef3d58b1-dfcd-524a-8b86-caa2d7af2dcd,2026-04-19T08:00:00Z,system,2026-04-19T08:00:00Z,system,4500000110,884f5851-1e34-5f63-ad75-a94a773d1ad3,26221d5e-2e66-5ea9-8c4d-30720ed59583,d778b989-a675-5d3f-8009-55dfeceec6f9,2026-04-19,2026-05-12,ORDERED,EUR,205422.69,36976.08,242398.77,Z060,FCA,4deefa0a-1e41-5a72-a113-c2b82a9ea70b,2026-04-22T08:00:00Z,Standard procurement order
54b17f1e-0f2b-5894-b023-b8a772cdbdd8,2026-07-11T08:00:00Z,system,2026-07-11T08:00:00Z,system,4500000111,e7adb3bc-bb01-5e5f-bbed-7b156e5f54b8,51ca2c43-9865-5eed-88e1-7efd0be651e9,f4bfe1cc-a9ff-5838-84b3-8d0b8a482a8d,2026-07-11,2026-07-31,COMPLETED,EUR,313601.42,62720.28,376321.70,0002,EXW,4deefa0a-1e41-5a72-a113-c2b82a9ea70b,2026-07-13T08:00:00Z,Project-specific procurement
1cf62fb1-bf1b-5647-ba4e-05a9760ec365,2026-01-04T08:00:00Z,system,2026-01-04T08:00:00Z,system,4500000112,bd1f39ee-0971-5fa0-b5e0-5483a5478547,681d3a1f-6166-5793-8dd0-2f9ae8a7e909,344e75d1-f4ee-5da0-b8c0-d2949c9f7794,2026-01-04,2026-01-19,SUBMITTED,PLN,334675.45,70281.84,404957.29,0001,FCA,,,Quarterly replenishment
1c5298b1-b91f-5253-b2e5-a309a0b3488b,2026-04-28T08:00:00Z,system,2026-04-28T08:00:00Z,system,4500000113,d5f4a9fb-8418-5f72-bb85-8b4e25a61de3,521489a3-799d-50a5-9448-eeaa409714d1,8758fdc7-b73d-58da-9847-91a91303126e,2026-04-28,2026-06-25,ORDERED,EUR,535395.34,96371.16,631766.50,Z030,CPT,c7e3e4e0-4eb0-57ed-973a-248aa1d4166f,2026-05-01T08:00:00Z,Quarterly replenishment
5d2bff96-76e8-598c-97d2-7421b42b0bfc,2026-03-10T08:00:00Z,system,2026-03-10T08:00:00Z,system,4500000114,4905c412-da5c-5c34-bb71-a406f34a50f9,3e8df789-1fad-5f45-9e4e-ae08a2240191,53657725-cc33-52fa-bf83-e8ebce35acc6,2026-03-10,2026-03-17,SUBMITTED,PLN,1245385.35,249077.07,1494462.42,Z060,DDP,,,Project-specific procurement
e292860a-6b29-51e2-acce-9bbf4d5ed3c1,2025-10-09T08:00:00Z,system,2025-10-09T08:00:00Z,system,4500000115,3891de4d-57d5-5ba5-873a-2d343b5d7a5b,681d3a1f-6166-5793-8dd0-2f9ae8a7e909,deb3fb29-3383-5c3d-9343-4b0681551f8f,2025-10-09,2025-11-07,ORDERED,EUR,590219.75,135750.54,725970.29,0001,DAP,2cd38cf3-5347-5c8e-9bec-7cbfde8bcfb8,2025-10-10T08:00:00Z,Project-specific procurement
0400465b-ec20-550d-94fb-9660f6be7332,2025-11-22T08:00:00Z,system,2025-11-22T08:00:00Z,system,4500000116,892eeadb-a73e-5ef7-bf12-aac4cf532878,d425a94e-8ac6-50ba-81e4-27a328a21379,113128ae-1f79-5f39-8c07-f3d07a663bae,2025-11-22,2026-01-14,COMPLETED,EUR,175678.38,31622.11,207300.49,Z030,DDP,0a9b9cf2-8c50-54fd-b243-53899f77bb55,2025-11-22T08:00:00Z,
819c8791-e614-58ff-bf88-95a60857a129,2026-03-19T08:00:00Z,system,2026-03-19T08:00:00Z,system,4500000117,67a09cac-9b92-5bb0-9758-d477e2227557,521489a3-799d-50a5-9448-eeaa409714d1,344e75d1-f4ee-5da0-b8c0-d2949c9f7794,2026-03-19,2026-05-05,ORDERED,CHF,126215.33,22718.76,148934.09,Z060,CIP,91e632eb-67bf-5d38-a8b5-8e84d43dd62b,2026-03-21T08:00:00Z,Project-specific procurement
ce7f779f-013a-55bc-aeae-2d1e68c62ba9,2025-10-06T08:00:00Z,system,2025-10-06T08:00:00Z,system,4500000118,d793f1b1-63cb-5e54-90fc-fbfc7ddf9248,261d0783-3954-5ee6-baf2-f9e37bbb725b,cbe963d2-a4e6-5ec1-a15f-948ff5630895,2025-10-06,2025-11-17,COMPLETED,EUR,3157.56,631.51,3789.07,Z045,DAP,78f316cf-bc76-5bab-9068-b36833d8b019,2025-10-09T08:00:00Z,Standard procurement order
e39a9c7e-379c-51b9-a1de-c98443761c81,2025-10-09T08:00:00Z,system,2025-10-09T08:00:00Z,system,4500000119,562fec8c-a0ad-5c25-b4af-ea7bd076ab1f,d425a94e-8ac6-50ba-81e4-27a328a21379,b0f0219c-497a-5b5a-8247-64bb9744b592,2025-10-09,2025-11-17,COMPLETED,DKK,1465969.95,263874.59,1729844.54,0001,DAP,c7e3e4e0-4eb0-57ed-973a-248aa1d4166f,2025-10-09T08:00:00Z,
14472e70-0c89-5c97-8ab5-244340aa1842,2026-07-26T08:00:00Z,system,2026-07-26T08:00:00Z,system,4500000120,1de9fc38-1a3d-5a07-8285-f97ea3abb2db,521489a3-799d-50a5-9448-eeaa409714d1,4cc33be3-e381-5651-8754-1dfb4784e453,2026-07-26,2026-08-07,COMPLETED,PLN,2356461.20,541986.08,2898447.28,Z045,DDP,c7e3e4e0-4eb0-57ed-973a-248aa1d4166f,2026-07-29T08:00:00Z,Quarterly replenishment
150c94be-c731-5744-b8a9-03f6341675e6,2025-10-18T08:00:00Z,system,2025-10-18T08:00:00Z,system,4500000121,c5e19f5d-f971-532d-b16b-ae6d6537f398,0450cf2b-52b5-5c7a-95b0-bbdc67bca724,ef2ba588-e5f9-591f-9a01-16a28aec4a68,2025-10-18,2025-10-28,SUBMITTED,EUR,34755.46,7993.76,42749.22,Z045,DDP,,,
9148c246-6ffd-581f-a9b5-04e0a22aa1e8,2025-11-29T08:00:00Z,system,2025-11-29T08:00:00Z,system,4500000122,d18facee-7798-50e9-88e9-343196cd6b74,0450cf2b-52b5-5c7a-95b0-bbdc67bca724,7c801ba4-5463-5410-bdfc-fb9770b2a7c7,2025-11-29,2026-01-20,ORDERED,EUR,428163.36,77069.40,505232.76,0003,CPT,2cd38cf3-5347-5c8e-9bec-7cbfde8bcfb8,2025-11-30T08:00:00Z,Project-specific procurement
9a3a8c5a-77a3-503a-8857-6020dc266d28,2025-12-02T08:00:00Z,system,2025-12-02T08:00:00Z,system,4500000123,acfa3bba-ae74-54ea-9cb2-c7ece995c839,03aef187-5272-56c7-bfc4-cf8b61ecf06b,88db520f-00d6-51aa-8b62-c7a88dd50f4c,2025-12-02,2025-12-16,COMPLETED,EUR,31610.30,7270.37,38880.67,Z045,DDP,0737d81c-800f-585f-8a81-5742f5aa93a6,2025-12-05T08:00:00Z,Quarterly replenishment
b8d5ee13-00c8-511a-ad3d-c8c7f0842d26,2025-10-14T08:00:00Z,system,2025-10-14T08:00:00Z,system,4500000124,d5f4a9fb-8418-5f72-bb85-8b4e25a61de3,5528724a-ec45-5c0d-ac18-8666390c638c,113128ae-1f79-5f39-8c07-f3d07a663bae,2025-10-14,2025-12-19,ORDERED,EUR,4247.09,849.42,5096.51,Z030,CPT,d925509d-9c4c-55ac-990d-b19752aa437c,2025-10-14T08:00:00Z,Quarterly replenishment
8386b3b1-dbdf-5a26-9ac2-3eb0ff159fba,2026-05-30T08:00:00Z,system,2026-05-30T08:00:00Z,system,4500000125,c9e9137a-fbd0-5b48-86f9-b6693cb7cf2f,113d871c-fdd0-59b0-922b-71a1f17a7a5b,78f316cf-bc76-5bab-9068-b36833d8b019,2026-05-30,2026-06-08,COMPLETED,CAD,476453.80,90526.22,566980.02,0001,CIP,c7e3e4e0-4eb0-57ed-973a-248aa1d4166f,2026-06-01T08:00:00Z,Priority supplier order
8238d333-6258-5d11-9ff9-2f1f85ef2450,2025-10-24T08:00:00Z,system,2025-10-24T08:00:00Z,system,4500000126,10da3830-3725-5f5b-946b-84d8208ac3df,0450cf2b-52b5-5c7a-95b0-bbdc67bca724,8e723945-6a6c-5803-a42e-c1347adfc586,2025-10-24,2025-11-17,COMPLETED,EUR,200254.03,40050.81,240304.84,0003,DAP,0a9b9cf2-8c50-54fd-b243-53899f77bb55,2025-10-26T08:00:00Z,Quarterly replenishment
8b719d84-2ec8-597e-9ce6-5d718dc71ded,2025-12-18T08:00:00Z,system,2025-12-18T08:00:00Z,system,4500000127,d18facee-7798-50e9-88e9-343196cd6b74,efd8a8e4-0bb8-5f9e-be95-16451417acb0,bf01dabf-7f6b-5183-895b-36a5584e7d8d,2025-12-18,2026-02-14,COMPLETED,EUR,476244.61,109536.26,585780.87,0003,CPT,d925509d-9c4c-55ac-990d-b19752aa437c,2025-12-20T08:00:00Z,Project-specific procurement
b018195c-890d-5fbd-a2c5-78db3e0a1234,2026-05-17T08:00:00Z,system,2026-05-17T08:00:00Z,system,4500000128,d61c0227-d2cb-53a8-b3e6-45175058182d,03aef187-5272-56c7-bfc4-cf8b61ecf06b,5941f83b-16e1-5dcd-8dc3-df8d4713fe97,2026-05-17,2026-06-28,CANCELLED,EUR,372937.74,85775.68,458713.42,Z030,FCA,,,Quarterly replenishment
07a340b4-6ceb-5040-94fc-e08ea19a8620,2025-12-14T08:00:00Z,system,2025-12-14T08:00:00Z,system,4500000129,0a065745-a966-5f0d-8fc3-ddeaa9abdfec,78e17b4f-64d9-5a1f-8e02-e8a798b67ff0,c7e3e4e0-4eb0-57ed-973a-248aa1d4166f,2025-12-14,2026-02-17,COMPLETED,EUR,14801.80,2812.34,17614.14,0003,CPT,c7e3e4e0-4eb0-57ed-973a-248aa1d4166f,2025-12-15T08:00:00Z,Priority supplier order
794ecad7-881b-5a45-80d8-d61d29010a0e,2026-05-01T08:00:00Z,system,2026-05-01T08:00:00Z,system,4500000130,61c6b671-bb49-54e7-b5ac-ac9fed5590a0,681d3a1f-6166-5793-8dd0-2f9ae8a7e909,88db520f-00d6-51aa-8b62-c7a88dd50f4c,2026-05-01,2026-05-26,COMPLETED,CHF,596919.81,137291.56,734211.37,0003,EXW,0737d81c-800f-585f-8a81-5742f5aa93a6,2026-05-04T08:00:00Z,Quarterly replenishment
e2695813-df3f-5672-b81d-1d495e598888,2026-05-06T08:00:00Z,system,2026-05-06T08:00:00Z,system,4500000131,7655230e-ef2f-5754-b7eb-84089011038a,5b8df29c-4f7d-5b45-b24c-0b5a197ae2b0,4e216c0a-c972-5f8b-9c46-6350e9b7fcd3,2026-05-06,2026-06-01,DRAFT,EUR,81518.39,14673.31,96191.70,Z060,EXW,,,Priority supplier order
72c86f67-cb89-5a2a-8e60-f2b4ccf99481,2026-07-30T08:00:00Z,system,2026-07-30T08:00:00Z,system,4500000132,70cce057-5466-570d-8470-681840cf629c,89693957-df41-5038-b06b-8fcd13674f65,bfc09207-4542-5693-a52b-974f1bcfaf39,2026-07-30,2026-08-15,ORDERED,EUR,273614.45,62931.32,336545.77,Z030,DDP,c7e3e4e0-4eb0-57ed-973a-248aa1d4166f,2026-07-30T08:00:00Z,Standard procurement order
24a4c541-a363-5d12-8eec-a46a3f59f7b4,2026-06-15T08:00:00Z,system,2026-06-15T08:00:00Z,system,4500000133,e7adb3bc-bb01-5e5f-bbed-7b156e5f54b8,03aef187-5272-56c7-bfc4-cf8b61ecf06b,78f316cf-bc76-5bab-9068-b36833d8b019,2026-06-15,2026-08-18,COMPLETED,EUR,176584.93,31785.29,208370.22,0002,EXW,0a9b9cf2-8c50-54fd-b243-53899f77bb55,2026-06-16T08:00:00Z,Priority supplier order
f7f6f902-9689-52bc-91f8-3d36dadbe0fb,2026-02-08T08:00:00Z,system,2026-02-08T08:00:00Z,system,4500000134,b87c753c-6aec-5a34-986e-6b7063eb1eb3,e294ac9d-bd77-5078-ba31-f74bebb60488,78f316cf-bc76-5bab-9068-b36833d8b019,2026-02-08,2026-04-10,DRAFT,GBP,329773.17,75847.83,405621.00,Z045,CIP,,,
9bfcbcc7-969d-596a-8a3a-b1616d5a1e6d,2026-02-22T08:00:00Z,system,2026-02-22T08:00:00Z,system,4500000135,e86b7737-67e0-5e42-9655-8f3ce7404512,283bb6f3-df62-5cb4-9d4b-a62afcbbb11d,bf01dabf-7f6b-5183-895b-36a5584e7d8d,2026-02-22,2026-03-03,COMPLETED,USD,109286.33,19671.54,128957.87,Z030,CPT,78f316cf-bc76-5bab-9068-b36833d8b019,2026-02-23T08:00:00Z,Priority supplier order
f59a854c-77d2-55ab-991c-785e6ec5e7c3,2025-11-04T08:00:00Z,system,2025-11-04T08:00:00Z,system,4500000136,bcb31d65-a401-530a-ad05-b5d8799c8a39,34b80a58-c167-5ea6-9b2c-d151aa2ea5a3,a8900ba9-a076-5a48-8859-1f3fc1e76071,2025-11-04,2026-01-10,ORDERED,SEK,1180908.74,224372.66,1405281.40,Z030,DDP,0737d81c-800f-585f-8a81-5742f5aa93a6,2025-11-05T08:00:00Z,Standard procurement order
89c05ec8-eb19-555d-ba8e-8b594bbba8e3,2026-05-17T08:00:00Z,system,2026-05-17T08:00:00Z,system,4500000137,c5e19f5d-f971-532d-b16b-ae6d6537f398,261d0783-3954-5ee6-baf2-f9e37bbb725b,deb3fb29-3383-5c3d-9343-4b0681551f8f,2026-05-17,2026-07-04,ORDERED,EUR,261052.20,60042.01,321094.21,Z045,DDP,2cd38cf3-5347-5c8e-9bec-7cbfde8bcfb8,2026-05-18T08:00:00Z,
16aca39c-edb3-54f0-bd85-35cf70ce87bb,2026-02-27T08:00:00Z,system,2026-02-27T08:00:00Z,system,4500000138,4d88fd10-b824-591a-bb0e-2525a57ca3d1,12473360-94f1-5fba-a391-36ce9d7f31be,4e216c0a-c972-5f8b-9c46-6350e9b7fcd3,2026-02-27,2026-03-17,COMPLETED,SEK,4541222.28,1044481.12,5585703.40,Z030,EXW,c7e3e4e0-4eb0-57ed-973a-248aa1d4166f,2026-02-28T08:00:00Z,Standard procurement order
ed533703-c11d-55d5-8d45-a392d5cb2fa6,2026-04-21T08:00:00Z,system,2026-04-21T08:00:00Z,system,4500000139,f804f9b1-8e91-5557-acca-a7bd5558bd07,34b80a58-c167-5ea6-9b2c-d151aa2ea5a3,8758fdc7-b73d-58da-9847-91a91303126e,2026-04-21,2026-05-29,CANCELLED,CHF,2502.81,475.53,2978.34,Z045,EXW,,,Standard procurement order
e7d159b1-7485-5b7d-a636-f4208c42c893,2026-06-04T08:00:00Z,system,2026-06-04T08:00:00Z,system,4500000140,bbe536c0-548b-5f63-9041-e346ae8009a3,3cab26fd-f62f-5970-ad42-c321a067cf36,0a9b9cf2-8c50-54fd-b243-53899f77bb55,2026-06-04,2026-06-11,DRAFT,PLN,404378.09,84919.40,489297.49,Z060,EXW,,,Project-specific procurement
34979630-a7c2-5940-8e4f-8873b057afab,2026-02-05T08:00:00Z,system,2026-02-05T08:00:00Z,system,4500000141,c07ad934-fcd4-5fc7-88c1-f5605545a9c9,26221d5e-2e66-5ea9-8c4d-30720ed59583,24356e6d-8de5-5316-88e3-702cdfd23228,2026-02-05,2026-02-25,ORDERED,SEK,1390516.30,292008.42,1682524.72,0001,CPT,78f316cf-bc76-5bab-9068-b36833d8b019,2026-02-07T08:00:00Z,
0dcf939e-6f70-5cfa-a7eb-246c9f83d2df,2026-03-01T08:00:00Z,system,2026-03-01T08:00:00Z,system,4500000142,6f8c90f6-de0f-580e-9bb0-f06f5b0ced4d,283bb6f3-df62-5cb4-9d4b-a62afcbbb11d,bf01dabf-7f6b-5183-895b-36a5584e7d8d,2026-03-01,2026-04-14,COMPLETED,EUR,954.07,171.73,1125.80,Z060,CPT,91e632eb-67bf-5d38-a8b5-8e84d43dd62b,2026-03-02T08:00:00Z,Quarterly replenishment
62d2374b-7a89-5abb-b6e0-d1c4952f563d,2025-12-23T08:00:00Z,system,2025-12-23T08:00:00Z,system,4500000143,a23e4a94-04fb-533d-8c0b-943c85425ed6,26221d5e-2e66-5ea9-8c4d-30720ed59583,9e1c4686-2f34-5912-ad37-81df9a7a3278,2025-12-23,2026-01-18,COMPLETED,EUR,10046.32,2310.65,12356.97,0002,CPT,91e632eb-67bf-5d38-a8b5-8e84d43dd62b,2025-12-24T08:00:00Z,
4a23dac0-9df2-5b4c-9d84-2fabc9490570,2025-11-01T08:00:00Z,system,2025-11-01T08:00:00Z,system,4500000144,bcb31d65-a401-530a-ad05-b5d8799c8a39,5b8df29c-4f7d-5b45-b24c-0b5a197ae2b0,4cc33be3-e381-5651-8754-1dfb4784e453,2025-11-01,2025-12-14,COMPLETED,SEK,1517531.16,349032.17,1866563.33,Z030,DDP,d925509d-9c4c-55ac-990d-b19752aa437c,2025-11-04T08:00:00Z,Project-specific procurement
8cf86378-3a98-5100-93b1-d64a76c5add5,2025-10-08T08:00:00Z,system,2025-10-08T08:00:00Z,system,4500000145,90e10c7e-6736-59c8-948e-d8729b244cbb,5528724a-ec45-5c0d-ac18-8666390c638c,82118fb0-4b2c-5ab5-b817-ec77a960c692,2025-10-08,2025-11-21,APPROVED,EUR,379526.60,79700.59,459227.19,Z060,CIP,0737d81c-800f-585f-8a81-5742f5aa93a6,2025-10-10T08:00:00Z,Quarterly replenishment
7c74fb07-6810-528f-b1f9-e3c318281294,2026-05-27T08:00:00Z,system,2026-05-27T08:00:00Z,system,4500000146,c9dcaa74-3e16-582e-b826-97736a2b3288,5b8df29c-4f7d-5b45-b24c-0b5a197ae2b0,deb3fb29-3383-5c3d-9343-4b0681551f8f,2026-05-27,2026-07-21,COMPLETED,EUR,841786.35,168357.27,1010143.62,Z030,CIP,78f316cf-bc76-5bab-9068-b36833d8b019,2026-05-30T08:00:00Z,Project-specific procurement
b8623aea-2dee-50aa-981d-0842a4e6a496,2026-03-17T08:00:00Z,system,2026-03-17T08:00:00Z,system,4500000147,b15dfe01-245c-5c44-b8e3-e4299119c304,329ee744-d62e-5fc4-a06d-cd6019444aa8,b519a3ff-3161-5685-8e6b-9063483eb30b,2026-03-17,2026-05-14,ORDERED,EUR,39787.11,7559.55,47346.66,Z030,EXW,2cd38cf3-5347-5c8e-9bec-7cbfde8bcfb8,2026-03-18T08:00:00Z,Priority supplier order
29735a7f-1e1b-55c4-919f-dd9701c9feb3,2026-01-28T08:00:00Z,system,2026-01-28T08:00:00Z,system,4500000148,4d88fd10-b824-591a-bb0e-2525a57ca3d1,89693957-df41-5038-b06b-8fcd13674f65,53657725-cc33-52fa-bf83-e8ebce35acc6,2026-01-28,2026-03-30,ORDERED,SEK,5393227.00,1078645.40,6471872.40,Z030,EXW,4deefa0a-1e41-5a72-a113-c2b82a9ea70b,2026-01-28T08:00:00Z,Standard procurement order
da8c1d11-b75b-5e93-bcc1-6be338564f6c,2026-02-15T08:00:00Z,system,2026-02-15T08:00:00Z,system,4500000149,69346548-c6be-516e-a50c-3db3ca154679,0450cf2b-52b5-5c7a-95b0-bbdc67bca724,deb3fb29-3383-5c3d-9343-4b0681551f8f,2026-02-15,2026-03-29,COMPLETED,EUR,116057.71,24372.12,140429.83,0002,EXW,91e632eb-67bf-5d38-a8b5-8e84d43dd62b,2026-02-17T08:00:00Z,Quarterly replenishment
20d03243-8335-5b45-8820-385edbbdad03,2025-10-14T08:00:00Z,system,2025-10-14T08:00:00Z,system,4500000150,f7190352-c6c4-5faf-95cf-5bd66bc37b3c,12473360-94f1-5fba-a391-36ce9d7f31be,c7e3e4e0-4eb0-57ed-973a-248aa1d4166f,2025-10-14,2025-11-13,ORDERED,CAD,129023.60,29675.43,158699.03,0003,EXW,91e632eb-67bf-5d38-a8b5-8e84d43dd62b,2025-10-17T08:00:00Z,Standard procurement order
46cc5b50-1c08-5764-922e-6021ab844950,2026-04-10T08:00:00Z,system,2026-04-10T08:00:00Z,system,4500000151,60eeff72-afa3-5425-9ed3-d24b0eb590b7,3e8df789-1fad-5f45-9e4e-ae08a2240191,78f316cf-bc76-5bab-9068-b36833d8b019,2026-04-10,2026-05-03,ORDERED,SEK,481939.35,96387.87,578327.22,Z030,FCA,78f316cf-bc76-5bab-9068-b36833d8b019,2026-04-11T08:00:00Z,Standard procurement order
8fc487fc-63df-5e38-9e6e-a89c9d20241c,2025-12-25T08:00:00Z,system,2025-12-25T08:00:00Z,system,4500000152,e562fce3-1dda-5959-b99a-ae629b2730a8,03aef187-5272-56c7-bfc4-cf8b61ecf06b,bfc09207-4542-5693-a52b-974f1bcfaf39,2025-12-25,2026-01-03,ORDERED,PLN,1020694.58,183725.02,1204419.60,0001,EXW,2cd38cf3-5347-5c8e-9bec-7cbfde8bcfb8,2025-12-28T08:00:00Z,Project-specific procurement
386f9468-5391-5744-b68b-f75aa82269da,2026-05-14T08:00:00Z,system,2026-05-14T08:00:00Z,system,4500000153,6baf0642-83c4-5c75-8d5e-2d181e2adb72,87cb6569-bd40-5e24-8586-da21fbea3a81,344e75d1-f4ee-5da0-b8c0-d2949c9f7794,2026-05-14,2026-07-05,COMPLETED,GBP,42510.55,8077.00,50587.55,Z030,CPT,78f316cf-bc76-5bab-9068-b36833d8b019,2026-05-14T08:00:00Z,Priority supplier order
7a3bdc39-a874-5289-be10-09ac4ec29b52,2026-04-25T08:00:00Z,system,2026-04-25T08:00:00Z,system,4500000154,90e10c7e-6736-59c8-948e-d8729b244cbb,efd8a8e4-0bb8-5f9e-be95-16451417acb0,91e632eb-67bf-5d38-a8b5-8e84d43dd62b,2026-04-25,2026-05-23,COMPLETED,EUR,225626.10,45125.22,270751.32,Z060,CIP,0a9b9cf2-8c50-54fd-b243-53899f77bb55,2026-04-25T08:00:00Z,Standard procurement order
e43fa9c2-e8c6-5a92-b8f5-7e561fa2dcab,2026-05-25T08:00:00Z,system,2026-05-25T08:00:00Z,system,4500000155,f7190352-c6c4-5faf-95cf-5bd66bc37b3c,9f6bd345-59f3-56b7-b1b4-8a3e5fab6656,53657725-cc33-52fa-bf83-e8ebce35acc6,2026-05-25,2026-06-18,SUBMITTED,CAD,65881.48,12517.48,78398.96,0003,EXW,,,Project-specific procurement
e6ef3ebd-8659-5513-8862-7d38d25a46ed,2026-02-22T08:00:00Z,system,2026-02-22T08:00:00Z,system,4500000156,015d24f1-4165-5423-96d2-fccd1c7bc852,9f6bd345-59f3-56b7-b1b4-8a3e5fab6656,113128ae-1f79-5f39-8c07-f3d07a663bae,2026-02-22,2026-04-08,ORDERED,EUR,180522.05,34299.19,214821.24,0002,DDP,0a9b9cf2-8c50-54fd-b243-53899f77bb55,2026-02-23T08:00:00Z,
1f6a640b-74d9-57a9-aaee-74493565d1a5,2026-05-28T08:00:00Z,system,2026-05-28T08:00:00Z,system,4500000157,bbe536c0-548b-5f63-9041-e346ae8009a3,5528724a-ec45-5c0d-ac18-8666390c638c,344e75d1-f4ee-5da0-b8c0-d2949c9f7794,2026-05-28,2026-06-19,COMPLETED,PLN,361603.45,83168.79,444772.24,Z060,EXW,91e632eb-67bf-5d38-a8b5-8e84d43dd62b,2026-05-31T08:00:00Z,Standard procurement order
584e3333-8f75-5fcc-9acc-bb1d4ca8c351,2026-05-07T08:00:00Z,system,2026-05-07T08:00:00Z,system,4500000158,e5752291-9c1a-556d-ab73-e21f0d3f37eb,113d871c-fdd0-59b0-922b-71a1f17a7a5b,5f639525-25c5-54fa-aa87-ccfe5b39776a,2026-05-07,2026-05-30,ORDERED,CZK,127109.26,24150.76,151260.02,Z060,DDP,0737d81c-800f-585f-8a81-5742f5aa93a6,2026-05-10T08:00:00Z,Project-specific procurement
0b0dc19a-ea02-5928-ba82-f9fee0dfb2f8,2026-01-21T08:00:00Z,system,2026-01-21T08:00:00Z,system,4500000159,d20b3572-e56d-591a-b858-c5c22045d62f,d425a94e-8ac6-50ba-81e4-27a328a21379,362bb051-fb3b-5a89-9979-8640133ad18b,2026-01-21,2026-03-14,COMPLETED,CHF,635383.70,133430.58,768814.28,Z045,CIP,0a9b9cf2-8c50-54fd-b243-53899f77bb55,2026-01-22T08:00:00Z,Priority supplier order
b4a6cb51-8976-5d97-8f67-abec08330312,2026-05-01T08:00:00Z,system,2026-05-01T08:00:00Z,system,4500000160,5cfd420c-6305-56f0-b599-3c1c4c1b5282,5b8df29c-4f7d-5b45-b24c-0b5a197ae2b0,ef2ba588-e5f9-591f-9a01-16a28aec4a68,2026-05-01,2026-05-11,COMPLETED,PLN,430150.00,90331.50,520481.50,Z030,CIP,0a9b9cf2-8c50-54fd-b243-53899f77bb55,2026-05-01T08:00:00Z,Project-specific procurement
838a553b-aee4-5ca0-9608-c83f6767939d,2026-01-27T08:00:00Z,system,2026-01-27T08:00:00Z,system,4500000161,a23e4a94-04fb-533d-8c0b-943c85425ed6,261d0783-3954-5ee6-baf2-f9e37bbb725b,344e75d1-f4ee-5da0-b8c0-d2949c9f7794,2026-01-27,2026-02-06,APPROVED,EUR,366610.77,84320.48,450931.25,0002,CPT,c7e3e4e0-4eb0-57ed-973a-248aa1d4166f,2026-01-28T08:00:00Z,
aac38b6b-bb1f-5a8b-ad1a-3ba6a1c00147,2025-12-10T08:00:00Z,system,2025-12-10T08:00:00Z,system,4500000162,5cfb11e6-d6ba-5513-9120-094477e81c75,3cab26fd-f62f-5970-ad42-c321a067cf36,0a9b9cf2-8c50-54fd-b243-53899f77bb55,2025-12-10,2026-01-04,COMPLETED,EUR,84258.39,15166.51,99424.90,0003,CPT,91e632eb-67bf-5d38-a8b5-8e84d43dd62b,2025-12-10T08:00:00Z,Quarterly replenishment
dde448dd-7a58-53fb-88eb-186aea971808,2026-02-27T08:00:00Z,system,2026-02-27T08:00:00Z,system,4500000163,d18facee-7798-50e9-88e9-343196cd6b74,329ee744-d62e-5fc4-a06d-cd6019444aa8,4e5e44a7-230a-5238-af8a-6363cf5be42b,2026-02-27,2026-03-07,COMPLETED,EUR,283223.80,53812.52,337036.32,0003,CPT,91e632eb-67bf-5d38-a8b5-8e84d43dd62b,2026-02-28T08:00:00Z,Quarterly replenishment
0eea814f-fabd-50d3-a440-ffacedbb4eea,2026-01-25T08:00:00Z,system,2026-01-25T08:00:00Z,system,4500000164,d793f1b1-63cb-5e54-90fc-fbfc7ddf9248,cb89079f-b137-594d-b7f6-f3803900b013,7c801ba4-5463-5410-bdfc-fb9770b2a7c7,2026-01-25,2026-02-23,SUBMITTED,EUR,140581.00,26710.39,167291.39,Z045,DAP,,,Quarterly replenishment
fa58aac9-e700-535c-b841-6df0fa8f0e3a,2026-01-22T08:00:00Z,system,2026-01-22T08:00:00Z,system,4500000165,acfa3bba-ae74-54ea-9cb2-c7ece995c839,329ee744-d62e-5fc4-a06d-cd6019444aa8,53657725-cc33-52fa-bf83-e8ebce35acc6,2026-01-22,2026-02-23,COMPLETED,EUR,478146.65,90847.86,568994.51,Z045,DDP,4deefa0a-1e41-5a72-a113-c2b82a9ea70b,2026-01-24T08:00:00Z,Quarterly replenishment
a7404063-266a-514f-895e-8880b4fd9c13,2025-10-12T08:00:00Z,system,2025-10-12T08:00:00Z,system,4500000166,e3e429d9-10d1-55e7-b248-40fedb48b315,5b8df29c-4f7d-5b45-b24c-0b5a197ae2b0,a8900ba9-a076-5a48-8859-1f3fc1e76071,2025-10-12,2025-12-03,COMPLETED,EUR,147961.44,34031.13,181992.57,Z045,CPT,2cd38cf3-5347-5c8e-9bec-7cbfde8bcfb8,2025-10-12T08:00:00Z,
b4d00e70-c6bf-541c-8b6a-7ce5c87aafc9,2026-04-09T08:00:00Z,system,2026-04-09T08:00:00Z,system,4500000167,557cf375-7c03-53fa-97ab-351cf44b06d9,3e8df789-1fad-5f45-9e4e-ae08a2240191,4cc33be3-e381-5651-8754-1dfb4784e453,2026-04-09,2026-05-07,ORDERED,CAD,412929.00,82585.80,495514.80,Z030,FCA,c7e3e4e0-4eb0-57ed-973a-248aa1d4166f,2026-04-12T08:00:00Z,Standard procurement order
4fb53f99-3735-5294-b358-8417d2f53e76,2025-11-29T08:00:00Z,system,2025-11-29T08:00:00Z,system,4500000168,67a09cac-9b92-5bb0-9758-d477e2227557,261d0783-3954-5ee6-baf2-f9e37bbb725b,5941f83b-16e1-5dcd-8dc3-df8d4713fe97,2025-11-29,2025-12-28,ORDERED,CHF,416244.50,95736.24,511980.74,Z060,CIP,2cd38cf3-5347-5c8e-9bec-7cbfde8bcfb8,2025-12-02T08:00:00Z,Project-specific procurement
e2ff4f9a-1e6c-59c1-aa40-61da1efe8158,2026-02-26T08:00:00Z,system,2026-02-26T08:00:00Z,system,4500000169,e86b7737-67e0-5e42-9655-8f3ce7404512,261d0783-3954-5ee6-baf2-f9e37bbb725b,bf01dabf-7f6b-5183-895b-36a5584e7d8d,2026-02-26,2026-03-11,COMPLETED,USD,150750.80,31657.67,182408.47,Z030,CPT,78f316cf-bc76-5bab-9068-b36833d8b019,2026-03-01T08:00:00Z,Priority supplier order
2e925bfa-ea9c-5aac-b8a6-caaecaadac22,2026-05-10T08:00:00Z,system,2026-05-10T08:00:00Z,system,4500000170,6d870c43-5af0-59e6-bc85-7a87ffd192e7,34b80a58-c167-5ea6-9b2c-d151aa2ea5a3,bf01dabf-7f6b-5183-895b-36a5584e7d8d,2026-05-10,2026-06-22,APPROVED,EUR,431977.05,82075.64,514052.69,0003,DAP,0737d81c-800f-585f-8a81-5742f5aa93a6,2026-05-13T08:00:00Z,Priority supplier order
ec5b9dba-06c7-5626-856c-2c6616032e22,2025-10-27T08:00:00Z,system,2025-10-27T08:00:00Z,system,4500000171,61c6b671-bb49-54e7-b5ac-ac9fed5590a0,51ca2c43-9865-5eed-88e1-7efd0be651e9,4cc33be3-e381-5651-8754-1dfb4784e453,2025-10-27,2025-12-01,ORDERED,CHF,38824.20,8929.57,47753.77,0003,EXW,78f316cf-bc76-5bab-9068-b36833d8b019,2025-10-28T08:00:00Z,Quarterly replenishment
c4f84f80-cf2f-52e6-8d96-0dc5c19391f3,2026-01-02T08:00:00Z,system,2026-01-02T08:00:00Z,system,4500000172,1687ebd0-4f66-5790-9b72-e3238b0ae7f7,34b80a58-c167-5ea6-9b2c-d151aa2ea5a3,d778b989-a675-5d3f-8009-55dfeceec6f9,2026-01-02,2026-02-22,APPROVED,EUR,196134.12,37265.48,233399.60,0003,CIP,78f316cf-bc76-5bab-9068-b36833d8b019,2026-01-05T08:00:00Z,
af61a317-0672-5067-a1c4-488d64da3019,2026-05-13T08:00:00Z,system,2026-05-13T08:00:00Z,system,4500000173,5b42c318-c469-5623-986f-f2ca4ccce5f5,87cb6569-bd40-5e24-8586-da21fbea3a81,82118fb0-4b2c-5ab5-b817-ec77a960c692,2026-05-13,2026-05-23,ORDERED,SEK,759079.47,144225.10,903304.57,Z030,CIP,d925509d-9c4c-55ac-990d-b19752aa437c,2026-05-15T08:00:00Z,Project-specific procurement
af7be592-47ff-5763-83a9-ff8ab04c0834,2026-04-23T08:00:00Z,system,2026-04-23T08:00:00Z,system,4500000174,6d870c43-5af0-59e6-bc85-7a87ffd192e7,e294ac9d-bd77-5078-ba31-f74bebb60488,78f316cf-bc76-5bab-9068-b36833d8b019,2026-04-23,2026-06-29,COMPLETED,EUR,462558.86,83260.59,545819.45,0003,DAP,0a9b9cf2-8c50-54fd-b243-53899f77bb55,2026-04-26T08:00:00Z,
2c8a50a3-4292-5b72-9192-1dfa7f5e722d,2026-07-14T08:00:00Z,system,2026-07-14T08:00:00Z,system,4500000175,557cf375-7c03-53fa-97ab-351cf44b06d9,26221d5e-2e66-5ea9-8c4d-30720ed59583,4cc33be3-e381-5651-8754-1dfb4784e453,2026-07-14,2026-09-19,ORDERED,CAD,68165.16,13633.03,81798.19,Z030,FCA,c7e3e4e0-4eb0-57ed-973a-248aa1d4166f,2026-07-14T08:00:00Z,Project-specific procurement
bd60b795-16b9-5b0d-a36e-43d222c17d52,2025-10-31T08:00:00Z,system,2025-10-31T08:00:00Z,system,4500000176,984c11de-cc53-5f88-b387-edbfeb6e675a,51ca2c43-9865-5eed-88e1-7efd0be651e9,4e5e44a7-230a-5238-af8a-6363cf5be42b,2025-10-31,2025-12-02,DRAFT,GBP,144255.96,25966.07,170222.03,Z060,DDP,,,
4441d65e-3240-56aa-9f8a-12c5260f1cd9,2026-03-28T08:00:00Z,system,2026-03-28T08:00:00Z,system,4500000177,984c11de-cc53-5f88-b387-edbfeb6e675a,681d3a1f-6166-5793-8dd0-2f9ae8a7e909,8758fdc7-b73d-58da-9847-91a91303126e,2026-03-28,2026-05-05,ORDERED,GBP,101062.17,23244.30,124306.47,Z060,DDP,d925509d-9c4c-55ac-990d-b19752aa437c,2026-03-29T08:00:00Z,Quarterly replenishment
d282c72c-3aca-5052-b261-401549fafc75,2025-12-21T08:00:00Z,system,2025-12-21T08:00:00Z,system,4500000178,10da3830-3725-5f5b-946b-84d8208ac3df,681d3a1f-6166-5793-8dd0-2f9ae8a7e909,4e5e44a7-230a-5238-af8a-6363cf5be42b,2025-12-21,2026-02-12,COMPLETED,EUR,220522.28,39694.01,260216.29,0003,DAP,91e632eb-67bf-5d38-a8b5-8e84d43dd62b,2025-12-21T08:00:00Z,Quarterly replenishment
28c71676-40a5-5f30-96e7-4e1d12e79fdd,2026-05-22T08:00:00Z,system,2026-05-22T08:00:00Z,system,4500000179,5fbcdd4c-a131-52b4-b068-b19472e199e6,283bb6f3-df62-5cb4-9d4b-a62afcbbb11d,82118fb0-4b2c-5ab5-b817-ec77a960c692,2026-05-22,2026-06-13,COMPLETED,GBP,320549.68,73726.43,394276.11,Z045,EXW,0737d81c-800f-585f-8a81-5742f5aa93a6,2026-05-23T08:00:00Z,Project-specific procurement
d175b797-de92-5c6e-b179-e801c520df6c,2025-12-21T08:00:00Z,system,2025-12-21T08:00:00Z,system,4500000180,1527dfb5-6e67-5f8d-99ca-ca0aacc8a652,3e8df789-1fad-5f45-9e4e-ae08a2240191,bfc09207-4542-5693-a52b-974f1bcfaf39,2025-12-21,2026-02-04,ORDERED,CAD,69282.94,12470.93,81753.87,Z030,FCA,d925509d-9c4c-55ac-990d-b19752aa437c,2025-12-21T08:00:00Z,
266b0b4d-249d-5c7f-bf29-c4f7c725c947,2026-07-17T08:00:00Z,system,2026-07-17T08:00:00Z,system,4500000181,b62723e4-85b4-54e6-952d-4d88f5adae98,5b8df29c-4f7d-5b45-b24c-0b5a197ae2b0,d778b989-a675-5d3f-8009-55dfeceec6f9,2026-07-17,2026-08-02,SUBMITTED,CHF,365412.88,73082.58,438495.46,Z045,DAP,,,Project-specific procurement
24743e7c-76b9-5f99-9d18-45ffd6109fdc,2025-12-28T08:00:00Z,system,2025-12-28T08:00:00Z,system,4500000182,d5f4a9fb-8418-5f72-bb85-8b4e25a61de3,12473360-94f1-5fba-a391-36ce9d7f31be,bf01dabf-7f6b-5183-895b-36a5584e7d8d,2025-12-28,2026-01-17,COMPLETED,EUR,173207.99,31177.44,204385.43,Z030,CPT,2cd38cf3-5347-5c8e-9bec-7cbfde8bcfb8,2025-12-28T08:00:00Z,Standard procurement order
83fc7bf5-fc76-55e8-a62c-c4cf1bbdbb12,2026-06-12T08:00:00Z,system,2026-06-12T08:00:00Z,system,4500000183,2ced5b4f-e17d-5790-af58-523f7f527540,0450cf2b-52b5-5c7a-95b0-bbdc67bca724,7c801ba4-5463-5410-bdfc-fb9770b2a7c7,2026-06-12,2026-08-17,COMPLETED,GBP,369928.07,73985.61,443913.68,0001,DDP,c7e3e4e0-4eb0-57ed-973a-248aa1d4166f,2026-06-14T08:00:00Z,Project-specific procurement
e81641c0-23b2-5222-bd9f-bce199c609b8,2026-06-25T08:00:00Z,system,2026-06-25T08:00:00Z,system,4500000184,fade348f-52ae-5a47-bce2-e9f1380900f1,521489a3-799d-50a5-9448-eeaa409714d1,d778b989-a675-5d3f-8009-55dfeceec6f9,2026-06-25,2026-08-07,ORDERED,CZK,7989047.05,1438028.47,9427075.52,Z045,FCA,0a9b9cf2-8c50-54fd-b243-53899f77bb55,2026-06-25T08:00:00Z,Standard procurement order
44dc6438-b40b-5888-8253-989a494488c7,2025-12-05T08:00:00Z,system,2025-12-05T08:00:00Z,system,4500000185,4905c412-da5c-5c34-bb71-a406f34a50f9,5528724a-ec45-5c0d-ac18-8666390c638c,91e632eb-67bf-5d38-a8b5-8e84d43dd62b,2025-12-05,2026-01-01,COMPLETED,PLN,1105767.41,254326.50,1360093.91,Z060,DDP,0737d81c-800f-585f-8a81-5742f5aa93a6,2025-12-08T08:00:00Z,Priority supplier order
4e3bc277-4fd8-5373-adf8-99551048c28c,2026-01-04T08:00:00Z,system,2026-01-04T08:00:00Z,system,4500000186,c9dcaa74-3e16-582e-b826-97736a2b3288,521489a3-799d-50a5-9448-eeaa409714d1,82118fb0-4b2c-5ab5-b817-ec77a960c692,2026-01-04,2026-02-13,ORDERED,EUR,150341.32,31571.68,181913.00,Z030,CIP,91e632eb-67bf-5d38-a8b5-8e84d43dd62b,2026-01-05T08:00:00Z,Quarterly replenishment
c2b09864-33a7-5fbc-bdb5-bc343b3e914e,2026-04-10T08:00:00Z,system,2026-04-10T08:00:00Z,system,4500000187,3891de4d-57d5-5ba5-873a-2d343b5d7a5b,329ee744-d62e-5fc4-a06d-cd6019444aa8,4e216c0a-c972-5f8b-9c46-6350e9b7fcd3,2026-04-10,2026-06-15,DRAFT,EUR,219351.25,41676.74,261027.99,0001,DAP,,,Standard procurement order
8d488d76-ea67-507d-b631-2d5eb915c492,2026-01-05T08:00:00Z,system,2026-01-05T08:00:00Z,system,4500000188,3891de4d-57d5-5ba5-873a-2d343b5d7a5b,78e17b4f-64d9-5a1f-8e02-e8a798b67ff0,c7e3e4e0-4eb0-57ed-973a-248aa1d4166f,2026-01-05,2026-03-09,COMPLETED,EUR,178320.60,33880.91,212201.51,0001,DAP,c7e3e4e0-4eb0-57ed-973a-248aa1d4166f,2026-01-08T08:00:00Z,Standard procurement order
f02101d0-c4fb-5282-aac7-a9c86f687429,2026-06-28T08:00:00Z,system,2026-06-28T08:00:00Z,system,4500000189,d20b3572-e56d-591a-b858-c5c22045d62f,283bb6f3-df62-5cb4-9d4b-a62afcbbb11d,a8900ba9-a076-5a48-8859-1f3fc1e76071,2026-06-28,2026-08-24,COMPLETED,CHF,142259.49,29874.49,172133.98,Z045,CIP,2cd38cf3-5347-5c8e-9bec-7cbfde8bcfb8,2026-06-29T08:00:00Z,Project-specific procurement
52aec9f9-5616-59dd-b48d-9b55df807a4c,2026-06-13T08:00:00Z,system,2026-06-13T08:00:00Z,system,4500000190,b62723e4-85b4-54e6-952d-4d88f5adae98,283bb6f3-df62-5cb4-9d4b-a62afcbbb11d,deb3fb29-3383-5c3d-9343-4b0681551f8f,2026-06-13,2026-06-20,ORDERED,CHF,301571.62,60314.32,361885.94,Z045,DAP,91e632eb-67bf-5d38-a8b5-8e84d43dd62b,2026-06-14T08:00:00Z,
9dd640ba-53cb-5265-8e6d-6403c668cb58,2026-07-28T08:00:00Z,system,2026-07-28T08:00:00Z,system,4500000191,1de9fc38-1a3d-5a07-8285-f97ea3abb2db,12473360-94f1-5fba-a391-36ce9d7f31be,f911dfb3-26ad-5d1f-b884-074c195d7b36,2026-07-28,2026-08-29,COMPLETED,PLN,493331.22,103599.56,596930.78,Z045,DDP,c7e3e4e0-4eb0-57ed-973a-248aa1d4166f,2026-07-29T08:00:00Z,Quarterly replenishment
848fd08c-5fcf-5e22-b6d8-1c2969f63f42,2025-11-04T08:00:00Z,system,2025-11-04T08:00:00Z,system,4500000192,1527dfb5-6e67-5f8d-99ca-ca0aacc8a652,5b8df29c-4f7d-5b45-b24c-0b5a197ae2b0,5941f83b-16e1-5dcd-8dc3-df8d4713fe97,2025-11-04,2026-01-06,COMPLETED,CAD,671316.75,120837.01,792153.76,Z030,FCA,78f316cf-bc76-5bab-9068-b36833d8b019,2025-11-04T08:00:00Z,Priority supplier order
8e7e4810-5f2a-5194-af3c-7a8b238a3aa3,2026-07-15T08:00:00Z,system,2026-07-15T08:00:00Z,system,4500000193,e562fce3-1dda-5959-b99a-ae629b2730a8,113d871c-fdd0-59b0-922b-71a1f17a7a5b,4e5e44a7-230a-5238-af8a-6363cf5be42b,2026-07-15,2026-07-22,APPROVED,PLN,2316452.05,440125.89,2756577.94,0001,EXW,4deefa0a-1e41-5a72-a113-c2b82a9ea70b,2026-07-16T08:00:00Z,Priority supplier order
f4c3443d-0888-5534-aeae-4d721f008d51,2025-11-19T08:00:00Z,system,2025-11-19T08:00:00Z,system,4500000194,984c11de-cc53-5f88-b387-edbfeb6e675a,cb89079f-b137-594d-b7f6-f3803900b013,78f316cf-bc76-5bab-9068-b36833d8b019,2025-11-19,2025-11-24,ORDERED,GBP,206864.62,39304.28,246168.90,Z060,DDP,d925509d-9c4c-55ac-990d-b19752aa437c,2025-11-20T08:00:00Z,Standard procurement order
fa1274f2-653a-51bb-bb02-78b06618df5b,2026-01-31T08:00:00Z,system,2026-01-31T08:00:00Z,system,4500000195,e5752291-9c1a-556d-ab73-e21f0d3f37eb,113d871c-fdd0-59b0-922b-71a1f17a7a5b,362bb051-fb3b-5a89-9979-8640133ad18b,2026-01-31,2026-02-05,SUBMITTED,CZK,9869507.98,1875206.52,11744714.50,Z060,DDP,,,Priority supplier order
612b1c22-7698-50da-a6aa-430d992de72d,2025-11-12T08:00:00Z,system,2025-11-12T08:00:00Z,system,4500000196,3860acc8-b436-5ed6-9515-d6421fd680bf,3cab26fd-f62f-5970-ad42-c321a067cf36,4e216c0a-c972-5f8b-9c46-6350e9b7fcd3,2025-11-12,2025-12-14,SUBMITTED,EUR,163120.60,32624.12,195744.72,Z045,DDP,,,Standard procurement order
3963d327-0382-5980-80e9-3e66d293c3c7,2025-12-23T08:00:00Z,system,2025-12-23T08:00:00Z,system,4500000197,b62723e4-85b4-54e6-952d-4d88f5adae98,89693957-df41-5038-b06b-8fcd13674f65,9e1c4686-2f34-5912-ad37-81df9a7a3278,2025-12-23,2026-01-26,APPROVED,CHF,29273.50,5854.70,35128.20,Z045,DAP,0737d81c-800f-585f-8a81-5742f5aa93a6,2025-12-26T08:00:00Z,Priority supplier order
57a6beba-3626-55f5-b934-c6a0bc3d1cf4,2025-10-17T08:00:00Z,system,2025-10-17T08:00:00Z,system,4500000198,3b018b68-0323-520e-b88f-fd6f1a05e7b9,5528724a-ec45-5c0d-ac18-8666390c638c,d778b989-a675-5d3f-8009-55dfeceec6f9,2025-10-17,2025-11-23,APPROVED,CZK,4059560.50,933698.92,4993259.42,Z060,FCA,78f316cf-bc76-5bab-9068-b36833d8b019,2025-10-19T08:00:00Z,Quarterly replenishment
bed3554e-52fa-54d9-a267-60f3d8bd6f34,2025-12-08T08:00:00Z,system,2025-12-08T08:00:00Z,system,4500000199,bb468112-b8da-577b-8a64-e0f89be5b8ff,681d3a1f-6166-5793-8dd0-2f9ae8a7e909,b519a3ff-3161-5685-8e6b-9063483eb30b,2025-12-08,2026-01-03,COMPLETED,EUR,44778.77,8955.75,53734.52,Z060,CPT,78f316cf-bc76-5bab-9068-b36833d8b019,2025-12-09T08:00:00Z,Project-specific procurement
19929aad-8a64-516a-91ce-474f110bea54,2025-12-07T08:00:00Z,system,2025-12-07T08:00:00Z,system,4500000200,1687ebd0-4f66-5790-9b72-e3238b0ae7f7,78e17b4f-64d9-5a1f-8e02-e8a798b67ff0,b0f0219c-497a-5b5a-8247-64bb9744b592,2025-12-07,2026-01-21,ORDERED,EUR,6701.32,1273.25,7974.57,0003,CIP,0737d81c-800f-585f-8a81-5742f5aa93a6,2025-12-08T08:00:00Z,Quarterly replenishment
a051243a-5134-5b62-bb6d-388379e01ee8,2025-11-17T08:00:00Z,system,2025-11-17T08:00:00Z,system,4500000201,e7adb3bc-bb01-5e5f-bbed-7b156e5f54b8,34b80a58-c167-5ea6-9b2c-d151aa2ea5a3,362bb051-fb3b-5a89-9979-8640133ad18b,2025-11-17,2025-12-28,COMPLETED,EUR,41544.13,7893.38,49437.51,0002,EXW,4deefa0a-1e41-5a72-a113-c2b82a9ea70b,2025-11-19T08:00:00Z,
7d468ad4-4837-566b-887a-6bc3cd8e8e49,2025-12-04T08:00:00Z,system,2025-12-04T08:00:00Z,system,4500000202,8b76e5c3-b6c5-51bc-b372-d04c363dc141,9f6bd345-59f3-56b7-b1b4-8a3e5fab6656,a8900ba9-a076-5a48-8859-1f3fc1e76071,2025-12-04,2026-01-26,ORDERED,CZK,3545940.62,673728.72,4219669.34,Z060,EXW,78f316cf-bc76-5bab-9068-b36833d8b019,2025-12-07T08:00:00Z,Priority supplier order
1bd6bf7b-d44b-5268-a9fa-a42d7a8fc7f1,2025-12-12T08:00:00Z,system,2025-12-12T08:00:00Z,system,4500000203,f63b9909-85ce-59ad-9d5e-17342163100f,113d871c-fdd0-59b0-922b-71a1f17a7a5b,cbe963d2-a4e6-5ec1-a15f-948ff5630895,2025-12-12,2026-02-04,COMPLETED,CZK,138062.03,26231.79,164293.82,Z030,DDP,0a9b9cf2-8c50-54fd-b243-53899f77bb55,2025-12-12T08:00:00Z,Standard procurement order
0f08ba1a-f61a-5a53-a988-4e37e62e8a40,2026-06-11T08:00:00Z,system,2026-06-11T08:00:00Z,system,4500000204,60eeff72-afa3-5425-9ed3-d24b0eb590b7,cb89079f-b137-594d-b7f6-f3803900b013,9e1c4686-2f34-5912-ad37-81df9a7a3278,2026-06-11,2026-07-11,ORDERED,SEK,2204065.96,418772.53,2622838.49,Z030,FCA,d925509d-9c4c-55ac-990d-b19752aa437c,2026-06-11T08:00:00Z,
1f380c3f-3160-5735-ac3b-7f8e25f90169,2026-04-01T08:00:00Z,system,2026-04-01T08:00:00Z,system,4500000205,051b18ad-9186-5426-988f-a70b99be294d,113d871c-fdd0-59b0-922b-71a1f17a7a5b,113128ae-1f79-5f39-8c07-f3d07a663bae,2026-04-01,2026-05-22,APPROVED,USD,583146.01,110797.74,693943.75,0001,DDP,91e632eb-67bf-5d38-a8b5-8e84d43dd62b,2026-04-03T08:00:00Z,Quarterly replenishment
6456540b-5895-565f-8434-3946b17f6e6d,2025-11-30T08:00:00Z,system,2025-11-30T08:00:00Z,system,4500000206,d61c0227-d2cb-53a8-b3e6-45175058182d,34b80a58-c167-5ea6-9b2c-d151aa2ea5a3,deb3fb29-3383-5c3d-9343-4b0681551f8f,2025-11-30,2026-02-06,SUBMITTED,EUR,149971.25,28494.54,178465.79,Z030,FCA,,,Project-specific procurement
cb4ab533-775a-53d3-b6c1-612e7c776dc0,2026-03-03T08:00:00Z,system,2026-03-03T08:00:00Z,system,4500000207,1de9fc38-1a3d-5a07-8285-f97ea3abb2db,3e8df789-1fad-5f45-9e4e-ae08a2240191,4e5e44a7-230a-5238-af8a-6363cf5be42b,2026-03-03,2026-03-19,CANCELLED,PLN,3647734.92,729546.98,4377281.90,Z045,DDP,,,
019845d6-ed09-5f6b-9aa4-f61f01e4ec1f,2026-02-05T08:00:00Z,system,2026-02-05T08:00:00Z,system,4500000208,0d733f4f-1d7c-53af-9046-17a207953571,3e8df789-1fad-5f45-9e4e-ae08a2240191,6a4dd11c-1048-5284-aa7d-1444c1c67877,2026-02-05,2026-04-03,ORDERED,EUR,243120.40,55917.69,299038.09,0002,CPT,91e632eb-67bf-5d38-a8b5-8e84d43dd62b,2026-02-05T08:00:00Z,Standard procurement order
34ea9859-38a6-5be8-9bf5-04998dd891ee,2026-06-07T08:00:00Z,system,2026-06-07T08:00:00Z,system,4500000209,6da4b9d9-a7ad-549b-9ffd-2b4f6a0184ea,521489a3-799d-50a5-9448-eeaa409714d1,f911dfb3-26ad-5d1f-b884-074c195d7b36,2026-06-07,2026-07-07,COMPLETED,CHF,297240.41,68365.29,365605.70,0002,DAP,0737d81c-800f-585f-8a81-5742f5aa93a6,2026-06-10T08:00:00Z,Priority supplier order
0abf6c5f-0bc6-55b1-895d-36a03d8d3d19,2026-02-21T08:00:00Z,system,2026-02-21T08:00:00Z,system,4500000210,67a09cac-9b92-5bb0-9758-d477e2227557,12473360-94f1-5fba-a391-36ce9d7f31be,7c801ba4-5463-5410-bdfc-fb9770b2a7c7,2026-02-21,2026-02-26,SUBMITTED,CHF,77666.25,15533.25,93199.50,Z060,CIP,,,Project-specific procurement
07d3194d-7781-52cb-976e-0e5affa30d84,2026-02-02T08:00:00Z,system,2026-02-02T08:00:00Z,system,4500000211,0a065745-a966-5f0d-8fc3-ddeaa9abdfec,3e8df789-1fad-5f45-9e4e-ae08a2240191,113128ae-1f79-5f39-8c07-f3d07a663bae,2026-02-02,2026-04-02,COMPLETED,EUR,99570.80,17922.74,117493.54,0003,CPT,d925509d-9c4c-55ac-990d-b19752aa437c,2026-02-05T08:00:00Z,
3631562f-b247-5d17-872a-0c021f8c51d9,2026-07-27T08:00:00Z,system,2026-07-27T08:00:00Z,system,4500000212,4d88fd10-b824-591a-bb0e-2525a57ca3d1,261d0783-3954-5ee6-baf2-f9e37bbb725b,88db520f-00d6-51aa-8b62-c7a88dd50f4c,2026-07-27,2026-09-03,COMPLETED,SEK,380760.25,79959.65,460719.90,Z030,EXW,4deefa0a-1e41-5a72-a113-c2b82a9ea70b,2026-07-27T08:00:00Z,Project-specific procurement
bf6234cb-0ba5-591a-92e5-aedb3fd12bc8,2026-06-10T08:00:00Z,system,2026-06-10T08:00:00Z,system,4500000213,557cf375-7c03-53fa-97ab-351cf44b06d9,87cb6569-bd40-5e24-8586-da21fbea3a81,aa73552f-c4e3-50c0-ab42-ae08fe8628fc,2026-06-10,2026-07-26,COMPLETED,CAD,652911.13,124053.11,776964.24,Z030,FCA,c7e3e4e0-4eb0-57ed-973a-248aa1d4166f,2026-06-10T08:00:00Z,Priority supplier order
2f0c2f03-2fad-57ff-b40d-1b7f1ebb3ad2,2026-07-04T08:00:00Z,system,2026-07-04T08:00:00Z,system,4500000214,70cce057-5466-570d-8470-681840cf629c,cb89079f-b137-594d-b7f6-f3803900b013,4e216c0a-c972-5f8b-9c46-6350e9b7fcd3,2026-07-04,2026-08-04,APPROVED,EUR,146696.53,27872.34,174568.87,Z030,DDP,d925509d-9c4c-55ac-990d-b19752aa437c,2026-07-04T08:00:00Z,Priority supplier order
4cefdb77-bc41-56e8-8694-36af3e7e94a5,2025-11-11T08:00:00Z,system,2025-11-11T08:00:00Z,system,4500000215,8b76e5c3-b6c5-51bc-b372-d04c363dc141,329ee744-d62e-5fc4-a06d-cd6019444aa8,6a4dd11c-1048-5284-aa7d-1444c1c67877,2025-11-11,2025-12-31,ORDERED,CZK,2009803.24,381862.62,2391665.86,Z060,EXW,d925509d-9c4c-55ac-990d-b19752aa437c,2025-11-12T08:00:00Z,Project-specific procurement
2caee2e9-2c5d-55f2-a0f0-56b42f8d67e8,2025-11-07T08:00:00Z,system,2025-11-07T08:00:00Z,system,4500000216,892eeadb-a73e-5ef7-bf12-aac4cf532878,113d871c-fdd0-59b0-922b-71a1f17a7a5b,5941f83b-16e1-5dcd-8dc3-df8d4713fe97,2025-11-07,2025-12-09,COMPLETED,EUR,553191.30,105106.35,658297.65,Z030,DDP,2cd38cf3-5347-5c8e-9bec-7cbfde8bcfb8,2025-11-07T08:00:00Z,Standard procurement order
05eb1b89-a257-5391-bddd-e5c69486039c,2026-02-10T08:00:00Z,system,2026-02-10T08:00:00Z,system,4500000217,4905c412-da5c-5c34-bb71-a406f34a50f9,87cb6569-bd40-5e24-8586-da21fbea3a81,8e723945-6a6c-5803-a42e-c1347adfc586,2026-02-10,2026-03-16,COMPLETED,PLN,878244.30,166866.42,1045110.72,Z060,DDP,d925509d-9c4c-55ac-990d-b19752aa437c,2026-02-12T08:00:00Z,Quarterly replenishment
2819d720-4673-533d-9f9c-110b13e768b3,2026-05-02T08:00:00Z,system,2026-05-02T08:00:00Z,system,4500000218,fc881ce9-571f-5e00-8519-4a0a92991103,26221d5e-2e66-5ea9-8c4d-30720ed59583,b0f0219c-497a-5b5a-8247-64bb9744b592,2026-05-02,2026-07-10,ORDERED,EUR,82208.80,17263.85,99472.65,Z045,EXW,4deefa0a-1e41-5a72-a113-c2b82a9ea70b,2026-05-03T08:00:00Z,Priority supplier order
45d60f6b-9ffd-5ed4-9c9a-6e95d0220fb9,2025-11-30T08:00:00Z,system,2025-11-30T08:00:00Z,system,4500000219,5cfb11e6-d6ba-5513-9120-094477e81c75,3cab26fd-f62f-5970-ad42-c321a067cf36,8e723945-6a6c-5803-a42e-c1347adfc586,2025-11-30,2025-12-15,COMPLETED,EUR,120081.07,24016.21,144097.28,0003,CPT,78f316cf-bc76-5bab-9068-b36833d8b019,2025-12-03T08:00:00Z,Standard procurement order
397089a5-b599-56f9-a770-aed622d6b143,2025-12-10T08:00:00Z,system,2025-12-10T08:00:00Z,system,4500000220,93067b6e-59b9-55e4-837d-0482b5bedd04,3cab26fd-f62f-5970-ad42-c321a067cf36,91e632eb-67bf-5d38-a8b5-8e84d43dd62b,2025-12-10,2026-01-08,ORDERED,EUR,60691.20,13958.98,74650.18,Z030,DDP,c7e3e4e0-4eb0-57ed-973a-248aa1d4166f,2025-12-13T08:00:00Z,Project-specific procurement
e8a23f47-c66d-5c53-9a70-ef04f07ef1b1,2026-03-06T08:00:00Z,system,2026-03-06T08:00:00Z,system,4500000221,96a68ba6-f5c3-582f-b5dd-32442951c1e2,5b8df29c-4f7d-5b45-b24c-0b5a197ae2b0,5f639525-25c5-54fa-aa87-ccfe5b39776a,2026-03-06,2026-03-11,COMPLETED,GBP,357555.83,75086.72,432642.55,Z030,FCA,0a9b9cf2-8c50-54fd-b243-53899f77bb55,2026-03-09T08:00:00Z,
30e0863c-4208-5fd6-b479-1ca2b9377c91,2026-04-05T08:00:00Z,system,2026-04-05T08:00:00Z,system,4500000222,6d870c43-5af0-59e6-bc85-7a87ffd192e7,261d0783-3954-5ee6-baf2-f9e37bbb725b,c7e3e4e0-4eb0-57ed-973a-248aa1d4166f,2026-04-05,2026-05-25,APPROVED,EUR,327696.25,65539.25,393235.50,0003,DAP,78f316cf-bc76-5bab-9068-b36833d8b019,2026-04-07T08:00:00Z,
bb9a6503-45d9-54d8-bf66-7fdb846d436f,2026-02-14T08:00:00Z,system,2026-02-14T08:00:00Z,system,4500000223,10da3830-3725-5f5b-946b-84d8208ac3df,5528724a-ec45-5c0d-ac18-8666390c638c,bf01dabf-7f6b-5183-895b-36a5584e7d8d,2026-02-14,2026-03-17,SUBMITTED,EUR,258964.19,46613.55,305577.74,0003,DAP,,,Project-specific procurement
c5d10925-7557-5a3c-b332-b5886a47eeac,2026-06-07T08:00:00Z,system,2026-06-07T08:00:00Z,system,4500000224,1de9fc38-1a3d-5a07-8285-f97ea3abb2db,9f6bd345-59f3-56b7-b1b4-8a3e5fab6656,d778b989-a675-5d3f-8009-55dfeceec6f9,2026-06-07,2026-07-02,COMPLETED,PLN,175173.41,33282.95,208456.36,Z045,DDP,0737d81c-800f-585f-8a81-5742f5aa93a6,2026-06-08T08:00:00Z,Project-specific procurement
bf8017f9-6ffe-511d-a3e6-71635d466abb,2026-02-10T08:00:00Z,system,2026-02-10T08:00:00Z,system,4500000225,acfa3bba-ae74-54ea-9cb2-c7ece995c839,329ee744-d62e-5fc4-a06d-cd6019444aa8,deb3fb29-3383-5c3d-9343-4b0681551f8f,2026-02-10,2026-04-03,COMPLETED,EUR,670264.25,127350.21,797614.46,Z045,DDP,78f316cf-bc76-5bab-9068-b36833d8b019,2026-02-10T08:00:00Z,Quarterly replenishment
6ceb04a5-1ec1-5402-953d-5ebdbbeb2be8,2026-04-28T08:00:00Z,system,2026-04-28T08:00:00Z,system,4500000226,bcb31d65-a401-530a-ad05-b5d8799c8a39,26221d5e-2e66-5ea9-8c4d-30720ed59583,cbe963d2-a4e6-5ec1-a15f-948ff5630895,2026-04-28,2026-07-05,COMPLETED,SEK,1501002.29,315210.48,1816212.77,Z030,DDP,0a9b9cf2-8c50-54fd-b243-53899f77bb55,2026-04-29T08:00:00Z,Quarterly replenishment
39108252-fbb3-5c78-a387-80a6af64d7c1,2026-06-12T08:00:00Z,system,2026-06-12T08:00:00Z,system,4500000227,fa9a8815-098a-5e45-bc94-5794fa09989e,cb89079f-b137-594d-b7f6-f3803900b013,ef2ba588-e5f9-591f-9a01-16a28aec4a68,2026-06-12,2026-06-23,COMPLETED,GBP,150636.01,28620.84,179256.85,Z060,DDP,0a9b9cf2-8c50-54fd-b243-53899f77bb55,2026-06-14T08:00:00Z,Quarterly replenishment
c3b6b02a-5774-5b29-978a-47caea412389,2025-11-17T08:00:00Z,system,2025-11-17T08:00:00Z,system,4500000228,c5e19f5d-f971-532d-b16b-ae6d6537f398,261d0783-3954-5ee6-baf2-f9e37bbb725b,bfc09207-4542-5693-a52b-974f1bcfaf39,2025-11-17,2025-12-05,APPROVED,EUR,63335.03,12667.01,76002.04,Z045,DDP,91e632eb-67bf-5d38-a8b5-8e84d43dd62b,2025-11-19T08:00:00Z,Project-specific procurement
330f6f64-7202-5edb-88e8-4b5b9406b076,2026-01-13T08:00:00Z,system,2026-01-13T08:00:00Z,system,4500000229,3860acc8-b436-5ed6-9515-d6421fd680bf,113d871c-fdd0-59b0-922b-71a1f17a7a5b,5941f83b-16e1-5dcd-8dc3-df8d4713fe97,2026-01-13,2026-01-21,SUBMITTED,EUR,11339.23,2154.45,13493.68,Z045,DDP,,,Priority supplier order
2e34ac43-6545-5cb6-ba31-6bbba1507f4d,2025-10-30T08:00:00Z,system,2025-10-30T08:00:00Z,system,4500000230,a23e4a94-04fb-533d-8c0b-943c85425ed6,51ca2c43-9865-5eed-88e1-7efd0be651e9,f911dfb3-26ad-5d1f-b884-074c195d7b36,2025-10-30,2025-11-14,APPROVED,EUR,83002.35,17430.49,100432.84,0002,CPT,91e632eb-67bf-5d38-a8b5-8e84d43dd62b,2025-11-01T08:00:00Z,Priority supplier order
a4b9967f-ae8a-57cb-baec-b0d17f5a6ca3,2026-05-06T08:00:00Z,system,2026-05-06T08:00:00Z,system,4500000231,fc881ce9-571f-5e00-8519-4a0a92991103,efd8a8e4-0bb8-5f9e-be95-16451417acb0,4e5e44a7-230a-5238-af8a-6363cf5be42b,2026-05-06,2026-05-13,COMPLETED,EUR,16419.18,2955.45,19374.63,Z045,EXW,91e632eb-67bf-5d38-a8b5-8e84d43dd62b,2026-05-09T08:00:00Z,Quarterly replenishment
42bf0884-599a-5ace-ab81-c140f1d8877a,2026-01-26T08:00:00Z,system,2026-01-26T08:00:00Z,system,4500000232,69346548-c6be-516e-a50c-3db3ca154679,cb89079f-b137-594d-b7f6-f3803900b013,5f639525-25c5-54fa-aa87-ccfe5b39776a,2026-01-26,2026-02-02,COMPLETED,EUR,66710.77,12675.05,79385.82,0002,EXW,c7e3e4e0-4eb0-57ed-973a-248aa1d4166f,2026-01-29T08:00:00Z,
9eb01d23-ca0a-5eaa-a4da-5d950c0f2d27,2026-03-26T08:00:00Z,system,2026-03-26T08:00:00Z,system,4500000233,3860acc8-b436-5ed6-9515-d6421fd680bf,87cb6569-bd40-5e24-8586-da21fbea3a81,2cd38cf3-5347-5c8e-9bec-7cbfde8bcfb8,2026-03-26,2026-04-18,COMPLETED,EUR,6339.48,1204.50,7543.98,Z045,DDP,d925509d-9c4c-55ac-990d-b19752aa437c,2026-03-29T08:00:00Z,Priority supplier order
82d41b7f-f44e-5e71-a1e3-3caca862ac05,2026-07-13T08:00:00Z,system,2026-07-13T08:00:00Z,system,4500000234,70cce057-5466-570d-8470-681840cf629c,e294ac9d-bd77-5078-ba31-f74bebb60488,362bb051-fb3b-5a89-9979-8640133ad18b,2026-07-13,2026-08-17,COMPLETED,EUR,184989.30,33298.07,218287.37,Z030,DDP,0a9b9cf2-8c50-54fd-b243-53899f77bb55,2026-07-13T08:00:00Z,Standard procurement order
216d3e99-4576-58da-9c91-94015101b67d,2026-01-07T08:00:00Z,system,2026-01-07T08:00:00Z,system,4500000235,1e6af728-f1a9-58e4-83dd-e019059d95b9,03aef187-5272-56c7-bfc4-cf8b61ecf06b,0a9b9cf2-8c50-54fd-b243-53899f77bb55,2026-01-07,2026-01-23,ORDERED,PLN,725831.80,130649.72,856481.52,Z030,FCA,c7e3e4e0-4eb0-57ed-973a-248aa1d4166f,2026-01-09T08:00:00Z,Standard procurement order
c9db99c5-eb6c-501f-b7ef-6e2ce25ede12,2025-10-17T08:00:00Z,system,2025-10-17T08:00:00Z,system,4500000236,0d733f4f-1d7c-53af-9046-17a207953571,e294ac9d-bd77-5078-ba31-f74bebb60488,91e632eb-67bf-5d38-a8b5-8e84d43dd62b,2025-10-17,2025-12-20,SUBMITTED,EUR,202974.90,46684.23,249659.13,0002,CPT,,,Standard procurement order
650d7874-62f1-5a3e-afd6-7d1407db54d1,2025-12-07T08:00:00Z,system,2025-12-07T08:00:00Z,system,4500000237,93067b6e-59b9-55e4-837d-0482b5bedd04,261d0783-3954-5ee6-baf2-f9e37bbb725b,5941f83b-16e1-5dcd-8dc3-df8d4713fe97,2025-12-07,2026-02-09,APPROVED,EUR,97925.06,17626.51,115551.57,Z030,DDP,c7e3e4e0-4eb0-57ed-973a-248aa1d4166f,2025-12-10T08:00:00Z,Standard procurement order
e3198265-6768-5a48-a713-677c93b4c6f0,2026-01-18T08:00:00Z,system,2026-01-18T08:00:00Z,system,4500000238,d81fc662-e016-5120-8688-1d27c779f450,e6d386f5-8b03-578e-aca0-68c8e68a10d1,a8900ba9-a076-5a48-8859-1f3fc1e76071,2026-01-18,2026-01-30,APPROVED,EUR,76534.00,14541.46,91075.46,0003,CIP,2cd38cf3-5347-5c8e-9bec-7cbfde8bcfb8,2026-01-21T08:00:00Z,Quarterly replenishment
99fadb5c-0f54-59e7-9cfb-1ec25ce2b91e,2026-06-20T08:00:00Z,system,2026-06-20T08:00:00Z,system,4500000239,3e8b52bd-d7b0-5cd4-9e21-b07390af9b6e,efd8a8e4-0bb8-5f9e-be95-16451417acb0,e1c1d5bd-6452-5e7c-9911-1b5d499df0eb,2026-06-20,2026-07-14,COMPLETED,EUR,172668.75,39713.81,212382.56,0002,CPT,91e632eb-67bf-5d38-a8b5-8e84d43dd62b,2026-06-23T08:00:00Z,Priority supplier order
23893f47-f029-52b3-a930-b8c621e3f5ef,2026-02-28T08:00:00Z,system,2026-02-28T08:00:00Z,system,4500000240,051b18ad-9186-5426-988f-a70b99be294d,89693957-df41-5038-b06b-8fcd13674f65,4e5e44a7-230a-5238-af8a-6363cf5be42b,2026-02-28,2026-04-12,ORDERED,USD,58428.80,13438.62,71867.42,0001,DDP,0737d81c-800f-585f-8a81-5742f5aa93a6,2026-03-01T08:00:00Z,Standard procurement order
5c7ee5be-79a4-5c2c-a399-29ccd1c4240c,2025-11-18T08:00:00Z,system,2025-11-18T08:00:00Z,system,4500000241,0a065745-a966-5f0d-8fc3-ddeaa9abdfec,e294ac9d-bd77-5078-ba31-f74bebb60488,2cd38cf3-5347-5c8e-9bec-7cbfde8bcfb8,2025-11-18,2025-12-26,COMPLETED,EUR,2725.66,572.39,3298.05,0003,CPT,91e632eb-67bf-5d38-a8b5-8e84d43dd62b,2025-11-20T08:00:00Z,Quarterly replenishment
dd57db26-7421-5782-a753-c126bb46bc9d,2026-03-07T08:00:00Z,system,2026-03-07T08:00:00Z,system,4500000242,10da3830-3725-5f5b-946b-84d8208ac3df,5b8df29c-4f7d-5b45-b24c-0b5a197ae2b0,5941f83b-16e1-5dcd-8dc3-df8d4713fe97,2026-03-07,2026-04-22,COMPLETED,EUR,24876.46,5721.59,30598.05,0003,DAP,d925509d-9c4c-55ac-990d-b19752aa437c,2026-03-09T08:00:00Z,Priority supplier order
17471da3-952c-5aac-b6e7-8eb1e561b1ed,2026-05-19T08:00:00Z,system,2026-05-19T08:00:00Z,system,4500000243,bbac652c-53ab-5bd8-8cc8-f60b29b6bccb,efd8a8e4-0bb8-5f9e-be95-16451417acb0,b0637871-bb7d-59e4-8037-d5e1bbe0560a,2026-05-19,2026-07-26,APPROVED,EUR,3454.00,725.34,4179.34,0001,CPT,78f316cf-bc76-5bab-9068-b36833d8b019,2026-05-20T08:00:00Z,Quarterly replenishment
59ab089d-85ce-5c37-b5c0-d179e3b18919,2025-10-14T08:00:00Z,system,2025-10-14T08:00:00Z,system,4500000244,bbac652c-53ab-5bd8-8cc8-f60b29b6bccb,e294ac9d-bd77-5078-ba31-f74bebb60488,78f316cf-bc76-5bab-9068-b36833d8b019,2025-10-14,2025-11-12,COMPLETED,EUR,418902.30,87969.48,506871.78,0001,CPT,78f316cf-bc76-5bab-9068-b36833d8b019,2025-10-16T08:00:00Z,
f0c8f062-64b7-5a5a-9b9b-3d07613b6510,2026-03-14T08:00:00Z,system,2026-03-14T08:00:00Z,system,4500000245,529acd2b-16e5-56e2-9831-27d1c37b8610,03aef187-5272-56c7-bfc4-cf8b61ecf06b,53657725-cc33-52fa-bf83-e8ebce35acc6,2026-03-14,2026-04-19,SUBMITTED,SEK,697493.43,160423.49,857916.92,Z045,CPT,,,Quarterly replenishment
203fe802-4de1-508a-a0b7-53ebae125a31,2026-03-25T08:00:00Z,system,2026-03-25T08:00:00Z,system,4500000246,2ced5b4f-e17d-5790-af58-523f7f527540,89693957-df41-5038-b06b-8fcd13674f65,b519a3ff-3161-5685-8e6b-9063483eb30b,2026-03-25,2026-04-19,ORDERED,GBP,340443.55,61279.84,401723.39,0001,DDP,0a9b9cf2-8c50-54fd-b243-53899f77bb55,2026-03-27T08:00:00Z,
62a39717-c80d-53ad-b570-07afda17b2be,2026-06-19T08:00:00Z,system,2026-06-19T08:00:00Z,system,4500000247,8b76e5c3-b6c5-51bc-b372-d04c363dc141,e6d386f5-8b03-578e-aca0-68c8e68a10d1,344e75d1-f4ee-5da0-b8c0-d2949c9f7794,2026-06-19,2026-07-07,ORDERED,CZK,1424695.53,270692.15,1695387.68,Z060,EXW,0737d81c-800f-585f-8a81-5742f5aa93a6,2026-06-20T08:00:00Z,Priority supplier order
863ff18f-c82f-5ea3-a782-9eb60f9ccb7d,2025-11-15T08:00:00Z,system,2025-11-15T08:00:00Z,system,4500000248,6d870c43-5af0-59e6-bc85-7a87ffd192e7,9f6bd345-59f3-56b7-b1b4-8a3e5fab6656,deb3fb29-3383-5c3d-9343-4b0681551f8f,2025-11-15,2025-12-30,COMPLETED,EUR,6126.63,1164.06,7290.69,0003,DAP,91e632eb-67bf-5d38-a8b5-8e84d43dd62b,2025-11-15T08:00:00Z,
776dcfcb-e77d-593a-a5b5-763595e6e68a,2026-06-20T08:00:00Z,system,2026-06-20T08:00:00Z,system,4500000249,cfe20baa-62bb-5713-863b-db3fe7da6a3d,cb89079f-b137-594d-b7f6-f3803900b013,0a9b9cf2-8c50-54fd-b243-53899f77bb55,2026-06-20,2026-08-04,COMPLETED,GBP,14048.89,2669.29,16718.18,0002,DDP,c7e3e4e0-4eb0-57ed-973a-248aa1d4166f,2026-06-23T08:00:00Z,Project-specific procurement
5af584f7-1eba-5f27-ba58-852d499e2a55,2026-02-17T08:00:00Z,system,2026-02-17T08:00:00Z,system,4500000250,1e6af728-f1a9-58e4-83dd-e019059d95b9,3cab26fd-f62f-5970-ad42-c321a067cf36,f4bfe1cc-a9ff-5838-84b3-8d0b8a482a8d,2026-02-17,2026-04-26,ORDERED,PLN,279216.20,64219.73,343435.93,Z030,FCA,4deefa0a-1e41-5a72-a113-c2b82a9ea70b,2026-02-19T08:00:00Z,
d44da953-f9c4-58d8-bf5d-75ef9a9bd94e,2026-05-26T08:00:00Z,system,2026-05-26T08:00:00Z,system,4500000251,61c6b671-bb49-54e7-b5ac-ac9fed5590a0,e294ac9d-bd77-5078-ba31-f74bebb60488,b519a3ff-3161-5685-8e6b-9063483eb30b,2026-05-26,2026-07-02,CANCELLED,CHF,5021.74,1004.35,6026.09,0003,EXW,,,Priority supplier order
7c418c7e-d112-53f4-90fd-60609acd1a00,2025-11-22T08:00:00Z,system,2025-11-22T08:00:00Z,system,4500000252,5b42c318-c469-5623-986f-f2ca4ccce5f5,89693957-df41-5038-b06b-8fcd13674f65,8758fdc7-b73d-58da-9847-91a91303126e,2025-11-22,2025-12-15,COMPLETED,SEK,778297.24,140093.50,918390.74,Z030,CIP,d925509d-9c4c-55ac-990d-b19752aa437c,2025-11-24T08:00:00Z,Quarterly replenishment
cf0ef797-91bb-5582-a2be-b4db0ea12ed2,2026-01-21T08:00:00Z,system,2026-01-21T08:00:00Z,system,4500000253,e86b7737-67e0-5e42-9655-8f3ce7404512,3cab26fd-f62f-5970-ad42-c321a067cf36,8758fdc7-b73d-58da-9847-91a91303126e,2026-01-21,2026-03-29,COMPLETED,USD,179221.50,41220.94,220442.44,Z030,CPT,91e632eb-67bf-5d38-a8b5-8e84d43dd62b,2026-01-22T08:00:00Z,Project-specific procurement
104b15f8-84bb-55b1-994d-0278d47b9b7b,2026-07-03T08:00:00Z,system,2026-07-03T08:00:00Z,system,4500000254,60eeff72-afa3-5425-9ed3-d24b0eb590b7,89693957-df41-5038-b06b-8fcd13674f65,4b8f339d-64d5-53f8-bcd2-cafb0ea20c4d,2026-07-03,2026-08-23,COMPLETED,SEK,1610364.80,370383.90,1980748.70,Z030,FCA,0737d81c-800f-585f-8a81-5742f5aa93a6,2026-07-04T08:00:00Z,Project-specific procurement
fb6a4f87-1a54-5582-a823-5e00d2bb435e,2025-10-14T08:00:00Z,system,2025-10-14T08:00:00Z,system,4500000255,d18facee-7798-50e9-88e9-343196cd6b74,261d0783-3954-5ee6-baf2-f9e37bbb725b,8758fdc7-b73d-58da-9847-91a91303126e,2025-10-14,2025-11-30,ORDERED,EUR,26916.49,4844.97,31761.46,0003,CPT,2cd38cf3-5347-5c8e-9bec-7cbfde8bcfb8,2025-10-16T08:00:00Z,Priority supplier order
ae441061-879b-5da6-a48a-b42350de37d3,2026-03-26T08:00:00Z,system,2026-03-26T08:00:00Z,system,4500000256,0d733f4f-1d7c-53af-9046-17a207953571,34b80a58-c167-5ea6-9b2c-d151aa2ea5a3,8758fdc7-b73d-58da-9847-91a91303126e,2026-03-26,2026-05-28,COMPLETED,EUR,410756.16,78043.67,488799.83,0002,CPT,78f316cf-bc76-5bab-9068-b36833d8b019,2026-03-26T08:00:00Z,Standard procurement order
87f37b47-bb43-51d2-b6cb-60c6f915f357,2025-10-17T08:00:00Z,system,2025-10-17T08:00:00Z,system,4500000257,6da4b9d9-a7ad-549b-9ffd-2b4f6a0184ea,0450cf2b-52b5-5c7a-95b0-bbdc67bca724,362bb051-fb3b-5a89-9979-8640133ad18b,2025-10-17,2025-11-02,COMPLETED,CHF,81307.52,17074.58,98382.10,0002,DAP,0737d81c-800f-585f-8a81-5742f5aa93a6,2025-10-20T08:00:00Z,Project-specific procurement
da4ca573-5fea-5c34-8c51-b4a7f7b9e188,2025-11-19T08:00:00Z,system,2025-11-19T08:00:00Z,system,4500000258,70cce057-5466-570d-8470-681840cf629c,34b80a58-c167-5ea6-9b2c-d151aa2ea5a3,b0f0219c-497a-5b5a-8247-64bb9744b592,2025-11-19,2026-01-16,ORDERED,EUR,277946.04,52809.75,330755.79,Z030,DDP,4deefa0a-1e41-5a72-a113-c2b82a9ea70b,2025-11-22T08:00:00Z,Priority supplier order
b0ebfcf6-6fd5-5e3c-91cf-6844c98c071e,2026-06-13T08:00:00Z,system,2026-06-13T08:00:00Z,system,4500000259,51deaf41-f05e-539c-941e-b9f8e9b454c0,113d871c-fdd0-59b0-922b-71a1f17a7a5b,88db520f-00d6-51aa-8b62-c7a88dd50f4c,2026-06-13,2026-08-05,COMPLETED,GBP,424269.70,80611.24,504880.94,Z045,FCA,91e632eb-67bf-5d38-a8b5-8e84d43dd62b,2026-06-13T08:00:00Z,Standard procurement order
6c81700a-0555-5faa-9cbb-c4bbb1b42566,2026-06-11T08:00:00Z,system,2026-06-11T08:00:00Z,system,4500000260,70cce057-5466-570d-8470-681840cf629c,329ee744-d62e-5fc4-a06d-cd6019444aa8,88db520f-00d6-51aa-8b62-c7a88dd50f4c,2026-06-11,2026-06-18,ORDERED,EUR,276832.25,52598.13,329430.38,Z030,DDP,d925509d-9c4c-55ac-990d-b19752aa437c,2026-06-12T08:00:00Z,Priority supplier order
cd52a7ff-0942-52bc-93d6-7021fc9c7d67,2026-01-10T08:00:00Z,system,2026-01-10T08:00:00Z,system,4500000261,e3e429d9-10d1-55e7-b248-40fedb48b315,78e17b4f-64d9-5a1f-8e02-e8a798b67ff0,2cd38cf3-5347-5c8e-9bec-7cbfde8bcfb8,2026-01-10,2026-02-17,COMPLETED,EUR,351227.88,66733.30,417961.18,Z045,CPT,0a9b9cf2-8c50-54fd-b243-53899f77bb55,2026-01-10T08:00:00Z,
4d0950d6-322e-56b4-8e01-65a8e1fc0af0,2026-07-01T08:00:00Z,system,2026-07-01T08:00:00Z,system,4500000262,e3e429d9-10d1-55e7-b248-40fedb48b315,cb89079f-b137-594d-b7f6-f3803900b013,88db520f-00d6-51aa-8b62-c7a88dd50f4c,2026-07-01,2026-08-07,ORDERED,EUR,569201.60,108148.30,677349.90,Z045,CPT,d925509d-9c4c-55ac-990d-b19752aa437c,2026-07-02T08:00:00Z,Standard procurement order
1ec2c43c-b5d0-52a3-8dc4-dcb05d2da225,2026-05-29T08:00:00Z,system,2026-05-29T08:00:00Z,system,4500000263,bbe536c0-548b-5f63-9041-e346ae8009a3,89693957-df41-5038-b06b-8fcd13674f65,deb3fb29-3383-5c3d-9343-4b0681551f8f,2026-05-29,2026-06-24,COMPLETED,PLN,382065.98,76413.20,458479.18,Z060,EXW,0737d81c-800f-585f-8a81-5742f5aa93a6,2026-06-01T08:00:00Z,Quarterly replenishment
8bb45acd-08a8-5384-9bff-2623e37aed11,2025-12-04T08:00:00Z,system,2025-12-04T08:00:00Z,system,4500000264,d793f1b1-63cb-5e54-90fc-fbfc7ddf9248,5b8df29c-4f7d-5b45-b24c-0b5a197ae2b0,344e75d1-f4ee-5da0-b8c0-d2949c9f7794,2025-12-04,2026-01-02,COMPLETED,EUR,709871.20,127776.82,837648.02,Z045,DAP,c7e3e4e0-4eb0-57ed-973a-248aa1d4166f,2025-12-06T08:00:00Z,
cfa81163-51e7-5a49-8596-41ba60ad89f8,2025-10-24T08:00:00Z,system,2025-10-24T08:00:00Z,system,4500000265,b2062365-15e8-5d1c-ae5c-a2c4459e969a,3e8df789-1fad-5f45-9e4e-ae08a2240191,bf01dabf-7f6b-5183-895b-36a5584e7d8d,2025-10-24,2025-11-06,COMPLETED,CAD,1593402.20,286812.40,1880214.60,0003,EXW,2cd38cf3-5347-5c8e-9bec-7cbfde8bcfb8,2025-10-26T08:00:00Z,Priority supplier order
7bfce3b2-fb4c-5d97-842a-e2badeabf49c,2026-01-18T08:00:00Z,system,2026-01-18T08:00:00Z,system,4500000266,aee6450e-4511-5d45-adb8-f7752be64638,26221d5e-2e66-5ea9-8c4d-30720ed59583,4cc33be3-e381-5651-8754-1dfb4784e453,2026-01-18,2026-02-19,ORDERED,PLN,1975375.30,355567.55,2330942.85,Z030,DAP,4deefa0a-1e41-5a72-a113-c2b82a9ea70b,2026-01-21T08:00:00Z,Standard procurement order
edb92ca1-62fd-5f03-ba7d-888f683e3527,2026-02-22T08:00:00Z,system,2026-02-22T08:00:00Z,system,4500000267,d793f1b1-63cb-5e54-90fc-fbfc7ddf9248,51ca2c43-9865-5eed-88e1-7efd0be651e9,cbe963d2-a4e6-5ec1-a15f-948ff5630895,2026-02-22,2026-04-03,COMPLETED,EUR,290462.20,66806.31,357268.51,Z045,DAP,0737d81c-800f-585f-8a81-5742f5aa93a6,2026-02-22T08:00:00Z,Project-specific procurement
60b54de1-8d8d-52c7-8553-cfc1fde565ec,2026-05-16T08:00:00Z,system,2026-05-16T08:00:00Z,system,4500000268,1e6af728-f1a9-58e4-83dd-e019059d95b9,5528724a-ec45-5c0d-ac18-8666390c638c,0a9b9cf2-8c50-54fd-b243-53899f77bb55,2026-05-16,2026-06-27,APPROVED,PLN,1551464.03,279263.53,1830727.56,Z030,FCA,0737d81c-800f-585f-8a81-5742f5aa93a6,2026-05-17T08:00:00Z,Project-specific procurement
18e42028-b3dc-54e9-8289-6e7f7ddc3a72,2026-04-28T08:00:00Z,system,2026-04-28T08:00:00Z,system,4500000269,d5f4a9fb-8418-5f72-bb85-8b4e25a61de3,d425a94e-8ac6-50ba-81e4-27a328a21379,88db520f-00d6-51aa-8b62-c7a88dd50f4c,2026-04-28,2026-06-12,APPROVED,EUR,342815.19,68563.04,411378.23,Z030,CPT,2cd38cf3-5347-5c8e-9bec-7cbfde8bcfb8,2026-04-30T08:00:00Z,
2faf5b36-2557-5d85-acac-e5bade822d9c,2026-03-27T08:00:00Z,system,2026-03-27T08:00:00Z,system,4500000270,3b018b68-0323-520e-b88f-fd6f1a05e7b9,87cb6569-bd40-5e24-8586-da21fbea3a81,2cd38cf3-5347-5c8e-9bec-7cbfde8bcfb8,2026-03-27,2026-05-05,SUBMITTED,CZK,1472272.89,279731.85,1752004.74,Z060,FCA,,,
f9cde7dd-9b12-5eb1-b088-268078332daa,2026-01-14T08:00:00Z,system,2026-01-14T08:00:00Z,system,4500000271,90e10c7e-6736-59c8-948e-d8729b244cbb,87cb6569-bd40-5e24-8586-da21fbea3a81,8e723945-6a6c-5803-a42e-c1347adfc586,2026-01-14,2026-01-19,COMPLETED,EUR,29549.95,5614.49,35164.44,Z060,CIP,c7e3e4e0-4eb0-57ed-973a-248aa1d4166f,2026-01-16T08:00:00Z,Project-specific procurement
d1e8abba-2843-581b-bfb0-d6eeba89f16b,2025-11-13T08:00:00Z,system,2025-11-13T08:00:00Z,system,4500000272,6baf0642-83c4-5c75-8d5e-2d181e2adb72,78e17b4f-64d9-5a1f-8e02-e8a798b67ff0,bf01dabf-7f6b-5183-895b-36a5584e7d8d,2025-11-13,2026-01-06,APPROVED,GBP,237882.22,45197.62,283079.84,Z030,CPT,78f316cf-bc76-5bab-9068-b36833d8b019,2025-11-13T08:00:00Z,Standard procurement order
36c10716-d244-5b5c-8f60-40b2ac9b4d65,2026-07-03T08:00:00Z,system,2026-07-03T08:00:00Z,system,4500000273,1e6af728-f1a9-58e4-83dd-e019059d95b9,5528724a-ec45-5c0d-ac18-8666390c638c,4e216c0a-c972-5f8b-9c46-6350e9b7fcd3,2026-07-03,2026-07-26,COMPLETED,PLN,422843.13,76111.76,498954.89,Z030,FCA,d925509d-9c4c-55ac-990d-b19752aa437c,2026-07-03T08:00:00Z,Standard procurement order
00e95fb2-4999-5a89-b514-66e9039ab040,2026-06-24T08:00:00Z,system,2026-06-24T08:00:00Z,system,4500000274,f976befd-fcaf-56c0-ab48-c790fa270290,03aef187-5272-56c7-bfc4-cf8b61ecf06b,344e75d1-f4ee-5da0-b8c0-d2949c9f7794,2026-06-24,2026-09-01,COMPLETED,CAD,963834.10,192766.82,1156600.92,Z030,CIP,91e632eb-67bf-5d38-a8b5-8e84d43dd62b,2026-06-27T08:00:00Z,Standard procurement order
845ce1ce-b908-5c79-93c2-d44470c0c380,2026-01-24T08:00:00Z,system,2026-01-24T08:00:00Z,system,4500000275,6da4b9d9-a7ad-549b-9ffd-2b4f6a0184ea,5b8df29c-4f7d-5b45-b24c-0b5a197ae2b0,762dab21-f406-51e5-938f-353039145619,2026-01-24,2026-03-31,APPROVED,CHF,442106.09,92842.28,534948.37,0002,DAP,d925509d-9c4c-55ac-990d-b19752aa437c,2026-01-24T08:00:00Z,Standard procurement order
bf6ed661-6bf0-596f-b8db-6a9edd26a5dc,2026-05-22T08:00:00Z,system,2026-05-22T08:00:00Z,system,4500000276,3891de4d-57d5-5ba5-873a-2d343b5d7a5b,681d3a1f-6166-5793-8dd0-2f9ae8a7e909,f911dfb3-26ad-5d1f-b884-074c195d7b36,2026-05-22,2026-06-21,COMPLETED,EUR,746364.75,149272.95,895637.70,0001,DAP,0737d81c-800f-585f-8a81-5742f5aa93a6,2026-05-22T08:00:00Z,Project-specific procurement
69371269-7783-51d6-9252-937bef575625,2025-10-06T08:00:00Z,system,2025-10-06T08:00:00Z,system,4500000277,e562fce3-1dda-5959-b99a-ae629b2730a8,efd8a8e4-0bb8-5f9e-be95-16451417acb0,aa73552f-c4e3-50c0-ab42-ae08fe8628fc,2025-10-06,2025-10-13,ORDERED,PLN,1405223.50,281044.70,1686268.20,0001,EXW,78f316cf-bc76-5bab-9068-b36833d8b019,2025-10-09T08:00:00Z,Project-specific procurement
439d7ffe-7a38-55f9-8dd8-9fa00eb0ec09,2025-10-23T08:00:00Z,system,2025-10-23T08:00:00Z,system,4500000278,1527dfb5-6e67-5f8d-99ca-ca0aacc8a652,89693957-df41-5038-b06b-8fcd13674f65,6a4dd11c-1048-5284-aa7d-1444c1c67877,2025-10-23,2025-12-27,COMPLETED,CAD,292738.51,67329.86,360068.37,Z030,FCA,d925509d-9c4c-55ac-990d-b19752aa437c,2025-10-25T08:00:00Z,Project-specific procurement
0ba5f0ec-3ec3-57e7-b279-de89413aff8c,2026-04-02T08:00:00Z,system,2026-04-02T08:00:00Z,system,4500000279,10da3830-3725-5f5b-946b-84d8208ac3df,87cb6569-bd40-5e24-8586-da21fbea3a81,53657725-cc33-52fa-bf83-e8ebce35acc6,2026-04-02,2026-05-20,ORDERED,EUR,427555.69,81235.58,508791.27,0003,DAP,78f316cf-bc76-5bab-9068-b36833d8b019,2026-04-03T08:00:00Z,Project-specific procurement
19e0bf23-4f37-55c8-976e-2346d33382a6,2025-12-04T08:00:00Z,system,2025-12-04T08:00:00Z,system,4500000280,b2062365-15e8-5d1c-ae5c-a2c4459e969a,113d871c-fdd0-59b0-922b-71a1f17a7a5b,9e1c4686-2f34-5912-ad37-81df9a7a3278,2025-12-04,2026-01-24,ORDERED,CAD,568815.97,108075.03,676891.00,0003,EXW,c7e3e4e0-4eb0-57ed-973a-248aa1d4166f,2025-12-07T08:00:00Z,Priority supplier order
20d5cc66-9ed9-5696-86a6-aebdbce7949a,2025-12-07T08:00:00Z,system,2025-12-07T08:00:00Z,system,4500000281,2e617472-f9c2-5b53-a8b9-327c19b7a7b2,e294ac9d-bd77-5078-ba31-f74bebb60488,24356e6d-8de5-5316-88e3-702cdfd23228,2025-12-07,2026-01-31,COMPLETED,EUR,139572.43,29310.21,168882.64,0002,DAP,4deefa0a-1e41-5a72-a113-c2b82a9ea70b,2025-12-10T08:00:00Z,Project-specific procurement
8dd62e74-1f9e-56d4-a584-fb5ad00040ed,2025-11-12T08:00:00Z,system,2025-11-12T08:00:00Z,system,4500000282,c9e9137a-fbd0-5b48-86f9-b6693cb7cf2f,e294ac9d-bd77-5078-ba31-f74bebb60488,2cd38cf3-5347-5c8e-9bec-7cbfde8bcfb8,2025-11-12,2026-01-15,COMPLETED,CAD,17058.46,3070.52,20128.98,0001,CIP,c7e3e4e0-4eb0-57ed-973a-248aa1d4166f,2025-11-13T08:00:00Z,Quarterly replenishment
57e27ef6-1dfb-5944-a39b-96851293280d,2026-06-26T08:00:00Z,system,2026-06-26T08:00:00Z,system,4500000283,e562fce3-1dda-5959-b99a-ae629b2730a8,78e17b4f-64d9-5a1f-8e02-e8a798b67ff0,d778b989-a675-5d3f-8009-55dfeceec6f9,2026-06-26,2026-08-16,COMPLETED,PLN,27377.07,5201.64,32578.71,0001,EXW,0a9b9cf2-8c50-54fd-b243-53899f77bb55,2026-06-29T08:00:00Z,Quarterly replenishment
08a149bf-617c-593e-9ba7-edbfbfe3fa4a,2026-01-08T08:00:00Z,system,2026-01-08T08:00:00Z,system,4500000284,94637be8-57b0-5434-bd07-63fb1b7462c2,283bb6f3-df62-5cb4-9d4b-a62afcbbb11d,d778b989-a675-5d3f-8009-55dfeceec6f9,2026-01-08,2026-02-16,ORDERED,PLN,1763274.27,405553.08,2168827.35,0003,FCA,d925509d-9c4c-55ac-990d-b19752aa437c,2026-01-09T08:00:00Z,Quarterly replenishment
52c57d7a-0e09-5c94-ae5c-4645b2298112,2026-03-20T08:00:00Z,system,2026-03-20T08:00:00Z,system,4500000285,61c6b671-bb49-54e7-b5ac-ac9fed5590a0,5528724a-ec45-5c0d-ac18-8666390c638c,5941f83b-16e1-5dcd-8dc3-df8d4713fe97,2026-03-20,2026-04-14,COMPLETED,CHF,231213.80,48554.90,279768.70,0003,EXW,0a9b9cf2-8c50-54fd-b243-53899f77bb55,2026-03-22T08:00:00Z,Project-specific procurement
ab538a5b-e6bb-507b-a631-dd9d318fd991,2026-05-09T08:00:00Z,system,2026-05-09T08:00:00Z,system,4500000286,94637be8-57b0-5434-bd07-63fb1b7462c2,cb89079f-b137-594d-b7f6-f3803900b013,91e632eb-67bf-5d38-a8b5-8e84d43dd62b,2026-05-09,2026-07-13,COMPLETED,PLN,358180.36,68054.27,426234.63,0003,FCA,d925509d-9c4c-55ac-990d-b19752aa437c,2026-05-09T08:00:00Z,Standard procurement order
12723fec-8891-54cf-aa25-9aa3abefc2ae,2026-03-31T08:00:00Z,system,2026-03-31T08:00:00Z,system,4500000287,146ea71e-a89e-577d-9441-646e3fc87b78,d425a94e-8ac6-50ba-81e4-27a328a21379,4b8f339d-64d5-53f8-bcd2-cafb0ea20c4d,2026-03-31,2026-04-14,ORDERED,CZK,4924858.59,1034220.30,5959078.89,Z045,CPT,4deefa0a-1e41-5a72-a113-c2b82a9ea70b,2026-04-03T08:00:00Z,Quarterly replenishment
63bde831-5035-5487-a9fc-11a150bca449,2026-06-30T08:00:00Z,system,2026-06-30T08:00:00Z,system,4500000288,59b08f46-6268-5135-959b-28e10d381b78,9f6bd345-59f3-56b7-b1b4-8a3e5fab6656,bfc09207-4542-5693-a52b-974f1bcfaf39,2026-06-30,2026-09-02,ORDERED,EUR,71287.90,13544.70,84832.60,Z045,CPT,2cd38cf3-5347-5c8e-9bec-7cbfde8bcfb8,2026-06-30T08:00:00Z,Quarterly replenishment
46bb47ca-021c-5481-ac0a-aa415162c5b7,2026-01-08T08:00:00Z,system,2026-01-08T08:00:00Z,system,4500000289,70cce057-5466-570d-8470-681840cf629c,113d871c-fdd0-59b0-922b-71a1f17a7a5b,b0637871-bb7d-59e4-8037-d5e1bbe0560a,2026-01-08,2026-01-20,APPROVED,EUR,126440.43,24023.68,150464.11,Z030,DDP,91e632eb-67bf-5d38-a8b5-8e84d43dd62b,2026-01-10T08:00:00Z,Quarterly replenishment
3983f79e-c9e1-5560-89bc-253fb7c6910b,2025-10-02T08:00:00Z,system,2025-10-02T08:00:00Z,system,4500000290,051b18ad-9186-5426-988f-a70b99be294d,e294ac9d-bd77-5078-ba31-f74bebb60488,8758fdc7-b73d-58da-9847-91a91303126e,2025-10-02,2025-12-01,ORDERED,USD,322095.67,64419.13,386514.80,0001,DDP,c7e3e4e0-4eb0-57ed-973a-248aa1d4166f,2025-10-03T08:00:00Z,Priority supplier order
a5176576-279f-505b-bd32-565bed4866c3,2025-12-23T08:00:00Z,system,2025-12-23T08:00:00Z,system,4500000291,6d870c43-5af0-59e6-bc85-7a87ffd192e7,5b8df29c-4f7d-5b45-b24c-0b5a197ae2b0,deb3fb29-3383-5c3d-9343-4b0681551f8f,2025-12-23,2026-01-13,CANCELLED,EUR,397926.23,71626.72,469552.95,0003,DAP,,,Priority supplier order
4e451600-3317-5d0d-a9d9-1016ff2c5c29,2026-07-07T08:00:00Z,system,2026-07-07T08:00:00Z,system,4500000292,e562fce3-1dda-5959-b99a-ae629b2730a8,3cab26fd-f62f-5970-ad42-c321a067cf36,bf01dabf-7f6b-5183-895b-36a5584e7d8d,2026-07-07,2026-08-04,COMPLETED,PLN,1049523.40,241390.38,1290913.78,0001,EXW,c7e3e4e0-4eb0-57ed-973a-248aa1d4166f,2026-07-07T08:00:00Z,Standard procurement order
466317c1-a577-5ced-b752-cc40f296e616,2025-12-21T08:00:00Z,system,2025-12-21T08:00:00Z,system,4500000293,015d24f1-4165-5423-96d2-fccd1c7bc852,681d3a1f-6166-5793-8dd0-2f9ae8a7e909,82118fb0-4b2c-5ab5-b817-ec77a960c692,2025-12-21,2026-02-23,COMPLETED,EUR,229456.05,48185.77,277641.82,0002,DDP,c7e3e4e0-4eb0-57ed-973a-248aa1d4166f,2025-12-23T08:00:00Z,Standard procurement order
26641ce6-f947-529b-9b75-9ae7383b928e,2026-04-26T08:00:00Z,system,2026-04-26T08:00:00Z,system,4500000294,70cce057-5466-570d-8470-681840cf629c,e6d386f5-8b03-578e-aca0-68c8e68a10d1,7c801ba4-5463-5410-bdfc-fb9770b2a7c7,2026-04-26,2026-06-15,COMPLETED,EUR,59834.50,11368.55,71203.05,Z030,DDP,2cd38cf3-5347-5c8e-9bec-7cbfde8bcfb8,2026-04-27T08:00:00Z,Standard procurement order
d5cfcded-00e4-5ee3-bc33-ade7b01572bd,2025-11-21T08:00:00Z,system,2025-11-21T08:00:00Z,system,4500000295,d18facee-7798-50e9-88e9-343196cd6b74,cb89079f-b137-594d-b7f6-f3803900b013,5f639525-25c5-54fa-aa87-ccfe5b39776a,2025-11-21,2026-01-16,APPROVED,EUR,521561.39,99096.66,620658.05,0003,CPT,4deefa0a-1e41-5a72-a113-c2b82a9ea70b,2025-11-22T08:00:00Z,Project-specific procurement
11e352bb-722a-5f98-b078-7d76fe31f8a1,2026-07-03T08:00:00Z,system,2026-07-03T08:00:00Z,system,4500000296,051b18ad-9186-5426-988f-a70b99be294d,e294ac9d-bd77-5078-ba31-f74bebb60488,78f316cf-bc76-5bab-9068-b36833d8b019,2026-07-03,2026-07-19,COMPLETED,USD,430426.35,77476.74,507903.09,0001,DDP,78f316cf-bc76-5bab-9068-b36833d8b019,2026-07-05T08:00:00Z,
50351416-86dd-55c4-9f4c-41a92b330960,2026-08-01T08:00:00Z,system,2026-08-01T08:00:00Z,system,4500000297,59b08f46-6268-5135-959b-28e10d381b78,329ee744-d62e-5fc4-a06d-cd6019444aa8,762dab21-f406-51e5-938f-353039145619,2026-08-01,2026-09-06,COMPLETED,EUR,454371.22,86330.53,540701.75,Z045,CPT,91e632eb-67bf-5d38-a8b5-8e84d43dd62b,2026-08-02T08:00:00Z,Standard procurement order
81b30f86-c2f5-5510-9175-f122ac273005,2025-11-02T08:00:00Z,system,2025-11-02T08:00:00Z,system,4500000298,2ced5b4f-e17d-5790-af58-523f7f527540,261d0783-3954-5ee6-baf2-f9e37bbb725b,8e723945-6a6c-5803-a42e-c1347adfc586,2025-11-02,2025-11-12,APPROVED,GBP,34080.20,7838.45,41918.65,0001,DDP,0a9b9cf2-8c50-54fd-b243-53899f77bb55,2025-11-03T08:00:00Z,Priority supplier order
a6a9a74c-56db-5206-ab2b-69bf7d0c0a5a,2026-02-03T08:00:00Z,system,2026-02-03T08:00:00Z,system,4500000299,59b08f46-6268-5135-959b-28e10d381b78,9f6bd345-59f3-56b7-b1b4-8a3e5fab6656,4e5e44a7-230a-5238-af8a-6363cf5be42b,2026-02-03,2026-03-18,COMPLETED,EUR,690354.10,131167.28,821521.38,Z045,CPT,0737d81c-800f-585f-8a81-5742f5aa93a6,2026-02-06T08:00:00Z,Project-specific procurement
3bf8139c-d1f9-50bf-b553-e7fd08a23e01,2025-12-08T08:00:00Z,system,2025-12-08T08:00:00Z,system,4500000300,5cfd420c-6305-56f0-b599-3c1c4c1b5282,329ee744-d62e-5fc4-a06d-cd6019444aa8,24356e6d-8de5-5316-88e3-702cdfd23228,2025-12-08,2025-12-27,SUBMITTED,PLN,1735430.43,329731.78,2065162.21,Z030,CIP,,,Priority supplier order
36a0c062-ab70-5e6b-9f16-527f53de9e5b,2026-03-22T08:00:00Z,system,2026-03-22T08:00:00Z,system,4500000301,1687ebd0-4f66-5790-9b72-e3238b0ae7f7,283bb6f3-df62-5cb4-9d4b-a62afcbbb11d,bfc09207-4542-5693-a52b-974f1bcfaf39,2026-03-22,2026-04-05,COMPLETED,EUR,123980.85,26035.98,150016.83,0003,CIP,4deefa0a-1e41-5a72-a113-c2b82a9ea70b,2026-03-23T08:00:00Z,Standard procurement order
f1075a72-6177-5a31-b4ac-f83ae505a72d,2026-06-22T08:00:00Z,system,2026-06-22T08:00:00Z,system,4500000302,d61c0227-d2cb-53a8-b3e6-45175058182d,78e17b4f-64d9-5a1f-8e02-e8a798b67ff0,88db520f-00d6-51aa-8b62-c7a88dd50f4c,2026-06-22,2026-07-11,ORDERED,EUR,132761.76,25224.73,157986.49,Z030,FCA,91e632eb-67bf-5d38-a8b5-8e84d43dd62b,2026-06-24T08:00:00Z,
96a76642-a183-5816-aa04-f0a1e08807fb,2025-11-19T08:00:00Z,system,2025-11-19T08:00:00Z,system,4500000303,146ea71e-a89e-577d-9441-646e3fc87b78,cb89079f-b137-594d-b7f6-f3803900b013,362bb051-fb3b-5a89-9979-8640133ad18b,2025-11-19,2026-01-08,COMPLETED,CZK,3554397.10,675335.45,4229732.55,Z045,CPT,0737d81c-800f-585f-8a81-5742f5aa93a6,2025-11-22T08:00:00Z,Priority supplier order
f1e2ba78-c0aa-5bcd-b60f-f7e7b343be03,2026-03-04T08:00:00Z,system,2026-03-04T08:00:00Z,system,4500000304,015d24f1-4165-5423-96d2-fccd1c7bc852,3e8df789-1fad-5f45-9e4e-ae08a2240191,deb3fb29-3383-5c3d-9343-4b0681551f8f,2026-03-04,2026-04-12,ORDERED,EUR,341873.69,61537.26,403410.95,0002,DDP,78f316cf-bc76-5bab-9068-b36833d8b019,2026-03-04T08:00:00Z,Quarterly replenishment
dd30c420-5b64-57b4-9e9f-aa54eb93b143,2026-04-10T08:00:00Z,system,2026-04-10T08:00:00Z,system,4500000305,146ea71e-a89e-577d-9441-646e3fc87b78,113d871c-fdd0-59b0-922b-71a1f17a7a5b,8e723945-6a6c-5803-a42e-c1347adfc586,2026-04-10,2026-06-16,COMPLETED,CZK,4506780.11,856288.22,5363068.33,Z045,CPT,91e632eb-67bf-5d38-a8b5-8e84d43dd62b,2026-04-10T08:00:00Z,Quarterly replenishment
66a7768c-aa62-5fe1-be71-ccbfceb0789e,2025-10-28T08:00:00Z,system,2025-10-28T08:00:00Z,system,4500000306,bcb31d65-a401-530a-ad05-b5d8799c8a39,0450cf2b-52b5-5c7a-95b0-bbdc67bca724,5941f83b-16e1-5dcd-8dc3-df8d4713fe97,2025-10-28,2026-01-04,COMPLETED,SEK,107827.70,24800.37,132628.07,Z030,DDP,2cd38cf3-5347-5c8e-9bec-7cbfde8bcfb8,2025-10-30T08:00:00Z,Quarterly replenishment
a8d9ca65-7fb6-58d8-9410-237084ae4f56,2026-05-16T08:00:00Z,system,2026-05-16T08:00:00Z,system,4500000307,bad1bbc1-a377-5cf7-9f39-169939fb97d7,51ca2c43-9865-5eed-88e1-7efd0be651e9,4e5e44a7-230a-5238-af8a-6363cf5be42b,2026-05-16,2026-06-22,ORDERED,EUR,295170.16,59034.03,354204.19,0001,DDP,0a9b9cf2-8c50-54fd-b243-53899f77bb55,2026-05-19T08:00:00Z,Project-specific procurement
79757ed3-ee30-5ba6-b2bb-bce05cfc27fe,2026-06-22T08:00:00Z,system,2026-06-22T08:00:00Z,system,4500000308,fa9a8815-098a-5e45-bc94-5794fa09989e,261d0783-3954-5ee6-baf2-f9e37bbb725b,b519a3ff-3161-5685-8e6b-9063483eb30b,2026-06-22,2026-07-13,COMPLETED,GBP,221545.62,44309.12,265854.74,Z060,DDP,2cd38cf3-5347-5c8e-9bec-7cbfde8bcfb8,2026-06-24T08:00:00Z,Priority supplier order
b2be9767-b22f-50c3-935e-323d1ab378a9,2026-01-04T08:00:00Z,system,2026-01-04T08:00:00Z,system,4500000309,e5752291-9c1a-556d-ab73-e21f0d3f37eb,03aef187-5272-56c7-bfc4-cf8b61ecf06b,762dab21-f406-51e5-938f-353039145619,2026-01-04,2026-01-30,APPROVED,CZK,2895642.70,608084.97,3503727.67,Z060,DDP,0a9b9cf2-8c50-54fd-b243-53899f77bb55,2026-01-07T08:00:00Z,
5c42dfc2-d361-57c1-a0cc-20ec5625160e,2026-04-19T08:00:00Z,system,2026-04-19T08:00:00Z,system,4500000310,557cf375-7c03-53fa-97ab-351cf44b06d9,521489a3-799d-50a5-9448-eeaa409714d1,88db520f-00d6-51aa-8b62-c7a88dd50f4c,2026-04-19,2026-05-07,ORDERED,CAD,719372.32,151068.19,870440.51,Z030,FCA,78f316cf-bc76-5bab-9068-b36833d8b019,2026-04-21T08:00:00Z,Quarterly replenishment
599b3689-aad0-5b1f-9764-a3d91490c66b,2025-12-11T08:00:00Z,system,2025-12-11T08:00:00Z,system,4500000311,984c11de-cc53-5f88-b387-edbfeb6e675a,d425a94e-8ac6-50ba-81e4-27a328a21379,f911dfb3-26ad-5d1f-b884-074c195d7b36,2025-12-11,2026-02-02,SUBMITTED,GBP,184563.60,33221.45,217785.05,Z060,DDP,,,
321e2bfc-b1a1-5922-876e-b6d9773ef653,2026-07-05T08:00:00Z,system,2026-07-05T08:00:00Z,system,4500000312,4905c412-da5c-5c34-bb71-a406f34a50f9,51ca2c43-9865-5eed-88e1-7efd0be651e9,b0637871-bb7d-59e4-8037-d5e1bbe0560a,2026-07-05,2026-08-23,DRAFT,PLN,128446.53,29542.70,157989.23,Z060,DDP,,,Priority supplier order
5f9be272-e2f0-5d0c-b8dc-fdd85e9e8397,2026-02-06T08:00:00Z,system,2026-02-06T08:00:00Z,system,4500000313,f7190352-c6c4-5faf-95cf-5bd66bc37b3c,329ee744-d62e-5fc4-a06d-cd6019444aa8,d778b989-a675-5d3f-8009-55dfeceec6f9,2026-02-06,2026-02-19,ORDERED,CAD,416525.76,79139.89,495665.65,0003,EXW,2cd38cf3-5347-5c8e-9bec-7cbfde8bcfb8,2026-02-06T08:00:00Z,Project-specific procurement
c8f2e100-b295-5850-a278-edab32d4c4f9,2026-05-10T08:00:00Z,system,2026-05-10T08:00:00Z,system,4500000314,c07ad934-fcd4-5fc7-88c1-f5605545a9c9,89693957-df41-5038-b06b-8fcd13674f65,e1c1d5bd-6452-5e7c-9911-1b5d499df0eb,2026-05-10,2026-06-07,APPROVED,SEK,24580.32,5161.87,29742.19,0001,CPT,c7e3e4e0-4eb0-57ed-973a-248aa1d4166f,2026-05-10T08:00:00Z,Project-specific procurement
f93c7860-a81b-5fbc-af1d-1b8c807d59bf,2026-07-22T08:00:00Z,system,2026-07-22T08:00:00Z,system,4500000315,3e8b52bd-d7b0-5cd4-9e21-b07390af9b6e,681d3a1f-6166-5793-8dd0-2f9ae8a7e909,deb3fb29-3383-5c3d-9343-4b0681551f8f,2026-07-22,2026-09-10,ORDERED,EUR,270298.13,54059.63,324357.76,0002,CPT,d925509d-9c4c-55ac-990d-b19752aa437c,2026-07-24T08:00:00Z,
ec17ebc3-ca26-5720-bbc9-db1e013b7fa5,2026-01-29T08:00:00Z,system,2026-01-29T08:00:00Z,system,4500000316,bd1f39ee-0971-5fa0-b5e0-5483a5478547,12473360-94f1-5fba-a391-36ce9d7f31be,bfc09207-4542-5693-a52b-974f1bcfaf39,2026-01-29,2026-03-11,ORDERED,PLN,574758.75,132194.51,706953.26,0001,FCA,78f316cf-bc76-5bab-9068-b36833d8b019,2026-01-31T08:00:00Z,
01ec175b-f572-5051-a9a7-43aab7c1e2d4,2026-04-09T08:00:00Z,system,2026-04-09T08:00:00Z,system,4500000317,f7190352-c6c4-5faf-95cf-5bd66bc37b3c,681d3a1f-6166-5793-8dd0-2f9ae8a7e909,aa73552f-c4e3-50c0-ab42-ae08fe8628fc,2026-04-09,2026-04-29,COMPLETED,CAD,826941.33,173657.68,1000599.01,0003,EXW,78f316cf-bc76-5bab-9068-b36833d8b019,2026-04-10T08:00:00Z,Project-specific procurement
4587c2c2-ae6b-51eb-9194-ac541d7b0a47,2026-01-30T08:00:00Z,system,2026-01-30T08:00:00Z,system,4500000318,884f5851-1e34-5f63-ad75-a94a773d1ad3,9f6bd345-59f3-56b7-b1b4-8a3e5fab6656,362bb051-fb3b-5a89-9979-8640133ad18b,2026-01-30,2026-02-04,COMPLETED,EUR,500089.10,95016.93,595106.03,Z060,FCA,2cd38cf3-5347-5c8e-9bec-7cbfde8bcfb8,2026-01-30T08:00:00Z,Quarterly replenishment
a0a6ba65-80bc-5ae5-aaa0-7b408cf38adc,2026-04-05T08:00:00Z,system,2026-04-05T08:00:00Z,system,4500000319,51deaf41-f05e-539c-941e-b9f8e9b454c0,e6d386f5-8b03-578e-aca0-68c8e68a10d1,b0637871-bb7d-59e4-8037-d5e1bbe0560a,2026-04-05,2026-05-25,CANCELLED,GBP,290917.32,55274.29,346191.61,Z045,FCA,,,Quarterly replenishment
dda358d9-5146-5c6a-b52f-5df51ede9df9,2026-05-12T08:00:00Z,system,2026-05-12T08:00:00Z,system,4500000320,892eeadb-a73e-5ef7-bf12-aac4cf532878,d425a94e-8ac6-50ba-81e4-27a328a21379,7c801ba4-5463-5410-bdfc-fb9770b2a7c7,2026-05-12,2026-07-16,ORDERED,EUR,61886.94,11139.65,73026.59,Z030,DDP,c7e3e4e0-4eb0-57ed-973a-248aa1d4166f,2026-05-14T08:00:00Z,Project-specific procurement
4bcc75e8-4c75-5c36-b7e2-649db6340e07,2026-02-28T08:00:00Z,system,2026-02-28T08:00:00Z,system,4500000321,c9dcaa74-3e16-582e-b826-97736a2b3288,51ca2c43-9865-5eed-88e1-7efd0be651e9,bfc09207-4542-5693-a52b-974f1bcfaf39,2026-02-28,2026-03-28,COMPLETED,EUR,75789.25,13642.06,89431.31,Z030,CIP,c7e3e4e0-4eb0-57ed-973a-248aa1d4166f,2026-02-28T08:00:00Z,
bffcbafe-ab48-57f9-a87b-2fb285da0157,2025-12-04T08:00:00Z,system,2025-12-04T08:00:00Z,system,4500000322,c5e19f5d-f971-532d-b16b-ae6d6537f398,521489a3-799d-50a5-9448-eeaa409714d1,362bb051-fb3b-5a89-9979-8640133ad18b,2025-12-04,2026-01-08,COMPLETED,EUR,265710.41,61113.39,326823.80,Z045,DDP,91e632eb-67bf-5d38-a8b5-8e84d43dd62b,2025-12-07T08:00:00Z,Project-specific procurement
3a09d28e-f705-56fa-a662-ad39f7d54aa6,2026-04-21T08:00:00Z,system,2026-04-21T08:00:00Z,system,4500000323,14889e35-db48-56af-9b77-2bc5fae8b3f1,329ee744-d62e-5fc4-a06d-cd6019444aa8,9e1c4686-2f34-5912-ad37-81df9a7a3278,2026-04-21,2026-06-03,COMPLETED,DKK,256926.21,48815.98,305742.19,0003,DDP,91e632eb-67bf-5d38-a8b5-8e84d43dd62b,2026-04-23T08:00:00Z,Priority supplier order
dc458b0d-16dd-503b-80fc-d02e2e7a3650,2025-12-08T08:00:00Z,system,2025-12-08T08:00:00Z,system,4500000324,3891de4d-57d5-5ba5-873a-2d343b5d7a5b,261d0783-3954-5ee6-baf2-f9e37bbb725b,82118fb0-4b2c-5ab5-b817-ec77a960c692,2025-12-08,2026-01-13,COMPLETED,EUR,207627.60,41525.52,249153.12,0001,DAP,d925509d-9c4c-55ac-990d-b19752aa437c,2025-12-09T08:00:00Z,Standard procurement order
fccc465c-bc87-582b-905f-2e370016ced8,2025-11-06T08:00:00Z,system,2025-11-06T08:00:00Z,system,4500000325,3860acc8-b436-5ed6-9515-d6421fd680bf,3cab26fd-f62f-5970-ad42-c321a067cf36,cbe963d2-a4e6-5ec1-a15f-948ff5630895,2025-11-06,2025-12-18,COMPLETED,EUR,308725.78,61745.16,370470.94,Z045,DDP,2cd38cf3-5347-5c8e-9bec-7cbfde8bcfb8,2025-11-07T08:00:00Z,Standard procurement order
86536ec8-6715-5735-824b-4e6de695c35a,2026-03-20T08:00:00Z,system,2026-03-20T08:00:00Z,system,4500000326,4905c412-da5c-5c34-bb71-a406f34a50f9,261d0783-3954-5ee6-baf2-f9e37bbb725b,b519a3ff-3161-5685-8e6b-9063483eb30b,2026-03-20,2026-04-29,APPROVED,PLN,993377.45,178807.94,1172185.39,Z060,DDP,78f316cf-bc76-5bab-9068-b36833d8b019,2026-03-23T08:00:00Z,
fb964796-6c3c-5457-817b-5f9c81e85369,2025-11-21T08:00:00Z,system,2025-11-21T08:00:00Z,system,4500000327,e5752291-9c1a-556d-ab73-e21f0d3f37eb,5528724a-ec45-5c0d-ac18-8666390c638c,deb3fb29-3383-5c3d-9343-4b0681551f8f,2025-11-21,2026-01-23,COMPLETED,CZK,4679056.79,935811.36,5614868.15,Z060,DDP,d925509d-9c4c-55ac-990d-b19752aa437c,2025-11-22T08:00:00Z,Project-specific procurement
a35ae54e-f776-5c1c-919f-32df4da8ebe7,2025-11-20T08:00:00Z,system,2025-11-20T08:00:00Z,system,4500000328,5cfd420c-6305-56f0-b599-3c1c4c1b5282,51ca2c43-9865-5eed-88e1-7efd0be651e9,5941f83b-16e1-5dcd-8dc3-df8d4713fe97,2025-11-20,2026-01-07,COMPLETED,PLN,1016094.93,233701.83,1249796.76,Z030,CIP,78f316cf-bc76-5bab-9068-b36833d8b019,2025-11-21T08:00:00Z,Project-specific procurement
90d93e8f-d45e-593d-8153-9bb294476a1a,2026-07-12T08:00:00Z,system,2026-07-12T08:00:00Z,system,4500000329,0a065745-a966-5f0d-8fc3-ddeaa9abdfec,e294ac9d-bd77-5078-ba31-f74bebb60488,bfc09207-4542-5693-a52b-974f1bcfaf39,2026-07-12,2026-08-16,COMPLETED,EUR,101894.68,20378.94,122273.62,0003,CPT,d925509d-9c4c-55ac-990d-b19752aa437c,2026-07-14T08:00:00Z,Quarterly replenishment
9cd12725-50e2-5972-be64-105a0c495031,2026-01-28T08:00:00Z,system,2026-01-28T08:00:00Z,system,4500000330,5cfb11e6-d6ba-5513-9120-094477e81c75,283bb6f3-df62-5cb4-9d4b-a62afcbbb11d,ef2ba588-e5f9-591f-9a01-16a28aec4a68,2026-01-28,2026-02-17,ORDERED,EUR,4515.57,1038.58,5554.15,0003,CPT,91e632eb-67bf-5d38-a8b5-8e84d43dd62b,2026-01-30T08:00:00Z,Project-specific procurement
9dda6557-07fb-5410-a92a-4a87f73857e9,2025-12-18T08:00:00Z,system,2025-12-18T08:00:00Z,system,4500000331,b62723e4-85b4-54e6-952d-4d88f5adae98,03aef187-5272-56c7-bfc4-cf8b61ecf06b,e1c1d5bd-6452-5e7c-9911-1b5d499df0eb,2025-12-18,2026-01-31,COMPLETED,CHF,332146.39,76393.67,408540.06,Z045,DAP,2cd38cf3-5347-5c8e-9bec-7cbfde8bcfb8,2025-12-21T08:00:00Z,
cde2d666-7752-5d41-9558-d5bd671d0b09,2025-12-01T08:00:00Z,system,2025-12-01T08:00:00Z,system,4500000332,1de9fc38-1a3d-5a07-8285-f97ea3abb2db,3e8df789-1fad-5f45-9e4e-ae08a2240191,e1c1d5bd-6452-5e7c-9911-1b5d499df0eb,2025-12-01,2026-01-07,APPROVED,PLN,1385132.50,318580.48,1703712.98,Z045,DDP,d925509d-9c4c-55ac-990d-b19752aa437c,2025-12-03T08:00:00Z,Project-specific procurement
3d8650df-c681-5a57-bc60-660512cf21c5,2026-05-10T08:00:00Z,system,2026-05-10T08:00:00Z,system,4500000333,b87c753c-6aec-5a34-986e-6b7063eb1eb3,78e17b4f-64d9-5a1f-8e02-e8a798b67ff0,a8900ba9-a076-5a48-8859-1f3fc1e76071,2026-05-10,2026-06-11,ORDERED,GBP,8061.09,1531.61,9592.70,Z045,CIP,91e632eb-67bf-5d38-a8b5-8e84d43dd62b,2026-05-10T08:00:00Z,Standard procurement order
9127e42b-38e3-57bf-9fba-1ed94bd0cc42,2025-11-11T08:00:00Z,system,2025-11-11T08:00:00Z,system,4500000334,e5752291-9c1a-556d-ab73-e21f0d3f37eb,34b80a58-c167-5ea6-9b2c-d151aa2ea5a3,c7e3e4e0-4eb0-57ed-973a-248aa1d4166f,2025-11-11,2025-12-19,ORDERED,CZK,92736.12,17619.86,110355.98,Z060,DDP,0737d81c-800f-585f-8a81-5742f5aa93a6,2025-11-12T08:00:00Z,Quarterly replenishment
d4eeec8f-b13d-5765-b0c8-1d3e99da2946,2026-02-23T08:00:00Z,system,2026-02-23T08:00:00Z,system,4500000335,bad1bbc1-a377-5cf7-9f39-169939fb97d7,d425a94e-8ac6-50ba-81e4-27a328a21379,362bb051-fb3b-5a89-9979-8640133ad18b,2026-02-23,2026-03-09,COMPLETED,EUR,341406.82,68281.36,409688.18,0001,DDP,0737d81c-800f-585f-8a81-5742f5aa93a6,2026-02-23T08:00:00Z,Priority supplier order
04e70ded-600e-59e7-bc61-85ddd927157f,2025-11-15T08:00:00Z,system,2025-11-15T08:00:00Z,system,4500000336,5cfb11e6-d6ba-5513-9120-094477e81c75,261d0783-3954-5ee6-baf2-f9e37bbb725b,a8900ba9-a076-5a48-8859-1f3fc1e76071,2025-11-15,2025-11-24,ORDERED,EUR,173967.79,36533.24,210501.03,0003,CPT,c7e3e4e0-4eb0-57ed-973a-248aa1d4166f,2025-11-17T08:00:00Z,Priority supplier order
a8cd514c-aefc-5a39-9555-126a41866ecd,2026-07-09T08:00:00Z,system,2026-07-09T08:00:00Z,system,4500000337,93067b6e-59b9-55e4-837d-0482b5bedd04,681d3a1f-6166-5793-8dd0-2f9ae8a7e909,113128ae-1f79-5f39-8c07-f3d07a663bae,2026-07-09,2026-08-23,DRAFT,EUR,496327.65,89338.98,585666.63,Z030,DDP,,,Standard procurement order
8e3846f1-91c8-5f91-9f9b-b244e29ec269,2026-05-26T08:00:00Z,system,2026-05-26T08:00:00Z,system,4500000338,67a09cac-9b92-5bb0-9758-d477e2227557,0450cf2b-52b5-5c7a-95b0-bbdc67bca724,53657725-cc33-52fa-bf83-e8ebce35acc6,2026-05-26,2026-06-11,ORDERED,CHF,61827.03,11128.87,72955.90,Z060,CIP,91e632eb-67bf-5d38-a8b5-8e84d43dd62b,2026-05-27T08:00:00Z,Priority supplier order
caa5ef1d-7cf2-5df2-8f16-5567b4c0d9a4,2025-12-12T08:00:00Z,system,2025-12-12T08:00:00Z,system,4500000339,1687ebd0-4f66-5790-9b72-e3238b0ae7f7,12473360-94f1-5fba-a391-36ce9d7f31be,c7e3e4e0-4eb0-57ed-973a-248aa1d4166f,2025-12-12,2026-02-11,COMPLETED,EUR,40465.35,9307.03,49772.38,0003,CIP,0737d81c-800f-585f-8a81-5742f5aa93a6,2025-12-13T08:00:00Z,Quarterly replenishment
9318ad9e-0dc2-5e93-9971-4540c0676e40,2026-03-17T08:00:00Z,system,2026-03-17T08:00:00Z,system,4500000340,6baf0642-83c4-5c75-8d5e-2d181e2adb72,261d0783-3954-5ee6-baf2-f9e37bbb725b,e1c1d5bd-6452-5e7c-9911-1b5d499df0eb,2026-03-17,2026-05-12,COMPLETED,GBP,4277.18,769.89,5047.07,Z030,CPT,d925509d-9c4c-55ac-990d-b19752aa437c,2026-03-18T08:00:00Z,Priority supplier order
4c0cd97f-8556-5092-a11e-6a745fd2daaf,2026-07-06T08:00:00Z,system,2026-07-06T08:00:00Z,system,4500000341,015d24f1-4165-5423-96d2-fccd1c7bc852,efd8a8e4-0bb8-5f9e-be95-16451417acb0,78f316cf-bc76-5bab-9068-b36833d8b019,2026-07-06,2026-08-20,DRAFT,EUR,543747.80,108749.56,652497.36,0002,DDP,,,Quarterly replenishment
17e6a223-1dfb-5788-a96f-ec37e675bb33,2026-05-16T08:00:00Z,system,2026-05-16T08:00:00Z,system,4500000342,e3e429d9-10d1-55e7-b248-40fedb48b315,681d3a1f-6166-5793-8dd0-2f9ae8a7e909,6a4dd11c-1048-5284-aa7d-1444c1c67877,2026-05-16,2026-06-11,COMPLETED,EUR,107951.30,19431.23,127382.53,Z045,CPT,c7e3e4e0-4eb0-57ed-973a-248aa1d4166f,2026-05-16T08:00:00Z,Quarterly replenishment
4b947ba8-4266-5e8d-833b-08155d93af98,2026-05-19T08:00:00Z,system,2026-05-19T08:00:00Z,system,4500000343,5cfb11e6-d6ba-5513-9120-094477e81c75,26221d5e-2e66-5ea9-8c4d-30720ed59583,113128ae-1f79-5f39-8c07-f3d07a663bae,2026-05-19,2026-07-14,SUBMITTED,EUR,197249.43,39449.89,236699.32,0003,CPT,,,Standard procurement order
80067505-267a-54e5-96bf-f19861091338,2025-11-10T08:00:00Z,system,2025-11-10T08:00:00Z,system,4500000344,5b42c318-c469-5623-986f-f2ca4ccce5f5,e294ac9d-bd77-5078-ba31-f74bebb60488,0a9b9cf2-8c50-54fd-b243-53899f77bb55,2025-11-10,2026-01-14,ORDERED,SEK,2167894.90,455257.93,2623152.83,Z030,CIP,2cd38cf3-5347-5c8e-9bec-7cbfde8bcfb8,2025-11-10T08:00:00Z,Quarterly replenishment
55067fa8-1990-5c54-883d-48f7425bbf31,2025-12-07T08:00:00Z,system,2025-12-07T08:00:00Z,system,4500000345,557cf375-7c03-53fa-97ab-351cf44b06d9,26221d5e-2e66-5ea9-8c4d-30720ed59583,4e5e44a7-230a-5238-af8a-6363cf5be42b,2025-12-07,2025-12-24,COMPLETED,CAD,172292.95,31012.73,203305.68,Z030,FCA,c7e3e4e0-4eb0-57ed-973a-248aa1d4166f,2025-12-09T08:00:00Z,Standard procurement order
c6328a57-ea7f-5864-8d6a-699c855c573c,2025-11-24T08:00:00Z,system,2025-11-24T08:00:00Z,system,4500000346,1527dfb5-6e67-5f8d-99ca-ca0aacc8a652,e6d386f5-8b03-578e-aca0-68c8e68a10d1,5941f83b-16e1-5dcd-8dc3-df8d4713fe97,2025-11-24,2025-12-01,COMPLETED,CAD,599065.00,113822.35,712887.35,Z030,FCA,d925509d-9c4c-55ac-990d-b19752aa437c,2025-11-24T08:00:00Z,Project-specific procurement
79ce031c-8ad9-5c0f-adc2-7529f9aafca4,2025-10-25T08:00:00Z,system,2025-10-25T08:00:00Z,system,4500000347,2e617472-f9c2-5b53-a8b9-327c19b7a7b2,521489a3-799d-50a5-9448-eeaa409714d1,8758fdc7-b73d-58da-9847-91a91303126e,2025-10-25,2025-12-13,COMPLETED,EUR,39698.65,7939.73,47638.38,0002,DAP,78f316cf-bc76-5bab-9068-b36833d8b019,2025-10-25T08:00:00Z,Priority supplier order
20117a4d-77e1-50c9-8ed3-27054ca1fa74,2026-07-12T08:00:00Z,system,2026-07-12T08:00:00Z,system,4500000348,b87c753c-6aec-5a34-986e-6b7063eb1eb3,5b8df29c-4f7d-5b45-b24c-0b5a197ae2b0,4b8f339d-64d5-53f8-bcd2-cafb0ea20c4d,2026-07-12,2026-08-06,COMPLETED,GBP,54241.68,10848.34,65090.02,Z045,CIP,d925509d-9c4c-55ac-990d-b19752aa437c,2026-07-15T08:00:00Z,Quarterly replenishment
1d245eae-9324-5806-9faa-22af9eb88257,2026-04-19T08:00:00Z,system,2026-04-19T08:00:00Z,system,4500000349,c07ad934-fcd4-5fc7-88c1-f5605545a9c9,cb89079f-b137-594d-b7f6-f3803900b013,aa73552f-c4e3-50c0-ab42-ae08fe8628fc,2026-04-19,2026-06-08,CANCELLED,SEK,506316.65,96200.16,602516.81,0001,CPT,,,Project-specific procurement
830f42c8-e536-57f7-8b53-b545bb41a621,2026-06-04T08:00:00Z,system,2026-06-04T08:00:00Z,system,4500000350,6baf0642-83c4-5c75-8d5e-2d181e2adb72,26221d5e-2e66-5ea9-8c4d-30720ed59583,78f316cf-bc76-5bab-9068-b36833d8b019,2026-06-04,2026-06-09,COMPLETED,GBP,118960.70,24981.75,143942.45,Z030,CPT,2cd38cf3-5347-5c8e-9bec-7cbfde8bcfb8,2026-06-05T08:00:00Z,Quarterly replenishment
350a8757-9cba-5e6f-9c79-0887ce5279d0,2026-06-10T08:00:00Z,system,2026-06-10T08:00:00Z,system,4500000351,5cfd420c-6305-56f0-b599-3c1c4c1b5282,26221d5e-2e66-5ea9-8c4d-30720ed59583,4e5e44a7-230a-5238-af8a-6363cf5be42b,2026-06-10,2026-07-31,COMPLETED,PLN,2523700.20,529977.04,3053677.24,Z030,CIP,c7e3e4e0-4eb0-57ed-973a-248aa1d4166f,2026-06-11T08:00:00Z,Quarterly replenishment
c33c41e9-4187-53b0-b717-bdc49174b6a4,2025-10-23T08:00:00Z,system,2025-10-23T08:00:00Z,system,4500000352,2ad10899-3b02-56b9-8593-302b0307d576,d425a94e-8ac6-50ba-81e4-27a328a21379,762dab21-f406-51e5-938f-353039145619,2025-10-23,2025-11-25,COMPLETED,DKK,2721500.61,571515.13,3293015.74,Z030,CPT,d925509d-9c4c-55ac-990d-b19752aa437c,2025-10-24T08:00:00Z,Quarterly replenishment
0ead4c0a-26c1-5e09-adac-f6a1c2fd1f35,2026-06-23T08:00:00Z,system,2026-06-23T08:00:00Z,system,4500000353,2e617472-f9c2-5b53-a8b9-327c19b7a7b2,521489a3-799d-50a5-9448-eeaa409714d1,4e5e44a7-230a-5238-af8a-6363cf5be42b,2026-06-23,2026-08-23,DRAFT,EUR,148109.49,26659.71,174769.20,0002,DAP,,,Quarterly replenishment
167c284b-5607-523a-96c9-34d0bdc9e68b,2025-12-25T08:00:00Z,system,2025-12-25T08:00:00Z,system,4500000354,c9e9137a-fbd0-5b48-86f9-b6693cb7cf2f,3cab26fd-f62f-5970-ad42-c321a067cf36,91e632eb-67bf-5d38-a8b5-8e84d43dd62b,2025-12-25,2026-01-23,SUBMITTED,CAD,68161.42,15677.13,83838.55,0001,CIP,,,Priority supplier order
defb0609-8ef9-5e94-8143-cc84cd6243e0,2026-02-26T08:00:00Z,system,2026-02-26T08:00:00Z,system,4500000355,b2062365-15e8-5d1c-ae5c-a2c4459e969a,283bb6f3-df62-5cb4-9d4b-a62afcbbb11d,bfc09207-4542-5693-a52b-974f1bcfaf39,2026-02-26,2026-04-23,COMPLETED,CAD,173066.45,36343.95,209410.40,0003,EXW,0737d81c-800f-585f-8a81-5742f5aa93a6,2026-02-28T08:00:00Z,Standard procurement order
289e7a35-8d3f-535a-b8b2-08cd4ae61261,2025-11-07T08:00:00Z,system,2025-11-07T08:00:00Z,system,4500000356,6da4b9d9-a7ad-549b-9ffd-2b4f6a0184ea,3cab26fd-f62f-5970-ad42-c321a067cf36,9e1c4686-2f34-5912-ad37-81df9a7a3278,2025-11-07,2025-11-26,COMPLETED,CHF,40770.05,7338.61,48108.66,0002,DAP,78f316cf-bc76-5bab-9068-b36833d8b019,2025-11-09T08:00:00Z,Priority supplier order
4001d862-c746-54f1-af70-2e260272d117,2026-02-27T08:00:00Z,system,2026-02-27T08:00:00Z,system,4500000357,1687ebd0-4f66-5790-9b72-e3238b0ae7f7,261d0783-3954-5ee6-baf2-f9e37bbb725b,c7e3e4e0-4eb0-57ed-973a-248aa1d4166f,2026-02-27,2026-04-17,ORDERED,EUR,240520.12,50509.23,291029.35,0003,CIP,2cd38cf3-5347-5c8e-9bec-7cbfde8bcfb8,2026-03-01T08:00:00Z,
a64fe255-94cb-505e-aa8c-40746c56c31b,2026-05-07T08:00:00Z,system,2026-05-07T08:00:00Z,system,4500000358,e7bda0f4-a61e-57e6-9d47-1167f61db12a,3e8df789-1fad-5f45-9e4e-ae08a2240191,5f639525-25c5-54fa-aa87-ccfe5b39776a,2026-05-07,2026-06-27,COMPLETED,CAD,24470.60,4894.12,29364.72,Z060,EXW,d925509d-9c4c-55ac-990d-b19752aa437c,2026-05-08T08:00:00Z,Priority supplier order
f5607086-1315-5946-898c-a89f2bf1ecfe,2026-04-14T08:00:00Z,system,2026-04-14T08:00:00Z,system,4500000359,b62723e4-85b4-54e6-952d-4d88f5adae98,87cb6569-bd40-5e24-8586-da21fbea3a81,a8900ba9-a076-5a48-8859-1f3fc1e76071,2026-04-14,2026-04-25,APPROVED,CHF,564883.35,107327.84,672211.19,Z045,DAP,0737d81c-800f-585f-8a81-5742f5aa93a6,2026-04-14T08:00:00Z,Quarterly replenishment
ced90c24-218f-54d9-822f-ff6da2b2a3e0,2026-02-02T08:00:00Z,system,2026-02-02T08:00:00Z,system,4500000360,b87c753c-6aec-5a34-986e-6b7063eb1eb3,e6d386f5-8b03-578e-aca0-68c8e68a10d1,88db520f-00d6-51aa-8b62-c7a88dd50f4c,2026-02-02,2026-02-09,COMPLETED,GBP,165279.53,31403.11,196682.64,Z045,CIP,78f316cf-bc76-5bab-9068-b36833d8b019,2026-02-02T08:00:00Z,Quarterly replenishment
0de5d8b2-4f82-5e5f-80ff-09a915ace52b,2025-11-02T08:00:00Z,system,2025-11-02T08:00:00Z,system,4500000361,2a64ab18-32db-5e0b-85a4-bd5238baa6d3,d425a94e-8ac6-50ba-81e4-27a328a21379,762dab21-f406-51e5-938f-353039145619,2025-11-02,2025-11-12,COMPLETED,DKK,20677.39,4135.48,24812.87,0003,DDP,0737d81c-800f-585f-8a81-5742f5aa93a6,2025-11-02T08:00:00Z,Standard procurement order
1ed20344-2f11-5f9c-81ef-58fd1481c211,2025-11-17T08:00:00Z,system,2025-11-17T08:00:00Z,system,4500000362,90e10c7e-6736-59c8-948e-d8729b244cbb,113d871c-fdd0-59b0-922b-71a1f17a7a5b,8e723945-6a6c-5803-a42e-c1347adfc586,2025-11-17,2025-12-03,APPROVED,EUR,74189.91,14096.08,88285.99,Z060,CIP,0737d81c-800f-585f-8a81-5742f5aa93a6,2025-11-17T08:00:00Z,Project-specific procurement
aecd96dc-e84a-5990-929b-8f9ec55db01a,2026-04-25T08:00:00Z,system,2026-04-25T08:00:00Z,system,4500000363,b2062365-15e8-5d1c-ae5c-a2c4459e969a,26221d5e-2e66-5ea9-8c4d-30720ed59583,762dab21-f406-51e5-938f-353039145619,2026-04-25,2026-06-12,COMPLETED,CAD,366803.58,66024.64,432828.22,0003,EXW,78f316cf-bc76-5bab-9068-b36833d8b019,2026-04-27T08:00:00Z,Priority supplier order
85307090-3558-5472-9532-dbcd035cd461,2026-02-21T08:00:00Z,system,2026-02-21T08:00:00Z,system,4500000364,d5190e66-10ca-55f8-b38f-5aed2dbdd6c5,34b80a58-c167-5ea6-9b2c-d151aa2ea5a3,c7e3e4e0-4eb0-57ed-973a-248aa1d4166f,2026-02-21,2026-04-20,COMPLETED,EUR,83984.30,15957.02,99941.32,0002,EXW,c7e3e4e0-4eb0-57ed-973a-248aa1d4166f,2026-02-23T08:00:00Z,Priority supplier order
9ba97e75-ae37-5eb9-9756-9d2bb546cc92,2026-03-22T08:00:00Z,system,2026-03-22T08:00:00Z,system,4500000365,e7bda0f4-a61e-57e6-9d47-1167f61db12a,03aef187-5272-56c7-bfc4-cf8b61ecf06b,b0f0219c-497a-5b5a-8247-64bb9744b592,2026-03-22,2026-04-07,APPROVED,CAD,457032.88,82265.92,539298.80,Z060,EXW,4deefa0a-1e41-5a72-a113-c2b82a9ea70b,2026-03-24T08:00:00Z,Project-specific procurement
9c14e74f-c453-536f-ae40-9b16302c015e,2025-10-30T08:00:00Z,system,2025-10-30T08:00:00Z,system,4500000366,d81fc662-e016-5120-8688-1d27c779f450,87cb6569-bd40-5e24-8586-da21fbea3a81,bf01dabf-7f6b-5183-895b-36a5584e7d8d,2025-10-30,2025-12-14,CANCELLED,EUR,94594.14,17972.89,112567.03,0003,CIP,,,
5baf16a2-411c-58ff-9ac0-d5e004b93dca,2025-12-11T08:00:00Z,system,2025-12-11T08:00:00Z,system,4500000367,14889e35-db48-56af-9b77-2bc5fae8b3f1,0450cf2b-52b5-5c7a-95b0-bbdc67bca724,b519a3ff-3161-5685-8e6b-9063483eb30b,2025-12-11,2025-12-19,COMPLETED,DKK,2763785.74,552757.15,3316542.89,0003,DDP,78f316cf-bc76-5bab-9068-b36833d8b019,2025-12-13T08:00:00Z,Standard procurement order
d4c0aa4d-0922-5fcc-bf4c-82a296aaac41,2025-11-18T08:00:00Z,system,2025-11-18T08:00:00Z,system,4500000368,94637be8-57b0-5434-bd07-63fb1b7462c2,9f6bd345-59f3-56b7-b1b4-8a3e5fab6656,0a9b9cf2-8c50-54fd-b243-53899f77bb55,2025-11-18,2025-12-30,COMPLETED,PLN,19080.04,3625.21,22705.25,0003,FCA,4deefa0a-1e41-5a72-a113-c2b82a9ea70b,2025-11-21T08:00:00Z,Priority supplier order
ab5a7d35-ce76-5ea1-84a1-46fd7b35c492,2026-06-01T08:00:00Z,system,2026-06-01T08:00:00Z,system,4500000369,90e10c7e-6736-59c8-948e-d8729b244cbb,3cab26fd-f62f-5970-ad42-c321a067cf36,4e216c0a-c972-5f8b-9c46-6350e9b7fcd3,2026-06-01,2026-06-27,ORDERED,EUR,177972.25,35594.45,213566.70,Z060,CIP,c7e3e4e0-4eb0-57ed-973a-248aa1d4166f,2026-06-04T08:00:00Z,Project-specific procurement
fae72e2c-2068-5650-b56c-e610766dba8d,2026-04-06T08:00:00Z,system,2026-04-06T08:00:00Z,system,4500000370,b87c753c-6aec-5a34-986e-6b7063eb1eb3,3e8df789-1fad-5f45-9e4e-ae08a2240191,78f316cf-bc76-5bab-9068-b36833d8b019,2026-04-06,2026-04-15,COMPLETED,GBP,44823.67,9412.97,54236.64,Z045,CIP,c7e3e4e0-4eb0-57ed-973a-248aa1d4166f,2026-04-09T08:00:00Z,Quarterly replenishment
118505e5-3018-57d1-b734-87ec3e1374ed,2025-10-04T08:00:00Z,system,2025-10-04T08:00:00Z,system,4500000371,2e617472-f9c2-5b53-a8b9-327c19b7a7b2,283bb6f3-df62-5cb4-9d4b-a62afcbbb11d,5941f83b-16e1-5dcd-8dc3-df8d4713fe97,2025-10-04,2025-12-03,COMPLETED,EUR,14209.25,3268.13,17477.38,0002,DAP,91e632eb-67bf-5d38-a8b5-8e84d43dd62b,2025-10-05T08:00:00Z,Priority supplier order
78f0db80-b371-5b0a-9145-3e93206f20ab,2026-01-04T08:00:00Z,system,2026-01-04T08:00:00Z,system,4500000372,b87c753c-6aec-5a34-986e-6b7063eb1eb3,261d0783-3954-5ee6-baf2-f9e37bbb725b,aa73552f-c4e3-50c0-ab42-ae08fe8628fc,2026-01-04,2026-02-01,SUBMITTED,GBP,172881.16,39762.67,212643.83,Z045,CIP,,,
3085cb35-d506-5766-975c-beedf222cf51,2025-10-23T08:00:00Z,system,2025-10-23T08:00:00Z,system,4500000373,d2bf3709-0518-53ca-af9e-9b58adb6c37d,113d871c-fdd0-59b0-922b-71a1f17a7a5b,bfc09207-4542-5693-a52b-974f1bcfaf39,2025-10-23,2025-12-25,CANCELLED,EUR,346573.75,65849.01,412422.76,0003,CPT,,,Quarterly replenishment
88fb30d0-8150-5962-a790-262470fd976c,2026-02-11T08:00:00Z,system,2026-02-11T08:00:00Z,system,4500000374,c9e9137a-fbd0-5b48-86f9-b6693cb7cf2f,5528724a-ec45-5c0d-ac18-8666390c638c,4cc33be3-e381-5651-8754-1dfb4784e453,2026-02-11,2026-04-18,ORDERED,CAD,500069.75,100013.95,600083.70,0001,CIP,c7e3e4e0-4eb0-57ed-973a-248aa1d4166f,2026-02-14T08:00:00Z,Project-specific procurement
b5dbe0c7-767f-52b1-bdd0-56316a9c9f2d,2025-11-25T08:00:00Z,system,2025-11-25T08:00:00Z,system,4500000375,aee6450e-4511-5d45-adb8-f7752be64638,89693957-df41-5038-b06b-8fcd13674f65,91e632eb-67bf-5d38-a8b5-8e84d43dd62b,2025-11-25,2026-01-23,ORDERED,PLN,139736.46,25152.56,164889.02,Z030,DAP,91e632eb-67bf-5d38-a8b5-8e84d43dd62b,2025-11-28T08:00:00Z,Priority supplier order
4e00298a-0a3c-5ed9-a55f-b3cfe8a97219,2026-05-19T08:00:00Z,system,2026-05-19T08:00:00Z,system,4500000376,96a68ba6-f5c3-582f-b5dd-32442951c1e2,3cab26fd-f62f-5970-ad42-c321a067cf36,d778b989-a675-5d3f-8009-55dfeceec6f9,2026-05-19,2026-07-26,COMPLETED,GBP,357451.89,75064.90,432516.79,Z030,FCA,d925509d-9c4c-55ac-990d-b19752aa437c,2026-05-21T08:00:00Z,Project-specific procurement
f737a758-3d76-51cd-9911-1c4f0e6cc6f4,2025-10-13T08:00:00Z,system,2025-10-13T08:00:00Z,system,4500000377,cfe20baa-62bb-5713-863b-db3fe7da6a3d,3e8df789-1fad-5f45-9e4e-ae08a2240191,b519a3ff-3161-5685-8e6b-9063483eb30b,2025-10-13,2025-11-30,COMPLETED,GBP,256689.60,59038.61,315728.21,0002,DDP,0737d81c-800f-585f-8a81-5742f5aa93a6,2025-10-16T08:00:00Z,Priority supplier order
69074515-903d-542e-96e4-5397dd1db8f8,2026-04-03T08:00:00Z,system,2026-04-03T08:00:00Z,system,4500000378,4905c412-da5c-5c34-bb71-a406f34a50f9,e6d386f5-8b03-578e-aca0-68c8e68a10d1,0a9b9cf2-8c50-54fd-b243-53899f77bb55,2026-04-03,2026-05-29,COMPLETED,PLN,756308.56,143698.63,900007.19,Z060,DDP,0a9b9cf2-8c50-54fd-b243-53899f77bb55,2026-04-04T08:00:00Z,Priority supplier order
9bd98c06-0cf2-5de1-85b7-24177207503e,2025-12-23T08:00:00Z,system,2025-12-23T08:00:00Z,system,4500000379,bad1bbc1-a377-5cf7-9f39-169939fb97d7,283bb6f3-df62-5cb4-9d4b-a62afcbbb11d,f4bfe1cc-a9ff-5838-84b3-8d0b8a482a8d,2025-12-23,2025-12-31,APPROVED,EUR,95389.75,20031.85,115421.60,0001,DDP,c7e3e4e0-4eb0-57ed-973a-248aa1d4166f,2025-12-24T08:00:00Z,Priority supplier order
7fc8cac2-4004-52b6-aa34-bb02e71bb509,2026-05-02T08:00:00Z,system,2026-05-02T08:00:00Z,system,4500000380,d5f4a9fb-8418-5f72-bb85-8b4e25a61de3,e294ac9d-bd77-5078-ba31-f74bebb60488,78f316cf-bc76-5bab-9068-b36833d8b019,2026-05-02,2026-05-24,ORDERED,EUR,135162.21,31087.31,166249.52,Z030,CPT,d925509d-9c4c-55ac-990d-b19752aa437c,2026-05-04T08:00:00Z,Priority supplier order
ad25fab7-275a-59b2-b9e6-5977c9fb5767,2026-06-06T08:00:00Z,system,2026-06-06T08:00:00Z,system,4500000381,2ced5b4f-e17d-5790-af58-523f7f527540,5528724a-ec45-5c0d-ac18-8666390c638c,78f316cf-bc76-5bab-9068-b36833d8b019,2026-06-06,2026-07-06,ORDERED,GBP,233353.02,49004.13,282357.15,0001,DDP,78f316cf-bc76-5bab-9068-b36833d8b019,2026-06-09T08:00:00Z,Project-specific procurement
00dad0f5-b30b-5124-b97c-95e4cb0045ea,2026-06-30T08:00:00Z,system,2026-06-30T08:00:00Z,system,4500000382,1687ebd0-4f66-5790-9b72-e3238b0ae7f7,03aef187-5272-56c7-bfc4-cf8b61ecf06b,d778b989-a675-5d3f-8009-55dfeceec6f9,2026-06-30,2026-07-19,ORDERED,EUR,248375.18,44707.53,293082.71,0003,CIP,d925509d-9c4c-55ac-990d-b19752aa437c,2026-07-02T08:00:00Z,
d41ab78f-35b4-5e9c-8e90-f31e5083f335,2026-04-28T08:00:00Z,system,2026-04-28T08:00:00Z,system,4500000383,1e6af728-f1a9-58e4-83dd-e019059d95b9,34b80a58-c167-5ea6-9b2c-d151aa2ea5a3,24356e6d-8de5-5316-88e3-702cdfd23228,2026-04-28,2026-06-07,APPROVED,PLN,639343.50,121475.26,760818.76,Z030,FCA,0737d81c-800f-585f-8a81-5742f5aa93a6,2026-05-01T08:00:00Z,Standard procurement order
10b63136-5877-5ce4-b2c0-8d4fb5125892,2026-06-07T08:00:00Z,system,2026-06-07T08:00:00Z,system,4500000384,d81fc662-e016-5120-8688-1d27c779f450,0450cf2b-52b5-5c7a-95b0-bbdc67bca724,4e5e44a7-230a-5238-af8a-6363cf5be42b,2026-06-07,2026-07-09,COMPLETED,EUR,203128.70,46719.60,249848.30,0003,CIP,d925509d-9c4c-55ac-990d-b19752aa437c,2026-06-09T08:00:00Z,Priority supplier order
02edbed7-5dcc-5d02-a10f-4a6575b5112a,2026-02-21T08:00:00Z,system,2026-02-21T08:00:00Z,system,4500000385,acfa3bba-ae74-54ea-9cb2-c7ece995c839,521489a3-799d-50a5-9448-eeaa409714d1,b0637871-bb7d-59e4-8037-d5e1bbe0560a,2026-02-21,2026-03-21,ORDERED,EUR,79616.47,16719.46,96335.93,Z045,DDP,0a9b9cf2-8c50-54fd-b243-53899f77bb55,2026-02-21T08:00:00Z,Project-specific procurement
d3ac5c39-926c-5c3f-9e97-b88ef7a09362,2026-07-23T08:00:00Z,system,2026-07-23T08:00:00Z,system,4500000386,90e10c7e-6736-59c8-948e-d8729b244cbb,d425a94e-8ac6-50ba-81e4-27a328a21379,f4bfe1cc-a9ff-5838-84b3-8d0b8a482a8d,2026-07-23,2026-09-05,APPROVED,EUR,607481.05,109346.59,716827.64,Z060,CIP,0a9b9cf2-8c50-54fd-b243-53899f77bb55,2026-07-24T08:00:00Z,
b9e3228e-d3ce-508a-ac34-adab74950cc1,2025-11-30T08:00:00Z,system,2025-11-30T08:00:00Z,system,4500000387,6baf0642-83c4-5c75-8d5e-2d181e2adb72,0450cf2b-52b5-5c7a-95b0-bbdc67bca724,78f316cf-bc76-5bab-9068-b36833d8b019,2025-11-30,2026-01-29,ORDERED,GBP,151865.27,27335.75,179201.02,Z030,CPT,91e632eb-67bf-5d38-a8b5-8e84d43dd62b,2025-12-01T08:00:00Z,
7195a446-a77f-501a-8d64-015125668695,2026-01-14T08:00:00Z,system,2026-01-14T08:00:00Z,system,4500000388,075638c7-6598-507a-a950-ecbee7bdc084,329ee744-d62e-5fc4-a06d-cd6019444aa8,bf01dabf-7f6b-5183-895b-36a5584e7d8d,2026-01-14,2026-01-31,COMPLETED,CAD,466910.58,88713.01,555623.59,0002,DDP,d925509d-9c4c-55ac-990d-b19752aa437c,2026-01-17T08:00:00Z,Quarterly replenishment
92138732-6cb1-539a-ad57-520f3254ba61,2026-03-04T08:00:00Z,system,2026-03-04T08:00:00Z,system,4500000389,1527dfb5-6e67-5f8d-99ca-ca0aacc8a652,521489a3-799d-50a5-9448-eeaa409714d1,88db520f-00d6-51aa-8b62-c7a88dd50f4c,2026-03-04,2026-05-08,ORDERED,CAD,53975.80,12414.43,66390.23,Z030,FCA,4deefa0a-1e41-5a72-a113-c2b82a9ea70b,2026-03-05T08:00:00Z,Quarterly replenishment
0f4607dc-9ac7-59a7-b0d7-69c63b95d8a0,2025-12-07T08:00:00Z,system,2025-12-07T08:00:00Z,system,4500000390,bcb31d65-a401-530a-ad05-b5d8799c8a39,cb89079f-b137-594d-b7f6-f3803900b013,4e216c0a-c972-5f8b-9c46-6350e9b7fcd3,2025-12-07,2026-02-08,APPROVED,SEK,3220606.75,611915.28,3832522.03,Z030,DDP,78f316cf-bc76-5bab-9068-b36833d8b019,2025-12-08T08:00:00Z,Standard procurement order
7a8b79c7-7a69-5403-a0f1-0cb8b63ad28d,2025-11-14T08:00:00Z,system,2025-11-14T08:00:00Z,system,4500000391,59b08f46-6268-5135-959b-28e10d381b78,03aef187-5272-56c7-bfc4-cf8b61ecf06b,ef2ba588-e5f9-591f-9a01-16a28aec4a68,2025-11-14,2025-12-02,ORDERED,EUR,527078.66,94874.16,621952.82,Z045,CPT,4deefa0a-1e41-5a72-a113-c2b82a9ea70b,2025-11-17T08:00:00Z,Priority supplier order
6a37afb8-3efc-5537-9cde-65ad9cbc6e2a,2026-02-12T08:00:00Z,system,2026-02-12T08:00:00Z,system,4500000392,e562fce3-1dda-5959-b99a-ae629b2730a8,efd8a8e4-0bb8-5f9e-be95-16451417acb0,b0f0219c-497a-5b5a-8247-64bb9744b592,2026-02-12,2026-03-02,ORDERED,PLN,6902.79,1242.50,8145.29,0001,EXW,4deefa0a-1e41-5a72-a113-c2b82a9ea70b,2026-02-12T08:00:00Z,Project-specific procurement
c987aef2-3dcb-5bea-940d-ba3daae90044,2026-05-09T08:00:00Z,system,2026-05-09T08:00:00Z,system,4500000393,fa9a8815-098a-5e45-bc94-5794fa09989e,26221d5e-2e66-5ea9-8c4d-30720ed59583,82118fb0-4b2c-5ab5-b817-ec77a960c692,2026-05-09,2026-07-06,COMPLETED,GBP,67560.48,12160.89,79721.37,Z060,DDP,0737d81c-800f-585f-8a81-5742f5aa93a6,2026-05-12T08:00:00Z,Priority supplier order
5f1833c9-af8d-5f70-be49-b60580b621c5,2026-01-11T08:00:00Z,system,2026-01-11T08:00:00Z,system,4500000394,6d870c43-5af0-59e6-bc85-7a87ffd192e7,87cb6569-bd40-5e24-8586-da21fbea3a81,5f639525-25c5-54fa-aa87-ccfe5b39776a,2026-01-11,2026-02-17,COMPLETED,EUR,34952.18,6640.91,41593.09,0003,DAP,c7e3e4e0-4eb0-57ed-973a-248aa1d4166f,2026-01-14T08:00:00Z,Quarterly replenishment
78e7b26d-4693-53bb-b42c-63a970fa842d,2026-05-07T08:00:00Z,system,2026-05-07T08:00:00Z,system,4500000395,fa9a8815-098a-5e45-bc94-5794fa09989e,78e17b4f-64d9-5a1f-8e02-e8a798b67ff0,78f316cf-bc76-5bab-9068-b36833d8b019,2026-05-07,2026-05-12,COMPLETED,GBP,200559.38,38106.28,238665.66,Z060,DDP,0737d81c-800f-585f-8a81-5742f5aa93a6,2026-05-07T08:00:00Z,Standard procurement order
cebcfda3-d203-5082-9c6b-096874e4ff37,2026-01-31T08:00:00Z,system,2026-01-31T08:00:00Z,system,4500000396,5b42c318-c469-5623-986f-f2ca4ccce5f5,cb89079f-b137-594d-b7f6-f3803900b013,deb3fb29-3383-5c3d-9343-4b0681551f8f,2026-01-31,2026-03-18,CANCELLED,SEK,3784649.23,719083.35,4503732.58,Z030,CIP,,,Quarterly replenishment
333123ae-fba8-5e53-921c-bd2649172a85,2025-11-17T08:00:00Z,system,2025-11-17T08:00:00Z,system,4500000397,4905c412-da5c-5c34-bb71-a406f34a50f9,78e17b4f-64d9-5a1f-8e02-e8a798b67ff0,d778b989-a675-5d3f-8009-55dfeceec6f9,2025-11-17,2025-12-30,ORDERED,PLN,2769183.08,526144.79,3295327.87,Z060,DDP,d925509d-9c4c-55ac-990d-b19752aa437c,2025-11-19T08:00:00Z,Quarterly replenishment
0c72800c-46cb-5139-bf04-2db3be4cd24c,2025-10-23T08:00:00Z,system,2025-10-23T08:00:00Z,system,4500000398,d5f4a9fb-8418-5f72-bb85-8b4e25a61de3,283bb6f3-df62-5cb4-9d4b-a62afcbbb11d,b519a3ff-3161-5685-8e6b-9063483eb30b,2025-10-23,2025-12-13,COMPLETED,EUR,213387.95,49079.23,262467.18,Z030,CPT,d925509d-9c4c-55ac-990d-b19752aa437c,2025-10-23T08:00:00Z,Standard procurement order
cc9da912-e8e6-5d81-84b3-579889c1b63b,2026-07-20T08:00:00Z,system,2026-07-20T08:00:00Z,system,4500000399,3b018b68-0323-520e-b88f-fd6f1a05e7b9,113d871c-fdd0-59b0-922b-71a1f17a7a5b,762dab21-f406-51e5-938f-353039145619,2026-07-20,2026-08-03,COMPLETED,CZK,2674450.50,508145.60,3182596.10,Z060,FCA,c7e3e4e0-4eb0-57ed-973a-248aa1d4166f,2026-07-23T08:00:00Z,Priority supplier order
a222d5b9-ff60-567b-ba50-b178eceaac2d,2026-06-11T08:00:00Z,system,2026-06-11T08:00:00Z,system,4500000400,69346548-c6be-516e-a50c-3db3ca154679,3cab26fd-f62f-5970-ad42-c321a067cf36,91e632eb-67bf-5d38-a8b5-8e84d43dd62b,2026-06-11,2026-07-31,APPROVED,EUR,129245.32,27141.52,156386.84,0002,EXW,91e632eb-67bf-5d38-a8b5-8e84d43dd62b,2026-06-12T08:00:00Z,Project-specific procurement
7c3c2c46-cdee-5852-8978-4ebfeff63427,2026-05-04T08:00:00Z,system,2026-05-04T08:00:00Z,system,4500000401,59b08f46-6268-5135-959b-28e10d381b78,e294ac9d-bd77-5078-ba31-f74bebb60488,4cc33be3-e381-5651-8754-1dfb4784e453,2026-05-04,2026-07-13,COMPLETED,EUR,335933.24,70545.98,406479.22,Z045,CPT,4deefa0a-1e41-5a72-a113-c2b82a9ea70b,2026-05-07T08:00:00Z,Project-specific procurement
91598c57-5349-5d56-9fbc-b851945c75eb,2025-10-22T08:00:00Z,system,2025-10-22T08:00:00Z,system,4500000402,69346548-c6be-516e-a50c-3db3ca154679,681d3a1f-6166-5793-8dd0-2f9ae8a7e909,2cd38cf3-5347-5c8e-9bec-7cbfde8bcfb8,2025-10-22,2025-12-01,ORDERED,EUR,307456.29,61491.26,368947.55,0002,EXW,d925509d-9c4c-55ac-990d-b19752aa437c,2025-10-23T08:00:00Z,Priority supplier order
bd45a6d9-c8af-503f-8c98-8b1afc25dcfe,2026-05-08T08:00:00Z,system,2026-05-08T08:00:00Z,system,4500000403,a23e4a94-04fb-533d-8c0b-943c85425ed6,5528724a-ec45-5c0d-ac18-8666390c638c,4e5e44a7-230a-5238-af8a-6363cf5be42b,2026-05-08,2026-07-10,ORDERED,EUR,204503.35,47035.77,251539.12,0002,CPT,0a9b9cf2-8c50-54fd-b243-53899f77bb55,2026-05-09T08:00:00Z,Standard procurement order
5f08fea1-ed8d-59f0-86ef-2f0bb6d50fae,2026-07-07T08:00:00Z,system,2026-07-07T08:00:00Z,system,4500000404,1e6af728-f1a9-58e4-83dd-e019059d95b9,34b80a58-c167-5ea6-9b2c-d151aa2ea5a3,a8900ba9-a076-5a48-8859-1f3fc1e76071,2026-07-07,2026-07-28,CANCELLED,PLN,857148.89,162858.29,1020007.18,Z030,FCA,,,Priority supplier order
90e5e40e-9957-54c7-813e-3a7b0cdf23a2,2026-06-16T08:00:00Z,system,2026-06-16T08:00:00Z,system,4500000405,e5752291-9c1a-556d-ab73-e21f0d3f37eb,681d3a1f-6166-5793-8dd0-2f9ae8a7e909,7c801ba4-5463-5410-bdfc-fb9770b2a7c7,2026-06-16,2026-07-12,ORDERED,CZK,7026069.25,1264692.46,8290761.71,Z060,DDP,4deefa0a-1e41-5a72-a113-c2b82a9ea70b,2026-06-16T08:00:00Z,Standard procurement order
14bb82b6-f2e0-51f4-bc6e-749c00a97120,2025-12-29T08:00:00Z,system,2025-12-29T08:00:00Z,system,4500000406,d0364d31-f3bf-5613-a4d3-90809d201d9f,9f6bd345-59f3-56b7-b1b4-8a3e5fab6656,e1c1d5bd-6452-5e7c-9911-1b5d499df0eb,2025-12-29,2026-03-05,ORDERED,GBP,22384.81,4253.11,26637.92,0002,CIP,4deefa0a-1e41-5a72-a113-c2b82a9ea70b,2025-12-31T08:00:00Z,Standard procurement order
613f9fe7-597e-5ab1-9bae-6b39b2633ad2,2025-11-09T08:00:00Z,system,2025-11-09T08:00:00Z,system,4500000407,61c6b671-bb49-54e7-b5ac-ac9fed5590a0,d425a94e-8ac6-50ba-81e4-27a328a21379,4e5e44a7-230a-5238-af8a-6363cf5be42b,2025-11-09,2025-12-15,APPROVED,CHF,193607.93,40657.67,234265.60,0003,EXW,4deefa0a-1e41-5a72-a113-c2b82a9ea70b,2025-11-10T08:00:00Z,
35c1683e-3f69-5bb3-9cde-bde8590cd92d,2026-02-28T08:00:00Z,system,2026-02-28T08:00:00Z,system,4500000408,e562fce3-1dda-5959-b99a-ae629b2730a8,26221d5e-2e66-5ea9-8c4d-30720ed59583,762dab21-f406-51e5-938f-353039145619,2026-02-28,2026-04-24,COMPLETED,PLN,1384451.23,318423.78,1702875.01,0001,EXW,c7e3e4e0-4eb0-57ed-973a-248aa1d4166f,2026-03-01T08:00:00Z,Priority supplier order
05f0b92b-71ad-5637-9ed6-adadd1eded38,2025-10-03T08:00:00Z,system,2025-10-03T08:00:00Z,system,4500000409,5cfd420c-6305-56f0-b599-3c1c4c1b5282,5b8df29c-4f7d-5b45-b24c-0b5a197ae2b0,88db520f-00d6-51aa-8b62-c7a88dd50f4c,2025-10-03,2025-10-15,COMPLETED,PLN,582265.16,104807.73,687072.89,Z030,CIP,91e632eb-67bf-5d38-a8b5-8e84d43dd62b,2025-10-03T08:00:00Z,Quarterly replenishment
c4b1ce48-b9d7-5c4d-a862-0d8e4e7530ab,2026-04-13T08:00:00Z,system,2026-04-13T08:00:00Z,system,4500000410,96a68ba6-f5c3-582f-b5dd-32442951c1e2,12473360-94f1-5fba-a391-36ce9d7f31be,5f639525-25c5-54fa-aa87-ccfe5b39776a,2026-04-13,2026-06-21,ORDERED,GBP,6768.26,1556.70,8324.96,Z030,FCA,c7e3e4e0-4eb0-57ed-973a-248aa1d4166f,2026-04-14T08:00:00Z,
309ff4b2-87d4-5eac-a71d-d19e915db7b6,2025-12-25T08:00:00Z,system,2025-12-25T08:00:00Z,system,4500000411,0d733f4f-1d7c-53af-9046-17a207953571,3cab26fd-f62f-5970-ad42-c321a067cf36,78f316cf-bc76-5bab-9068-b36833d8b019,2025-12-25,2026-02-17,COMPLETED,EUR,84662.12,16932.42,101594.54,0002,CPT,0a9b9cf2-8c50-54fd-b243-53899f77bb55,2025-12-26T08:00:00Z,Quarterly replenishment
c4ed7cca-2f1f-501a-ae7c-c1047e3821bd,2026-07-22T08:00:00Z,system,2026-07-22T08:00:00Z,system,4500000412,d2bf3709-0518-53ca-af9e-9b58adb6c37d,03aef187-5272-56c7-bfc4-cf8b61ecf06b,b0f0219c-497a-5b5a-8247-64bb9744b592,2026-07-22,2026-07-30,COMPLETED,EUR,331921.92,76342.04,408263.96,0003,CPT,4deefa0a-1e41-5a72-a113-c2b82a9ea70b,2026-07-24T08:00:00Z,Priority supplier order
a9430523-a50c-5b6b-b92e-ed503355a1ce,2026-02-02T08:00:00Z,system,2026-02-02T08:00:00Z,system,4500000413,c07ad934-fcd4-5fc7-88c1-f5605545a9c9,329ee744-d62e-5fc4-a06d-cd6019444aa8,344e75d1-f4ee-5da0-b8c0-d2949c9f7794,2026-02-02,2026-02-19,APPROVED,SEK,2684097.20,509978.47,3194075.67,0001,CPT,d925509d-9c4c-55ac-990d-b19752aa437c,2026-02-04T08:00:00Z,Standard procurement order
d0e7f3f9-4b96-576b-9718-2beab13358ec,2026-05-14T08:00:00Z,system,2026-05-14T08:00:00Z,system,4500000414,61c6b671-bb49-54e7-b5ac-ac9fed5590a0,51ca2c43-9865-5eed-88e1-7efd0be651e9,4cc33be3-e381-5651-8754-1dfb4784e453,2026-05-14,2026-06-09,ORDERED,CHF,253678.01,58345.94,312023.95,0003,EXW,0737d81c-800f-585f-8a81-5742f5aa93a6,2026-05-17T08:00:00Z,Project-specific procurement
39cd72cb-0ebe-5f06-81e8-c8dcc72528cd,2025-11-15T08:00:00Z,system,2025-11-15T08:00:00Z,system,4500000415,6baf0642-83c4-5c75-8d5e-2d181e2adb72,3cab26fd-f62f-5970-ad42-c321a067cf36,4e216c0a-c972-5f8b-9c46-6350e9b7fcd3,2025-11-15,2026-01-21,COMPLETED,GBP,524088.50,94335.93,618424.43,Z030,CPT,2cd38cf3-5347-5c8e-9bec-7cbfde8bcfb8,2025-11-17T08:00:00Z,Quarterly replenishment
106c6085-2d61-5bec-a403-25664e9bc2d7,2026-01-04T08:00:00Z,system,2026-01-04T08:00:00Z,system,4500000416,146ea71e-a89e-577d-9441-646e3fc87b78,261d0783-3954-5ee6-baf2-f9e37bbb725b,4e216c0a-c972-5f8b-9c46-6350e9b7fcd3,2026-01-04,2026-02-19,APPROVED,CZK,16267149.12,3741444.30,20008593.42,Z045,CPT,2cd38cf3-5347-5c8e-9bec-7cbfde8bcfb8,2026-01-06T08:00:00Z,Quarterly replenishment
96ef5758-034f-59dd-8458-c36c741cef44,2026-01-04T08:00:00Z,system,2026-01-04T08:00:00Z,system,4500000417,b15dfe01-245c-5c44-b8e3-e4299119c304,e6d386f5-8b03-578e-aca0-68c8e68a10d1,aa73552f-c4e3-50c0-ab42-ae08fe8628fc,2026-01-04,2026-02-04,COMPLETED,EUR,10564.80,2007.31,12572.11,Z030,EXW,4deefa0a-1e41-5a72-a113-c2b82a9ea70b,2026-01-05T08:00:00Z,Quarterly replenishment
86ddc3d8-04eb-598d-8fcf-4c78d4d1a5f5,2026-03-20T08:00:00Z,system,2026-03-20T08:00:00Z,system,4500000418,d0364d31-f3bf-5613-a4d3-90809d201d9f,d425a94e-8ac6-50ba-81e4-27a328a21379,a8900ba9-a076-5a48-8859-1f3fc1e76071,2026-03-20,2026-03-30,COMPLETED,GBP,560689.28,112137.86,672827.14,0002,CIP,d925509d-9c4c-55ac-990d-b19752aa437c,2026-03-23T08:00:00Z,Quarterly replenishment
80630ee6-5543-5a4b-b3ba-e2a5c1c2a9f1,2025-11-09T08:00:00Z,system,2025-11-09T08:00:00Z,system,4500000419,d5190e66-10ca-55f8-b38f-5aed2dbdd6c5,03aef187-5272-56c7-bfc4-cf8b61ecf06b,bfc09207-4542-5693-a52b-974f1bcfaf39,2025-11-09,2025-12-26,ORDERED,EUR,247449.63,51964.42,299414.05,0002,EXW,78f316cf-bc76-5bab-9068-b36833d8b019,2025-11-09T08:00:00Z,Priority supplier order
3c3a3814-87af-5274-995b-e560366b215e,2025-11-02T08:00:00Z,system,2025-11-02T08:00:00Z,system,4500000420,69346548-c6be-516e-a50c-3db3ca154679,12473360-94f1-5fba-a391-36ce9d7f31be,9e1c4686-2f34-5912-ad37-81df9a7a3278,2025-11-02,2026-01-01,COMPLETED,EUR,53262.93,12250.47,65513.40,0002,EXW,0737d81c-800f-585f-8a81-5742f5aa93a6,2025-11-05T08:00:00Z,Quarterly replenishment
2c2d2c70-6b74-5d71-9cf0-0f4b8f9af7d9,2025-11-05T08:00:00Z,system,2025-11-05T08:00:00Z,system,4500000421,6f8c90f6-de0f-580e-9bb0-f06f5b0ced4d,681d3a1f-6166-5793-8dd0-2f9ae8a7e909,362bb051-fb3b-5a89-9979-8640133ad18b,2025-11-05,2025-11-15,ORDERED,EUR,170249.16,34049.83,204298.99,Z060,CPT,78f316cf-bc76-5bab-9068-b36833d8b019,2025-11-06T08:00:00Z,Priority supplier order
1b0a9454-94ae-52b7-a9a4-e7574983b092,2026-02-09T08:00:00Z,system,2026-02-09T08:00:00Z,system,4500000422,075638c7-6598-507a-a950-ecbee7bdc084,681d3a1f-6166-5793-8dd0-2f9ae8a7e909,8e723945-6a6c-5803-a42e-c1347adfc586,2026-02-09,2026-02-18,SUBMITTED,CAD,429443.65,90183.17,519626.82,0002,DDP,,,Quarterly replenishment
feaba09b-52e8-59a0-adb8-3d71ccac249a,2026-07-09T08:00:00Z,system,2026-07-09T08:00:00Z,system,4500000423,5cfb11e6-d6ba-5513-9120-094477e81c75,9f6bd345-59f3-56b7-b1b4-8a3e5fab6656,ef2ba588-e5f9-591f-9a01-16a28aec4a68,2026-07-09,2026-09-14,COMPLETED,EUR,158434.75,30102.60,188537.35,0003,CPT,91e632eb-67bf-5d38-a8b5-8e84d43dd62b,2026-07-11T08:00:00Z,Project-specific procurement
5f01a46c-3be4-532b-8f99-f21df3fe3e90,2025-11-01T08:00:00Z,system,2025-11-01T08:00:00Z,system,4500000424,90e10c7e-6736-59c8-948e-d8729b244cbb,e6d386f5-8b03-578e-aca0-68c8e68a10d1,b519a3ff-3161-5685-8e6b-9063483eb30b,2025-11-01,2025-12-26,ORDERED,EUR,106888.20,20308.76,127196.96,Z060,CIP,c7e3e4e0-4eb0-57ed-973a-248aa1d4166f,2025-11-04T08:00:00Z,Project-specific procurement
fb0c6fd1-56ac-5eaa-8095-b703b120a532,2026-07-05T08:00:00Z,system,2026-07-05T08:00:00Z,system,4500000425,b62723e4-85b4-54e6-952d-4d88f5adae98,9f6bd345-59f3-56b7-b1b4-8a3e5fab6656,cbe963d2-a4e6-5ec1-a15f-948ff5630895,2026-07-05,2026-07-31,COMPLETED,CHF,88744.20,16861.40,105605.60,Z045,DAP,2cd38cf3-5347-5c8e-9bec-7cbfde8bcfb8,2026-07-07T08:00:00Z,Quarterly replenishment
22b20e31-e046-5425-b649-c6af1ef675a3,2025-12-13T08:00:00Z,system,2025-12-13T08:00:00Z,system,4500000426,c16f8764-9fa7-5704-95f3-5067c3d777a5,681d3a1f-6166-5793-8dd0-2f9ae8a7e909,bf01dabf-7f6b-5183-895b-36a5584e7d8d,2025-12-13,2026-01-08,COMPLETED,EUR,304567.45,54822.14,359389.59,0003,DAP,d925509d-9c4c-55ac-990d-b19752aa437c,2025-12-15T08:00:00Z,Project-specific procurement
7e360b58-498a-5525-a760-8205df8c7608,2026-03-23T08:00:00Z,system,2026-03-23T08:00:00Z,system,4500000427,b2062365-15e8-5d1c-ae5c-a2c4459e969a,9f6bd345-59f3-56b7-b1b4-8a3e5fab6656,344e75d1-f4ee-5da0-b8c0-d2949c9f7794,2026-03-23,2026-05-05,ORDERED,CAD,442434.70,84062.59,526497.29,0003,EXW,c7e3e4e0-4eb0-57ed-973a-248aa1d4166f,2026-03-26T08:00:00Z,Priority supplier order
1ecebc3c-d05e-579b-b17e-c26ac3065da8,2025-10-22T08:00:00Z,system,2025-10-22T08:00:00Z,system,4500000428,93067b6e-59b9-55e4-837d-0482b5bedd04,87cb6569-bd40-5e24-8586-da21fbea3a81,e1c1d5bd-6452-5e7c-9911-1b5d499df0eb,2025-10-22,2025-11-27,DRAFT,EUR,170063.70,32312.10,202375.80,Z030,DDP,,,Priority supplier order
71cfc88c-e2f2-509b-8bc0-8c5e4e3b1079,2025-10-05T08:00:00Z,system,2025-10-05T08:00:00Z,system,4500000429,c07ad934-fcd4-5fc7-88c1-f5605545a9c9,9f6bd345-59f3-56b7-b1b4-8a3e5fab6656,8e723945-6a6c-5803-a42e-c1347adfc586,2025-10-05,2025-10-31,COMPLETED,SEK,2157668.09,409956.94,2567625.03,0001,CPT,4deefa0a-1e41-5a72-a113-c2b82a9ea70b,2025-10-07T08:00:00Z,Project-specific procurement
2e16d83a-962a-5d1d-a03e-a5259b8d4c83,2026-03-29T08:00:00Z,system,2026-03-29T08:00:00Z,system,4500000430,e7bda0f4-a61e-57e6-9d47-1167f61db12a,51ca2c43-9865-5eed-88e1-7efd0be651e9,91e632eb-67bf-5d38-a8b5-8e84d43dd62b,2026-03-29,2026-04-06,APPROVED,CAD,173395.97,36413.15,209809.12,Z060,EXW,0a9b9cf2-8c50-54fd-b243-53899f77bb55,2026-03-29T08:00:00Z,Quarterly replenishment
8df1158a-97c6-5028-aacd-9d91809a7058,2025-10-15T08:00:00Z,system,2025-10-15T08:00:00Z,system,4500000431,f7190352-c6c4-5faf-95cf-5bd66bc37b3c,d425a94e-8ac6-50ba-81e4-27a328a21379,bf01dabf-7f6b-5183-895b-36a5584e7d8d,2025-10-15,2025-12-06,ORDERED,CAD,442560.75,92937.76,535498.51,0003,EXW,91e632eb-67bf-5d38-a8b5-8e84d43dd62b,2025-10-17T08:00:00Z,Quarterly replenishment
70f1b63e-b951-51b3-acad-86f56535e241,2025-10-19T08:00:00Z,system,2025-10-19T08:00:00Z,system,4500000432,d793f1b1-63cb-5e54-90fc-fbfc7ddf9248,cb89079f-b137-594d-b7f6-f3803900b013,9e1c4686-2f34-5912-ad37-81df9a7a3278,2025-10-19,2025-11-06,ORDERED,EUR,127654.45,24254.35,151908.80,Z045,DAP,d925509d-9c4c-55ac-990d-b19752aa437c,2025-10-19T08:00:00Z,Standard procurement order
4a2fa126-21a8-55b6-b5f6-ec3e848ace22,2025-12-05T08:00:00Z,system,2025-12-05T08:00:00Z,system,4500000433,bb468112-b8da-577b-8a64-e0f89be5b8ff,5528724a-ec45-5c0d-ac18-8666390c638c,9e1c4686-2f34-5912-ad37-81df9a7a3278,2025-12-05,2026-02-02,COMPLETED,EUR,62306.34,12461.27,74767.61,Z060,CPT,0737d81c-800f-585f-8a81-5742f5aa93a6,2025-12-08T08:00:00Z,Quarterly replenishment
4276ba86-c493-5d99-9856-dc3150d882ad,2025-10-18T08:00:00Z,system,2025-10-18T08:00:00Z,system,4500000434,015d24f1-4165-5423-96d2-fccd1c7bc852,d425a94e-8ac6-50ba-81e4-27a328a21379,53657725-cc33-52fa-bf83-e8ebce35acc6,2025-10-18,2025-12-15,ORDERED,EUR,414341.66,74581.50,488923.16,0002,DDP,d925509d-9c4c-55ac-990d-b19752aa437c,2025-10-21T08:00:00Z,Quarterly replenishment
8c80acf2-d4ca-52d6-a3ae-38785113a0aa,2026-03-08T08:00:00Z,system,2026-03-08T08:00:00Z,system,4500000435,61c6b671-bb49-54e7-b5ac-ac9fed5590a0,78e17b4f-64d9-5a1f-8e02-e8a798b67ff0,cbe963d2-a4e6-5ec1-a15f-948ff5630895,2026-03-08,2026-03-27,COMPLETED,CHF,53581.28,10180.44,63761.72,0003,EXW,0a9b9cf2-8c50-54fd-b243-53899f77bb55,2026-03-09T08:00:00Z,Priority supplier order
611b144f-1480-5626-8d05-14ef51bd58a1,2026-03-25T08:00:00Z,system,2026-03-25T08:00:00Z,system,4500000436,051b18ad-9186-5426-988f-a70b99be294d,12473360-94f1-5fba-a391-36ce9d7f31be,82118fb0-4b2c-5ab5-b817-ec77a960c692,2026-03-25,2026-05-15,COMPLETED,USD,260667.28,54740.13,315407.41,0001,DDP,d925509d-9c4c-55ac-990d-b19752aa437c,2026-03-26T08:00:00Z,Project-specific procurement
e3dd12ce-92c7-5a74-b861-589dde277c1f,2026-02-06T08:00:00Z,system,2026-02-06T08:00:00Z,system,4500000437,bd1f39ee-0971-5fa0-b5e0-5483a5478547,03aef187-5272-56c7-bfc4-cf8b61ecf06b,ef2ba588-e5f9-591f-9a01-16a28aec4a68,2026-02-06,2026-04-15,APPROVED,PLN,644439.40,148221.06,792660.46,0001,FCA,d925509d-9c4c-55ac-990d-b19752aa437c,2026-02-07T08:00:00Z,
f682790a-1d64-55a8-802a-a5f11d40a205,2026-03-21T08:00:00Z,system,2026-03-21T08:00:00Z,system,4500000438,d61c0227-d2cb-53a8-b3e6-45175058182d,12473360-94f1-5fba-a391-36ce9d7f31be,2cd38cf3-5347-5c8e-9bec-7cbfde8bcfb8,2026-03-21,2026-04-17,COMPLETED,EUR,20469.16,4707.91,25177.07,Z030,FCA,91e632eb-67bf-5d38-a8b5-8e84d43dd62b,2026-03-21T08:00:00Z,Standard procurement order
01dc3b47-f1c2-5763-a60e-1353c99d0614,2025-12-24T08:00:00Z,system,2025-12-24T08:00:00Z,system,4500000439,f804f9b1-8e91-5557-acca-a7bd5558bd07,89693957-df41-5038-b06b-8fcd13674f65,82118fb0-4b2c-5ab5-b817-ec77a960c692,2025-12-24,2026-02-20,COMPLETED,CHF,7295.50,1313.19,8608.69,Z045,EXW,0737d81c-800f-585f-8a81-5742f5aa93a6,2025-12-27T08:00:00Z,Priority supplier order
bc7c52b7-dc1d-56b9-a740-fb3403b78eec,2026-02-27T08:00:00Z,system,2026-02-27T08:00:00Z,system,4500000440,3b018b68-0323-520e-b88f-fd6f1a05e7b9,e294ac9d-bd77-5078-ba31-f74bebb60488,762dab21-f406-51e5-938f-353039145619,2026-02-27,2026-05-02,COMPLETED,CZK,1154219.86,230843.97,1385063.83,Z060,FCA,0a9b9cf2-8c50-54fd-b243-53899f77bb55,2026-02-27T08:00:00Z,
29d8cda6-b285-5a0f-af3d-6188e929d267,2026-03-14T08:00:00Z,system,2026-03-14T08:00:00Z,system,4500000441,051b18ad-9186-5426-988f-a70b99be294d,26221d5e-2e66-5ea9-8c4d-30720ed59583,4e216c0a-c972-5f8b-9c46-6350e9b7fcd3,2026-03-14,2026-04-27,COMPLETED,USD,13426.65,3088.13,16514.78,0001,DDP,91e632eb-67bf-5d38-a8b5-8e84d43dd62b,2026-03-14T08:00:00Z,
c9470808-cb4d-5205-8888-2a120030556e,2026-04-04T08:00:00Z,system,2026-04-04T08:00:00Z,system,4500000442,67a09cac-9b92-5bb0-9758-d477e2227557,12473360-94f1-5fba-a391-36ce9d7f31be,362bb051-fb3b-5a89-9979-8640133ad18b,2026-04-04,2026-04-15,ORDERED,CHF,225489.14,51862.50,277351.64,Z060,CIP,0737d81c-800f-585f-8a81-5742f5aa93a6,2026-04-07T08:00:00Z,Priority supplier order
417243b6-1759-567d-bcfc-676048137c96,2026-02-06T08:00:00Z,system,2026-02-06T08:00:00Z,system,4500000443,5fbcdd4c-a131-52b4-b068-b19472e199e6,e294ac9d-bd77-5078-ba31-f74bebb60488,ef2ba588-e5f9-591f-9a01-16a28aec4a68,2026-02-06,2026-03-12,APPROVED,GBP,471820.59,108518.74,580339.33,Z045,EXW,2cd38cf3-5347-5c8e-9bec-7cbfde8bcfb8,2026-02-08T08:00:00Z,Quarterly replenishment
8578d394-959e-5c6e-96e6-3cd12bef9a8f,2026-06-24T08:00:00Z,system,2026-06-24T08:00:00Z,system,4500000444,fade348f-52ae-5a47-bce2-e9f1380900f1,0450cf2b-52b5-5c7a-95b0-bbdc67bca724,5f639525-25c5-54fa-aa87-ccfe5b39776a,2026-06-24,2026-07-30,COMPLETED,CZK,4411838.09,926486.00,5338324.09,Z045,FCA,78f316cf-bc76-5bab-9068-b36833d8b019,2026-06-26T08:00:00Z,Priority supplier order
34f854ae-d70c-535a-83f0-46cbd6ebf654,2025-10-24T08:00:00Z,system,2025-10-24T08:00:00Z,system,4500000445,529acd2b-16e5-56e2-9831-27d1c37b8610,283bb6f3-df62-5cb4-9d4b-a62afcbbb11d,362bb051-fb3b-5a89-9979-8640133ad18b,2025-10-24,2025-12-06,ORDERED,SEK,2773048.94,499148.81,3272197.75,Z045,CPT,78f316cf-bc76-5bab-9068-b36833d8b019,2025-10-26T08:00:00Z,Quarterly replenishment
52467071-4044-5719-9223-aeadb932d17e,2025-12-12T08:00:00Z,system,2025-12-12T08:00:00Z,system,4500000446,d20b3572-e56d-591a-b858-c5c22045d62f,cb89079f-b137-594d-b7f6-f3803900b013,5f639525-25c5-54fa-aa87-ccfe5b39776a,2025-12-12,2025-12-18,COMPLETED,CHF,181729.72,34528.65,216258.37,Z045,CIP,d925509d-9c4c-55ac-990d-b19752aa437c,2025-12-14T08:00:00Z,Quarterly replenishment
c9970341-da63-5f35-b4ae-771139194d1f,2025-12-09T08:00:00Z,system,2025-12-09T08:00:00Z,system,4500000447,0e7989e3-b333-5cb4-9f42-168c3ddc0475,89693957-df41-5038-b06b-8fcd13674f65,5941f83b-16e1-5dcd-8dc3-df8d4713fe97,2025-12-09,2026-02-15,APPROVED,EUR,150302.08,27054.37,177356.45,0003,CIP,c7e3e4e0-4eb0-57ed-973a-248aa1d4166f,2025-12-09T08:00:00Z,
315218bc-acf0-51d8-911d-70becbbeb9ad,2026-05-23T08:00:00Z,system,2026-05-23T08:00:00Z,system,4500000448,bbe536c0-548b-5f63-9041-e346ae8009a3,521489a3-799d-50a5-9448-eeaa409714d1,762dab21-f406-51e5-938f-353039145619,2026-05-23,2026-06-25,ORDERED,PLN,954580.93,190916.19,1145497.12,Z060,EXW,d925509d-9c4c-55ac-990d-b19752aa437c,2026-05-25T08:00:00Z,Quarterly replenishment
024aa5e9-b907-5de6-b003-0af791bbe122,2026-03-11T08:00:00Z,system,2026-03-11T08:00:00Z,system,4500000449,d793f1b1-63cb-5e54-90fc-fbfc7ddf9248,34b80a58-c167-5ea6-9b2c-d151aa2ea5a3,a8900ba9-a076-5a48-8859-1f3fc1e76071,2026-03-11,2026-04-17,ORDERED,EUR,13049.97,2479.49,15529.46,Z045,DAP,4deefa0a-1e41-5a72-a113-c2b82a9ea70b,2026-03-11T08:00:00Z,Quarterly replenishment
ffb5496f-0d74-5570-bb83-c58038fc57b1,2026-05-08T08:00:00Z,system,2026-05-08T08:00:00Z,system,4500000450,6baf0642-83c4-5c75-8d5e-2d181e2adb72,0450cf2b-52b5-5c7a-95b0-bbdc67bca724,113128ae-1f79-5f39-8c07-f3d07a663bae,2026-05-08,2026-06-02,APPROVED,GBP,63512.53,13337.63,76850.16,Z030,CPT,0737d81c-800f-585f-8a81-5742f5aa93a6,2026-05-11T08:00:00Z,Project-specific procurement
0fab39b5-7a77-5ce4-9901-535690032689,2026-04-01T08:00:00Z,system,2026-04-01T08:00:00Z,system,4500000451,557cf375-7c03-53fa-97ab-351cf44b06d9,283bb6f3-df62-5cb4-9d4b-a62afcbbb11d,82118fb0-4b2c-5ab5-b817-ec77a960c692,2026-04-01,2026-04-13,COMPLETED,CAD,317600.00,66696.00,384296.00,Z030,FCA,0737d81c-800f-585f-8a81-5742f5aa93a6,2026-04-04T08:00:00Z,Priority supplier order
4abc52c6-0ed3-552e-ab9c-ca90817ed6ba,2026-05-31T08:00:00Z,system,2026-05-31T08:00:00Z,system,4500000452,1de9fc38-1a3d-5a07-8285-f97ea3abb2db,efd8a8e4-0bb8-5f9e-be95-16451417acb0,ef2ba588-e5f9-591f-9a01-16a28aec4a68,2026-05-31,2026-06-26,APPROVED,PLN,1622100.07,324420.01,1946520.08,Z045,DDP,4deefa0a-1e41-5a72-a113-c2b82a9ea70b,2026-06-01T08:00:00Z,Priority supplier order
e7ed6055-525e-5577-8da6-5248ac129f57,2026-07-23T08:00:00Z,system,2026-07-23T08:00:00Z,system,4500000453,e86b7737-67e0-5e42-9655-8f3ce7404512,283bb6f3-df62-5cb4-9d4b-a62afcbbb11d,d778b989-a675-5d3f-8009-55dfeceec6f9,2026-07-23,2026-09-13,COMPLETED,USD,11959.67,2750.72,14710.39,Z030,CPT,c7e3e4e0-4eb0-57ed-973a-248aa1d4166f,2026-07-25T08:00:00Z,Quarterly replenishment
c486b8d5-ea32-5fa4-a5bf-6ea5f68d9952,2026-01-09T08:00:00Z,system,2026-01-09T08:00:00Z,system,4500000454,94637be8-57b0-5434-bd07-63fb1b7462c2,329ee744-d62e-5fc4-a06d-cd6019444aa8,d778b989-a675-5d3f-8009-55dfeceec6f9,2026-01-09,2026-02-10,DRAFT,PLN,785092.03,149167.49,934259.52,0003,FCA,,,Quarterly replenishment
0a28f2a3-916f-59c0-988f-fa97e0bdd745,2026-03-19T08:00:00Z,system,2026-03-19T08:00:00Z,system,4500000455,bb468112-b8da-577b-8a64-e0f89be5b8ff,3cab26fd-f62f-5970-ad42-c321a067cf36,c7e3e4e0-4eb0-57ed-973a-248aa1d4166f,2026-03-19,2026-05-06,COMPLETED,EUR,313512.20,65837.56,379349.76,Z060,CPT,78f316cf-bc76-5bab-9068-b36833d8b019,2026-03-22T08:00:00Z,Project-specific procurement
07a63a4d-5ad5-5535-b688-39cd78de7e87,2026-06-27T08:00:00Z,system,2026-06-27T08:00:00Z,system,4500000456,51deaf41-f05e-539c-941e-b9f8e9b454c0,12473360-94f1-5fba-a391-36ce9d7f31be,8758fdc7-b73d-58da-9847-91a91303126e,2026-06-27,2026-07-25,APPROVED,GBP,66040.28,13868.46,79908.74,Z045,FCA,c7e3e4e0-4eb0-57ed-973a-248aa1d4166f,2026-06-28T08:00:00Z,Standard procurement order
8e5fbf7a-5750-5dc2-bbf8-9bdda7f6a4cc,2026-07-02T08:00:00Z,system,2026-07-02T08:00:00Z,system,4500000457,e562fce3-1dda-5959-b99a-ae629b2730a8,329ee744-d62e-5fc4-a06d-cd6019444aa8,9e1c4686-2f34-5912-ad37-81df9a7a3278,2026-07-02,2026-07-16,ORDERED,PLN,137149.92,26058.48,163208.40,0001,EXW,78f316cf-bc76-5bab-9068-b36833d8b019,2026-07-03T08:00:00Z,
5d5cd4b1-bd42-51c9-9f47-299c26caf796,2025-12-04T08:00:00Z,system,2025-12-04T08:00:00Z,system,4500000458,892eeadb-a73e-5ef7-bf12-aac4cf532878,12473360-94f1-5fba-a391-36ce9d7f31be,762dab21-f406-51e5-938f-353039145619,2025-12-04,2026-01-07,ORDERED,EUR,84158.20,19356.39,103514.59,Z030,DDP,0737d81c-800f-585f-8a81-5742f5aa93a6,2025-12-07T08:00:00Z,Quarterly replenishment
e9a76f22-9a72-5429-afa0-7c01e893d18a,2025-10-25T08:00:00Z,system,2025-10-25T08:00:00Z,system,4500000459,4905c412-da5c-5c34-bb71-a406f34a50f9,51ca2c43-9865-5eed-88e1-7efd0be651e9,113128ae-1f79-5f39-8c07-f3d07a663bae,2025-10-25,2025-12-21,CANCELLED,PLN,1782874.95,356574.99,2139449.94,Z060,DDP,,,Quarterly replenishment
e61e18f2-e146-5e0f-9a9b-c0765a8df509,2026-06-14T08:00:00Z,system,2026-06-14T08:00:00Z,system,4500000460,d20b3572-e56d-591a-b858-c5c22045d62f,cb89079f-b137-594d-b7f6-f3803900b013,113128ae-1f79-5f39-8c07-f3d07a663bae,2026-06-14,2026-08-19,ORDERED,CHF,92577.20,17589.67,110166.87,Z045,CIP,0a9b9cf2-8c50-54fd-b243-53899f77bb55,2026-06-14T08:00:00Z,
a6f19ad6-0156-5c07-8958-bed3d9f2cfcc,2025-12-26T08:00:00Z,system,2025-12-26T08:00:00Z,system,4500000461,1e6af728-f1a9-58e4-83dd-e019059d95b9,113d871c-fdd0-59b0-922b-71a1f17a7a5b,7c801ba4-5463-5410-bdfc-fb9770b2a7c7,2025-12-26,2026-02-25,COMPLETED,PLN,2597760.70,493574.53,3091335.23,Z030,FCA,c7e3e4e0-4eb0-57ed-973a-248aa1d4166f,2025-12-26T08:00:00Z,Priority supplier order
3981d5be-431f-5f36-951c-0ad118b0f8e2,2026-05-09T08:00:00Z,system,2026-05-09T08:00:00Z,system,4500000462,c16f8764-9fa7-5704-95f3-5067c3d777a5,51ca2c43-9865-5eed-88e1-7efd0be651e9,f4bfe1cc-a9ff-5838-84b3-8d0b8a482a8d,2026-05-09,2026-07-13,ORDERED,EUR,216694.23,39004.96,255699.19,0003,DAP,c7e3e4e0-4eb0-57ed-973a-248aa1d4166f,2026-05-12T08:00:00Z,Standard procurement order
336896dc-f359-5855-96e0-41f5842a697a,2025-11-15T08:00:00Z,system,2025-11-15T08:00:00Z,system,4500000463,075638c7-6598-507a-a950-ecbee7bdc084,e294ac9d-bd77-5078-ba31-f74bebb60488,c7e3e4e0-4eb0-57ed-973a-248aa1d4166f,2025-11-15,2025-12-18,COMPLETED,CAD,170020.33,35704.27,205724.60,0002,DDP,c7e3e4e0-4eb0-57ed-973a-248aa1d4166f,2025-11-18T08:00:00Z,Quarterly replenishment
43818fda-d3db-5641-b45b-7e0c1c794f46,2025-12-20T08:00:00Z,system,2025-12-20T08:00:00Z,system,4500000464,0e7989e3-b333-5cb4-9f42-168c3ddc0475,34b80a58-c167-5ea6-9b2c-d151aa2ea5a3,b0637871-bb7d-59e4-8037-d5e1bbe0560a,2025-12-20,2026-02-12,SUBMITTED,EUR,143351.70,27236.82,170588.52,0003,CIP,,,Quarterly replenishment
0741c05a-116e-5c2f-9f89-01a64184f600,2026-04-09T08:00:00Z,system,2026-04-09T08:00:00Z,system,4500000465,51deaf41-f05e-539c-941e-b9f8e9b454c0,113d871c-fdd0-59b0-922b-71a1f17a7a5b,5941f83b-16e1-5dcd-8dc3-df8d4713fe97,2026-04-09,2026-05-03,ORDERED,GBP,23138.79,4396.37,27535.16,Z045,FCA,0737d81c-800f-585f-8a81-5742f5aa93a6,2026-04-09T08:00:00Z,Standard procurement order
10790399-a1c2-500d-be1c-d480982c3172,2026-04-24T08:00:00Z,system,2026-04-24T08:00:00Z,system,4500000466,562fec8c-a0ad-5c25-b4af-ea7bd076ab1f,d425a94e-8ac6-50ba-81e4-27a328a21379,5f639525-25c5-54fa-aa87-ccfe5b39776a,2026-04-24,2026-05-20,ORDERED,DKK,141529.40,32551.76,174081.16,0001,DAP,c7e3e4e0-4eb0-57ed-973a-248aa1d4166f,2026-04-26T08:00:00Z,
54e47dcc-9340-537a-908d-f5e581f098ef,2026-06-26T08:00:00Z,system,2026-06-26T08:00:00Z,system,4500000467,f976befd-fcaf-56c0-ab48-c790fa270290,113d871c-fdd0-59b0-922b-71a1f17a7a5b,7c801ba4-5463-5410-bdfc-fb9770b2a7c7,2026-06-26,2026-07-31,COMPLETED,CAD,96386.10,18313.36,114699.46,Z030,CIP,91e632eb-67bf-5d38-a8b5-8e84d43dd62b,2026-06-29T08:00:00Z,Quarterly replenishment
cb43c10a-997d-5f3d-a889-a3abb06b5938,2026-01-27T08:00:00Z,system,2026-01-27T08:00:00Z,system,4500000468,f804f9b1-8e91-5557-acca-a7bd5558bd07,113d871c-fdd0-59b0-922b-71a1f17a7a5b,4cc33be3-e381-5651-8754-1dfb4784e453,2026-01-27,2026-03-18,COMPLETED,CHF,337763.04,64174.98,401938.02,Z045,EXW,c7e3e4e0-4eb0-57ed-973a-248aa1d4166f,2026-01-30T08:00:00Z,Quarterly replenishment
9fbde5f8-2478-5d2e-9016-7fdd4e757c34,2026-05-05T08:00:00Z,system,2026-05-05T08:00:00Z,system,4500000469,c07ad934-fcd4-5fc7-88c1-f5605545a9c9,261d0783-3954-5ee6-baf2-f9e37bbb725b,b0f0219c-497a-5b5a-8247-64bb9744b592,2026-05-05,2026-07-07,COMPLETED,SEK,6213324.30,1242664.86,7455989.16,0001,CPT,78f316cf-bc76-5bab-9068-b36833d8b019,2026-05-07T08:00:00Z,
3e571479-05b3-5e18-bd37-c07b421c8d81,2026-07-17T08:00:00Z,system,2026-07-17T08:00:00Z,system,4500000470,529acd2b-16e5-56e2-9831-27d1c37b8610,d425a94e-8ac6-50ba-81e4-27a328a21379,9e1c4686-2f34-5912-ad37-81df9a7a3278,2026-07-17,2026-08-29,COMPLETED,SEK,6769087.67,1556890.16,8325977.83,Z045,CPT,2cd38cf3-5347-5c8e-9bec-7cbfde8bcfb8,2026-07-19T08:00:00Z,Quarterly replenishment
d79534cf-5acb-5e7b-87a3-e0f2fbd1724a,2026-01-01T08:00:00Z,system,2026-01-01T08:00:00Z,system,4500000471,d2bf3709-0518-53ca-af9e-9b58adb6c37d,521489a3-799d-50a5-9448-eeaa409714d1,8758fdc7-b73d-58da-9847-91a91303126e,2026-01-01,2026-01-14,ORDERED,EUR,3307.85,595.41,3903.26,0003,CPT,2cd38cf3-5347-5c8e-9bec-7cbfde8bcfb8,2026-01-04T08:00:00Z,
4e6b886b-c6ff-5fa1-9b14-2e137419ecfe,2025-11-01T08:00:00Z,system,2025-11-01T08:00:00Z,system,4500000472,10da3830-3725-5f5b-946b-84d8208ac3df,87cb6569-bd40-5e24-8586-da21fbea3a81,deb3fb29-3383-5c3d-9343-4b0681551f8f,2025-11-01,2025-11-17,SUBMITTED,EUR,315422.78,59930.33,375353.11,0003,DAP,,,Project-specific procurement
6bf8d2ac-5686-5eb3-bc3d-56c6feb14aba,2026-02-14T08:00:00Z,system,2026-02-14T08:00:00Z,system,4500000473,acfa3bba-ae74-54ea-9cb2-c7ece995c839,e6d386f5-8b03-578e-aca0-68c8e68a10d1,53657725-cc33-52fa-bf83-e8ebce35acc6,2026-02-14,2026-03-20,APPROVED,EUR,34038.51,6467.32,40505.83,Z045,DDP,0a9b9cf2-8c50-54fd-b243-53899f77bb55,2026-02-15T08:00:00Z,
d1f79e12-beb2-53f1-b9e4-1e3c40cabd9a,2025-11-20T08:00:00Z,system,2025-11-20T08:00:00Z,system,4500000474,5fbcdd4c-a131-52b4-b068-b19472e199e6,34b80a58-c167-5ea6-9b2c-d151aa2ea5a3,8e723945-6a6c-5803-a42e-c1347adfc586,2025-11-20,2025-12-09,COMPLETED,GBP,338719.33,64356.67,403076.00,Z045,EXW,0a9b9cf2-8c50-54fd-b243-53899f77bb55,2025-11-23T08:00:00Z,Standard procurement order
57729b73-4354-5c94-bc67-e15fb53d0263,2025-10-18T08:00:00Z,system,2025-10-18T08:00:00Z,system,4500000475,6d870c43-5af0-59e6-bc85-7a87ffd192e7,681d3a1f-6166-5793-8dd0-2f9ae8a7e909,5941f83b-16e1-5dcd-8dc3-df8d4713fe97,2025-10-18,2025-10-26,ORDERED,EUR,293340.92,67468.41,360809.33,0003,DAP,2cd38cf3-5347-5c8e-9bec-7cbfde8bcfb8,2025-10-18T08:00:00Z,Quarterly replenishment
27bb9603-d919-5012-a295-bb24758356ab,2026-07-04T08:00:00Z,system,2026-07-04T08:00:00Z,system,4500000476,5b42c318-c469-5623-986f-f2ca4ccce5f5,3cab26fd-f62f-5970-ad42-c321a067cf36,c7e3e4e0-4eb0-57ed-973a-248aa1d4166f,2026-07-04,2026-09-11,COMPLETED,SEK,3194117.53,638823.51,3832941.04,Z030,CIP,4deefa0a-1e41-5a72-a113-c2b82a9ea70b,2026-07-04T08:00:00Z,
9376ad04-c8f9-53ba-854c-9540addafffd,2026-02-17T08:00:00Z,system,2026-02-17T08:00:00Z,system,4500000477,3b018b68-0323-520e-b88f-fd6f1a05e7b9,d425a94e-8ac6-50ba-81e4-27a328a21379,78f316cf-bc76-5bab-9068-b36833d8b019,2026-02-17,2026-03-13,SUBMITTED,CZK,13452099.34,2690419.87,16142519.21,Z060,FCA,,,Priority supplier order
dbe37ce2-f3c6-5a3f-b8cc-323effb6be56,2026-04-03T08:00:00Z,system,2026-04-03T08:00:00Z,system,4500000478,b87c753c-6aec-5a34-986e-6b7063eb1eb3,12473360-94f1-5fba-a391-36ce9d7f31be,53657725-cc33-52fa-bf83-e8ebce35acc6,2026-04-03,2026-05-26,COMPLETED,GBP,126557.45,26577.06,153134.51,Z045,CIP,0a9b9cf2-8c50-54fd-b243-53899f77bb55,2026-04-03T08:00:00Z,Standard procurement order
5e9386ce-8b14-5b9d-bbac-f3d9ed7aaf52,2025-11-29T08:00:00Z,system,2025-11-29T08:00:00Z,system,4500000479,d18facee-7798-50e9-88e9-343196cd6b74,78e17b4f-64d9-5a1f-8e02-e8a798b67ff0,8e723945-6a6c-5803-a42e-c1347adfc586,2025-11-29,2026-02-01,SUBMITTED,EUR,340177.24,64633.68,404810.92,0003,CPT,,,
dbd3d3df-75bd-51d2-af9a-f4e173598146,2026-02-04T08:00:00Z,system,2026-02-04T08:00:00Z,system,4500000480,70cce057-5466-570d-8470-681840cf629c,521489a3-799d-50a5-9448-eeaa409714d1,0a9b9cf2-8c50-54fd-b243-53899f77bb55,2026-02-04,2026-03-10,COMPLETED,EUR,180562.57,41529.39,222091.96,Z030,DDP,78f316cf-bc76-5bab-9068-b36833d8b019,2026-02-06T08:00:00Z,Standard procurement order
7410e69b-23fa-5e2c-b224-f671e61f29cd,2026-01-26T08:00:00Z,system,2026-01-26T08:00:00Z,system,4500000481,c5e19f5d-f971-532d-b16b-ae6d6537f398,261d0783-3954-5ee6-baf2-f9e37bbb725b,53657725-cc33-52fa-bf83-e8ebce35acc6,2026-01-26,2026-02-09,DRAFT,EUR,384237.64,88374.66,472612.30,Z045,DDP,,,Priority supplier order
85716a23-1f18-5086-924e-98fd01cf54ab,2026-07-17T08:00:00Z,system,2026-07-17T08:00:00Z,system,4500000482,5b42c318-c469-5623-986f-f2ca4ccce5f5,efd8a8e4-0bb8-5f9e-be95-16451417acb0,0a9b9cf2-8c50-54fd-b243-53899f77bb55,2026-07-17,2026-08-01,COMPLETED,SEK,1553100.75,326151.16,1879251.91,Z030,CIP,78f316cf-bc76-5bab-9068-b36833d8b019,2026-07-19T08:00:00Z,Quarterly replenishment
9a3e9e1a-1213-5bbd-852b-9176d0ca670e,2025-12-16T08:00:00Z,system,2025-12-16T08:00:00Z,system,4500000483,d5f4a9fb-8418-5f72-bb85-8b4e25a61de3,26221d5e-2e66-5ea9-8c4d-30720ed59583,78f316cf-bc76-5bab-9068-b36833d8b019,2025-12-16,2026-01-22,COMPLETED,EUR,28249.09,6497.29,34746.38,Z030,CPT,c7e3e4e0-4eb0-57ed-973a-248aa1d4166f,2025-12-18T08:00:00Z,Priority supplier order
1df71e57-e285-5ab3-87e1-600113454985,2026-05-24T08:00:00Z,system,2026-05-24T08:00:00Z,system,4500000484,aee6450e-4511-5d45-adb8-f7752be64638,12473360-94f1-5fba-a391-36ce9d7f31be,88db520f-00d6-51aa-8b62-c7a88dd50f4c,2026-05-24,2026-06-11,SUBMITTED,PLN,2489558.94,522807.38,3012366.32,Z030,DAP,,,Quarterly replenishment
cc46f74f-303f-5820-955a-a7da8874f363,2026-07-04T08:00:00Z,system,2026-07-04T08:00:00Z,system,4500000485,5cfd420c-6305-56f0-b599-3c1c4c1b5282,87cb6569-bd40-5e24-8586-da21fbea3a81,9e1c4686-2f34-5912-ad37-81df9a7a3278,2026-07-04,2026-08-19,COMPLETED,PLN,825024.50,156754.65,981779.15,Z030,CIP,2cd38cf3-5347-5c8e-9bec-7cbfde8bcfb8,2026-07-05T08:00:00Z,Quarterly replenishment
9d7c9dbd-c990-59e7-9797-c804f9ab80dd,2025-10-25T08:00:00Z,system,2025-10-25T08:00:00Z,system,4500000486,bb468112-b8da-577b-8a64-e0f89be5b8ff,3cab26fd-f62f-5970-ad42-c321a067cf36,5941f83b-16e1-5dcd-8dc3-df8d4713fe97,2025-10-25,2025-11-28,CANCELLED,EUR,69649.65,13929.93,83579.58,Z060,CPT,,,Quarterly replenishment
901ecc39-0885-5fd3-9976-96a831557788,2025-11-23T08:00:00Z,system,2025-11-23T08:00:00Z,system,4500000487,61c6b671-bb49-54e7-b5ac-ac9fed5590a0,87cb6569-bd40-5e24-8586-da21fbea3a81,bf01dabf-7f6b-5183-895b-36a5584e7d8d,2025-11-23,2026-01-08,COMPLETED,CHF,3511.91,667.26,4179.17,0003,EXW,78f316cf-bc76-5bab-9068-b36833d8b019,2025-11-23T08:00:00Z,Priority supplier order
f93ece11-4b34-5428-9d82-b6b0a4008f16,2026-06-25T08:00:00Z,system,2026-06-25T08:00:00Z,system,4500000488,3891de4d-57d5-5ba5-873a-2d343b5d7a5b,89693957-df41-5038-b06b-8fcd13674f65,78f316cf-bc76-5bab-9068-b36833d8b019,2026-06-25,2026-08-29,ORDERED,EUR,1158903.20,266547.74,1425450.94,0001,DAP,91e632eb-67bf-5d38-a8b5-8e84d43dd62b,2026-06-25T08:00:00Z,Priority supplier order
4f469c63-cdc0-5378-8f99-2205ef758489,2025-12-03T08:00:00Z,system,2025-12-03T08:00:00Z,system,4500000489,0a065745-a966-5f0d-8fc3-ddeaa9abdfec,9f6bd345-59f3-56b7-b1b4-8a3e5fab6656,7c801ba4-5463-5410-bdfc-fb9770b2a7c7,2025-12-03,2025-12-19,ORDERED,EUR,99933.37,18987.34,118920.71,0003,CPT,d925509d-9c4c-55ac-990d-b19752aa437c,2025-12-05T08:00:00Z,Standard procurement order
b0c3a60b-d790-563b-a720-7b205e92c07f,2025-12-10T08:00:00Z,system,2025-12-10T08:00:00Z,system,4500000490,146ea71e-a89e-577d-9441-646e3fc87b78,283bb6f3-df62-5cb4-9d4b-a62afcbbb11d,7c801ba4-5463-5410-bdfc-fb9770b2a7c7,2025-12-10,2025-12-20,COMPLETED,CZK,143676.22,28735.24,172411.46,Z045,CPT,0a9b9cf2-8c50-54fd-b243-53899f77bb55,2025-12-10T08:00:00Z,
59e195f0-cd0e-57e6-bb21-fb2b9c39fdf4,2025-10-01T08:00:00Z,system,2025-10-01T08:00:00Z,system,4500000491,0d733f4f-1d7c-53af-9046-17a207953571,3cab26fd-f62f-5970-ad42-c321a067cf36,d778b989-a675-5d3f-8009-55dfeceec6f9,2025-10-01,2025-10-24,COMPLETED,EUR,16944.15,3049.95,19994.10,0002,CPT,0737d81c-800f-585f-8a81-5742f5aa93a6,2025-10-01T08:00:00Z,Standard procurement order
956d4952-68cb-58de-9f8d-ae99aad7b37b,2026-04-11T08:00:00Z,system,2026-04-11T08:00:00Z,system,4500000492,984c11de-cc53-5f88-b387-edbfeb6e675a,0450cf2b-52b5-5c7a-95b0-bbdc67bca724,4cc33be3-e381-5651-8754-1dfb4784e453,2026-04-11,2026-04-22,COMPLETED,GBP,124557.84,22420.41,146978.25,Z060,DDP,78f316cf-bc76-5bab-9068-b36833d8b019,2026-04-14T08:00:00Z,Standard procurement order
9f831460-27c9-5717-adc1-2bf97089a915,2025-10-27T08:00:00Z,system,2025-10-27T08:00:00Z,system,4500000493,557cf375-7c03-53fa-97ab-351cf44b06d9,5b8df29c-4f7d-5b45-b24c-0b5a197ae2b0,2cd38cf3-5347-5c8e-9bec-7cbfde8bcfb8,2025-10-27,2025-12-29,APPROVED,CAD,830766.55,174460.98,1005227.53,Z030,FCA,0a9b9cf2-8c50-54fd-b243-53899f77bb55,2025-10-30T08:00:00Z,Quarterly replenishment
eac7148c-0498-5e2c-b64b-12295421e06f,2026-06-22T08:00:00Z,system,2026-06-22T08:00:00Z,system,4500000494,d0364d31-f3bf-5613-a4d3-90809d201d9f,9f6bd345-59f3-56b7-b1b4-8a3e5fab6656,24356e6d-8de5-5316-88e3-702cdfd23228,2026-06-22,2026-07-18,SUBMITTED,GBP,73173.99,13903.06,87077.05,0002,CIP,,,
e0f39dff-fdfa-56c0-af18-b9e2e282d447,2026-06-19T08:00:00Z,system,2026-06-19T08:00:00Z,system,4500000495,f804f9b1-8e91-5557-acca-a7bd5558bd07,26221d5e-2e66-5ea9-8c4d-30720ed59583,deb3fb29-3383-5c3d-9343-4b0681551f8f,2026-06-19,2026-06-24,COMPLETED,CHF,20474.83,4299.71,24774.54,Z045,EXW,4deefa0a-1e41-5a72-a113-c2b82a9ea70b,2026-06-21T08:00:00Z,Quarterly replenishment
e95188a5-ee94-59a9-b6ac-81f3484f3f6e,2025-10-30T08:00:00Z,system,2025-10-30T08:00:00Z,system,4500000496,015d24f1-4165-5423-96d2-fccd1c7bc852,89693957-df41-5038-b06b-8fcd13674f65,4b8f339d-64d5-53f8-bcd2-cafb0ea20c4d,2025-10-30,2026-01-03,COMPLETED,EUR,500602.67,115138.61,615741.28,0002,DDP,d925509d-9c4c-55ac-990d-b19752aa437c,2025-10-31T08:00:00Z,Project-specific procurement
576589b5-66f8-54af-b97d-1284712d7512,2026-06-20T08:00:00Z,system,2026-06-20T08:00:00Z,system,4500000497,075638c7-6598-507a-a950-ecbee7bdc084,e6d386f5-8b03-578e-aca0-68c8e68a10d1,bfc09207-4542-5693-a52b-974f1bcfaf39,2026-06-20,2026-08-01,COMPLETED,CAD,202492.57,38473.59,240966.16,0002,DDP,c7e3e4e0-4eb0-57ed-973a-248aa1d4166f,2026-06-20T08:00:00Z,
b94a366c-81d2-54c0-9e92-4ad178db5042,2026-03-20T08:00:00Z,system,2026-03-20T08:00:00Z,system,4500000498,557cf375-7c03-53fa-97ab-351cf44b06d9,e6d386f5-8b03-578e-aca0-68c8e68a10d1,4b8f339d-64d5-53f8-bcd2-cafb0ea20c4d,2026-03-20,2026-04-20,APPROVED,CAD,136544.30,25943.42,162487.72,Z030,FCA,2cd38cf3-5347-5c8e-9bec-7cbfde8bcfb8,2026-03-23T08:00:00Z,Quarterly replenishment
2bdecb0f-1a28-56a0-b587-ead9e4629199,2026-05-21T08:00:00Z,system,2026-05-21T08:00:00Z,system,4500000499,bbe536c0-548b-5f63-9041-e346ae8009a3,0450cf2b-52b5-5c7a-95b0-bbdc67bca724,9e1c4686-2f34-5912-ad37-81df9a7a3278,2026-05-21,2026-06-22,SUBMITTED,PLN,1082503.82,248975.88,1331479.70,Z060,EXW,,,Standard procurement order
f34179b5-112e-593b-84a6-1d09361fc452,2025-12-30T08:00:00Z,system,2025-12-30T08:00:00Z,system,4500000500,d81fc662-e016-5120-8688-1d27c779f450,5b8df29c-4f7d-5b45-b24c-0b5a197ae2b0,b519a3ff-3161-5685-8e6b-9063483eb30b,2025-12-30,2026-03-07,APPROVED,EUR,11839.66,2486.33,14325.99,0003,CIP,d925509d-9c4c-55ac-990d-b19752aa437c,2025-12-30T08:00:00Z,
