ID,createdAt,createdBy,modifiedAt,modifiedBy,purchaseOrder_ID,itemNumber,material_ID,quantity,unit,unitPrice,currency_code,netAmount,deliveryDate,requisitionItem_ID,receivedQuantity,notes
8e51495b-5f4f-5a8e-a00e-29ccb33557fa,2026-05-03T08:00:00Z,system,2026-05-03T08:00:00Z,system,b8a209e1-4c7a-5ec8-b90f-12b83de64671,10,15f3b8aa-4649-5a10-a707-45aa1b2b3bf5,75.000,L,1962.59,EUR,147194.25,2026-07-08,5a5de1b6-0053-5606-8ed9-76fce9628faf,75.000,
fd934290-8bf3-5a1e-bbc6-398c0d16a267,2026-05-03T08:00:00Z,system,2026-05-03T08:00:00Z,system,b8a209e1-4c7a-5ec8-b90f-12b83de64671,20,2e938e1a-7d1e-5084-9f28-14acf3a39a7c,20.000,SET,2128.46,EUR,42569.20,2026-07-08,0ed9adb5-4fd6-5d13-8853-8616d841f3e4,20.000,Framework agreement pricing
32caebac-dff1-5205-b4f4-f54dd257b30b,2026-05-03T08:00:00Z,system,2026-05-03T08:00:00Z,system,b8a209e1-4c7a-5ec8-b90f-12b83de64671,30,af970570-0e69-5aa7-a1fd-93cea6d022c8,5.000,BOX,740.93,EUR,3704.65,2026-07-08,391dcf0c-fd7f-5d36-b7bc-166e74058082,5.000,Framework agreement pricing
1b282f41-3d54-5a08-8ea7-9c616c70c165,2026-05-03T08:00:00Z,system,2026-05-03T08:00:00Z,system,b8a209e1-4c7a-5ec8-b90f-12b83de64671,40,d7792ea6-2faa-5ee1-b515-6b526ad9efbb,27.500,BOX,1484.68,EUR,40828.70,2026-07-08,b1a63edb-f23a-5c4d-befc-96401d3fcba2,27.500,Standard order line
b7a9c1eb-d39b-5ce1-b952-e3b74d9a040b,2026-05-03T08:00:00Z,system,2026-05-03T08:00:00Z,system,b8a209e1-4c7a-5ec8-b90f-12b83de64671,50,d0cb5824-8127-5ca6-8364-98b5469fc7c7,135.000,EA,1032.57,EUR,139396.95,2026-07-08,1aa01d89-af51-50a0-8677-2b36c97a8fd0,135.000,Framework agreement pricing
1cba9e51-984c-5c71-9352-3d1a8515ceea,2026-04-08T08:00:00Z,system,2026-04-08T08:00:00Z,system,c2e4b784-59ee-58e9-8a6b-b9ca0eb71821,10,61c9dd7a-23b2-51ce-a4f8-1ecaedb8b55e,2.000,SET,1703.13,EUR,3406.26,2026-05-20,12f01e07-6806-56b0-9782-6f0f94cade6d,2.000,Expedited delivery
7d433dac-e8b3-5fae-9c6d-db225064b7e4,2026-04-08T08:00:00Z,system,2026-04-08T08:00:00Z,system,c2e4b784-59ee-58e9-8a6b-b9ca0eb71821,20,9390c973-ffaf-555f-9cb1-d1547db4c4d9,1.800,SET,1564.97,EUR,2816.95,2026-05-20,00d2b6f1-fc75-5364-bfab-d82c2d978944,1.800,Expedited delivery
6ad590b3-5b97-51e8-b3f5-e0226c205a58,2026-04-08T08:00:00Z,system,2026-04-08T08:00:00Z,system,c2e4b784-59ee-58e9-8a6b-b9ca0eb71821,30,965972d0-7dc1-5a2e-a771-140c178aec3b,200.000,EA,257.74,EUR,51548.00,2026-05-20,e81db0d5-ba3b-5f72-8c28-4351aa045220,200.000,Standard order line
976045cb-5776-5290-9ebc-cc391c86d545,2026-04-08T08:00:00Z,system,2026-04-08T08:00:00Z,system,c2e4b784-59ee-58e9-8a6b-b9ca0eb71821,40,dbd21518-2460-5332-97ca-a826ccd26fd2,20.000,BOX,905.12,EUR,18102.40,2026-05-20,ca932425-5273-5c3a-a7f5-0fafdf057027,20.000,
18b527a9-20f4-56d8-a718-2268434b1c57,2026-02-14T08:00:00Z,system,2026-02-14T08:00:00Z,system,cf9381bb-0ecc-57fe-ad79-ecf17607cb18,10,559354e7-7937-5578-baa8-6d7ae9f39b6f,150.000,BOX,877.92,EUR,131688.00,2026-04-04,9f4f9a8c-82bc-5c7a-b38f-e8f185e5fe6d,51.088,Expedited delivery
64743545-2aa8-560c-a602-c158d3fb39bc,2026-02-14T08:00:00Z,system,2026-02-14T08:00:00Z,system,cf9381bb-0ecc-57fe-ad79-ecf17607cb18,20,d7792ea6-2faa-5ee1-b515-6b526ad9efbb,1.000,BOX,1368.04,EUR,1368.04,2026-04-04,2e8aae48-1000-5e92-a2c7-4af727853719,0.842,Framework agreement pricing
e05e1e81-26f0-51af-a8f4-953010d99a24,2026-04-10T08:00:00Z,system,2026-04-10T08:00:00Z,system,b665e407-7416-5ae2-bb6c-c37ab9dbb5b6,10,a006b8e3-6118-5906-998a-865149ed8589,1.000,SET,642.59,EUR,642.59,2026-05-04,170bf83d-6085-5281-b401-26070052aee5,0.047,Standard order line
b4b74558-c6ab-5b4f-8928-ce4cedd217ca,2026-04-10T08:00:00Z,system,2026-04-10T08:00:00Z,system,b665e407-7416-5ae2-bb6c-c37ab9dbb5b6,20,5464a7bf-73cd-5738-b7f9-01c417006d3e,200.000,EA,1608.04,EUR,321608.00,2026-05-04,f477b895-f4fe-512a-a190-094f2c7b71c9,84.693,Framework agreement pricing
1009ec1c-eec6-5c8d-83c7-efeeff983dda,2026-04-10T08:00:00Z,system,2026-04-10T08:00:00Z,system,b665e407-7416-5ae2-bb6c-c37ab9dbb5b6,30,6d2d9d2e-3534-5a9b-a2d9-67471b6743ab,5.000,EA,532.93,EUR,2664.65,2026-05-04,10e71c00-a3d4-57d4-b321-c4f561820712,2.407,Standard order line
3c75f899-930d-52ab-a157-d09fa901ab71,2026-04-10T08:00:00Z,system,2026-04-10T08:00:00Z,system,b665e407-7416-5ae2-bb6c-c37ab9dbb5b6,40,61c9dd7a-23b2-51ce-a4f8-1ecaedb8b55e,2.000,SET,1821.74,EUR,3643.48,2026-05-04,12f01e07-6806-56b0-9782-6f0f94cade6d,0.161,Framework agreement pricing
fcd37248-b163-56a5-961a-f687a02dd738,2026-04-10T08:00:00Z,system,2026-04-10T08:00:00Z,system,b665e407-7416-5ae2-bb6c-c37ab9dbb5b6,50,81934ea3-15d5-5130-8a88-15160030bb8c,2.200,BOX,1958.29,EUR,4308.24,2026-05-04,3a5ff29f-61d4-5376-aa89-0643d3c21543,1.926,Quality inspection required
e4903953-33a1-5da0-986c-7bdb84732536,2026-05-02T08:00:00Z,system,2026-05-02T08:00:00Z,system,20234219-565c-5096-a804-ab4c5416e5b8,10,f2c4243e-4417-5346-87ed-f7baa4d23a22,75.000,BOX,6971.87,PLN,522890.25,2026-05-22,cc59948a-7d5f-5c8b-a4e4-e25171da5f92,75.000,Standard order line
ef2628f1-2611-5a86-ac1a-820c89a07ba2,2026-05-02T08:00:00Z,system,2026-05-02T08:00:00Z,system,20234219-565c-5096-a804-ab4c5416e5b8,20,05a4f991-84c1-5839-9f40-938f84dcd65e,55.000,M,5995.68,PLN,329762.40,2026-05-22,79eb1774-6ffc-5fa5-ba28-03b43671cd7b,55.000,Standard order line
f7722adc-74c4-58ef-984c-455b3b5f2eaf,2026-05-02T08:00:00Z,system,2026-05-02T08:00:00Z,system,20234219-565c-5096-a804-ab4c5416e5b8,30,4cb50627-8198-5765-9d5a-9d272c8ce58b,1.000,M,3047.41,PLN,3047.41,2026-05-22,8ee60f83-d330-5b79-ac09-10cd67d14a23,1.000,Expedited delivery
61d48fdb-7bfe-5341-ad0a-ed14a9624870,2026-05-02T08:00:00Z,system,2026-05-02T08:00:00Z,system,20234219-565c-5096-a804-ab4c5416e5b8,40,8d9d0fdb-dc82-543c-8c83-c722c23d8840,18.000,EA,2880.31,PLN,51845.58,2026-05-22,24bf911c-f781-5063-9165-c3109f410c98,18.000,Expedited delivery
36dd5e64-475a-5d73-bc88-fc6346580930,2025-11-01T08:00:00Z,system,2025-11-01T08:00:00Z,system,7d2cbb2c-ab59-5e66-b77c-d20645b0689e,10,06d90e5a-e269-5465-96ac-4d7026277e09,75.000,L,64.67,GBP,4850.25,2025-12-05,b6b993d6-f3b6-5130-8d6a-6436394a478f,74.765,Expedited delivery
824f5337-904d-5839-85a9-2917a8059dc1,2025-11-01T08:00:00Z,system,2025-11-01T08:00:00Z,system,7d2cbb2c-ab59-5e66-b77c-d20645b0689e,20,3aa391ce-4ff3-5173-9277-83ce43555c7c,20.000,L,91.35,GBP,1827.00,2025-12-05,50589768-56cf-5e6c-b308-a50a55ac4976,1.225,Expedited delivery
711ddc9e-24a0-5adc-a5db-548a46c0518e,2025-11-01T08:00:00Z,system,2025-11-01T08:00:00Z,system,7d2cbb2c-ab59-5e66-b77c-d20645b0689e,30,7a0573af-19d9-5fce-a1fb-edef3b2a16d3,25.000,EA,1536.05,GBP,38401.25,2025-12-05,39c63458-9164-52cc-8b9c-ad6b4cf3b753,22.171,
07db718e-c8df-5205-85d6-8e64e2a1ddc8,2026-04-28T08:00:00Z,system,2026-04-28T08:00:00Z,system,2adcf972-70db-5cca-9d36-18c043dbeab9,10,b565639f-0e27-5958-90ec-8e31f21798a1,75.000,KG,6.67,EUR,500.25,2026-05-20,1281879f-b61c-57a6-9cf7-f63331cd2c42,75.000,Framework agreement pricing
819184be-70ff-5f07-8ba4-4092cb9751a3,2026-04-28T08:00:00Z,system,2026-04-28T08:00:00Z,system,2adcf972-70db-5cca-9d36-18c043dbeab9,20,f84d7723-0164-5c03-952b-c6a6bd546739,1.800,EA,2428.38,EUR,4371.08,2026-05-20,792d8d12-89a8-55f5-9aa3-cce67cd16eb1,1.800,Expedited delivery
bfd56ef3-3970-58ff-ae93-7fa6cc72244f,2026-04-28T08:00:00Z,system,2026-04-28T08:00:00Z,system,2adcf972-70db-5cca-9d36-18c043dbeab9,30,4b2dee46-41cf-5eee-b0e3-93ee894cef45,150.000,SET,1999.90,EUR,299985.00,2026-05-20,8f9ca200-0a8b-5c5a-a49f-5d480f05e3a7,150.000,Framework agreement pricing
795c2054-4e89-5157-b526-109e44021370,2026-03-04T08:00:00Z,system,2026-03-04T08:00:00Z,system,0a62cb65-3c53-58fd-a537-10474a522d51,10,24e149d4-fbad-5890-a7ee-15a416fd63bc,90.000,SET,472.98,CAD,42568.20,2026-04-16,7f6f1440-002d-5ab4-9e72-12152515d3e0,90.000,Quality inspection required
d277527b-b29a-5a9a-9dde-ccad48632028,2026-03-04T08:00:00Z,system,2026-03-04T08:00:00Z,system,0a62cb65-3c53-58fd-a537-10474a522d51,20,4c30fa9e-b4c6-593b-975f-b5c99a3fa9b1,5.000,M,781.18,CAD,3905.90,2026-04-16,6cc25011-96c0-523a-8919-d684e4b0b703,5.000,Expedited delivery
d22481bf-9965-5df4-b23b-98905448c74b,2026-03-04T08:00:00Z,system,2026-03-04T08:00:00Z,system,0a62cb65-3c53-58fd-a537-10474a522d51,30,2ecf27bf-5cc9-5e4d-bf61-da068d5ffc48,110.000,EA,1148.74,CAD,126361.40,2026-04-16,cab0ec59-4749-51c8-b456-95cc1e6a3293,110.000,Framework agreement pricing
4fbbf419-06fa-5971-9bd2-478dc70dade4,2026-03-04T08:00:00Z,system,2026-03-04T08:00:00Z,system,0a62cb65-3c53-58fd-a537-10474a522d51,40,8ecd63dc-042f-5821-9209-3db5b19e8ed7,2.000,EA,2965.88,CAD,5931.76,2026-04-16,76e1072c-2826-5ee8-8775-c0d437779a18,2.000,
48c7ed8b-34e3-5cf1-8cbb-b68947411436,2025-10-13T08:00:00Z,system,2025-10-13T08:00:00Z,system,ce042739-821f-57b6-9cd5-2072dd6ee887,10,33a77c1e-2f02-54f3-aaf8-2d033e03a54f,27.500,EA,259.96,EUR,7148.90,2025-10-26,18737f0f-547d-565d-987e-1d83ed30b4f8,27.500,Quality inspection required
d8fa777b-404d-567b-9017-3c15322285fd,2025-10-13T08:00:00Z,system,2025-10-13T08:00:00Z,system,ce042739-821f-57b6-9cd5-2072dd6ee887,20,c1263224-5b01-5628-b91f-a1409b9c0752,1.800,BOX,1900.72,EUR,3421.30,2025-10-26,4aa93e37-6d70-5aa5-8e5c-239f0b6b1f34,1.800,
5a165f03-29fc-5970-98c8-a2365c2ac125,2025-10-13T08:00:00Z,system,2025-10-13T08:00:00Z,system,ce042739-821f-57b6-9cd5-2072dd6ee887,30,85f6ae6a-e37a-5c6a-8c20-f972d8291238,75.000,M,165.13,EUR,12384.75,2025-10-26,e59aba44-e538-5a73-b67e-2ba9a07008a5,75.000,Expedited delivery
ee5c42b1-70bb-58c8-a91e-ed06677612b2,2026-01-14T08:00:00Z,system,2026-01-14T08:00:00Z,system,f9d9eec2-abb0-5f2e-bc4d-64834508b26f,10,452e2331-a466-542c-832b-33425b59e07a,10.000,EA,2282.01,EUR,22820.10,2026-02-21,ad6f044f-2c8e-5b3a-9cfc-0cfea78c3aad,10.000,Framework agreement pricing
9e972493-70ce-52ac-99ca-84faf398236e,2026-01-14T08:00:00Z,system,2026-01-14T08:00:00Z,system,f9d9eec2-abb0-5f2e-bc4d-64834508b26f,20,95b589d9-d0fa-5b0b-97dc-32e0f9a9f036,1.800,EA,1369.81,EUR,2465.66,2026-02-21,a224177c-f412-5de0-85af-3ad65f21deb4,1.800,Expedited delivery
ea2ba32a-e055-5038-a710-d4b904831f01,2026-01-14T08:00:00Z,system,2026-01-14T08:00:00Z,system,f9d9eec2-abb0-5f2e-bc4d-64834508b26f,30,4c30fa9e-b4c6-593b-975f-b5c99a3fa9b1,1.800,M,478.20,EUR,860.76,2026-02-21,af9d6792-6d81-5c2d-bae8-22e044deead4,1.800,
4f26e852-8241-5f0b-b716-68cc7f3c328d,2026-01-14T08:00:00Z,system,2026-01-14T08:00:00Z,system,f9d9eec2-abb0-5f2e-bc4d-64834508b26f,40,76540a83-8375-53ea-a170-4e4e171d11cd,20.000,KG,29.69,EUR,593.80,2026-02-21,6a860d42-0a2d-5561-8382-3c688297260b,20.000,Framework agreement pricing
cb741c1e-9a7b-50f9-98c9-1688895ac9eb,2026-01-17T08:00:00Z,system,2026-01-17T08:00:00Z,system,384eae6c-ac31-5ef3-a7f4-675077191111,10,f84d7723-0164-5c03-952b-c6a6bd546739,10.000,EA,3706.96,CAD,37069.60,2026-03-10,8fbdd582-7e7f-50e8-9c8b-9a21131e1f04,10.000,Expedited delivery
792a0439-8b75-5f68-a1da-33b9af7ca815,2026-01-17T08:00:00Z,system,2026-01-17T08:00:00Z,system,384eae6c-ac31-5ef3-a7f4-675077191111,20,fd4f25a0-d258-5944-8a33-a22b3cf44a4a,1.000,L,1373.18,CAD,1373.18,2026-03-10,ab81f158-cc57-57a7-b2e9-1a35d93d50e6,1.000,Framework agreement pricing
c0e002bc-d73c-5067-87d0-3c3ed6a6d213,2025-12-22T08:00:00Z,system,2025-12-22T08:00:00Z,system,f59da89c-1518-5545-8d23-6cb882cf7d55,10,d82bd767-f5ed-57ab-a2c9-406318f72bc2,1.100,L,63.97,CHF,70.37,2026-01-10,30eac29b-a69c-5a40-b82a-3044117fd221,1.100,Quality inspection required
21c9d784-e47f-54dd-983c-3b47d19fe45e,2025-12-22T08:00:00Z,system,2025-12-22T08:00:00Z,system,f59da89c-1518-5545-8d23-6cb882cf7d55,20,94288f21-6926-5da3-827e-38477bc97581,200.000,L,1130.42,CHF,226084.00,2026-01-10,16faa3a5-a699-5926-8733-bc0e695b8e2d,200.000,Expedited delivery
8de1d830-e28a-50db-8201-51355cf0e07c,2025-12-22T08:00:00Z,system,2025-12-22T08:00:00Z,system,f59da89c-1518-5545-8d23-6cb882cf7d55,30,7f697323-30b6-54c7-bac6-3b08c847d275,22.500,M,1481.98,CHF,33344.55,2026-01-10,be621771-5393-52ec-b753-46560a015533,22.500,Quality inspection required
726b48fe-7815-5f13-b820-68fea80d6e94,2025-12-22T08:00:00Z,system,2025-12-22T08:00:00Z,system,f59da89c-1518-5545-8d23-6cb882cf7d55,40,88ec57c2-4bd1-5167-8c0f-b46a5404ea75,75.000,M,1155.65,CHF,86673.75,2026-01-10,e4e5c607-5e52-58fa-ae36-4aa048e7d324,75.000,
a1187dc5-7f06-53f7-816a-d6d31cd7610c,2026-06-06T08:00:00Z,system,2026-06-06T08:00:00Z,system,22c10ab8-a747-58a5-89f3-7f31ec59eeec,10,21cbb700-5485-5bab-b31b-e024cd04b587,2.200,M,1040.40,GBP,2288.88,2026-06-26,79b5049c-74b2-599e-9649-4f9c743d84b2,0.000,
2bc61cb7-2ee5-5e32-a35e-fcb3dc600c10,2026-06-06T08:00:00Z,system,2026-06-06T08:00:00Z,system,22c10ab8-a747-58a5-89f3-7f31ec59eeec,20,ba5523d6-66ae-54e6-9e20-1e373c65f38b,20.000,M,1664.17,GBP,33283.40,2026-06-26,e108edb3-07a1-5664-b520-115925e212c8,0.000,
949731c4-e9dd-5b29-a10a-6d2fa1eda075,2026-06-06T08:00:00Z,system,2026-06-06T08:00:00Z,system,22c10ab8-a747-58a5-89f3-7f31ec59eeec,30,a9f39542-a399-5602-91a0-db378fe1532d,2.000,KG,25.67,GBP,51.34,2026-06-26,3a5a2a62-7f91-5b33-ac50-d4a879f46336,0.000,Expedited delivery
d259c3d7-7e4a-55db-aa4b-8fb289888f68,2026-06-06T08:00:00Z,system,2026-06-06T08:00:00Z,system,22c10ab8-a747-58a5-89f3-7f31ec59eeec,40,c72d85f2-1053-502b-bd90-efeb25b78b61,100.000,L,459.15,GBP,45915.00,2026-06-26,bb826503-3ed2-564c-ba22-8d8a6f1a709a,0.000,Standard order line
4d4f4e11-3d2a-5cd6-83cc-e9893f751851,2026-07-27T08:00:00Z,system,2026-07-27T08:00:00Z,system,efcb835d-d6db-5477-8de3-4c989078008c,10,0c9f0a42-1ac7-5282-b469-b088f77d7e6d,220.000,BOX,1327.98,EUR,292155.60,2026-09-27,3b5428fa-c342-510e-8e00-42997fcb8bd5,183.532,Standard order line
ea5efdcc-9e42-5816-922d-3550e3beb056,2026-07-27T08:00:00Z,system,2026-07-27T08:00:00Z,system,efcb835d-d6db-5477-8de3-4c989078008c,20,4b8dedda-2e93-5a49-80c4-4876ab55500f,25.000,EA,1078.18,EUR,26954.50,2026-09-27,cc5974c3-99e5-5fa5-8750-565c85795513,23.562,Quality inspection required
eb15e175-2993-5da5-81a6-cff175d985e2,2026-07-27T08:00:00Z,system,2026-07-27T08:00:00Z,system,efcb835d-d6db-5477-8de3-4c989078008c,30,f95fbe47-9c5c-5d2b-a38e-c84f39513733,100.000,M,668.52,EUR,66852.00,2026-09-27,5f2c863a-29b5-57b8-8ad8-137534ef7e2a,91.661,Quality inspection required
ea7c784e-3a6a-543b-806d-87984b8bfff3,2026-07-27T08:00:00Z,system,2026-07-27T08:00:00Z,system,efcb835d-d6db-5477-8de3-4c989078008c,40,65e45d5d-37a2-56b1-837a-6d62a46b2ae9,75.000,BOX,222.79,EUR,16709.25,2026-09-27,2a98330c-a0f0-53b3-80ba-5cd308810870,38.424,Standard order line
ca64ac98-db68-5341-87b5-db194a851c15,2026-07-27T08:00:00Z,system,2026-07-27T08:00:00Z,system,efcb835d-d6db-5477-8de3-4c989078008c,50,d7d105d2-074c-5725-8033-75f4abb592a8,25.000,M,595.29,EUR,14882.25,2026-09-27,68b2c956-f9a7-5a23-b5fc-1bff9d3f1046,17.742,Expedited delivery
214a9d3b-79a6-5c2e-88d3-b8aeefea8ed1,2026-04-09T08:00:00Z,system,2026-04-09T08:00:00Z,system,1890c026-a5e3-58ef-8ada-d194fa5c42d7,10,571479d1-0b4f-5e80-b110-0e3e87a27f94,1.000,EA,1489.25,EUR,1489.25,2026-04-23,babb4cbd-d293-5e1b-b30f-816c9ee43a19,0.000,Standard order line
d4e613d6-d194-504e-88a4-1ad85b1f34ee,2026-04-09T08:00:00Z,system,2026-04-09T08:00:00Z,system,1890c026-a5e3-58ef-8ada-d194fa5c42d7,20,61c9dd7a-23b2-51ce-a4f8-1ecaedb8b55e,1.000,SET,1907.57,EUR,1907.57,2026-04-23,71492aea-32e4-5c5c-8aed-4e40938af9b5,0.000,
5ccee901-b7ac-50c3-a297-68b8395fbe65,2026-04-09T08:00:00Z,system,2026-04-09T08:00:00Z,system,1890c026-a5e3-58ef-8ada-d194fa5c42d7,30,8b3ec22a-bd3c-594f-b231-80df5dbed6ff,10.000,M,1206.75,EUR,12067.50,2026-04-23,54d50c72-457c-52e4-9d69-be0f225b6e78,0.000,Framework agreement pricing
3ba066e3-755f-50a7-9263-d6a328400fb8,2026-04-09T08:00:00Z,system,2026-04-09T08:00:00Z,system,1890c026-a5e3-58ef-8ada-d194fa5c42d7,40,9e7b19d9-c9c7-562c-b69b-23994f239c49,1.800,EA,1050.70,EUR,1891.26,2026-04-23,834d3920-fccf-52de-9d56-778b92cd6a8a,0.000,Framework agreement pricing
9bce4bb8-aa2f-5e83-b4d2-cd97d55f3a03,2026-06-01T08:00:00Z,system,2026-06-01T08:00:00Z,system,f60dea83-af3d-5ef6-9692-be9312dde5ae,10,965972d0-7dc1-5a2e-a771-140c178aec3b,9.000,EA,265.92,EUR,2393.28,2026-06-23,dfcccc1b-1ae2-544f-963a-2d34bbe4a5de,9.000,Framework agreement pricing
ee4a5092-a9e0-5def-bf60-e0a7d8b00c55,2026-06-01T08:00:00Z,system,2026-06-01T08:00:00Z,system,f60dea83-af3d-5ef6-9692-be9312dde5ae,20,53e0bf46-17ba-5243-bbe5-1d44068c8ac1,90.000,EA,65.98,EUR,5938.20,2026-06-23,e5f9f16e-3f97-52ca-a57d-50dc7f397ab1,90.000,
bd550f07-260e-5b86-b241-a4c7dbcd98a2,2026-06-01T08:00:00Z,system,2026-06-01T08:00:00Z,system,f60dea83-af3d-5ef6-9692-be9312dde5ae,30,8ecd63dc-042f-5821-9209-3db5b19e8ed7,82.500,EA,1973.93,EUR,162849.23,2026-06-23,164d7e48-8649-5182-8719-263288a77337,82.500,Framework agreement pricing
7e2472a2-6767-5647-9ed6-6f26b0117e26,2025-11-19T08:00:00Z,system,2025-11-19T08:00:00Z,system,dfa02dd6-7cc8-586f-9c69-1ae66adb01aa,10,748d36d0-ad0a-5e2f-ae52-4b9bd4ac6a44,2.000,M,13253.38,DKK,26506.76,2025-12-22,7be1f391-949f-5591-ae62-b4318c0a2f76,2.000,Standard order line
42c0a812-83c2-5909-9031-1c4e27c2dada,2025-11-19T08:00:00Z,system,2025-11-19T08:00:00Z,system,dfa02dd6-7cc8-586f-9c69-1ae66adb01aa,20,4ab6e929-df87-5d07-b36e-bc3c2033a2c4,18.000,BOX,15431.30,DKK,277763.40,2025-12-22,c89656c2-48f0-5f9a-8707-72e901b2809c,18.000,Standard order line
f40b15f3-cc68-58db-8cc8-341257f7e03d,2026-02-23T08:00:00Z,system,2026-02-23T08:00:00Z,system,74de987d-acae-51f4-a3a4-030ff35a7b11,10,f4d5037c-d38c-5514-b120-c0d70fd1331e,20.000,L,22465.90,CZK,449318.00,2026-03-08,4dc1f0c1-c148-52e3-91dd-c7727f8730cc,20.000,
9ee00ae2-9619-5ceb-89a2-a42610e0912c,2026-02-23T08:00:00Z,system,2026-02-23T08:00:00Z,system,74de987d-acae-51f4-a3a4-030ff35a7b11,20,f968e107-0cac-5cfd-a628-d3aa05f1e38d,100.000,EA,24545.38,CZK,2454538.00,2026-03-08,c2aeba5e-39a6-54a4-b327-b80c3ba9a52b,100.000,Quality inspection required
c36a13b4-738e-575e-a2c7-bc9a88f8cc8e,2026-02-23T08:00:00Z,system,2026-02-23T08:00:00Z,system,74de987d-acae-51f4-a3a4-030ff35a7b11,30,c27d8ed1-1c81-52eb-9e88-e5402f546414,5.000,L,38095.39,CZK,190476.95,2026-03-08,517ffcd7-a648-5911-a1f8-e7ccd3b9d08e,5.000,Framework agreement pricing
cb8819d1-46ab-5390-84f0-6067808058f8,2026-02-23T08:00:00Z,system,2026-02-23T08:00:00Z,system,74de987d-acae-51f4-a3a4-030ff35a7b11,40,ffad296f-4b1b-50b0-b7ea-693c82ec1839,25.000,M,15664.06,CZK,391601.50,2026-03-08,65977d05-6316-5946-9938-8794f75585bc,25.000,Standard order line
76c395a2-2c64-5486-af33-355394b10e19,2026-02-23T08:00:00Z,system,2026-02-23T08:00:00Z,system,74de987d-acae-51f4-a3a4-030ff35a7b11,50,33b58793-6f12-50d8-b5ed-f4aaefc6d3f0,1.000,M,1695.99,CZK,1695.99,2026-03-08,62d21060-6ddc-5181-9c19-efa8ba14c792,1.000,Quality inspection required
f4e0e89d-9614-5cbc-aeb9-4058bd8baa61,2026-05-22T08:00:00Z,system,2026-05-22T08:00:00Z,system,83835ca3-e509-59df-99bb-980b845a3df6,10,5c00c635-ab30-509c-930a-9c3027c73ba1,20.000,BOX,1730.41,EUR,34608.20,2026-06-28,08505f0f-4f62-54af-b25f-22f471176d06,0.000,Quality inspection required
8287bad1-f817-54a8-8452-8a4b2b02976b,2026-05-22T08:00:00Z,system,2026-05-22T08:00:00Z,system,83835ca3-e509-59df-99bb-980b845a3df6,20,8d9d0fdb-dc82-543c-8c83-c722c23d8840,1.100,EA,793.47,EUR,872.82,2026-06-28,f0df017d-e7dd-5345-97a3-fafb2c89a7b5,0.000,Quality inspection required
53ca7fb5-7ba7-5ef0-b727-93f16debfea7,2026-05-22T08:00:00Z,system,2026-05-22T08:00:00Z,system,83835ca3-e509-59df-99bb-980b845a3df6,30,748d36d0-ad0a-5e2f-ae52-4b9bd4ac6a44,100.000,M,1673.16,EUR,167316.00,2026-06-28,92dfd88a-2ac8-587d-9e82-7e67fb557d90,0.000,Quality inspection required
ede7036d-71de-529c-a329-faa43d6474d9,2026-02-19T08:00:00Z,system,2026-02-19T08:00:00Z,system,02e5d242-d3b0-5200-aab4-d3cdafa209b6,10,4510bf5d-95b5-5a36-8ecf-d02e870154c9,135.000,KG,6.79,EUR,916.65,2026-03-16,00b6b43f-ed64-5c12-842d-67c6aec1d167,135.000,Expedited delivery
e13610a5-2dd7-5f4b-b2c7-0c16dca91bea,2026-02-19T08:00:00Z,system,2026-02-19T08:00:00Z,system,02e5d242-d3b0-5200-aab4-d3cdafa209b6,20,433f80c2-05f6-5b18-bf74-adc19e89d6f1,2.000,BOX,2246.53,EUR,4493.06,2026-03-16,4254fc2f-7f79-5970-a15e-6184c46bb6c5,2.000,Standard order line
0f872a85-28eb-52bb-8661-01ecde4da6b3,2026-02-19T08:00:00Z,system,2026-02-19T08:00:00Z,system,02e5d242-d3b0-5200-aab4-d3cdafa209b6,30,6be44d6c-c457-5100-971c-5640df33eb4b,10.000,SET,441.00,EUR,4410.00,2026-03-16,fd5ad094-e21f-5a63-9503-0fe210ce5d1b,10.000,Quality inspection required
62626db2-8278-56cb-b1b1-9aa381c291f5,2026-02-19T08:00:00Z,system,2026-02-19T08:00:00Z,system,02e5d242-d3b0-5200-aab4-d3cdafa209b6,40,df47ed4b-da4f-5c58-b596-f38d4082538d,2.200,EA,1335.58,EUR,2938.28,2026-03-16,53b7ed40-aa8a-5a26-9cf8-fb7eb1c6d64e,2.200,Framework agreement pricing
574ac1b2-f8a8-5f7c-b0fe-606ca6de0920,2026-02-19T08:00:00Z,system,2026-02-19T08:00:00Z,system,02e5d242-d3b0-5200-aab4-d3cdafa209b6,50,4a6344a3-f35e-516c-9e41-3b71adc76bae,90.000,M,659.97,EUR,59397.30,2026-03-16,13024a8e-6a4b-557f-a9f3-ca543f6cf7c3,90.000,
336b092e-b6f5-5a28-81c2-df1043bd541a,2026-03-18T08:00:00Z,system,2026-03-18T08:00:00Z,system,c3953874-ea5c-52cc-95de-102fb149cf61,10,f968e107-0cac-5cfd-a628-d3aa05f1e38d,150.000,EA,788.96,GBP,118344.00,2026-03-23,03ca958b-78d0-59bc-8ee7-70b754ef251a,150.000,Quality inspection required
a3e79e8d-1313-5608-9fa1-06fc4053ad97,2026-03-18T08:00:00Z,system,2026-03-18T08:00:00Z,system,c3953874-ea5c-52cc-95de-102fb149cf61,20,dc06185f-0801-58aa-86b9-6df5bf774217,220.000,L,699.30,GBP,153846.00,2026-03-23,3ffa945e-409c-5014-87e1-a087bb06bf7c,220.000,Expedited delivery
1c50834e-c085-5f5e-8c6a-3c5a7850ee31,2026-02-07T08:00:00Z,system,2026-02-07T08:00:00Z,system,1dd9fac2-0af1-5b1e-9018-490d92d52e43,10,03f34b44-1652-577f-950a-78af8cdc601f,1.100,L,1066.03,EUR,1172.63,2026-03-12,a4c04541-4ff9-5660-b688-cad8a007fc4d,1.100,Standard order line
a67688f1-87cb-5471-a61d-00f1a3a5b28d,2026-02-07T08:00:00Z,system,2026-02-07T08:00:00Z,system,1dd9fac2-0af1-5b1e-9018-490d92d52e43,20,c921e193-a3b7-5f2b-800f-213728db4d05,2.000,KG,8.53,EUR,17.06,2026-03-12,b9600513-3600-56ac-8d4d-edcec77177f0,2.000,Standard order line
60b20c39-7f4a-5330-9cac-97aa6477ebd8,2026-02-07T08:00:00Z,system,2026-02-07T08:00:00Z,system,1dd9fac2-0af1-5b1e-9018-490d92d52e43,30,811092f8-2db7-5749-ad90-adf8763eb900,2.000,EA,520.91,EUR,1041.82,2026-03-12,0a364352-8376-5b21-ba7c-f27e8ab967c0,2.000,Framework agreement pricing
fc3336ec-8e0a-5dd8-a217-b8a154388215,2026-02-07T08:00:00Z,system,2026-02-07T08:00:00Z,system,1dd9fac2-0af1-5b1e-9018-490d92d52e43,40,946b9def-1c5e-5d38-8f79-05db3b27b218,75.000,M,2237.66,EUR,167824.50,2026-03-12,c85869ce-1348-52ff-9767-cb7905f22cd9,75.000,Quality inspection required
bf9b504f-f53b-5651-9f64-0bff1cf89d62,2026-06-29T08:00:00Z,system,2026-06-29T08:00:00Z,system,239d492b-ccc8-5c69-8430-3edfe07bacab,10,18842f90-d5d5-59ad-837c-f13f2b55bb62,20.000,EA,1161.96,EUR,23239.20,2026-08-28,407b361b-5825-5d97-86b6-f28446c5afec,0.000,
e799fbc2-7198-5a62-a700-e5e14d217b57,2026-06-29T08:00:00Z,system,2026-06-29T08:00:00Z,system,239d492b-ccc8-5c69-8430-3edfe07bacab,20,80c11da5-9f8d-5b62-9f22-c377427c0d7f,5.000,M,1840.41,EUR,9202.05,2026-08-28,d48d6630-6792-51b2-8734-ba098316222c,0.000,
9078a764-05ea-5531-bf02-300c70070307,2025-10-29T08:00:00Z,system,2025-10-29T08:00:00Z,system,69d35ae3-b922-5075-b875-f8abc9133626,10,12c9f3ae-d18d-52d5-8792-59bbe20067a0,55.000,L,2492.58,CAD,137091.90,2025-12-10,bbf73a93-9eb0-5f47-966d-0f4d586a45a3,0.000,Quality inspection required
4f13e657-55ce-5984-bf43-5a9d28ecc46c,2025-10-29T08:00:00Z,system,2025-10-29T08:00:00Z,system,69d35ae3-b922-5075-b875-f8abc9133626,20,748d36d0-ad0a-5e2f-ae52-4b9bd4ac6a44,1.000,M,3131.49,CAD,3131.49,2025-12-10,d1423264-3601-5a65-9662-4a46e7b0619d,0.000,Framework agreement pricing
d7163a84-9336-56f9-817e-ccfd619f3158,2025-10-29T08:00:00Z,system,2025-10-29T08:00:00Z,system,69d35ae3-b922-5075-b875-f8abc9133626,30,04c6ce4d-e9ec-5c21-9f43-b4b251046c2f,20.000,M,1701.10,CAD,34022.00,2025-12-10,8d5cc2ea-506d-5929-b6ba-599ee1fcad39,0.000,Framework agreement pricing
df50f21b-386c-5c50-bfe5-7f197b422d23,2026-05-18T08:00:00Z,system,2026-05-18T08:00:00Z,system,9b0ebf83-3c03-565c-acb1-155cca6fd2e4,10,559354e7-7937-5578-baa8-6d7ae9f39b6f,150.000,BOX,801.82,GBP,120273.00,2026-07-24,9f4f9a8c-82bc-5c7a-b38f-e8f185e5fe6d,150.000,Standard order line
be49aadf-68f1-531f-9afe-c6e236a5bc77,2026-05-18T08:00:00Z,system,2026-05-18T08:00:00Z,system,9b0ebf83-3c03-565c-acb1-155cca6fd2e4,20,1dd3c172-1e4d-56ef-89b5-1f44bd31959f,2.000,M,2199.38,GBP,4398.76,2026-07-24,80337e3e-a15a-53c4-ae33-cb9e68a8efc7,2.000,Standard order line
2d75b530-8d8e-5592-965d-3e56815c41c7,2026-05-20T08:00:00Z,system,2026-05-20T08:00:00Z,system,2486c454-d7e0-51e7-b4f3-11db6217a23d,10,1455dc98-f7ae-5a52-9c81-dc7663903a45,2.000,KG,107.38,PLN,214.76,2026-07-06,d8f80fe3-0088-5686-b7a6-80921cf839da,0.551,Expedited delivery
04cd4433-c970-51ce-929f-453c3cd5d086,2026-05-20T08:00:00Z,system,2026-05-20T08:00:00Z,system,2486c454-d7e0-51e7-b4f3-11db6217a23d,20,d7d105d2-074c-5725-8033-75f4abb592a8,25.000,M,2409.73,PLN,60243.25,2026-07-06,68b2c956-f9a7-5a23-b5fc-1bff9d3f1046,16.960,Standard order line
b39dfdd3-31ef-56ff-af78-ea3bae673be1,2026-05-20T08:00:00Z,system,2026-05-20T08:00:00Z,system,2486c454-d7e0-51e7-b4f3-11db6217a23d,30,893944a0-a713-5323-888a-1702113e176d,22.000,KG,94.10,PLN,2070.20,2026-07-06,17a5d9fa-f2e3-5653-bbfd-db598489f126,1.304,Expedited delivery
a38587d1-b83a-5eff-91c3-3fea453fdde2,2026-05-20T08:00:00Z,system,2026-05-20T08:00:00Z,system,2486c454-d7e0-51e7-b4f3-11db6217a23d,40,4ab6e929-df87-5d07-b36e-bc3c2033a2c4,25.000,BOX,8477.00,PLN,211925.00,2026-07-06,832a87a5-f82f-5eab-ad95-c6924004de1e,17.485,Standard order line
55ecec85-db4c-5bfd-926e-c405dc3f7c3e,2026-05-20T08:00:00Z,system,2026-05-20T08:00:00Z,system,2486c454-d7e0-51e7-b4f3-11db6217a23d,50,6febc7d4-a6f9-547c-bdef-f6c3c7cebf1b,4.500,BOX,4454.19,PLN,20043.85,2026-07-06,7991600c-2fe6-51e2-9732-22ea9c16116f,1.758,Framework agreement pricing
57c41bfb-7dfb-59dc-ad4b-b5788b387fe0,2026-05-08T08:00:00Z,system,2026-05-08T08:00:00Z,system,77346ccb-c22c-5d3c-bc7c-042104cd0b21,10,21cbb700-5485-5bab-b31b-e024cd04b587,67.500,M,2131.10,CAD,143849.25,2026-05-15,dbf46a27-7b76-5eb6-a2e5-b8f8b960128a,36.663,
41d1b843-1eed-5d93-a762-a7f5c2bec94b,2026-05-08T08:00:00Z,system,2026-05-08T08:00:00Z,system,77346ccb-c22c-5d3c-bc7c-042104cd0b21,20,105849c8-03f2-573d-9e97-230d47fc6774,20.000,SET,2265.77,CAD,45315.40,2026-05-15,98802ba4-8dda-5b28-8242-4a962b5f98b8,8.678,Standard order line
79efcb0f-6f5b-5f81-b2c4-ca0aac95974c,2026-05-08T08:00:00Z,system,2026-05-08T08:00:00Z,system,77346ccb-c22c-5d3c-bc7c-042104cd0b21,30,a006b8e3-6118-5906-998a-865149ed8589,45.000,SET,1100.98,CAD,49544.10,2026-05-15,dd636422-1eb2-5ac9-9d1f-386ee57abf3c,44.864,Expedited delivery
f01108e3-2897-5e18-a530-75d327ed3b21,2026-05-08T08:00:00Z,system,2026-05-08T08:00:00Z,system,77346ccb-c22c-5d3c-bc7c-042104cd0b21,40,7bbe83f1-c77e-5ae0-b99e-e216e600e89f,90.000,KG,39.38,CAD,3544.20,2026-05-15,8a0bb971-4f60-583a-9375-0ca4bcb25ab0,78.010,Quality inspection required
287837c8-360b-5f9c-9572-6cffc14ce4eb,2026-07-25T08:00:00Z,system,2026-07-25T08:00:00Z,system,1c618ed6-c394-5085-b5ff-3ff6d3d83684,10,4bbe33ac-91fe-5b33-a3a4-57141de4e03e,4.500,M,41513.85,CZK,186812.32,2026-09-01,2878adbf-b01f-54d9-8d9b-5061985973fa,4.500,Standard order line
ef7f5c89-e9b7-5237-896f-56144a92a822,2026-07-25T08:00:00Z,system,2026-07-25T08:00:00Z,system,1c618ed6-c394-5085-b5ff-3ff6d3d83684,20,99390864-f827-5aef-be8a-287357eedb0f,5.000,BOX,47317.65,CZK,236588.25,2026-09-01,04194df6-6113-5deb-a8c6-0303e42f6358,5.000,
bdbfdc93-3b32-503e-8648-1475bd33dd61,2026-07-25T08:00:00Z,system,2026-07-25T08:00:00Z,system,1c618ed6-c394-5085-b5ff-3ff6d3d83684,30,0ec0e0b9-02b8-5273-be60-7699e859c9ef,220.000,SET,55609.93,CZK,12234184.60,2026-09-01,c3736fbe-1d06-50f0-a615-53d33bdef420,220.000,
c1e1b08a-1ea5-546b-bde3-d62267f8ba18,2026-07-25T08:00:00Z,system,2026-07-25T08:00:00Z,system,1c618ed6-c394-5085-b5ff-3ff6d3d83684,40,5994f62a-190b-5f64-a95c-9773a244fa2e,20.000,SET,36229.68,CZK,724593.60,2026-09-01,794e8d09-321b-5937-867c-f64f5c5ff267,20.000,Standard order line
91113d38-fd72-5548-85ba-8e09223f0157,2026-03-27T08:00:00Z,system,2026-03-27T08:00:00Z,system,60f201fd-9ae7-5c14-8b1f-41572f07c3af,10,eca867c4-ec3b-52d0-826e-e72c7e331d21,5.000,BOX,1115.57,GBP,5577.85,2026-04-13,f829d3d4-9c1d-5a8e-8591-3fe030b24652,1.762,Quality inspection required
d62375de-ba12-5632-9a9f-a31d31bf0029,2026-03-27T08:00:00Z,system,2026-03-27T08:00:00Z,system,60f201fd-9ae7-5c14-8b1f-41572f07c3af,20,4a6344a3-f35e-516c-9e41-3b71adc76bae,100.000,M,595.07,GBP,59507.00,2026-04-13,d0c2bb05-48e1-5ac2-a320-29911c0f4e07,1.965,Framework agreement pricing
0f76a9cc-3b59-572c-9dea-c2dafe0b2cec,2026-03-27T08:00:00Z,system,2026-03-27T08:00:00Z,system,60f201fd-9ae7-5c14-8b1f-41572f07c3af,30,ba5523d6-66ae-54e6-9e20-1e373c65f38b,20.000,M,1537.27,GBP,30745.40,2026-04-13,e108edb3-07a1-5664-b520-115925e212c8,11.464,
48c111ee-abd1-55a1-b0ce-33d71cef652d,2026-03-27T08:00:00Z,system,2026-03-27T08:00:00Z,system,60f201fd-9ae7-5c14-8b1f-41572f07c3af,40,21cbb700-5485-5bab-b31b-e024cd04b587,1.000,M,1098.16,GBP,1098.16,2026-04-13,daae71c5-7626-59a3-9bde-434c11142023,0.950,Expedited delivery
e3355925-6a8b-5608-bc47-16089a4a53ae,2026-03-27T08:00:00Z,system,2026-03-27T08:00:00Z,system,60f201fd-9ae7-5c14-8b1f-41572f07c3af,50,57c1b397-ad33-5575-8763-be4b1f77f414,82.500,EA,1759.56,GBP,145163.70,2026-04-13,432ee2d2-c7e5-5083-b190-7aebb39ecfc7,22.609,Quality inspection required
bd1c9ac2-a2ea-57d9-a9a7-d818f8dce9fe,2026-07-20T08:00:00Z,system,2026-07-20T08:00:00Z,system,bf9115a4-4232-538b-a7a8-811e80d26905,10,11887a5e-152e-56c0-9b50-7d5495fe3b5a,5.000,L,237.64,EUR,1188.20,2026-08-07,14fbd1fc-5a99-59e9-b5cb-52e9043fbdce,2.362,Standard order line
91af6f34-3b10-545e-bac0-0ac5d6192f90,2026-07-20T08:00:00Z,system,2026-07-20T08:00:00Z,system,bf9115a4-4232-538b-a7a8-811e80d26905,20,5ff325a3-cf1b-5887-bd0f-e1da5d5e6a57,200.000,BOX,774.03,EUR,154806.00,2026-08-07,d9cb94a0-1d76-5df8-9dfc-146d01cd92c8,99.294,Quality inspection required
345aa73e-364d-5d41-b769-c32d73f1e556,2026-07-20T08:00:00Z,system,2026-07-20T08:00:00Z,system,bf9115a4-4232-538b-a7a8-811e80d26905,30,6ac6dbb0-6c7a-557d-b7d3-20ec8a1e7bc9,200.000,SET,936.35,EUR,187270.00,2026-08-07,1302d68b-62c3-5bee-98eb-22360d59c92b,182.948,Expedited delivery
423f013d-9180-5f8d-9ddd-88b0b9837fa1,2026-07-20T08:00:00Z,system,2026-07-20T08:00:00Z,system,bf9115a4-4232-538b-a7a8-811e80d26905,40,df47ed4b-da4f-5c58-b596-f38d4082538d,200.000,EA,1443.25,EUR,288650.00,2026-08-07,b287b927-af7d-5000-8c29-ccb33c34f7f7,127.365,Quality inspection required
00e58569-9b86-5bc4-ad28-3ed5a110c6b1,2026-04-17T08:00:00Z,system,2026-04-17T08:00:00Z,system,e7495fed-208c-5906-8565-fe25ae5dbcae,10,b565639f-0e27-5958-90ec-8e31f21798a1,20.000,KG,5.98,EUR,119.60,2026-05-01,73bc11a8-3d1b-5bee-89f3-a7b442030d45,20.000,Quality inspection required
6e4718c7-5a9a-5f3f-af1b-27157ac678f7,2026-04-17T08:00:00Z,system,2026-04-17T08:00:00Z,system,e7495fed-208c-5906-8565-fe25ae5dbcae,20,d0cb5824-8127-5ca6-8364-98b5469fc7c7,100.000,EA,1216.20,EUR,121620.00,2026-05-01,9df4c99f-193a-5905-98c6-1279bec23d13,100.000,Framework agreement pricing
3ee7841f-3008-53da-a942-2162f8aab830,2026-04-17T08:00:00Z,system,2026-04-17T08:00:00Z,system,e7495fed-208c-5906-8565-fe25ae5dbcae,30,a006b8e3-6118-5906-998a-865149ed8589,220.000,SET,646.99,EUR,142337.80,2026-05-01,ca21c2ca-0b32-50cb-b294-5505ef70d4df,220.000,
a12cf5b5-6f92-5bfa-b592-d08bff3d7076,2026-05-30T08:00:00Z,system,2026-05-30T08:00:00Z,system,74abf032-598b-549a-a5d4-04afe7532fa5,10,e64ca70f-33df-53bc-81e4-7c69dabb1d6d,10.000,M,9448.17,PLN,94481.70,2026-07-19,642f0a1e-595c-5a40-a0fb-829bf415ac96,10.000,Expedited delivery
88ae3dfb-140c-5dc0-b61d-856f3d48c492,2026-05-30T08:00:00Z,system,2026-05-30T08:00:00Z,system,74abf032-598b-549a-a5d4-04afe7532fa5,20,7a0573af-19d9-5fce-a1fb-edef3b2a16d3,150.000,EA,7273.06,PLN,1090959.00,2026-07-19,fc10f606-227e-5c38-951a-4e2f5029f64f,150.000,Expedited delivery
a5111859-f3f5-5d42-ab22-089241159f23,2026-05-30T08:00:00Z,system,2026-05-30T08:00:00Z,system,74abf032-598b-549a-a5d4-04afe7532fa5,30,96fb08d2-476c-50b5-8ac4-5ecf45934f96,50.000,SET,321.11,PLN,16055.50,2026-07-19,f5b29be8-54a5-527d-a24a-bd379fa0b9ac,50.000,Expedited delivery
de3f9e0c-c35b-5f33-b8fb-299224524c35,2026-05-30T08:00:00Z,system,2026-05-30T08:00:00Z,system,74abf032-598b-549a-a5d4-04afe7532fa5,40,a826e0c2-43dd-5a6b-a002-5f2510a4b1f5,50.000,L,5134.30,PLN,256715.00,2026-07-19,f646dd63-4713-5620-a860-877d6dd0ff33,50.000,Framework agreement pricing
b9666552-21de-5458-ac78-7a8ff67dfa47,2026-03-08T08:00:00Z,system,2026-03-08T08:00:00Z,system,f0258dd3-3eb1-5b33-bf64-1433fadd5e4e,10,af970570-0e69-5aa7-a1fd-93cea6d022c8,5.000,BOX,8005.66,SEK,40028.30,2026-03-31,45489bc8-12c4-56f6-b20f-1d4d86c5a98a,0.000,Quality inspection required
fac6a37a-2ee6-52a3-82d0-969e7a049f73,2026-03-08T08:00:00Z,system,2026-03-08T08:00:00Z,system,f0258dd3-3eb1-5b33-bf64-1433fadd5e4e,20,9f72fcd8-0de5-52ab-8f85-0c7e59529a02,135.000,EA,4072.40,SEK,549774.00,2026-03-31,21625e71-eaff-5993-ad1a-c20e6bfe79d6,0.000,Standard order line
2b5b6984-9127-5ac4-a57e-614a2b4bf061,2026-03-08T08:00:00Z,system,2026-03-08T08:00:00Z,system,f0258dd3-3eb1-5b33-bf64-1433fadd5e4e,30,74ec4245-16d4-59ad-a64b-e56056485a1c,1.000,EA,25209.23,SEK,25209.23,2026-03-31,f8901f46-7e28-5762-8635-412ffd3d0114,0.000,Framework agreement pricing
4e79dc27-6b02-56a7-9222-315b27e876e5,2026-03-08T08:00:00Z,system,2026-03-08T08:00:00Z,system,f0258dd3-3eb1-5b33-bf64-1433fadd5e4e,40,a1de9ed1-ec0e-5ccc-86a4-1980e3dfb1ed,20.000,L,5410.38,SEK,108207.60,2026-03-31,0d57427a-bb93-5c97-8e5f-3b2fbbe3dbd1,0.000,Expedited delivery
b27b789c-73c2-5a5f-81fe-85f005c36822,2026-03-08T08:00:00Z,system,2026-03-08T08:00:00Z,system,f0258dd3-3eb1-5b33-bf64-1433fadd5e4e,50,df47ed4b-da4f-5c58-b596-f38d4082538d,180.000,EA,14683.84,SEK,2643091.20,2026-03-31,b287b927-af7d-5000-8c29-ccb33c34f7f7,0.000,
0ec6a3f0-9113-56d6-b9a5-bfbbe295093f,2026-02-14T08:00:00Z,system,2026-02-14T08:00:00Z,system,73800759-5fa8-5511-8509-1f3d344dc49a,10,8f4fa6ee-76d8-5196-89f7-b65fbb2cfff1,5.000,KG,93.04,PLN,465.20,2026-03-07,e4394bbf-ddbc-5841-94a0-145a6330352d,0.000,
96360c8e-b1f0-5bd7-86d7-4676f4daa473,2026-02-14T08:00:00Z,system,2026-02-14T08:00:00Z,system,73800759-5fa8-5511-8509-1f3d344dc49a,20,19286625-e8e0-5181-9f4c-23d2a96418c8,2.000,KG,47.43,PLN,94.86,2026-03-07,6853dd4e-6a2c-5dc8-8da0-1dab7bc01197,0.000,Framework agreement pricing
fe701297-bdb8-5470-8bfd-bc621a2de240,2026-02-14T08:00:00Z,system,2026-02-14T08:00:00Z,system,73800759-5fa8-5511-8509-1f3d344dc49a,30,e78a29f5-6b77-5c64-a898-2ef9faf92f91,5.000,KG,93.93,PLN,469.65,2026-03-07,fefce66f-5a22-59f5-83d7-2e6fb3713a6b,0.000,Quality inspection required
8ab50bbd-a431-5dee-a0bc-3630742b24bd,2026-02-14T08:00:00Z,system,2026-02-14T08:00:00Z,system,73800759-5fa8-5511-8509-1f3d344dc49a,40,3c91ccd6-92b6-5bb1-a450-2e87cd24008e,25.000,L,525.48,PLN,13137.00,2026-03-07,ff0fcf20-fd61-5182-9d41-9aa97a6df19e,0.000,
24fb5def-171c-57f0-b671-72afb2eb27d2,2026-02-14T08:00:00Z,system,2026-02-14T08:00:00Z,system,73800759-5fa8-5511-8509-1f3d344dc49a,50,12c9f3ae-d18d-52d5-8792-59bbe20067a0,2.000,L,6914.62,PLN,13829.24,2026-03-07,5731a5fd-98ad-57f9-b83f-2914d32ee058,0.000,
dfd8cc28-8ae0-5deb-a950-ecb2b99346d7,2026-02-22T08:00:00Z,system,2026-02-22T08:00:00Z,system,6a4d0ecc-60ed-5765-a728-27ab4a8589bc,10,748d36d0-ad0a-5e2f-ae52-4b9bd4ac6a44,1.000,M,1700.84,EUR,1700.84,2026-03-31,d1423264-3601-5a65-9662-4a46e7b0619d,1.000,Expedited delivery
f5bee2b0-de8f-5452-bb0f-ee0648046b32,2026-02-22T08:00:00Z,system,2026-02-22T08:00:00Z,system,6a4d0ecc-60ed-5765-a728-27ab4a8589bc,20,4d8b3cb8-4991-55ac-afa4-443fd1749bfb,75.000,KG,23.06,EUR,1729.50,2026-03-31,91ff1681-df18-532c-9122-310e260e2c2e,75.000,Framework agreement pricing
34a41070-d006-559e-b41a-b3cf53b057b5,2026-02-22T08:00:00Z,system,2026-02-22T08:00:00Z,system,6a4d0ecc-60ed-5765-a728-27ab4a8589bc,30,15363821-3683-51e9-ad4d-1410e9a22f30,1.100,EA,712.92,EUR,784.21,2026-03-31,45a9d756-eb2d-51cc-a8e7-e116dce97b17,1.100,Quality inspection required
6b02c141-8339-5ab2-9d1c-790f7cc81bdc,2026-02-22T08:00:00Z,system,2026-02-22T08:00:00Z,system,6a4d0ecc-60ed-5765-a728-27ab4a8589bc,40,cfcda226-532c-599e-8ba1-da4625eb5246,22.000,EA,1943.15,EUR,42749.30,2026-03-31,65d112f9-7ed0-5fbe-8c09-d8c7d1b39479,22.000,Expedited delivery
774d9726-5d2b-554e-8a47-f3de952bf008,2026-02-22T08:00:00Z,system,2026-02-22T08:00:00Z,system,6a4d0ecc-60ed-5765-a728-27ab4a8589bc,50,66829174-3fa6-52dd-bbb1-daa7bca60901,1.000,BOX,638.47,EUR,638.47,2026-03-31,797ce47c-4cc8-58ac-87ad-65217fe3ca54,1.000,Quality inspection required
0c4fe0cb-bccc-5a03-9b79-caa5b08ddb87,2026-01-07T08:00:00Z,system,2026-01-07T08:00:00Z,system,36425fb1-4ee4-52d7-9616-f130a23a8b9a,10,559354e7-7937-5578-baa8-6d7ae9f39b6f,55.000,BOX,20459.62,CZK,1125279.10,2026-02-20,edc91a8b-f9a8-5e9b-99b5-ae17bcc77fbd,55.000,Quality inspection required
108bb8e7-beef-53cc-ae1f-617a993174e5,2026-01-07T08:00:00Z,system,2026-01-07T08:00:00Z,system,36425fb1-4ee4-52d7-9616-f130a23a8b9a,20,d80537fd-c1c9-5741-8e8d-02dd52dc79bd,9.000,KG,554.21,CZK,4987.89,2026-02-20,a0ff6710-3578-5c9a-8c3f-bb1c4dda178f,9.000,
f5f61aac-a988-5cc0-9fc1-67901329909a,2026-01-07T08:00:00Z,system,2026-01-07T08:00:00Z,system,36425fb1-4ee4-52d7-9616-f130a23a8b9a,30,19e5854c-015a-5974-997b-3ccb05e32d73,135.000,M,10357.11,CZK,1398209.85,2026-02-20,823b159b-6034-5f03-adf4-e34936e92e15,135.000,
c2a97103-3c8b-502f-bd01-3c0368cedef7,2026-01-07T08:00:00Z,system,2026-01-07T08:00:00Z,system,36425fb1-4ee4-52d7-9616-f130a23a8b9a,40,4c30fa9e-b4c6-593b-975f-b5c99a3fa9b1,2.200,M,12963.84,CZK,28520.45,2026-02-20,a1e290ca-5563-5349-b8cc-b8b19054470e,2.200,Standard order line
578515b3-ab86-53c5-a052-03c2f6fc72e5,2026-06-26T08:00:00Z,system,2026-06-26T08:00:00Z,system,6243001e-35dc-5c38-bc0a-eb63d9c3c0ff,10,ffad296f-4b1b-50b0-b7ea-693c82ec1839,4.500,M,655.80,EUR,2951.10,2026-08-11,c5b1e3fa-d632-5235-a023-6cf8c986632c,4.500,Framework agreement pricing
436c61ca-990e-5c0b-9f0c-020c72687849,2026-06-26T08:00:00Z,system,2026-06-26T08:00:00Z,system,6243001e-35dc-5c38-bc0a-eb63d9c3c0ff,20,a9f39542-a399-5602-91a0-db378fe1532d,2.200,KG,34.34,EUR,75.55,2026-08-11,3a5a2a62-7f91-5b33-ac50-d4a879f46336,2.200,Expedited delivery
b21f0762-e342-574f-9cb3-5d721b39b2f9,2026-06-26T08:00:00Z,system,2026-06-26T08:00:00Z,system,6243001e-35dc-5c38-bc0a-eb63d9c3c0ff,30,5638f460-1932-50d2-8453-a3cf94aaa992,165.000,SET,2251.07,EUR,371426.55,2026-08-11,0807dfd8-b337-5a84-8813-edb46380b359,165.000,Quality inspection required
a2f64c47-c572-5c08-b3e1-772e949cbb7c,2026-06-26T08:00:00Z,system,2026-06-26T08:00:00Z,system,6243001e-35dc-5c38-bc0a-eb63d9c3c0ff,40,af970570-0e69-5aa7-a1fd-93cea6d022c8,1.100,BOX,784.25,EUR,862.68,2026-08-11,9c4ae593-8cce-5518-91d7-a5246435c3a6,1.100,Framework agreement pricing
34ec07d5-1bc1-51c7-9ef2-f68b906f3da2,2026-06-26T08:00:00Z,system,2026-06-26T08:00:00Z,system,6243001e-35dc-5c38-bc0a-eb63d9c3c0ff,50,3fbd18a0-7abf-52be-90d6-d20cad8bccd3,27.500,SET,913.69,EUR,25126.48,2026-08-11,3af2e838-33da-5b11-b327-684154508a2e,27.500,Quality inspection required
f39cb07e-b1ba-5d74-a8b9-bb1478d214f4,2026-04-25T08:00:00Z,system,2026-04-25T08:00:00Z,system,32873aa1-61f1-5943-adaa-ac5e25aec01d,10,b0ab2af3-a243-52cb-867b-07afe9932cc1,50.000,EA,2205.51,EUR,110275.50,2026-06-13,b7eaa8ab-4922-5770-b7fb-bffb69408fb8,50.000,
f2f676b2-16cf-5e1f-bc54-cea0f4a1e3e1,2026-04-25T08:00:00Z,system,2026-04-25T08:00:00Z,system,32873aa1-61f1-5943-adaa-ac5e25aec01d,20,d7792ea6-2faa-5ee1-b515-6b526ad9efbb,25.000,BOX,1418.27,EUR,35456.75,2026-06-13,1e4e2fc0-5796-5b89-aaae-a1c7370fe2c5,25.000,Quality inspection required
090f0cb7-ad7b-5258-9274-8af062bb1d77,2026-04-25T08:00:00Z,system,2026-04-25T08:00:00Z,system,32873aa1-61f1-5943-adaa-ac5e25aec01d,30,a7d2c2da-af08-5f66-aad4-f45b74b00edb,10.000,L,2155.89,EUR,21558.90,2026-06-13,bfc4b395-58aa-592a-834d-2f0c88a6c16a,10.000,Framework agreement pricing
21f9b755-f6a4-5163-99a7-ef82bcc6b867,2026-04-25T08:00:00Z,system,2026-04-25T08:00:00Z,system,32873aa1-61f1-5943-adaa-ac5e25aec01d,40,00a24b8a-d6ef-5fd9-b832-024cf1e9f1b5,110.000,EA,1182.40,EUR,130064.00,2026-06-13,99444d0f-3044-580c-883a-c5577279a4c7,110.000,Standard order line
c0a39deb-7071-5635-b877-e05de4b7cc4d,2026-01-07T08:00:00Z,system,2026-01-07T08:00:00Z,system,a8473d17-a8f7-5d21-b3f9-0155d92a0eaf,10,3f3309b3-487e-54de-ae3f-de56ef31378f,1.000,BOX,25454.55,SEK,25454.55,2026-01-30,4f167c61-d2b6-51b5-b53a-2a6f7f136ed0,1.000,Quality inspection required
d43405be-9a82-5bf5-99c6-d4fd80036600,2026-01-07T08:00:00Z,system,2026-01-07T08:00:00Z,system,a8473d17-a8f7-5d21-b3f9-0155d92a0eaf,20,b73f763a-3d8c-562e-9549-a6941040255f,200.000,EA,7982.02,SEK,1596404.00,2026-01-30,487dab3e-f777-5f25-938b-d11e0e395bcb,200.000,Quality inspection required
b22273c2-d1cc-5eb9-af48-25f9f4affd01,2026-01-07T08:00:00Z,system,2026-01-07T08:00:00Z,system,a8473d17-a8f7-5d21-b3f9-0155d92a0eaf,30,f95fbe47-9c5c-5d2b-a38e-c84f39513733,100.000,M,6267.94,SEK,626794.00,2026-01-30,5f2c863a-29b5-57b8-8ad8-137534ef7e2a,100.000,
cd214633-85e6-5362-9506-2f8b21a5bc1b,2026-01-07T08:00:00Z,system,2026-01-07T08:00:00Z,system,a8473d17-a8f7-5d21-b3f9-0155d92a0eaf,40,f968e107-0cac-5cfd-a628-d3aa05f1e38d,165.000,EA,10985.03,SEK,1812529.95,2026-01-30,bf447938-b496-5c91-ab2f-a3f17d24f4f2,165.000,Quality inspection required
5d1c0f07-469d-5e87-82b9-e1826b7e480c,2025-10-10T08:00:00Z,system,2025-10-10T08:00:00Z,system,fa1571b3-349b-587b-9cf8-84ff292f7411,10,7ca4c0eb-249c-5459-9122-836398535a4b,200.000,L,3034.43,CAD,606886.00,2025-11-21,a355262c-d200-574d-b962-b7fc54db5c7d,200.000,Quality inspection required
f7e52e55-30f5-5686-acbc-bdee552e7f96,2025-10-10T08:00:00Z,system,2025-10-10T08:00:00Z,system,fa1571b3-349b-587b-9cf8-84ff292f7411,20,e78a29f5-6b77-5c64-a898-2ef9faf92f91,5.500,KG,34.30,CAD,188.65,2025-11-21,fefce66f-5a22-59f5-83d7-2e6fb3713a6b,5.500,Quality inspection required
fe654475-d6c2-503b-9250-977de2331f71,2025-10-10T08:00:00Z,system,2025-10-10T08:00:00Z,system,fa1571b3-349b-587b-9cf8-84ff292f7411,30,33565d42-f2c6-5728-b582-d95f8618e410,9.000,BOX,2208.23,CAD,19874.07,2025-11-21,017069bd-2767-5801-9410-b172abbcea8f,9.000,
aafb1d76-4483-5b6f-b082-6512647faa07,2025-10-10T08:00:00Z,system,2025-10-10T08:00:00Z,system,fa1571b3-349b-587b-9cf8-84ff292f7411,40,893944a0-a713-5323-888a-1702113e176d,180.000,KG,37.83,CAD,6809.40,2025-11-21,2671b4ab-75db-57f8-8158-559e5e4cba49,180.000,Quality inspection required
8128fa0d-ff6f-5b54-b7a2-4434620c1575,2025-10-10T08:00:00Z,system,2025-10-10T08:00:00Z,system,5699026f-bb10-56e5-a910-f5fc6319a373,10,729b6d7e-7b34-59c4-ab17-3319477660be,67.500,KG,21.50,CAD,1451.25,2025-12-09,7c7cd9a8-726c-507d-ab55-1c50f4b3744a,67.500,Expedited delivery
374cfa3a-26fa-51db-933e-f9f3df7007fa,2025-10-10T08:00:00Z,system,2025-10-10T08:00:00Z,system,5699026f-bb10-56e5-a910-f5fc6319a373,20,79756df9-78e3-5df8-ad70-cff390e99aff,2.200,EA,1418.62,CAD,3120.96,2025-12-09,4b3b188f-5605-52de-bcde-114a5feaa453,2.200,Expedited delivery
f69032b2-1977-5871-bf4c-45aaa37e7f51,2025-10-10T08:00:00Z,system,2025-10-10T08:00:00Z,system,5699026f-bb10-56e5-a910-f5fc6319a373,30,972054fa-e98c-5fa7-b5a0-eef2c0bddc26,22.000,M,1365.83,CAD,30048.26,2025-12-09,71a2a3e8-901b-544e-bb80-21a1c5dcda76,22.000,Standard order line
9e9acf79-ac92-5cd1-a95a-e64a44d3313e,2026-04-20T08:00:00Z,system,2026-04-20T08:00:00Z,system,735d5bd5-a4d0-5c6c-90f1-ea696a6d6c67,10,af970570-0e69-5aa7-a1fd-93cea6d022c8,5.000,BOX,661.52,GBP,3307.60,2026-05-11,45489bc8-12c4-56f6-b20f-1d4d86c5a98a,2.943,Standard order line
7f8e4b8e-24fa-5d79-8d41-d97918951daf,2026-04-20T08:00:00Z,system,2026-04-20T08:00:00Z,system,735d5bd5-a4d0-5c6c-90f1-ea696a6d6c67,20,384f66ad-b02f-5061-83cb-3ace1601e8d3,220.000,SET,1493.94,GBP,328666.80,2026-05-11,ae92d083-32a7-56bd-9acb-7d036dd560e9,26.991,Framework agreement pricing
a5bf3f51-ffc7-5370-a7ad-f8cd0c1a96af,2026-04-20T08:00:00Z,system,2026-04-20T08:00:00Z,system,735d5bd5-a4d0-5c6c-90f1-ea696a6d6c67,30,559354e7-7937-5578-baa8-6d7ae9f39b6f,50.000,BOX,743.01,GBP,37150.50,2026-05-11,edc91a8b-f9a8-5e9b-99b5-ae17bcc77fbd,26.420,Standard order line
395f5786-fee2-5a34-9b95-d4b1e409f877,2026-04-20T08:00:00Z,system,2026-04-20T08:00:00Z,system,735d5bd5-a4d0-5c6c-90f1-ea696a6d6c67,40,748d36d0-ad0a-5e2f-ae52-4b9bd4ac6a44,2.000,M,1538.88,GBP,3077.76,2026-05-11,7be1f391-949f-5591-ae62-b4318c0a2f76,1.149,Quality inspection required
099e6d4a-ee92-5be2-b6dc-0bd90de4b58f,2026-04-20T08:00:00Z,system,2026-04-20T08:00:00Z,system,735d5bd5-a4d0-5c6c-90f1-ea696a6d6c67,50,a09d3b3c-22f6-56c6-93d4-2863d0444e94,200.000,L,1405.46,GBP,281092.00,2026-05-11,89ab3d32-214e-5aab-8325-6f6444259321,34.064,Standard order line
0514894b-6ca1-57b1-90c5-becc95ec00f3,2025-10-11T08:00:00Z,system,2025-10-11T08:00:00Z,system,84ba2db1-386b-507f-aec8-7f000ee5755c,10,5de012ce-db52-52e5-a612-6e2c3c02623a,150.000,SET,28768.62,CZK,4315293.00,2025-12-15,944c161d-a7fb-511e-ab4a-ab7bb9f0e6ee,150.000,Quality inspection required
6b87150c-8c5d-51ee-bb4f-90643f99672f,2025-10-11T08:00:00Z,system,2025-10-11T08:00:00Z,system,84ba2db1-386b-507f-aec8-7f000ee5755c,20,bb0b52d6-caeb-5f0b-8479-76c4c50869c1,180.000,KG,97.61,CZK,17569.80,2025-12-15,33f0d569-3e01-58d3-a007-b3284421121b,180.000,Framework agreement pricing
9f2ef0a4-7bd2-554d-a208-653dbce8883b,2026-06-11T08:00:00Z,system,2026-06-11T08:00:00Z,system,e5206133-2eec-52ce-8e2e-49f09e3c9b11,10,7c9ec527-9eb0-52c4-b207-8cf0cae25caf,55.000,M,7946.91,PLN,437080.05,2026-06-19,beb61672-1a18-548a-8ccd-68c734e8dcb5,55.000,Quality inspection required
66fef87c-9442-5ac4-a31f-d2d7597af360,2026-06-11T08:00:00Z,system,2026-06-11T08:00:00Z,system,e5206133-2eec-52ce-8e2e-49f09e3c9b11,20,22447b3a-3dd0-58e6-a0a5-422538c79c8f,10.000,BOX,3542.50,PLN,35425.00,2026-06-19,e5484054-026e-573c-896c-45c880f14745,10.000,Quality inspection required
4ab28425-4d97-5b23-9f16-bbdb5133ab43,2026-06-11T08:00:00Z,system,2026-06-11T08:00:00Z,system,e5206133-2eec-52ce-8e2e-49f09e3c9b11,30,5638f460-1932-50d2-8453-a3cf94aaa992,200.000,SET,9346.05,PLN,1869210.00,2026-06-19,e49a8f69-f225-515c-a695-0123df47130f,200.000,Standard order line
72e9f0c5-3460-5b31-bd48-07d573a216c6,2026-06-11T08:00:00Z,system,2026-06-11T08:00:00Z,system,e5206133-2eec-52ce-8e2e-49f09e3c9b11,40,f86c9292-1db7-5162-81d0-0b6ff62e922d,100.000,SET,4623.67,PLN,462367.00,2026-06-19,7f779605-f9eb-5bbb-8a3b-8c1ad4a2a580,100.000,Standard order line
d468c7db-f795-5133-bacf-f9269bda5cb4,2026-04-02T08:00:00Z,system,2026-04-02T08:00:00Z,system,6f0af118-f06b-57f6-b7ea-924b59eb867e,10,fd4f25a0-d258-5944-8a33-a22b3cf44a4a,1.800,L,781.69,EUR,1407.04,2026-05-17,fbebcbd6-6a53-5c14-9c26-d8f87d448c1a,1.800,Quality inspection required
3a558b92-3562-5817-a16d-f85da5282db4,2026-04-02T08:00:00Z,system,2026-04-02T08:00:00Z,system,6f0af118-f06b-57f6-b7ea-924b59eb867e,20,21cbb700-5485-5bab-b31b-e024cd04b587,1.000,M,1140.52,EUR,1140.52,2026-05-17,daae71c5-7626-59a3-9bde-434c11142023,1.000,Expedited delivery
f6940dfb-01b5-513c-9cc7-5e43bb22342a,2026-04-02T08:00:00Z,system,2026-04-02T08:00:00Z,system,6f0af118-f06b-57f6-b7ea-924b59eb867e,30,bb0b52d6-caeb-5f0b-8479-76c4c50869c1,10.000,KG,3.75,EUR,37.50,2026-05-17,8f2dced6-7505-5898-96e3-cfdb25633b84,10.000,Framework agreement pricing
6d5882f5-0854-58db-8217-041022a3f86e,2026-04-02T08:00:00Z,system,2026-04-02T08:00:00Z,system,6f0af118-f06b-57f6-b7ea-924b59eb867e,40,f95fbe47-9c5c-5d2b-a38e-c84f39513733,82.500,M,666.58,EUR,54992.85,2026-05-17,f5908d5f-e1ba-562d-8e91-7efd32d0692b,82.500,Standard order line
d67983f7-f5bd-5d5d-b5fe-321a86136363,2026-04-02T08:00:00Z,system,2026-04-02T08:00:00Z,system,6f0af118-f06b-57f6-b7ea-924b59eb867e,50,fcd3a87b-71f1-5871-b12a-5cf7f75c379d,2.000,M,102.02,EUR,204.04,2026-05-17,e4a0648e-cf76-50fe-9baa-ee168f7c476d,2.000,Framework agreement pricing
5c7c8323-ef67-5b77-8dce-050b95e869be,2026-03-25T08:00:00Z,system,2026-03-25T08:00:00Z,system,91da3452-7845-5756-a7e0-dd4d9abdafaa,10,12c9f3ae-d18d-52d5-8792-59bbe20067a0,5.000,L,1413.57,EUR,7067.85,2026-04-25,39c86281-5318-5fcc-8a3e-96b735c4d021,5.000,Quality inspection required
78e8275b-a84f-5747-9e00-b21d55d61a21,2026-03-25T08:00:00Z,system,2026-03-25T08:00:00Z,system,91da3452-7845-5756-a7e0-dd4d9abdafaa,20,b6bc1653-27d5-583b-ba09-0b3325b8db55,20.000,SET,550.08,EUR,11001.60,2026-04-25,de8a1942-ba4e-5b0b-ae1c-f280dd57b76c,20.000,Quality inspection required
63a1dc11-f2e6-5ff5-a221-38e3d88348a7,2026-03-25T08:00:00Z,system,2026-03-25T08:00:00Z,system,91da3452-7845-5756-a7e0-dd4d9abdafaa,30,df47ed4b-da4f-5c58-b596-f38d4082538d,25.000,EA,1602.71,EUR,40067.75,2026-04-25,9674fcb0-e9fe-5bab-be67-3adb8c02fe2d,25.000,Standard order line
894857ea-ebfb-5eba-8efd-90872a5cd2ff,2026-03-25T08:00:00Z,system,2026-03-25T08:00:00Z,system,91da3452-7845-5756-a7e0-dd4d9abdafaa,40,0a95d286-40e6-5f4e-bce8-380f86c5e052,20.000,BOX,1535.89,EUR,30717.80,2026-04-25,924cb1e4-70d2-5766-bf1a-0079673ba54d,20.000,Framework agreement pricing
9cb829f5-67c4-5323-bc34-ad69f47d18c2,2026-05-03T08:00:00Z,system,2026-05-03T08:00:00Z,system,b26956d3-8714-5143-8c66-8c8cfe486c6c,10,5994f62a-190b-5f64-a95c-9773a244fa2e,27.500,SET,17193.71,SEK,472827.02,2026-07-02,7c244100-3bc6-5d43-9c7d-6d972d6b4e53,0.000,
679785bc-2999-5e99-b448-26e2cc6bcff2,2026-05-03T08:00:00Z,system,2026-05-03T08:00:00Z,system,b26956d3-8714-5143-8c66-8c8cfe486c6c,20,53e0bf46-17ba-5243-bbe5-1d44068c8ac1,75.000,EA,741.30,SEK,55597.50,2026-07-02,4e7b465a-65d5-57dd-b43e-afbfd0bee2bb,0.000,Quality inspection required
34c14e17-9be9-5c4b-b8e7-a14cb0c76a36,2026-05-03T08:00:00Z,system,2026-05-03T08:00:00Z,system,b26956d3-8714-5143-8c66-8c8cfe486c6c,30,4b2dee46-41cf-5eee-b0e3-93ee894cef45,50.000,SET,21924.04,SEK,1096202.00,2026-07-02,3069c41c-614d-5f39-9b36-f186e5c01656,0.000,Quality inspection required
265a9199-0ec0-5880-8561-6e4adc24cc38,2026-05-03T08:00:00Z,system,2026-05-03T08:00:00Z,system,b26956d3-8714-5143-8c66-8c8cfe486c6c,40,74ec4245-16d4-59ad-a64b-e56056485a1c,5.000,EA,23639.52,SEK,118197.60,2026-07-02,5a93e319-0470-5fc7-b7b5-d8ff9950dac2,0.000,Expedited delivery
7b673f94-7e34-544d-86b7-6175cd4fc0d1,2026-06-09T08:00:00Z,system,2026-06-09T08:00:00Z,system,98c1f63b-07ad-54fd-b15e-a2ac912c56dc,10,a1a5bad0-30ca-5727-b1d6-9e34f59daa2c,20.000,BOX,625.33,CHF,12506.60,2026-08-14,c93dea23-7c5f-5d70-82df-5ad8b4d3cd09,0.000,Quality inspection required
99739d41-e2d4-5503-a1ce-e69f1a92a843,2026-06-09T08:00:00Z,system,2026-06-09T08:00:00Z,system,98c1f63b-07ad-54fd-b15e-a2ac912c56dc,20,18842f90-d5d5-59ad-837c-f13f2b55bb62,25.000,EA,969.61,CHF,24240.25,2026-08-14,3f67bb38-a80a-5d91-a2bd-e8c163bad4db,0.000,Quality inspection required
55bbc9f7-6d26-57eb-ac65-0c36067707e7,2026-04-03T08:00:00Z,system,2026-04-03T08:00:00Z,system,730ff507-3a99-5268-ba0c-ef6603c11404,10,85f6ae6a-e37a-5c6a-8c20-f972d8291238,150.000,M,1703.76,SEK,255564.00,2026-05-31,7ffe189c-f2bf-56b5-87c5-7a29a84c73f5,133.483,Expedited delivery
412676cf-2aff-5911-8857-8580b218f6b0,2026-04-03T08:00:00Z,system,2026-04-03T08:00:00Z,system,730ff507-3a99-5268-ba0c-ef6603c11404,20,f968e107-0cac-5cfd-a628-d3aa05f1e38d,2.000,EA,10656.43,SEK,21312.86,2026-05-31,1a5c0429-fb57-5013-ba25-56bfa34a5d0b,0.873,
5cb82915-8711-5ff4-9374-95a9661dfb2b,2026-04-03T08:00:00Z,system,2026-04-03T08:00:00Z,system,730ff507-3a99-5268-ba0c-ef6603c11404,30,946b9def-1c5e-5d38-8f79-05db3b27b218,55.000,M,23278.19,SEK,1280300.45,2026-05-31,203c4ee5-2d4b-5b68-b549-3a54f4b9c827,40.543,Expedited delivery
f1ca7625-f09f-5664-b5aa-e5bb59c50d36,2026-07-27T08:00:00Z,system,2026-07-27T08:00:00Z,system,e78098b8-76d5-5532-a410-feca5b4fb250,10,4cb50627-8198-5765-9d5a-9d272c8ce58b,9.000,M,739.31,EUR,6653.79,2026-09-12,6f632a29-4f24-5dba-bcd0-c85671a3c073,0.000,Standard order line
d25f309b-fd02-5602-b479-0d9f4ae61962,2026-07-27T08:00:00Z,system,2026-07-27T08:00:00Z,system,e78098b8-76d5-5532-a410-feca5b4fb250,20,9c244d41-3489-5976-bcdb-b0d76c2237a9,110.000,KG,25.71,EUR,2828.10,2026-09-12,3ce47ab3-a16f-57c5-8517-ab112aafcbf7,0.000,Standard order line
d80611e2-0707-5dec-bfb4-3f273c36f756,2026-03-13T08:00:00Z,system,2026-03-13T08:00:00Z,system,7a04712c-47ac-5092-a0b8-ef1b72609dd2,10,8ffbee35-114e-52c9-982d-47f2ee96df4a,150.000,EA,3308.11,PLN,496216.50,2026-04-22,5e4b9388-0c38-5328-81a1-ec652f1d196d,51.813,Framework agreement pricing
a0495a79-5d19-5188-85a7-0f8ed1bef21f,2026-03-13T08:00:00Z,system,2026-03-13T08:00:00Z,system,7a04712c-47ac-5092-a0b8-ef1b72609dd2,20,c1a24447-ba94-5724-9a1d-064a2c0b2811,18.000,SET,4381.73,PLN,78871.14,2026-04-22,06637e2b-d1a4-5071-b790-bb907940dcc0,6.399,Standard order line
114aef12-38f0-5054-8b8d-d90db692bcae,2026-03-13T08:00:00Z,system,2026-03-13T08:00:00Z,system,7a04712c-47ac-5092-a0b8-ef1b72609dd2,30,571479d1-0b4f-5e80-b110-0e3e87a27f94,1.000,EA,6340.44,PLN,6340.44,2026-04-22,9d970be9-e784-5b7c-bcd3-e2c90a127c8e,0.877,Framework agreement pricing
2b4b40ea-6250-59ca-bc10-4d4cb65e8bff,2026-03-13T08:00:00Z,system,2026-03-13T08:00:00Z,system,7a04712c-47ac-5092-a0b8-ef1b72609dd2,40,5bced482-deea-5fc4-8653-6c41fc86806e,1.000,M,8556.39,PLN,8556.39,2026-04-22,1787a9ff-0c25-5fd4-ba5c-9dd9b68b6014,0.612,
50b44599-74b0-5954-af14-65c22d0943ba,2026-03-13T08:00:00Z,system,2026-03-13T08:00:00Z,system,7a04712c-47ac-5092-a0b8-ef1b72609dd2,50,4c30fa9e-b4c6-593b-975f-b5c99a3fa9b1,2.000,M,2284.17,PLN,4568.34,2026-04-22,a1e290ca-5563-5349-b8cc-b8b19054470e,1.257,Expedited delivery
542d5838-8494-5cd7-bd0f-3efeae581334,2025-11-10T08:00:00Z,system,2025-11-10T08:00:00Z,system,8e2ded3c-5cee-5ae5-92fb-4a4a7464a199,10,5201a455-a5dc-58a5-9da8-b460a7a6e9f4,110.000,M,38879.26,CZK,4276718.60,2025-12-25,8ac7a7d4-341e-5998-9182-4882bcd62d17,110.000,
b8fa67d2-14c3-5e60-bb20-d36c474b6f7c,2025-11-10T08:00:00Z,system,2025-11-10T08:00:00Z,system,8e2ded3c-5cee-5ae5-92fb-4a4a7464a199,20,dc089f09-34df-5a3e-bedb-2c2e0f21465e,20.000,L,34030.30,CZK,680606.00,2025-12-25,95654d8e-4d34-50fa-a147-e8323ff06b27,20.000,Standard order line
d381a3b6-bd22-5572-a60e-9cf3933a80f2,2026-04-24T08:00:00Z,system,2026-04-24T08:00:00Z,system,2ef43bab-d6a0-5606-ae71-f5ba5d2c3540,10,3b977897-9c14-59e5-a889-922436cc6be2,2.000,EA,519.36,EUR,1038.72,2026-04-30,319ff01b-cb9b-5f19-8b84-b5d9e4574617,0.000,Quality inspection required
837ecd59-6117-5ab3-9393-fb8e4eaab829,2026-04-24T08:00:00Z,system,2026-04-24T08:00:00Z,system,2ef43bab-d6a0-5606-ae71-f5ba5d2c3540,20,d7792ea6-2faa-5ee1-b515-6b526ad9efbb,200.000,BOX,1293.97,EUR,258794.00,2026-04-30,483de291-29ed-53f7-901c-27df246331a5,0.000,Framework agreement pricing
b5ab95ba-9840-5ed6-b7d6-fd0f58d4503f,2026-04-24T08:00:00Z,system,2026-04-24T08:00:00Z,system,2ef43bab-d6a0-5606-ae71-f5ba5d2c3540,30,76540a83-8375-53ea-a170-4e4e171d11cd,200.000,KG,29.15,EUR,5830.00,2026-04-30,ae633d96-8b0b-5d79-8ca4-909d848d9eeb,0.000,Framework agreement pricing
a24ec77f-88e6-52f1-b0d4-d46570846e11,2026-04-24T08:00:00Z,system,2026-04-24T08:00:00Z,system,2ef43bab-d6a0-5606-ae71-f5ba5d2c3540,40,3aa391ce-4ff3-5173-9277-83ce43555c7c,200.000,L,93.61,EUR,18722.00,2026-04-30,0ad29e8d-7910-5f32-b0ec-740ca46c9a5a,0.000,
d008c321-f1a7-5443-83df-90e9ca57fc4c,2025-12-12T08:00:00Z,system,2025-12-12T08:00:00Z,system,ef791037-c4dc-5b72-9295-a356c7cf19f3,10,48cb4f21-8c1b-5570-a07c-08c09fbf0ce6,50.000,SET,3622.27,PLN,181113.50,2025-12-30,96dd29c6-1a47-55a5-a8ae-eaa2ed100d31,50.000,Framework agreement pricing
d26f3328-f432-55e5-b99f-04cf6873db96,2025-12-12T08:00:00Z,system,2025-12-12T08:00:00Z,system,ef791037-c4dc-5b72-9295-a356c7cf19f3,20,240a2ec2-b97a-51d0-9b66-a85819e5025e,150.000,SET,6576.30,PLN,986445.00,2025-12-30,36e79ea8-5c9b-58a2-b3df-2840fae21f53,150.000,Framework agreement pricing
78169075-039e-5be9-9871-afae26d6b8ab,2025-12-12T08:00:00Z,system,2025-12-12T08:00:00Z,system,ef791037-c4dc-5b72-9295-a356c7cf19f3,30,2e04e317-f482-5ac1-936d-a38a95e8c762,5.500,M,7572.98,PLN,41651.39,2025-12-30,69f73f30-931c-5ff8-b6cb-92b710eff772,5.500,
2463fac0-0efb-5887-8d38-d6cb07aa14ed,2025-12-12T08:00:00Z,system,2025-12-12T08:00:00Z,system,ef791037-c4dc-5b72-9295-a356c7cf19f3,40,04c6ce4d-e9ec-5c21-9f43-b4b251046c2f,75.000,M,4906.95,PLN,368021.25,2025-12-30,53efe430-9a3c-506e-a712-48e1172716b7,75.000,Quality inspection required
d9b9ec8b-4003-55a4-9814-8a861c9a773d,2025-12-12T08:00:00Z,system,2025-12-12T08:00:00Z,system,ef791037-c4dc-5b72-9295-a356c7cf19f3,50,c27d8ed1-1c81-52eb-9e88-e5402f546414,75.000,L,6262.39,PLN,469679.25,2025-12-30,cf229779-34f9-5f60-8e42-3774e7769c43,75.000,Quality inspection required
b039d524-fdc6-54bb-9e30-cd805e0d21ba,2026-03-07T08:00:00Z,system,2026-03-07T08:00:00Z,system,1f90e752-6f4c-5a7e-a153-b654ea272eb6,10,66829174-3fa6-52dd-bbb1-daa7bca60901,165.000,BOX,2679.93,PLN,442188.45,2026-04-29,33f74b29-a9d1-5268-956c-00e7b7353b73,0.000,Standard order line
3276d99b-f93e-57ba-a5fe-7d4eb7b1d810,2026-03-07T08:00:00Z,system,2026-03-07T08:00:00Z,system,1f90e752-6f4c-5a7e-a153-b654ea272eb6,20,c921e193-a3b7-5f2b-800f-213728db4d05,1.800,KG,38.11,PLN,68.60,2026-04-29,b9600513-3600-56ac-8d4d-edcec77177f0,0.000,Framework agreement pricing
8905e30c-326c-53b5-b566-1f75fd48d03c,2026-03-11T08:00:00Z,system,2026-03-11T08:00:00Z,system,9ae7a4a6-979c-5492-b2c9-03b3a921ffde,10,eca867c4-ec3b-52d0-826e-e72c7e331d21,4.500,BOX,1285.50,EUR,5784.75,2026-05-19,f829d3d4-9c1d-5a8e-8591-3fe030b24652,4.500,Framework agreement pricing
fff4c34d-49a1-5286-a1a0-fa179ff68d47,2026-03-11T08:00:00Z,system,2026-03-11T08:00:00Z,system,9ae7a4a6-979c-5492-b2c9-03b3a921ffde,20,b0ab2af3-a243-52cb-867b-07afe9932cc1,9.000,EA,2436.03,EUR,21924.27,2026-05-19,fdb63dff-2312-5a02-9199-81cc78b38e5a,9.000,Expedited delivery
8c8a088d-6b99-5187-a4df-555c5797e4ff,2026-03-11T08:00:00Z,system,2026-03-11T08:00:00Z,system,9ae7a4a6-979c-5492-b2c9-03b3a921ffde,30,a7d2c2da-af08-5f66-aad4-f45b74b00edb,90.000,L,2202.30,EUR,198207.00,2026-05-19,dc42cafb-2204-503b-a4c1-abd80584b3e6,90.000,
253f0ffd-2de8-55bf-be15-cd252bc2c966,2026-03-11T08:00:00Z,system,2026-03-11T08:00:00Z,system,9ae7a4a6-979c-5492-b2c9-03b3a921ffde,40,a09d3b3c-22f6-56c6-93d4-2863d0444e94,1.800,L,1550.23,EUR,2790.41,2026-05-19,24f00eb5-b09e-5d87-814e-d2230e77c58c,1.800,
c521a8da-e1fc-5057-9050-6e3ad1c526f9,2026-07-18T08:00:00Z,system,2026-07-18T08:00:00Z,system,87f1dd14-12de-5cd9-be78-24cea2e3a947,10,4cdd9f3f-a827-56ea-9bb0-828fa902a883,82.500,KG,40.04,CZK,3303.30,2026-08-28,973ed315-62d3-562d-bfdb-e1a4ac223670,7.724,Expedited delivery
0c53cb4b-d49d-5558-a429-84867f0e62af,2026-07-18T08:00:00Z,system,2026-07-18T08:00:00Z,system,87f1dd14-12de-5cd9-be78-24cea2e3a947,20,8a9aca99-35d6-5da5-8c10-babbacfc2c60,50.000,BOX,19265.37,CZK,963268.50,2026-08-28,01059a6a-4b18-5499-8ef9-75cf5ad76ca4,33.669,Quality inspection required
a8ef8849-8ac9-5b6e-b041-c958aa36c554,2026-07-18T08:00:00Z,system,2026-07-18T08:00:00Z,system,87f1dd14-12de-5cd9-be78-24cea2e3a947,30,7206ba99-aabc-58a4-962c-b600c27e265f,10.000,KG,897.73,CZK,8977.30,2026-08-28,4d0f8911-6437-59b4-9ce0-0feb2a4ee1cf,7.435,Quality inspection required
333816f4-af65-5aff-8d89-4adbda9a30c3,2026-07-07T08:00:00Z,system,2026-07-07T08:00:00Z,system,d7ef6c90-e000-5184-bdb0-f0e55e5e81ce,10,d1656ddc-1679-5818-bc75-a4cf9404839a,22.500,M,180.18,EUR,4054.05,2026-07-18,c66279cf-699f-5ca2-b42d-52d38e6b6c50,7.310,Framework agreement pricing
0e597142-6023-5454-a362-bfea514c220f,2026-07-07T08:00:00Z,system,2026-07-07T08:00:00Z,system,d7ef6c90-e000-5184-bdb0-f0e55e5e81ce,20,af970570-0e69-5aa7-a1fd-93cea6d022c8,22.000,BOX,800.37,EUR,17608.14,2026-07-18,2c65073f-c498-54b7-87a0-ae3a6881db20,7.379,Expedited delivery
87f597f5-feed-582f-a6fb-e98e8b00c038,2026-05-28T08:00:00Z,system,2026-05-28T08:00:00Z,system,ec7cf4b0-837a-5707-a009-a1e9ab21cb66,10,15f3b8aa-4649-5a10-a707-45aa1b2b3bf5,75.000,L,9019.03,PLN,676427.25,2026-07-10,5a5de1b6-0053-5606-8ed9-76fce9628faf,0.000,Standard order line
a4ede9d5-0ce9-5752-bfa2-a2c2e249547b,2026-05-28T08:00:00Z,system,2026-05-28T08:00:00Z,system,ec7cf4b0-837a-5707-a009-a1e9ab21cb66,20,0ec0e0b9-02b8-5273-be60-7699e859c9ef,200.000,SET,8825.34,PLN,1765068.00,2026-07-10,c3736fbe-1d06-50f0-a615-53d33bdef420,0.000,Quality inspection required
ee869200-bb33-516d-838a-4b66cd9490f9,2025-11-01T08:00:00Z,system,2025-11-01T08:00:00Z,system,81eeea6f-c49c-5bb7-afae-f22eb1896664,10,eca867c4-ec3b-52d0-826e-e72c7e331d21,165.000,BOX,1261.24,EUR,208104.60,2025-11-10,a92a54f7-937b-5378-8a52-8191eddc33d6,0.000,Expedited delivery
caeb607d-80ff-57b9-a9ad-82e4fe4a923e,2025-11-01T08:00:00Z,system,2025-11-01T08:00:00Z,system,81eeea6f-c49c-5bb7-afae-f22eb1896664,20,ca48575f-0b73-55a6-b23c-6de718d78d67,150.000,KG,7.12,EUR,1068.00,2025-11-10,1fa5c47e-b4de-5022-8114-c2f337d3904c,0.000,Expedited delivery
575c3bcc-9b3f-5ecc-a877-2f559dfc8cdc,2025-11-01T08:00:00Z,system,2025-11-01T08:00:00Z,system,81eeea6f-c49c-5bb7-afae-f22eb1896664,30,a46103e7-a245-5eef-af4b-854671431c6b,11.000,M,1884.85,EUR,20733.35,2025-11-10,f79b15a4-7c0c-5357-bb3f-d0765e3d1e29,0.000,Expedited delivery
48381fe0-53dc-5fc7-8117-ab33ce6604e0,2026-05-28T08:00:00Z,system,2026-05-28T08:00:00Z,system,28b78189-6e8b-5cc5-9076-b221bfc8b10a,10,d96ec281-e3a6-5aba-b6f4-379e05515ef4,55.000,SET,1173.29,EUR,64530.95,2026-08-01,3bd03585-6070-51ce-be7b-96719aed5668,55.000,Standard order line
9b871c13-0ec2-50e9-925f-5235d2ab23f2,2026-05-28T08:00:00Z,system,2026-05-28T08:00:00Z,system,28b78189-6e8b-5cc5-9076-b221bfc8b10a,20,6b8b9c0c-ca33-51c4-9164-471f4abb4160,18.000,BOX,1435.47,EUR,25838.46,2026-08-01,30b1e8da-d1d5-5d76-a456-b06eedec3f99,18.000,Expedited delivery
b999c2e2-84da-5a47-acd4-743999bcd5c3,2026-05-28T08:00:00Z,system,2026-05-28T08:00:00Z,system,28b78189-6e8b-5cc5-9076-b221bfc8b10a,30,4a6344a3-f35e-516c-9e41-3b71adc76bae,90.000,M,625.98,EUR,56338.20,2026-08-01,d0c2bb05-48e1-5ac2-a320-29911c0f4e07,90.000,
1ccd8032-31c3-5c83-b6bf-af2217ad55d0,2026-04-08T08:00:00Z,system,2026-04-08T08:00:00Z,system,d22a293e-2e30-5ce4-8394-7bb812e532ba,10,d96ec281-e3a6-5aba-b6f4-379e05515ef4,2.000,SET,5087.04,PLN,10174.08,2026-04-14,ab6fc70b-2f57-56ae-ade4-8b789964d8c5,1.956,Framework agreement pricing
66230197-00ab-5bf5-9738-e77fe429d595,2026-04-08T08:00:00Z,system,2026-04-08T08:00:00Z,system,d22a293e-2e30-5ce4-8394-7bb812e532ba,20,0a95d286-40e6-5f4e-bce8-380f86c5e052,75.000,BOX,6525.76,PLN,489432.00,2026-04-14,195b9f38-a927-5871-bc39-99d5328d36fa,71.757,Expedited delivery
d7dd2d31-3fd0-5931-a30f-4f9d3dc6729a,2026-04-08T08:00:00Z,system,2026-04-08T08:00:00Z,system,d22a293e-2e30-5ce4-8394-7bb812e532ba,30,dc06185f-0801-58aa-86b9-6df5bf774217,200.000,L,3778.74,PLN,755748.00,2026-04-14,3ffa945e-409c-5014-87e1-a087bb06bf7c,180.182,Framework agreement pricing
274ace3f-ddd3-5416-80b4-fdd8d2d515c3,2026-04-08T08:00:00Z,system,2026-04-08T08:00:00Z,system,d22a293e-2e30-5ce4-8394-7bb812e532ba,40,b6bc1653-27d5-583b-ba09-0b3325b8db55,2.000,SET,2644.61,PLN,5289.22,2026-04-14,c6d2559f-ec92-5259-9cb9-5b6c938fd072,1.582,Framework agreement pricing
b7fc8a45-a4ec-53d2-8f64-33769ca91cb4,2025-12-16T08:00:00Z,system,2025-12-16T08:00:00Z,system,893ddc5f-11f3-5fe3-ad39-332e3ef4df5a,10,d80537fd-c1c9-5741-8e8d-02dd52dc79bd,150.000,KG,25.72,EUR,3858.00,2026-01-11,5540e1b7-fca3-5bdc-a548-107397e2dec7,150.000,Standard order line
6a202f0a-362d-5fd0-8118-94ab4a3a1cdc,2025-12-16T08:00:00Z,system,2025-12-16T08:00:00Z,system,893ddc5f-11f3-5fe3-ad39-332e3ef4df5a,20,6f137624-ae20-5016-9d90-8e735016ca60,1.000,BOX,2048.44,EUR,2048.44,2026-01-11,21bb1237-76ae-55a0-aee1-68c8131e2060,1.000,Framework agreement pricing
d26f47b8-efb5-5640-8fa6-55c00c4826b1,2025-12-16T08:00:00Z,system,2025-12-16T08:00:00Z,system,893ddc5f-11f3-5fe3-ad39-332e3ef4df5a,30,b03f0dc2-a9e5-5330-affe-38e1a3e58c73,11.000,L,293.09,EUR,3223.99,2026-01-11,a13bf772-16df-5bab-983c-9fa32b518339,11.000,Quality inspection required
59046c77-2b33-529e-b8c5-b266289cce38,2025-11-06T08:00:00Z,system,2025-11-06T08:00:00Z,system,c43c6b43-311b-5174-9593-3e80645c088c,10,a09d3b3c-22f6-56c6-93d4-2863d0444e94,200.000,L,1434.43,EUR,286886.00,2025-12-16,5c8cb74b-08f2-5b15-814a-9205e597dcae,116.870,Expedited delivery
d7d34cd1-bebc-5857-8d64-92c8e0debb1e,2025-11-06T08:00:00Z,system,2025-11-06T08:00:00Z,system,c43c6b43-311b-5174-9593-3e80645c088c,20,5e0e22e5-d386-54e2-bfeb-2492f8c12bc4,200.000,L,1924.55,EUR,384910.00,2025-12-16,301d5b02-6abf-5fe9-ba48-bf7584e40cd9,163.584,Quality inspection required
18738c71-93cd-581d-bb2f-762b2d33a6d0,2025-11-18T08:00:00Z,system,2025-11-18T08:00:00Z,system,6a60a0cc-93c9-578a-a060-7d31baaa45fa,10,bbccc08a-f2c9-5ff6-a628-fb59284b03ec,1.100,SET,152.99,CAD,168.29,2025-12-07,fc7320b4-3a35-58dc-9d30-2b2613c4351c,1.100,
fd4fb661-15c2-5edf-aacd-f89391e5debf,2025-11-18T08:00:00Z,system,2025-11-18T08:00:00Z,system,6a60a0cc-93c9-578a-a060-7d31baaa45fa,20,7f697323-30b6-54c7-bac6-3b08c847d275,25.000,M,2942.44,CAD,73561.00,2025-12-07,be621771-5393-52ec-b753-46560a015533,25.000,Standard order line
a50ce445-f076-5002-8c68-fc811c891cfe,2025-11-18T08:00:00Z,system,2025-11-18T08:00:00Z,system,6a60a0cc-93c9-578a-a060-7d31baaa45fa,30,748d36d0-ad0a-5e2f-ae52-4b9bd4ac6a44,2.000,M,2777.87,CAD,5555.74,2025-12-07,7be1f391-949f-5591-ae62-b4318c0a2f76,2.000,
0297ac01-218b-58a6-82f7-5efb274d91fe,2025-11-18T08:00:00Z,system,2025-11-18T08:00:00Z,system,6a60a0cc-93c9-578a-a060-7d31baaa45fa,40,9f268dd5-b99b-5f85-935d-cd614d5d12ad,9.000,KG,40.04,CAD,360.36,2025-12-07,5d6223d8-e5fb-59e9-8262-90d19e7ce1e8,9.000,Quality inspection required
c1abb8c5-638d-5daf-b1ea-6671ae1d85ab,2025-11-18T08:00:00Z,system,2025-11-18T08:00:00Z,system,6a60a0cc-93c9-578a-a060-7d31baaa45fa,50,946b9def-1c5e-5d38-8f79-05db3b27b218,55.000,M,3578.29,CAD,196805.95,2025-12-07,203c4ee5-2d4b-5b68-b549-3a54f4b9c827,55.000,Framework agreement pricing
73892adc-7353-55da-8e14-493205721177,2025-11-01T08:00:00Z,system,2025-11-01T08:00:00Z,system,016c8e2e-cd74-5e1f-a74b-022bb567f97c,10,ffad296f-4b1b-50b0-b7ea-693c82ec1839,4.500,M,683.97,EUR,3077.87,2025-12-07,c5b1e3fa-d632-5235-a023-6cf8c986632c,4.500,Quality inspection required
fb7493af-619f-5b84-980b-341bf476c6eb,2025-11-01T08:00:00Z,system,2025-11-01T08:00:00Z,system,016c8e2e-cd74-5e1f-a74b-022bb567f97c,20,9f72fcd8-0de5-52ab-8f85-0c7e59529a02,150.000,EA,380.62,EUR,57093.00,2025-12-07,d18c1975-ff9d-5b5c-ba9d-832c2d0c6a53,150.000,Quality inspection required
6fb1897b-511a-5b3b-8a9b-cae218b1275c,2025-11-01T08:00:00Z,system,2025-11-01T08:00:00Z,system,016c8e2e-cd74-5e1f-a74b-022bb567f97c,30,9ee6432b-6595-54db-87c7-de231a6076c8,2.000,EA,177.40,EUR,354.80,2025-12-07,5f4d8ff3-125e-5e50-b4c4-ab58c9a66420,2.000,Framework agreement pricing
17a74adf-4584-5f32-bf4a-4a12b6db0722,2025-11-01T08:00:00Z,system,2025-11-01T08:00:00Z,system,016c8e2e-cd74-5e1f-a74b-022bb567f97c,40,cc5afda5-c29c-592b-ab4e-304a522f6af7,45.000,L,1392.60,EUR,62667.00,2025-12-07,04edc421-9c44-54f5-b625-37ff5177f745,45.000,
a5245526-1a8c-5ef7-a465-cfac6ab8cc18,2025-11-01T08:00:00Z,system,2025-11-01T08:00:00Z,system,016c8e2e-cd74-5e1f-a74b-022bb567f97c,50,f74e00d0-5597-5c85-9d8e-7ce030bdb99d,2.000,EA,911.53,EUR,1823.06,2025-12-07,0c1f90af-0579-5a7e-96e7-89e111247919,2.000,Framework agreement pricing
8fa618fc-2bf3-5ca6-9ca8-c73bb84b6eb7,2026-05-26T08:00:00Z,system,2026-05-26T08:00:00Z,system,9d1e95cd-66ae-5090-8cd5-dfa4cb5348cb,10,11bcb360-c513-556e-a8ed-3b43d3afbb6d,1.000,L,2263.67,EUR,2263.67,2026-07-27,23499549-a9b2-5cae-8762-a809ca7bfe79,1.000,Quality inspection required
9b1b77af-00b5-53d8-92ef-2c7aaeb71d69,2026-05-26T08:00:00Z,system,2026-05-26T08:00:00Z,system,9d1e95cd-66ae-5090-8cd5-dfa4cb5348cb,20,7a0573af-19d9-5fce-a1fb-edef3b2a16d3,25.000,EA,1832.76,EUR,45819.00,2026-07-27,042cdf8f-8b51-5031-bf1a-f2d7057fc7b2,25.000,Framework agreement pricing
f9d41b7f-ac13-5a67-8692-4bd30e8ba8ea,2026-05-26T08:00:00Z,system,2026-05-26T08:00:00Z,system,9d1e95cd-66ae-5090-8cd5-dfa4cb5348cb,30,ef275a33-8e1e-5f24-916e-3b7ac4715837,45.000,KG,24.46,EUR,1100.70,2026-07-27,c6e61bac-303a-5505-b1e8-55009925fe1e,45.000,Quality inspection required
e1533d23-ab8e-56ad-88c1-af5cd3a43282,2026-05-26T08:00:00Z,system,2026-05-26T08:00:00Z,system,9d1e95cd-66ae-5090-8cd5-dfa4cb5348cb,40,11bcb360-c513-556e-a8ed-3b43d3afbb6d,5.000,L,2022.55,EUR,10112.75,2026-07-27,16a1521e-453c-5ab4-a330-67357f4dd135,5.000,Expedited delivery
c9432695-fa40-541e-a73c-d30c16f1aa3b,2026-05-05T08:00:00Z,system,2026-05-05T08:00:00Z,system,5b41b462-bac4-5882-84ba-bceb15a2dfcb,10,384f66ad-b02f-5061-83cb-3ace1601e8d3,4.500,SET,7316.56,PLN,32924.52,2026-06-28,fee1dad0-94a6-56e4-b992-54a4fd031f86,0.000,Expedited delivery
b2ae7700-36ff-5f6c-b929-eb89b1e96bb6,2026-05-05T08:00:00Z,system,2026-05-05T08:00:00Z,system,5b41b462-bac4-5882-84ba-bceb15a2dfcb,20,fb8c381b-c548-5976-8e12-26f8e47df79d,75.000,KG,42.18,PLN,3163.50,2026-06-28,c4f248b7-74d9-5b16-82ba-fcbe4030c89d,0.000,Framework agreement pricing
30d8d4c3-d928-5589-88bc-47234b4d1350,2026-05-05T08:00:00Z,system,2026-05-05T08:00:00Z,system,5b41b462-bac4-5882-84ba-bceb15a2dfcb,30,4c30fa9e-b4c6-593b-975f-b5c99a3fa9b1,150.000,M,2349.76,PLN,352464.00,2026-06-28,2a720192-d0e9-5bbf-9c14-725d2502c88f,0.000,Quality inspection required
3783e30a-0ae4-5e3a-830c-d55f2fb3614c,2026-06-24T08:00:00Z,system,2026-06-24T08:00:00Z,system,01b1076e-e2c0-5c89-830c-00f8f40b3cb1,10,33b58793-6f12-50d8-b5ed-f4aaefc6d3f0,10.000,M,70.09,EUR,700.90,2026-07-19,e5ff747b-0cf4-5bc1-9e22-0bbe6ae0b231,10.000,Expedited delivery
9160bc8b-c46a-55c7-9048-8163afa8358b,2026-06-24T08:00:00Z,system,2026-06-24T08:00:00Z,system,01b1076e-e2c0-5c89-830c-00f8f40b3cb1,20,cfcda226-532c-599e-8ba1-da4625eb5246,2.000,EA,1962.43,EUR,3924.86,2026-07-19,55e9a6b9-53fb-588c-98ab-8f8b7af3a24b,2.000,Framework agreement pricing
9d21e7d6-9840-59fd-9614-f1690b9b6660,2026-06-24T08:00:00Z,system,2026-06-24T08:00:00Z,system,01b1076e-e2c0-5c89-830c-00f8f40b3cb1,30,5638f460-1932-50d2-8453-a3cf94aaa992,25.000,SET,2240.44,EUR,56011.00,2026-07-19,17284061-f432-5871-bfdf-6f1849d0d82d,25.000,Standard order line
ae8580fe-ba28-5d07-beb6-2e62ea224ebe,2026-06-24T08:00:00Z,system,2026-06-24T08:00:00Z,system,01b1076e-e2c0-5c89-830c-00f8f40b3cb1,40,e78a29f5-6b77-5c64-a898-2ef9faf92f91,20.000,KG,18.60,EUR,372.00,2026-07-19,322aef28-f2ea-5e74-9fe9-f9c6e932945c,20.000,Expedited delivery
07a5a3f7-0618-5761-82c8-44337519a0d7,2026-06-24T08:00:00Z,system,2026-06-24T08:00:00Z,system,01b1076e-e2c0-5c89-830c-00f8f40b3cb1,50,7a0573af-19d9-5fce-a1fb-edef3b2a16d3,20.000,EA,1869.81,EUR,37396.20,2026-07-19,776541a4-7db0-508c-a422-e8a9070d2c81,20.000,Expedited delivery
c047aa37-e58e-5c89-b1d4-a5ceb15d7fcc,2026-02-15T08:00:00Z,system,2026-02-15T08:00:00Z,system,cd773ed3-ff79-5aaf-a63d-d49519b0f53a,10,c95f5935-922a-5171-a5e9-dde46f32a83d,50.000,KG,369.99,SEK,18499.50,2026-03-03,a305a49f-f992-5130-a085-d1c94a6dad4f,0.000,Expedited delivery
6cc3be86-5270-556f-ba3f-eb1b722f69d6,2026-02-15T08:00:00Z,system,2026-02-15T08:00:00Z,system,cd773ed3-ff79-5aaf-a63d-d49519b0f53a,20,6c7c41de-f18d-5d68-9697-8f8c32cb9e5e,9.000,M,18834.48,SEK,169510.32,2026-03-03,b424b079-0007-5002-9c89-9876441e8f5f,0.000,Expedited delivery
012ea8c6-42b2-5fa9-8c6f-e29b86664cd2,2026-02-15T08:00:00Z,system,2026-02-15T08:00:00Z,system,cd773ed3-ff79-5aaf-a63d-d49519b0f53a,30,de05430c-0d15-5267-a70a-983b7ffb5638,200.000,M,14083.23,SEK,2816646.00,2026-03-03,a469d1f8-6dd6-5dff-b431-e0a990f14456,0.000,Standard order line
18e2e30f-61db-513c-8b36-5bb176175b3b,2026-02-15T08:00:00Z,system,2026-02-15T08:00:00Z,system,cd773ed3-ff79-5aaf-a63d-d49519b0f53a,40,d80537fd-c1c9-5741-8e8d-02dd52dc79bd,25.000,KG,252.26,SEK,6306.50,2026-03-03,e575db3b-a4a7-5a30-866e-b6ce8056ff00,0.000,
eabf2a6f-2469-5905-a881-8f808af67a10,2025-11-29T08:00:00Z,system,2025-11-29T08:00:00Z,system,bd3c692a-5dcc-5445-be29-3bc5f546bdf9,10,5de012ce-db52-52e5-a612-6e2c3c02623a,110.000,SET,1691.58,CAD,186073.80,2026-01-28,9d814243-82a0-5755-bc43-cac67f3b96b9,110.000,Framework agreement pricing
14d092f7-73bd-591b-93bc-48245cc5fa2b,2025-11-29T08:00:00Z,system,2025-11-29T08:00:00Z,system,bd3c692a-5dcc-5445-be29-3bc5f546bdf9,20,5e0e22e5-d386-54e2-bfeb-2492f8c12bc4,50.000,L,3061.21,CAD,153060.50,2026-01-28,b8a08d78-2987-599a-8a65-705dc60b9e7b,50.000,
80acbab2-c86b-555c-ac84-8fac150a816d,2026-05-14T08:00:00Z,system,2026-05-14T08:00:00Z,system,eed7e896-d181-5bdf-8c16-8f5d19da3168,10,240a2ec2-b97a-51d0-9b66-a85819e5025e,50.000,SET,1561.03,EUR,78051.50,2026-06-22,34997365-f743-5b8e-9dbd-4ef1c17c1c49,50.000,Expedited delivery
1008a658-dbf3-5016-8499-a122ca95c46c,2026-05-14T08:00:00Z,system,2026-05-14T08:00:00Z,system,eed7e896-d181-5bdf-8c16-8f5d19da3168,20,dc089f09-34df-5a3e-bedb-2c2e0f21465e,75.000,L,1388.61,EUR,104145.75,2026-06-22,2b82e04f-6af2-5413-9a1a-2f6f521e99c8,75.000,Standard order line
a1271eef-934f-5683-9226-62fd17f49cf2,2026-05-14T08:00:00Z,system,2026-05-14T08:00:00Z,system,eed7e896-d181-5bdf-8c16-8f5d19da3168,30,4c1fad4a-cd24-54cd-b60f-f4fc7907b672,1.800,KG,34.83,EUR,62.69,2026-06-22,710eb9c4-fc73-5f90-8093-a72bbcc2e777,1.800,Quality inspection required
08e707ba-4d51-58bb-b002-355ed5915d11,2026-05-14T08:00:00Z,system,2026-05-14T08:00:00Z,system,eed7e896-d181-5bdf-8c16-8f5d19da3168,40,76540a83-8375-53ea-a170-4e4e171d11cd,25.000,KG,25.91,EUR,647.75,2026-06-22,168b2df6-fdd2-5f36-9b9c-c38dd8386a6e,25.000,Framework agreement pricing
f965f891-54e0-51dc-a17a-3da56c885abf,2026-05-14T08:00:00Z,system,2026-05-14T08:00:00Z,system,eed7e896-d181-5bdf-8c16-8f5d19da3168,50,6b8b9c0c-ca33-51c4-9164-471f4abb4160,5.500,BOX,1625.89,EUR,8942.40,2026-06-22,eab4055c-93a9-5005-a4f6-1e9062004892,5.500,Standard order line
b1ab8578-009e-5eee-9957-5a04aeed8221,2026-05-12T08:00:00Z,system,2026-05-12T08:00:00Z,system,27aeeeeb-5612-5735-868c-1cc9e02aef93,10,6d2735d4-0448-53f2-b4da-81a2b822e099,1.000,KG,40.43,CAD,40.43,2026-07-08,f994e801-b5c4-5570-a2af-0e3d5645d2e6,1.000,Quality inspection required
149239e8-5092-5c1f-803a-7a754e0c8361,2026-05-12T08:00:00Z,system,2026-05-12T08:00:00Z,system,27aeeeeb-5612-5735-868c-1cc9e02aef93,20,596f3822-e07b-55ed-bd48-239fb3db0e77,45.000,KG,41.38,CAD,1862.10,2026-07-08,76c3a750-ccc7-5293-85e0-57a535837bda,45.000,Standard order line
c4025ca7-535a-5eff-accb-de9879fc440d,2026-05-12T08:00:00Z,system,2026-05-12T08:00:00Z,system,27aeeeeb-5612-5735-868c-1cc9e02aef93,30,1b30f45e-0d32-58be-8b74-c6b2411df44a,20.000,EA,3373.30,CAD,67466.00,2026-07-08,d79889c9-60a0-5066-9b81-ef3b733b3d16,20.000,
30f6045c-6cf5-56b8-a630-ba4f32019c37,2026-05-12T08:00:00Z,system,2026-05-12T08:00:00Z,system,27aeeeeb-5612-5735-868c-1cc9e02aef93,40,5464a7bf-73cd-5738-b7f9-01c417006d3e,50.000,EA,2777.50,CAD,138875.00,2026-07-08,74072b8e-39f2-55f9-89fb-a8f800f77434,50.000,Quality inspection required
35a9b452-1018-5d9c-bdd8-3c98eaf2f7b7,2026-05-26T08:00:00Z,system,2026-05-26T08:00:00Z,system,ade8a01e-6f03-5274-b065-162e902de700,10,b7445b03-ff12-5031-afe2-33e925c82fd3,200.000,BOX,343.39,EUR,68678.00,2026-06-16,a49f0e9c-5395-50ac-869e-9e785ef6928f,10.683,Expedited delivery
087060ae-a288-5cb2-8d2b-911cf386d17d,2026-05-26T08:00:00Z,system,2026-05-26T08:00:00Z,system,ade8a01e-6f03-5274-b065-162e902de700,20,25d66eb3-16e0-54c3-bcbc-0f87d2c22b95,220.000,EA,749.28,EUR,164841.60,2026-06-16,735c39a9-e478-50ed-a7f6-28a834dc3161,28.221,Standard order line
140feb45-f977-5ca9-9f07-c0b6e2008e89,2026-05-26T08:00:00Z,system,2026-05-26T08:00:00Z,system,ade8a01e-6f03-5274-b065-162e902de700,30,a46103e7-a245-5eef-af4b-854671431c6b,135.000,M,2084.12,EUR,281356.20,2026-06-16,857675ac-7862-5978-ab19-9b66cfd77bdd,33.420,Expedited delivery
29a4002a-cf9c-5c55-9a8b-33b073a3c271,2026-03-25T08:00:00Z,system,2026-03-25T08:00:00Z,system,67d9cd82-b5cf-5758-99db-8299b5cc6600,10,3b977897-9c14-59e5-a889-922436cc6be2,1.000,EA,429.84,GBP,429.84,2026-05-22,88907310-4e10-5b89-aa95-04e042b50b59,1.000,Framework agreement pricing
0de94319-0f91-5109-9fd3-32f1b6932db1,2026-03-25T08:00:00Z,system,2026-03-25T08:00:00Z,system,67d9cd82-b5cf-5758-99db-8299b5cc6600,20,5464a7bf-73cd-5738-b7f9-01c417006d3e,50.000,EA,1454.07,GBP,72703.50,2026-05-22,74072b8e-39f2-55f9-89fb-a8f800f77434,50.000,
03f449fe-7e5c-5f71-b15a-953aa6efc70a,2026-03-25T08:00:00Z,system,2026-03-25T08:00:00Z,system,67d9cd82-b5cf-5758-99db-8299b5cc6600,30,9e7b19d9-c9c7-562c-b69b-23994f239c49,50.000,EA,807.03,GBP,40351.50,2026-05-22,b36edd1a-fe00-5f26-9c97-f8490f249cfd,50.000,
6bcc016f-18c4-545f-a408-e6ae3bae1041,2026-03-25T08:00:00Z,system,2026-03-25T08:00:00Z,system,67d9cd82-b5cf-5758-99db-8299b5cc6600,40,5de012ce-db52-52e5-a612-6e2c3c02623a,200.000,SET,1014.98,GBP,202996.00,2026-05-22,34b7af17-4498-5330-95e3-1fbd87d8d9b3,200.000,Standard order line
e967d7fd-1e64-51f8-bfc2-3b2ec5fdd0ca,2026-07-03T08:00:00Z,system,2026-07-03T08:00:00Z,system,0f54aa30-4239-544f-88d7-50100d7af378,10,4d8b3cb8-4991-55ac-afa4-443fd1749bfb,10.000,KG,95.11,PLN,951.10,2026-08-23,ccee2761-b50f-548f-b6a1-d818bb16cae7,0.000,Expedited delivery
2a67c0f0-90c8-5aa9-acfe-cb12ebb5cd00,2026-07-03T08:00:00Z,system,2026-07-03T08:00:00Z,system,0f54aa30-4239-544f-88d7-50100d7af378,20,00a24b8a-d6ef-5fd9-b832-024cf1e9f1b5,100.000,EA,4955.83,PLN,495583.00,2026-08-23,99444d0f-3044-580c-883a-c5577279a4c7,0.000,Quality inspection required
aa9bd583-5fdf-544e-af9b-db8282dd9743,2026-07-03T08:00:00Z,system,2026-07-03T08:00:00Z,system,0f54aa30-4239-544f-88d7-50100d7af378,30,4c30fa9e-b4c6-593b-975f-b5c99a3fa9b1,1.800,M,2301.51,PLN,4142.72,2026-08-23,af9d6792-6d81-5c2d-bae8-22e044deead4,0.000,Expedited delivery
c80b6a89-7ecc-584f-afa9-5765f1441392,2026-07-03T08:00:00Z,system,2026-07-03T08:00:00Z,system,0f54aa30-4239-544f-88d7-50100d7af378,40,893944a0-a713-5323-888a-1702113e176d,180.000,KG,86.67,PLN,15600.60,2026-08-23,2671b4ab-75db-57f8-8158-559e5e4cba49,0.000,Framework agreement pricing
8caa41bb-5524-5a27-b892-2fd5bb9ad9a1,2026-02-01T08:00:00Z,system,2026-02-01T08:00:00Z,system,c1d04a38-ec92-5c44-ad9c-6d656c0a4705,10,4d7c024a-2045-5e6d-bce5-30a3caf00779,1.000,EA,1034.39,CHF,1034.39,2026-02-24,9bb2903a-2c31-5aba-8d8c-822e7470da9b,1.000,Quality inspection required
acf149e5-922b-54f5-977b-4f70c49cd963,2026-02-01T08:00:00Z,system,2026-02-01T08:00:00Z,system,c1d04a38-ec92-5c44-ad9c-6d656c0a4705,20,d1656ddc-1679-5818-bc75-a4cf9404839a,67.500,M,155.22,CHF,10477.35,2026-02-24,7cf73f9f-fb62-53b7-b7e0-6cd3dfaaf5fb,67.500,Quality inspection required
962e627d-ebc1-5f4a-a63a-a191d3421ce0,2026-02-01T08:00:00Z,system,2026-02-01T08:00:00Z,system,c1d04a38-ec92-5c44-ad9c-6d656c0a4705,30,6be44d6c-c457-5100-971c-5640df33eb4b,9.000,SET,470.31,CHF,4232.79,2026-02-24,b2b1ae1a-d40c-5b04-ad0e-7187781a203a,9.000,Quality inspection required
0bff3207-7260-5a4b-8c1f-70ab98f9179b,2025-10-14T08:00:00Z,system,2025-10-14T08:00:00Z,system,0a0ac4a5-0999-5f2f-b00d-ae5a540bce50,10,3a0a1e49-476a-536d-b162-93bd126b8104,100.000,L,1933.84,EUR,193384.00,2025-11-14,67e55e16-34e4-5976-be6b-64d3690799a7,0.000,Expedited delivery
3fe95cb8-714e-5e17-8ba9-5d94096d9f60,2025-10-14T08:00:00Z,system,2025-10-14T08:00:00Z,system,0a0ac4a5-0999-5f2f-b00d-ae5a540bce50,20,d0cb5824-8127-5ca6-8364-98b5469fc7c7,135.000,EA,1191.38,EUR,160836.30,2025-11-14,cb643f4e-c266-57af-8154-d8d4f9063df8,0.000,Expedited delivery
67b5a6f7-8a53-550e-b5c4-91aef3164046,2025-10-14T08:00:00Z,system,2025-10-14T08:00:00Z,system,0a0ac4a5-0999-5f2f-b00d-ae5a540bce50,30,4b2dee46-41cf-5eee-b0e3-93ee894cef45,135.000,SET,2045.23,EUR,276106.05,2025-11-14,8f9ca200-0a8b-5c5a-a49f-5d480f05e3a7,0.000,Expedited delivery
49570678-f7e4-5ff7-b3c8-a30274d6add0,2025-10-14T08:00:00Z,system,2025-10-14T08:00:00Z,system,0a0ac4a5-0999-5f2f-b00d-ae5a540bce50,40,8e000456-a6ac-57d9-b9cb-0522d8da4203,22.500,KG,17.33,EUR,389.92,2025-11-14,09c9fb92-8ad9-56ee-8c86-91383ab2aadc,0.000,Standard order line
ab86de2f-7eaa-5f01-8ee1-7753a169ca4c,2025-10-02T08:00:00Z,system,2025-10-02T08:00:00Z,system,aca19b61-163c-5e42-92f8-a493c5cdccff,10,70c1e335-53e1-5df8-b343-82e92d1eab19,200.000,M,2371.75,CZK,474350.00,2025-10-10,ee1d0060-435b-516d-ba1a-9f168e70344f,200.000,
0fb58b9e-2a7c-5000-8c3f-c2798fe4f242,2025-10-02T08:00:00Z,system,2025-10-02T08:00:00Z,system,aca19b61-163c-5e42-92f8-a493c5cdccff,20,3c91ccd6-92b6-5bb1-a450-2e87cd24008e,135.000,L,2865.81,CZK,386884.35,2025-10-10,4ca8e73d-87b7-53f6-bab0-58651bc17c89,135.000,Standard order line
26300e81-1e30-54b7-b9dc-2421461b258c,2025-12-13T08:00:00Z,system,2025-12-13T08:00:00Z,system,f9a0829f-12a4-5ee4-b41e-9bd984e557f4,10,33565d42-f2c6-5728-b582-d95f8618e410,75.000,BOX,5150.02,PLN,386251.50,2025-12-31,acf2ee54-b87c-56fb-81c4-7d7e0c3b1622,0.000,
415460c1-3695-59cb-8008-688ba22f806f,2025-12-13T08:00:00Z,system,2025-12-13T08:00:00Z,system,f9a0829f-12a4-5ee4-b41e-9bd984e557f4,20,48cb4f21-8c1b-5570-a07c-08c09fbf0ce6,20.000,SET,3440.28,PLN,68805.60,2025-12-31,c03edca9-220d-53b8-a4f6-6f6c2c6ebc3d,0.000,Quality inspection required
5ae04c43-017a-5a83-934f-eed4a53519d9,2025-12-13T08:00:00Z,system,2025-12-13T08:00:00Z,system,f9a0829f-12a4-5ee4-b41e-9bd984e557f4,30,d80537fd-c1c9-5741-8e8d-02dd52dc79bd,110.000,KG,103.65,PLN,11401.50,2025-12-31,2e5ec624-2c28-5a20-bdc3-a1098b744db7,0.000,
7e559c9d-cc75-520f-b141-6f595196cd7d,2025-12-13T08:00:00Z,system,2025-12-13T08:00:00Z,system,f9a0829f-12a4-5ee4-b41e-9bd984e557f4,40,4c1fad4a-cd24-54cd-b60f-f4fc7907b672,1.800,KG,130.81,PLN,235.46,2025-12-31,710eb9c4-fc73-5f90-8093-a72bbcc2e777,0.000,Framework agreement pricing
b219ce7a-27c6-5999-9fc4-7716bca51f97,2025-12-13T08:00:00Z,system,2025-12-13T08:00:00Z,system,f9a0829f-12a4-5ee4-b41e-9bd984e557f4,50,8ffbee35-114e-52c9-982d-47f2ee96df4a,5.500,EA,3031.86,PLN,16675.23,2025-12-31,6dbd8744-866f-5b7c-b587-bf868d97276f,0.000,
cc8e50c1-3b07-5ed8-9ead-2b194df815d9,2025-10-06T08:00:00Z,system,2025-10-06T08:00:00Z,system,51c7a637-5d1c-5d2c-b555-11d9b6994b42,10,5ed4476d-3306-5591-960f-4c8a96c6dae8,135.000,BOX,1812.00,EUR,244620.00,2025-11-10,7d62d4e6-9776-50d6-9e5f-687130f8dcd3,135.000,Quality inspection required
81058fb4-7fe7-5f7d-ba83-b19a11ad4e7e,2025-10-06T08:00:00Z,system,2025-10-06T08:00:00Z,system,51c7a637-5d1c-5d2c-b555-11d9b6994b42,20,b7445b03-ff12-5031-afe2-33e925c82fd3,5.000,BOX,322.30,EUR,1611.50,2025-11-10,c9fcd86b-8485-56ae-bb93-599a78a2d84d,5.000,Standard order line
cdad7b6d-2684-5d33-b259-f9eab1a1ac95,2026-04-29T08:00:00Z,system,2026-04-29T08:00:00Z,system,80eb4402-ac31-5db8-8404-67b3673aaca3,10,3dc01e32-c4f9-591d-bf47-70af97b27acc,25.000,BOX,1220.29,EUR,30507.25,2026-07-04,a103d68e-7808-56ae-814a-4e980c767d4b,25.000,Quality inspection required
f56d23a2-be62-5ea1-bd6a-bc39c01ed0ab,2026-04-29T08:00:00Z,system,2026-04-29T08:00:00Z,system,80eb4402-ac31-5db8-8404-67b3673aaca3,20,62a2158d-64d0-547a-b140-23e19a0b0820,25.000,BOX,1529.68,EUR,38242.00,2026-07-04,3c8ad59b-3603-5835-9f9f-04f235a4f46c,25.000,Framework agreement pricing
4fba22d8-742e-5b92-9c1d-dae99944c3e6,2026-04-29T08:00:00Z,system,2026-04-29T08:00:00Z,system,80eb4402-ac31-5db8-8404-67b3673aaca3,30,9c244d41-3489-5976-bcdb-b0d76c2237a9,1.000,KG,26.06,EUR,26.06,2026-07-04,cbdb476c-11ac-5353-8fef-d9c7cf5727b3,1.000,Framework agreement pricing
2555d5a3-88e6-5013-91f6-1c3785786c27,2026-04-29T08:00:00Z,system,2026-04-29T08:00:00Z,system,80eb4402-ac31-5db8-8404-67b3673aaca3,40,9c2269ae-4d62-5146-b30e-9e301d4108b0,200.000,EA,618.75,EUR,123750.00,2026-07-04,cd2ab6cd-379f-587d-902d-199d74e11645,200.000,Quality inspection required
82d6c32d-873e-5fb0-96ad-862c23a510ea,2026-06-08T08:00:00Z,system,2026-06-08T08:00:00Z,system,0935a9b2-76b3-53d9-8946-5cd2ba5338db,10,bb0b52d6-caeb-5f0b-8479-76c4c50869c1,200.000,KG,4.41,EUR,882.00,2026-08-06,33f0d569-3e01-58d3-a007-b3284421121b,200.000,Expedited delivery
2731ab5b-c170-52cd-858e-e2e2e97a89f0,2026-06-08T08:00:00Z,system,2026-06-08T08:00:00Z,system,0935a9b2-76b3-53d9-8946-5cd2ba5338db,20,ea35d05e-923f-559e-ad86-6b140ec0bcfd,75.000,KG,1.71,EUR,128.25,2026-08-06,039ebc58-4190-5bae-b832-8cc1be12046b,75.000,Framework agreement pricing
50d7b67e-1957-53af-9772-c28401071110,2026-02-06T08:00:00Z,system,2026-02-06T08:00:00Z,system,f1656f84-86c4-5656-b02b-2755a8f255d0,10,0c9f0a42-1ac7-5282-b469-b088f77d7e6d,4.500,BOX,27364.42,CZK,123139.89,2026-04-03,f1bd27d0-93aa-587f-94c5-c83a16aab05e,2.960,
2809a2ed-b2ca-5c55-93cd-40cb93c26daf,2026-02-06T08:00:00Z,system,2026-02-06T08:00:00Z,system,f1656f84-86c4-5656-b02b-2755a8f255d0,20,272957c5-680c-5583-a4ae-d8350def996c,4.500,BOX,41943.51,CZK,188745.80,2026-04-03,b8986586-ad6d-5e6a-883d-582e214d667b,2.135,Quality inspection required
4ba15dbe-dd86-5fe2-baaa-1486ce6bfd9c,2026-02-06T08:00:00Z,system,2026-02-06T08:00:00Z,system,f1656f84-86c4-5656-b02b-2755a8f255d0,30,35918af3-0428-5cb5-b70c-3960424df494,55.000,KG,484.89,CZK,26668.95,2026-04-03,e4b43c0a-ec76-5bf1-9266-a0fc1ab8e687,8.815,Framework agreement pricing
bc5789c4-be25-5434-9d76-cab8836ceb96,2026-02-06T08:00:00Z,system,2026-02-06T08:00:00Z,system,f1656f84-86c4-5656-b02b-2755a8f255d0,40,1279ded7-a3ce-5c62-b799-bc522c58f6c5,1.800,KG,380.50,CZK,684.90,2026-04-03,ee294ff8-e20d-5007-9593-a03f8192f5df,0.596,Expedited delivery
651afb91-03c9-54ba-ac22-69c00ba7b543,2026-02-04T08:00:00Z,system,2026-02-04T08:00:00Z,system,aa089608-1804-560d-b430-7dad2f8b65a6,10,dc06185f-0801-58aa-86b9-6df5bf774217,5.500,L,761.67,EUR,4189.18,2026-03-27,099c33cb-bc0d-527e-9ad7-d4f97f8d8c55,5.500,Quality inspection required
37cec61e-7ec2-53bc-8811-8131a6266b32,2026-02-04T08:00:00Z,system,2026-02-04T08:00:00Z,system,aa089608-1804-560d-b430-7dad2f8b65a6,20,33a77c1e-2f02-54f3-aaf8-2d033e03a54f,27.500,EA,291.35,EUR,8012.13,2026-03-27,aee805a3-e58e-5d29-8202-9c96e964cae4,27.500,
54cb6eda-14f2-5ccc-9a3d-de108b96f580,2026-07-26T08:00:00Z,system,2026-07-26T08:00:00Z,system,f5f81b28-e332-54d3-b6c2-9e233982911f,10,8a9aca99-35d6-5da5-8c10-babbacfc2c60,135.000,BOX,18469.73,CZK,2493413.55,2026-08-17,29f5a9c4-c2c4-5453-807d-5f72e3897484,135.000,Quality inspection required
4a807519-7d21-5052-a56f-3e744108b380,2026-07-26T08:00:00Z,system,2026-07-26T08:00:00Z,system,f5f81b28-e332-54d3-b6c2-9e233982911f,20,4510bf5d-95b5-5a36-8ecf-d02e870154c9,1.800,KG,144.49,CZK,260.08,2026-08-17,b35b94de-41af-5f61-9445-ec686202a630,1.800,
a4c32833-57bc-5a1c-8273-567685ec132f,2026-07-26T08:00:00Z,system,2026-07-26T08:00:00Z,system,f5f81b28-e332-54d3-b6c2-9e233982911f,30,6f137624-ae20-5016-9d90-8e735016ca60,9.000,BOX,49549.38,CZK,445944.42,2026-08-17,7c35b0da-c37b-5bd8-af2c-6c865c3e8658,9.000,Standard order line
25c90b58-263b-5a3d-9828-771f4c3b3590,2026-07-26T08:00:00Z,system,2026-07-26T08:00:00Z,system,f5f81b28-e332-54d3-b6c2-9e233982911f,40,e78a29f5-6b77-5c64-a898-2ef9faf92f91,20.000,KG,459.36,CZK,9187.20,2026-08-17,322aef28-f2ea-5e74-9fe9-f9c6e932945c,20.000,Standard order line
45eed174-08bc-57ff-ac68-14a356d76fc7,2026-07-26T08:00:00Z,system,2026-07-26T08:00:00Z,system,f5f81b28-e332-54d3-b6c2-9e233982911f,50,bd5e7023-209e-5ff1-a2af-9de8ff638d16,25.000,EA,54731.90,CZK,1368297.50,2026-08-17,062df676-d6ea-5b5a-8331-7cf259dad1e9,25.000,Framework agreement pricing
80692d52-969f-5f5b-b9a2-55d466431c90,2025-11-01T08:00:00Z,system,2025-11-01T08:00:00Z,system,93483fb7-8bc6-5494-89a3-2afc028c16e6,10,3aa391ce-4ff3-5173-9277-83ce43555c7c,20.000,L,170.25,CAD,3405.00,2025-11-11,50589768-56cf-5e6c-b308-a50a55ac4976,20.000,Framework agreement pricing
a6a59003-7474-5501-9191-587dd0a3d7d4,2025-11-01T08:00:00Z,system,2025-11-01T08:00:00Z,system,93483fb7-8bc6-5494-89a3-2afc028c16e6,20,18842f90-d5d5-59ad-837c-f13f2b55bb62,67.500,EA,1734.38,CAD,117070.65,2025-11-11,26943711-6989-565e-b14c-4ca4f0c6aae0,67.500,Expedited delivery
33f808cd-0196-55c3-b751-d100b0faa2af,2025-11-01T08:00:00Z,system,2025-11-01T08:00:00Z,system,93483fb7-8bc6-5494-89a3-2afc028c16e6,30,f84d7723-0164-5c03-952b-c6a6bd546739,90.000,EA,3639.95,CAD,327595.50,2025-11-11,c0e221c1-de39-57a1-9df6-fad1d9e82a4d,90.000,
f08cb8ad-4416-5c43-a63e-0a12b70ae335,2025-11-01T08:00:00Z,system,2025-11-01T08:00:00Z,system,93483fb7-8bc6-5494-89a3-2afc028c16e6,40,240a2ec2-b97a-51d0-9b66-a85819e5025e,18.000,SET,2121.71,CAD,38190.78,2025-11-11,7612d412-2854-5e31-95a4-78788533f68b,18.000,
9e7d59af-7c83-5184-88c5-c1df747c91a1,2025-10-27T08:00:00Z,system,2025-10-27T08:00:00Z,system,ae6947e6-245b-57e3-9705-2760433eff7a,10,60f8eac8-7f04-549c-a5f3-331eb9014d8a,200.000,SET,161.93,GBP,32386.00,2025-11-17,478f999f-dc5a-57ff-bd20-8b9aede576f2,0.000,
b42c93b5-b829-599d-acd2-4c08a89b2ed5,2025-10-27T08:00:00Z,system,2025-10-27T08:00:00Z,system,ae6947e6-245b-57e3-9705-2760433eff7a,20,7c9ec527-9eb0-52c4-b207-8cf0cae25caf,50.000,M,1746.26,GBP,87313.00,2025-11-17,23674f25-a01f-5365-a1b8-c79bd5b18c68,0.000,Expedited delivery
984cc4bf-f7d8-50ad-9223-1d869a4e23bd,2026-06-16T08:00:00Z,system,2026-06-16T08:00:00Z,system,c072651c-37a9-57eb-830b-90ae5671230c,10,433f80c2-05f6-5b18-bf74-adc19e89d6f1,2.000,BOX,2410.50,EUR,4821.00,2026-07-20,4254fc2f-7f79-5970-a15e-6184c46bb6c5,0.000,Framework agreement pricing
5a588261-c264-5178-9649-22a1ef0c53a4,2026-06-16T08:00:00Z,system,2026-06-16T08:00:00Z,system,c072651c-37a9-57eb-830b-90ae5671230c,20,dc06185f-0801-58aa-86b9-6df5bf774217,5.500,L,841.51,EUR,4628.31,2026-07-20,099c33cb-bc0d-527e-9ad7-d4f97f8d8c55,0.000,Expedited delivery
3e54c026-041d-53f5-bcd1-0c4e814033de,2026-06-16T08:00:00Z,system,2026-06-16T08:00:00Z,system,c072651c-37a9-57eb-830b-90ae5671230c,30,3e5204f6-3370-5c61-92de-50e60340d4c4,180.000,SET,976.64,EUR,175795.20,2026-07-20,d0f958cf-08a2-570e-a215-2897372000e6,0.000,Standard order line
48cf55f8-25f1-5f7c-b8ec-bd275b75a077,2026-06-16T08:00:00Z,system,2026-06-16T08:00:00Z,system,c072651c-37a9-57eb-830b-90ae5671230c,40,bd5e7023-209e-5ff1-a2af-9de8ff638d16,180.000,EA,2469.14,EUR,444445.20,2026-07-20,841490be-ff6e-5c7a-aea4-9dd10dfe3f14,0.000,
ca986122-c4c7-5b5b-9db0-07c4ca7fa61e,2026-06-16T08:00:00Z,system,2026-06-16T08:00:00Z,system,c072651c-37a9-57eb-830b-90ae5671230c,50,99390864-f827-5aef-be8a-287357eedb0f,10.000,BOX,1918.77,EUR,19187.70,2026-07-20,e9931198-1769-5a44-98f6-216fe052aa8b,0.000,Standard order line
dd19c9cc-26b5-59c2-b609-24797a000028,2026-01-21T08:00:00Z,system,2026-01-21T08:00:00Z,system,c6ade307-8642-5d0c-a097-2e806b43ea9f,10,ff7c211a-6fcd-5fa0-9ea1-713837b5f870,150.000,SET,18339.13,SEK,2750869.50,2026-03-19,00e9ab29-3613-5d3a-878f-16f0d1f096b9,0.000,Expedited delivery
5025bae3-38a9-5c91-ab00-5710c2d87552,2026-01-21T08:00:00Z,system,2026-01-21T08:00:00Z,system,c6ade307-8642-5d0c-a097-2e806b43ea9f,20,8f727bc4-c2d9-58aa-8c86-102424996793,18.000,SET,2532.50,SEK,45585.00,2026-03-19,8fbd2e6c-201b-5ffe-a294-52171722b33f,0.000,Framework agreement pricing
bc84c9b5-4728-5984-826c-adbfdbdc89d5,2026-01-21T08:00:00Z,system,2026-01-21T08:00:00Z,system,c6ade307-8642-5d0c-a097-2e806b43ea9f,30,06d90e5a-e269-5465-96ac-4d7026277e09,27.500,L,827.38,SEK,22752.95,2026-03-19,2043073b-d856-5910-abf4-9130f8b69c75,0.000,
881a88e9-1792-5464-a9cf-43019a63786b,2026-01-21T08:00:00Z,system,2026-01-21T08:00:00Z,system,c6ade307-8642-5d0c-a097-2e806b43ea9f,40,23ca3651-d389-5646-8a4d-d24fb3e26384,5.000,SET,22918.77,SEK,114593.85,2026-03-19,fe3d9c6c-5bcb-57a9-bb56-28de3df99665,0.000,Framework agreement pricing
a9cfc2d4-e231-5c37-9388-5bd5cc196b64,2026-01-21T08:00:00Z,system,2026-01-21T08:00:00Z,system,c6ade307-8642-5d0c-a097-2e806b43ea9f,50,4cb50627-8198-5765-9d5a-9d272c8ce58b,10.000,M,8383.03,SEK,83830.30,2026-03-19,6f632a29-4f24-5dba-bcd0-c85671a3c073,0.000,
949b5082-fa15-5b1f-a4e1-ab367eed8c62,2026-03-30T08:00:00Z,system,2026-03-30T08:00:00Z,system,974efaed-504c-537d-a45a-6029d4c69b7d,10,33b58793-6f12-50d8-b5ed-f4aaefc6d3f0,1.000,M,61.55,GBP,61.55,2026-04-07,62d21060-6ddc-5181-9c19-efa8ba14c792,0.000,Standard order line
1ea80a57-822f-5f6d-9180-cc0cb5e24691,2026-03-30T08:00:00Z,system,2026-03-30T08:00:00Z,system,974efaed-504c-537d-a45a-6029d4c69b7d,20,b814d1af-9d7a-58a3-bcbc-2613f354645c,27.500,L,1000.11,GBP,27503.03,2026-04-07,fa272c09-b690-53f4-bdcd-50b2ff764c57,0.000,Standard order line
a8debbea-15c1-5176-9825-ecd34aaddb85,2026-03-30T08:00:00Z,system,2026-03-30T08:00:00Z,system,974efaed-504c-537d-a45a-6029d4c69b7d,30,cb6ffa8f-0fe6-5b74-b902-9c455baa0e7f,27.500,BOX,191.16,GBP,5256.90,2026-04-07,be035bd7-1249-5cc5-8761-facc5f4b2e02,0.000,Expedited delivery
7ec2e0af-e665-5d09-b446-188c7c94446a,2026-03-30T08:00:00Z,system,2026-03-30T08:00:00Z,system,974efaed-504c-537d-a45a-6029d4c69b7d,40,23ca3651-d389-5646-8a4d-d24fb3e26384,10.000,SET,1988.81,GBP,19888.10,2026-04-07,d33bb442-ee6b-531c-9da8-7672ff2be43e,0.000,Quality inspection required
6024c3c1-3101-5f72-98b1-612d97c97615,2026-03-30T08:00:00Z,system,2026-03-30T08:00:00Z,system,974efaed-504c-537d-a45a-6029d4c69b7d,50,a09d3b3c-22f6-56c6-93d4-2863d0444e94,27.500,L,1342.12,GBP,36908.30,2026-04-07,14c2f52a-f538-5811-ae00-a177bfbd240b,0.000,
b1cddedf-9b61-57b4-a0ff-c5ec41ea02e5,2025-10-10T08:00:00Z,system,2025-10-10T08:00:00Z,system,56d32d3b-9fcb-5821-bfee-774058e6ba43,10,33b58793-6f12-50d8-b5ed-f4aaefc6d3f0,1.000,M,70.80,EUR,70.80,2025-11-20,407f0e9f-114c-5c00-a8ac-d25517748459,1.000,Quality inspection required
78886289-2eca-5529-81ac-f13958f987b9,2025-10-10T08:00:00Z,system,2025-10-10T08:00:00Z,system,56d32d3b-9fcb-5821-bfee-774058e6ba43,20,a38ef102-6bca-5f5b-be2f-047c1623d7ef,200.000,EA,2128.85,EUR,425770.00,2025-11-20,0a43349e-f1f0-51e2-89a7-3cce29db4c9e,200.000,
5ea7aeea-2b1d-5c46-8731-b905ac9557b5,2025-10-10T08:00:00Z,system,2025-10-10T08:00:00Z,system,56d32d3b-9fcb-5821-bfee-774058e6ba43,30,94288f21-6926-5da3-827e-38477bc97581,50.000,L,1144.87,EUR,57243.50,2025-11-20,02824bee-afb3-5404-b47f-75a38e740153,50.000,Quality inspection required
c51556fb-ca39-5900-bf14-e1f933a03b5b,2025-10-10T08:00:00Z,system,2025-10-10T08:00:00Z,system,56d32d3b-9fcb-5821-bfee-774058e6ba43,40,5b7ae8db-72b9-5511-ba23-2698e4fd03df,2.000,BOX,132.28,EUR,264.56,2025-11-20,237a9370-65df-5641-8708-4ee1615783a7,2.000,Expedited delivery
a4c153cf-6ee1-58d0-9d08-59ff1a0f0c86,2026-02-25T08:00:00Z,system,2026-02-25T08:00:00Z,system,56b96c25-0629-510a-bc39-a7929ccbe6b5,10,8c4308df-7ca4-593e-8ebe-c6de544847fa,4.500,L,3105.24,CAD,13973.58,2026-03-11,a815e609-99d1-5b50-af19-3b5a8b177924,2.450,
6fea693c-1c69-5510-b9d5-bee9985e701d,2026-02-25T08:00:00Z,system,2026-02-25T08:00:00Z,system,56b96c25-0629-510a-bc39-a7929ccbe6b5,20,3aa391ce-4ff3-5173-9277-83ce43555c7c,200.000,L,157.69,CAD,31538.00,2026-03-11,0ad29e8d-7910-5f32-b0ec-740ca46c9a5a,138.402,Standard order line
1b5ca169-e374-5e1d-9be2-abc098fb55c1,2026-02-25T08:00:00Z,system,2026-02-25T08:00:00Z,system,56b96c25-0629-510a-bc39-a7929ccbe6b5,30,596f3822-e07b-55ed-bd48-239fb3db0e77,4.500,KG,41.14,CAD,185.13,2026-03-11,27a84e07-61f1-5f34-96ff-5619633993ac,2.396,
942178bf-6924-559f-aafe-5409a6f2b05c,2026-07-04T08:00:00Z,system,2026-07-04T08:00:00Z,system,4b9372a7-c59b-5ce6-b182-7b30a0c70035,10,d1656ddc-1679-5818-bc75-a4cf9404839a,200.000,M,163.53,CHF,32706.00,2026-07-17,0cc00791-17f3-5b53-bc6d-cc6bb30d0307,124.619,Quality inspection required
502454d9-4d37-5d0c-adcc-e0f4f4134f84,2026-07-04T08:00:00Z,system,2026-07-04T08:00:00Z,system,4b9372a7-c59b-5ce6-b182-7b30a0c70035,20,729b6d7e-7b34-59c4-ab17-3319477660be,75.000,KG,14.34,CHF,1075.50,2026-07-17,7c7cd9a8-726c-507d-ab55-1c50f4b3744a,49.637,Expedited delivery
bb47b28f-8941-540e-8d88-5c31bf106ccc,2026-07-04T08:00:00Z,system,2026-07-04T08:00:00Z,system,4b9372a7-c59b-5ce6-b182-7b30a0c70035,30,b565639f-0e27-5958-90ec-8e31f21798a1,50.000,KG,6.61,CHF,330.50,2026-07-17,7da81bf2-e8e6-598f-91d2-502494a804b9,29.248,Expedited delivery
c007359d-1e52-59d6-b2cb-7742e7d9845a,2026-07-04T08:00:00Z,system,2026-07-04T08:00:00Z,system,4b9372a7-c59b-5ce6-b182-7b30a0c70035,40,1455dc98-f7ae-5a52-9c81-dc7663903a45,1.800,KG,24.64,CHF,44.35,2026-07-17,d8f80fe3-0088-5686-b7a6-80921cf839da,0.994,Framework agreement pricing
36490d64-b388-545a-a2a3-e72757d44783,2026-07-04T08:00:00Z,system,2026-07-04T08:00:00Z,system,4b9372a7-c59b-5ce6-b182-7b30a0c70035,50,85f6ae6a-e37a-5c6a-8c20-f972d8291238,165.000,M,145.47,CHF,24002.55,2026-07-17,7ffe189c-f2bf-56b5-87c5-7a29a84c73f5,56.804,Standard order line
9ff74150-3b69-5a98-8c58-df269f712123,2025-10-10T08:00:00Z,system,2025-10-10T08:00:00Z,system,44f6ed13-daac-5c97-99d6-031f74298149,10,0c3785e3-7d1b-5f41-95de-b2299b8dd699,150.000,M,1054.14,EUR,158121.00,2025-10-27,fa5a59a0-a2a4-5ed7-a555-b54a6d387d9a,0.000,Framework agreement pricing
569ccc9e-c953-5af3-9cea-d3050a104b0c,2025-10-10T08:00:00Z,system,2025-10-10T08:00:00Z,system,44f6ed13-daac-5c97-99d6-031f74298149,20,ff7c211a-6fcd-5fa0-9ea1-713837b5f870,135.000,SET,1481.45,EUR,199995.75,2025-10-27,00e9ab29-3613-5d3a-878f-16f0d1f096b9,0.000,Framework agreement pricing
c57f18b8-83b0-5fa6-9455-4001ed885426,2025-10-10T08:00:00Z,system,2025-10-10T08:00:00Z,system,44f6ed13-daac-5c97-99d6-031f74298149,30,7ca4c0eb-249c-5459-9122-836398535a4b,200.000,L,2225.89,EUR,445178.00,2025-10-27,a355262c-d200-574d-b962-b7fc54db5c7d,0.000,Expedited delivery
972be2c4-855b-5ce3-aeac-8d01524bd1ad,2025-10-10T08:00:00Z,system,2025-10-10T08:00:00Z,system,44f6ed13-daac-5c97-99d6-031f74298149,40,0ec0e0b9-02b8-5273-be60-7699e859c9ef,67.500,SET,2003.33,EUR,135224.77,2025-10-27,709f32a0-da9f-51de-9106-0a230b3a4e5d,0.000,Expedited delivery
d558e4f2-c310-5b58-b802-322b5319e9ae,2025-10-10T08:00:00Z,system,2025-10-10T08:00:00Z,system,44f6ed13-daac-5c97-99d6-031f74298149,50,a006b8e3-6118-5906-998a-865149ed8589,2.000,SET,640.13,EUR,1280.26,2025-10-27,f6dc61f5-51c1-5cbd-af33-46b216e2c50e,0.000,Framework agreement pricing
fc63d8bd-cb5f-57c8-be5c-a53c2250f9de,2026-06-07T08:00:00Z,system,2026-06-07T08:00:00Z,system,16b2579f-2928-52ab-a3e1-d892584350d2,10,5de012ce-db52-52e5-a612-6e2c3c02623a,22.000,SET,1176.05,EUR,25873.10,2026-07-21,2a49f0ed-2e34-5053-8bf6-d5f9d6004252,7.430,Framework agreement pricing
92c4a7a5-b7fc-5f9b-a63c-1ac3d0281479,2026-06-07T08:00:00Z,system,2026-06-07T08:00:00Z,system,16b2579f-2928-52ab-a3e1-d892584350d2,20,15f3b8aa-4649-5a10-a707-45aa1b2b3bf5,1.000,L,2148.58,EUR,2148.58,2026-07-21,a9844031-196a-59d6-ba13-39cf65437fc0,0.854,Quality inspection required
c7e2df70-9f00-560e-9e7f-81fdd860c785,2026-06-07T08:00:00Z,system,2026-06-07T08:00:00Z,system,16b2579f-2928-52ab-a3e1-d892584350d2,30,a826e0c2-43dd-5a6b-a002-5f2510a4b1f5,50.000,L,1378.55,EUR,68927.50,2026-07-21,1b11fa3a-0f81-503a-8e1b-e8695e9b91ea,16.585,Expedited delivery
37812c99-588f-5920-a9a0-096191533f44,2026-06-07T08:00:00Z,system,2026-06-07T08:00:00Z,system,16b2579f-2928-52ab-a3e1-d892584350d2,40,748d36d0-ad0a-5e2f-ae52-4b9bd4ac6a44,1.000,M,1883.01,EUR,1883.01,2026-07-21,4d472c33-c5b3-55cb-8dd7-ea03d566644e,0.967,Expedited delivery
1d6c5606-f154-5b0e-befd-9343f65f9bb1,2025-12-18T08:00:00Z,system,2025-12-18T08:00:00Z,system,39c7d074-93b2-5ed4-bf7f-809d86e77a32,10,559354e7-7937-5578-baa8-6d7ae9f39b6f,22.000,BOX,24178.30,CZK,531922.60,2026-02-05,eb8a88c3-2207-579d-87f7-a0ef965bd376,0.000,
e2b40eec-5eb6-583f-8051-a92284e2ce9a,2025-12-18T08:00:00Z,system,2025-12-18T08:00:00Z,system,39c7d074-93b2-5ed4-bf7f-809d86e77a32,20,a46103e7-a245-5eef-af4b-854671431c6b,10.000,M,47786.02,CZK,477860.20,2026-02-05,f79b15a4-7c0c-5357-bb3f-d0765e3d1e29,0.000,Quality inspection required
d2aebf37-d2cb-5a32-9f6a-66a6f9cd8eed,2026-01-03T08:00:00Z,system,2026-01-03T08:00:00Z,system,caa3b730-cec5-5b84-adab-744725d7f1e4,10,a7d2c2da-af08-5f66-aad4-f45b74b00edb,100.000,L,2191.70,EUR,219170.00,2026-01-11,9593a0f3-81a4-5ef8-a0ce-27edd84ed7c9,100.000,Framework agreement pricing
ea0e088c-2a3f-517e-8a6b-6c55d7ddc63a,2026-01-03T08:00:00Z,system,2026-01-03T08:00:00Z,system,caa3b730-cec5-5b84-adab-744725d7f1e4,20,748d36d0-ad0a-5e2f-ae52-4b9bd4ac6a44,100.000,M,1733.99,EUR,173399.00,2026-01-11,b8a92d12-360f-570a-9239-063b90bee12d,100.000,Quality inspection required
b7d1b183-495e-50a8-afa6-6c4b4022c936,2026-01-03T08:00:00Z,system,2026-01-03T08:00:00Z,system,caa3b730-cec5-5b84-adab-744725d7f1e4,30,fcd3a87b-71f1-5871-b12a-5cf7f75c379d,10.000,M,93.39,EUR,933.90,2026-01-11,094aa0a4-4e82-5504-a62a-3711226abc2e,10.000,Framework agreement pricing
19d5901d-cf18-524e-a658-a19560c57c12,2026-01-03T08:00:00Z,system,2026-01-03T08:00:00Z,system,caa3b730-cec5-5b84-adab-744725d7f1e4,40,76540a83-8375-53ea-a170-4e4e171d11cd,25.000,KG,25.90,EUR,647.50,2026-01-11,168b2df6-fdd2-5f36-9b9c-c38dd8386a6e,25.000,Quality inspection required
915aae86-88e2-5c07-8fce-7ffcfa914aeb,2026-01-03T08:00:00Z,system,2026-01-03T08:00:00Z,system,caa3b730-cec5-5b84-adab-744725d7f1e4,50,8a9aca99-35d6-5da5-8c10-babbacfc2c60,55.000,BOX,690.66,EUR,37986.30,2026-01-11,a7b3edc4-cfb6-5a0c-875f-9b76d39cc7f6,55.000,
2cddadf4-4210-51ee-a206-a67e74916048,2025-10-11T08:00:00Z,system,2025-10-11T08:00:00Z,system,7b111fdc-c155-5968-bb99-2269dd540f6b,10,d1656ddc-1679-5818-bc75-a4cf9404839a,180.000,M,151.14,GBP,27205.20,2025-12-10,0cc00791-17f3-5b53-bc6d-cc6bb30d0307,0.000,Framework agreement pricing
66b70c91-09a3-52c7-938e-d6ab63243266,2025-10-11T08:00:00Z,system,2025-10-11T08:00:00Z,system,7b111fdc-c155-5968-bb99-2269dd540f6b,20,781e49c0-8999-50e8-9276-e1fc0e9e29ca,100.000,EA,2155.88,GBP,215588.00,2025-12-10,eb7e19ff-4eda-5181-a74c-b014a10cc74e,0.000,Quality inspection required
3d2619ba-be18-5081-9522-2425cee276bb,2025-10-11T08:00:00Z,system,2025-10-11T08:00:00Z,system,7b111fdc-c155-5968-bb99-2269dd540f6b,30,95b589d9-d0fa-5b0b-97dc-32e0f9a9f036,180.000,EA,1372.57,GBP,247062.60,2025-12-10,702af6f1-3b40-5238-9e21-56247791b3b4,0.000,Standard order line
67d566ff-a596-528d-ae4b-0a251b34a311,2026-02-18T08:00:00Z,system,2026-02-18T08:00:00Z,system,3b2fef81-faff-5c41-bf0c-42dbd82ac218,10,729b6d7e-7b34-59c4-ab17-3319477660be,100.000,KG,11.41,GBP,1141.00,2026-04-16,380741cb-a9e4-5e26-9d6c-7a788eef7a16,100.000,Framework agreement pricing
38385526-d2ee-5ab6-a791-c9f71dcc06df,2026-02-18T08:00:00Z,system,2026-02-18T08:00:00Z,system,3b2fef81-faff-5c41-bf0c-42dbd82ac218,20,4c1fad4a-cd24-54cd-b60f-f4fc7907b672,2.000,KG,30.55,GBP,61.10,2026-04-16,710eb9c4-fc73-5f90-8093-a72bbcc2e777,2.000,Expedited delivery
5dd0822f-1318-5f57-9acd-4a9a04333929,2026-02-18T08:00:00Z,system,2026-02-18T08:00:00Z,system,3b2fef81-faff-5c41-bf0c-42dbd82ac218,30,7e59f4f1-d7ce-51df-b9a3-a70a1b1ee546,75.000,EA,2080.02,GBP,156001.50,2026-04-16,dd844638-54cc-5ec1-88f2-a74356c477eb,75.000,Quality inspection required
dbb2e148-98a0-56d3-861f-4786bb575f46,2026-02-18T08:00:00Z,system,2026-02-18T08:00:00Z,system,3b2fef81-faff-5c41-bf0c-42dbd82ac218,40,9c2269ae-4d62-5146-b30e-9e301d4108b0,50.000,EA,487.90,GBP,24395.00,2026-04-16,3a74b8cb-eac0-54f8-aab7-56a9424ca208,50.000,Quality inspection required
22a8b608-6a8e-59d7-a709-5f2c6e46a3bc,2026-03-29T08:00:00Z,system,2026-03-29T08:00:00Z,system,21bf900c-4836-5b5d-8839-482933479fc4,10,70c1e335-53e1-5df8-b343-82e92d1eab19,150.000,M,116.39,EUR,17458.50,2026-04-23,e86f2fbf-2707-56a9-9417-472c2bcf0aaf,65.539,Quality inspection required
5ce84aa1-b2be-56b0-81cf-42ca143c2309,2026-03-29T08:00:00Z,system,2026-03-29T08:00:00Z,system,21bf900c-4836-5b5d-8839-482933479fc4,20,8ffbee35-114e-52c9-982d-47f2ee96df4a,4.500,EA,785.92,EUR,3536.64,2026-04-23,6dbd8744-866f-5b7c-b587-bf868d97276f,1.220,Framework agreement pricing
b8229b47-3022-550b-b4fc-d8b71dfe024b,2026-03-29T08:00:00Z,system,2026-03-29T08:00:00Z,system,21bf900c-4836-5b5d-8839-482933479fc4,30,51a7a682-3b4d-51e0-bc82-813005d006b8,2.000,BOX,1806.59,EUR,3613.18,2026-04-23,8cadeefd-3db1-5d76-8618-94c8ff3158a3,0.295,Framework agreement pricing
131340da-c6c5-589a-a736-e77f2c7ba257,2026-07-08T08:00:00Z,system,2026-07-08T08:00:00Z,system,6b0827a9-4813-55ca-ad90-10278b86203e,10,20b9081b-2fb8-5ca6-99f3-12478b5fce53,50.000,KG,11.90,EUR,595.00,2026-08-05,121eb20b-606d-555d-80b9-86087a11f37c,50.000,Framework agreement pricing
d3984ee6-6756-5e48-beea-1dc09d173505,2026-07-08T08:00:00Z,system,2026-07-08T08:00:00Z,system,6b0827a9-4813-55ca-ad90-10278b86203e,20,32549e95-8264-5b06-ac4c-4f93e09d17a2,90.000,BOX,1153.81,EUR,103842.90,2026-08-05,43b26ad9-48c1-5bb8-a512-b22408ab3e33,90.000,Framework agreement pricing
21796dcd-4cd4-51b5-a08b-e615614f9f92,2026-05-14T08:00:00Z,system,2026-05-14T08:00:00Z,system,ebf1da35-f900-5f1e-a8dd-cdc37dd964b8,10,6be44d6c-c457-5100-971c-5640df33eb4b,10.000,SET,376.07,GBP,3760.70,2026-06-25,cacc8ee1-d772-5b29-8485-8e3899cd589d,10.000,Standard order line
5ff6ad8a-a59a-55c4-9ae1-010cd52539c4,2026-05-14T08:00:00Z,system,2026-05-14T08:00:00Z,system,ebf1da35-f900-5f1e-a8dd-cdc37dd964b8,20,6c7c41de-f18d-5d68-9697-8f8c32cb9e5e,9.000,M,1519.94,GBP,13679.46,2026-06-25,b424b079-0007-5002-9c89-9876441e8f5f,9.000,
c65f9f70-e41c-5142-9dbe-ba433e4d8260,2026-05-14T08:00:00Z,system,2026-05-14T08:00:00Z,system,ebf1da35-f900-5f1e-a8dd-cdc37dd964b8,30,03f34b44-1652-577f-950a-78af8cdc601f,1.000,L,1044.20,GBP,1044.20,2026-06-25,a4c04541-4ff9-5660-b688-cad8a007fc4d,1.000,Expedited delivery
e2286b0e-6be8-5176-ad11-e7fdfb9ca703,2026-05-14T08:00:00Z,system,2026-05-14T08:00:00Z,system,ebf1da35-f900-5f1e-a8dd-cdc37dd964b8,40,96fb08d2-476c-50b5-8ac4-5ecf45934f96,1.000,SET,65.85,GBP,65.85,2026-06-25,260a6eb2-e32f-5560-bf66-fd4eb1f23122,1.000,Standard order line
2abe576c-3235-5c48-afc0-4f530cd101fb,2026-03-16T08:00:00Z,system,2026-03-16T08:00:00Z,system,e6d1c688-5806-54a1-a757-2218017732d3,10,88ec57c2-4bd1-5167-8c0f-b46a5404ea75,10.000,M,942.23,GBP,9422.30,2026-04-07,6a4230dd-c3ca-59bb-ad24-a9258c99ec2f,0.000,Standard order line
b62acd62-2f0e-5d8f-b201-890c89accad9,2026-03-16T08:00:00Z,system,2026-03-16T08:00:00Z,system,e6d1c688-5806-54a1-a757-2218017732d3,20,5c00c635-ab30-509c-930a-9c3027c73ba1,2.000,BOX,1440.27,GBP,2880.54,2026-04-07,d7a788ae-fb1e-5676-8b28-972c56089fab,0.000,Standard order line
01244441-cefb-53fb-b8fc-726846818432,2026-03-16T08:00:00Z,system,2026-03-16T08:00:00Z,system,e6d1c688-5806-54a1-a757-2218017732d3,30,15363821-3683-51e9-ad4d-1410e9a22f30,1.100,EA,666.52,GBP,733.17,2026-04-07,45a9d756-eb2d-51cc-a8e7-e116dce97b17,0.000,Framework agreement pricing
888685d0-bf9d-5e7a-a960-de7dad6ed9d2,2026-07-02T08:00:00Z,system,2026-07-02T08:00:00Z,system,d8deda89-3ac4-53fa-8373-21b751c2744d,10,596f3822-e07b-55ed-bd48-239fb3db0e77,5.000,KG,26.55,EUR,132.75,2026-08-15,27a84e07-61f1-5f34-96ff-5619633993ac,5.000,Expedited delivery
60416c2d-8932-5651-a2eb-82e7558b4424,2026-07-02T08:00:00Z,system,2026-07-02T08:00:00Z,system,d8deda89-3ac4-53fa-8373-21b751c2744d,20,8a88a029-d7a6-5756-bff0-19a8dbb9a099,75.000,L,586.12,EUR,43959.00,2026-08-15,6e4ebc70-cab8-57c3-98c3-e07bf46b0c15,75.000,
4e9e23d0-22a1-5f00-949a-3f3fc153ae40,2026-07-02T08:00:00Z,system,2026-07-02T08:00:00Z,system,d8deda89-3ac4-53fa-8373-21b751c2744d,30,0c3785e3-7d1b-5f41-95de-b2299b8dd699,165.000,M,1124.19,EUR,185491.35,2026-08-15,fa5a59a0-a2a4-5ed7-a555-b54a6d387d9a,165.000,Quality inspection required
0cc885f2-d952-5421-8d0a-c128c7919fd3,2026-02-23T08:00:00Z,system,2026-02-23T08:00:00Z,system,8015cda8-29e0-55ea-b825-b18da9dcd857,10,240a2ec2-b97a-51d0-9b66-a85819e5025e,20.000,SET,1384.18,EUR,27683.60,2026-03-16,7612d412-2854-5e31-95a4-78788533f68b,0.000,Standard order line
270538b2-4582-5186-a8bb-0a2a9ae73940,2026-02-23T08:00:00Z,system,2026-02-23T08:00:00Z,system,8015cda8-29e0-55ea-b825-b18da9dcd857,20,9e7b19d9-c9c7-562c-b69b-23994f239c49,2.200,EA,1048.10,EUR,2305.82,2026-03-16,834d3920-fccf-52de-9d56-778b92cd6a8a,0.000,Quality inspection required
7f34bd08-b6f0-536d-b070-f7a09e0a7056,2026-02-23T08:00:00Z,system,2026-02-23T08:00:00Z,system,8015cda8-29e0-55ea-b825-b18da9dcd857,30,e337ec5f-3c23-585a-808c-545892f7ee27,27.500,SET,1064.26,EUR,29267.15,2026-03-16,7c7ec54e-8153-57a9-a4ba-8d0018bc1cd2,0.000,Framework agreement pricing
d97ba07e-3119-58ec-9f23-3311130457c0,2026-02-23T08:00:00Z,system,2026-02-23T08:00:00Z,system,8015cda8-29e0-55ea-b825-b18da9dcd857,40,a1de9ed1-ec0e-5ccc-86a4-1980e3dfb1ed,20.000,L,501.51,EUR,10030.20,2026-03-16,0d57427a-bb93-5c97-8e5f-3b2fbbe3dbd1,0.000,Standard order line
278ac796-437d-513b-98b8-22bfaffe75c1,2026-02-23T08:00:00Z,system,2026-02-23T08:00:00Z,system,8015cda8-29e0-55ea-b825-b18da9dcd857,50,6409ea13-8e69-5a7d-8700-a21076b19964,10.000,EA,78.91,EUR,789.10,2026-03-16,ac167871-2ddd-5dc7-8487-3f00ae4fcbb2,0.000,Framework agreement pricing
f5462bce-5a6c-5d91-adf7-0ebd62e66e63,2026-07-22T08:00:00Z,system,2026-07-22T08:00:00Z,system,9eca5de0-578f-5971-a82c-9555c84b1119,10,15f3b8aa-4649-5a10-a707-45aa1b2b3bf5,90.000,L,1960.07,EUR,176406.30,2026-07-27,b734e5ca-987e-5603-ad46-952041ee60b9,90.000,Framework agreement pricing
dfdb057c-6d1e-551a-9313-ae8d98634107,2026-07-22T08:00:00Z,system,2026-07-22T08:00:00Z,system,9eca5de0-578f-5971-a82c-9555c84b1119,20,ca48575f-0b73-55a6-b23c-6de718d78d67,2.000,KG,7.18,EUR,14.36,2026-07-27,9203f077-cab6-5706-aa2f-6d8e8dc662e0,2.000,
9f379afa-b634-5e2c-b033-6b66f55508ec,2026-07-22T08:00:00Z,system,2026-07-22T08:00:00Z,system,9eca5de0-578f-5971-a82c-9555c84b1119,30,33a77c1e-2f02-54f3-aaf8-2d033e03a54f,27.500,EA,268.03,EUR,7370.82,2026-07-27,aee805a3-e58e-5d29-8202-9c96e964cae4,27.500,Standard order line
72fd0f4d-b5c0-548a-a9d1-113068d89979,2026-07-22T08:00:00Z,system,2026-07-22T08:00:00Z,system,9eca5de0-578f-5971-a82c-9555c84b1119,40,437ef9de-cfe9-5599-8502-13a53e958016,1.000,KG,12.16,EUR,12.16,2026-07-27,396162d5-5ae5-551e-8ebb-5cac6b55f31d,1.000,Standard order line
b3f478cd-0589-5da6-b826-3fc16a66d022,2026-07-22T08:00:00Z,system,2026-07-22T08:00:00Z,system,9eca5de0-578f-5971-a82c-9555c84b1119,50,d8fcbf1f-1dd7-50af-8261-2da45ed17eae,45.000,EA,285.57,EUR,12850.65,2026-07-27,18ca1bc5-1646-5367-b075-fc27981eaab1,45.000,Quality inspection required
fe89c189-4534-52b3-8a74-b33cdc35546d,2026-04-19T08:00:00Z,system,2026-04-19T08:00:00Z,system,8b129bf7-32b2-571d-b87a-96cd805e23a4,10,74ec4245-16d4-59ad-a64b-e56056485a1c,110.000,EA,9052.23,PLN,995745.30,2026-06-05,f6edc6af-db67-56bd-b9a2-66b79445a110,0.000,Framework agreement pricing
f1b1a5d2-1c4e-57ef-845a-9bac4a22bfcf,2026-04-19T08:00:00Z,system,2026-04-19T08:00:00Z,system,8b129bf7-32b2-571d-b87a-96cd805e23a4,20,6b8b9c0c-ca33-51c4-9164-471f4abb4160,45.000,BOX,6274.09,PLN,282334.05,2026-06-05,ede374eb-6792-5eaa-9194-7cdb7d4c9a3d,0.000,Standard order line
67abbc1f-e149-580c-80a8-a4fd868a0d8b,2026-04-19T08:00:00Z,system,2026-04-19T08:00:00Z,system,8b129bf7-32b2-571d-b87a-96cd805e23a4,30,33a77c1e-2f02-54f3-aaf8-2d033e03a54f,25.000,EA,1139.93,PLN,28498.25,2026-06-05,18737f0f-547d-565d-987e-1d83ed30b4f8,0.000,
b5010836-8f07-5b52-b318-8855a8000a58,2026-04-19T08:00:00Z,system,2026-04-19T08:00:00Z,system,8b129bf7-32b2-571d-b87a-96cd805e23a4,40,a77973af-89ac-57a4-be5e-db2cafc9e932,11.000,BOX,4815.55,PLN,52971.05,2026-06-05,2015227e-7747-53e6-9265-ecd5bf83efdb,0.000,
3a405fa5-4ef3-5ec1-9944-78baf73be3f0,2026-04-06T08:00:00Z,system,2026-04-06T08:00:00Z,system,f28ec3f5-f2ee-5478-aeae-c9016e772de4,10,d3c939e0-3924-58da-a01d-c79899d13ee4,45.000,EA,2411.90,EUR,108535.50,2026-05-09,da4807e2-29ac-5f8a-ac37-bd8a2efd5070,45.000,Quality inspection required
856cb841-2d5f-59b2-b2b9-5775e0a5813f,2026-04-06T08:00:00Z,system,2026-04-06T08:00:00Z,system,f28ec3f5-f2ee-5478-aeae-c9016e772de4,20,9390c973-ffaf-555f-9cb1-d1547db4c4d9,180.000,SET,1639.74,EUR,295153.20,2026-05-09,1110d243-c999-58ba-aa5f-5fb6905f799c,180.000,Quality inspection required
8eb75b11-7deb-5cdf-bcaa-ef7de7f67e4c,2026-04-19T08:00:00Z,system,2026-04-19T08:00:00Z,system,ef3d58b1-dfcd-524a-8b86-caa2d7af2dcd,10,48cb4f21-8c1b-5570-a07c-08c09fbf0ce6,220.000,SET,916.41,EUR,201610.20,2026-05-12,9bd6352a-2bfd-57e0-8cc1-f4f16ed211de,142.744,Quality inspection required
6372ca33-32dd-5f42-b82f-3bb7f369acb8,2026-04-19T08:00:00Z,system,2026-04-19T08:00:00Z,system,ef3d58b1-dfcd-524a-8b86-caa2d7af2dcd,20,af970570-0e69-5aa7-a1fd-93cea6d022c8,5.000,BOX,747.43,EUR,3737.15,2026-05-12,391dcf0c-fd7f-5d36-b7bc-166e74058082,2.113,Framework agreement pricing
c688dd32-59b0-56dc-b05e-357b559adb65,2026-04-19T08:00:00Z,system,2026-04-19T08:00:00Z,system,ef3d58b1-dfcd-524a-8b86-caa2d7af2dcd,30,33b58793-6f12-50d8-b5ed-f4aaefc6d3f0,1.000,M,75.34,EUR,75.34,2026-05-12,62d21060-6ddc-5181-9c19-efa8ba14c792,0.920,
4283cee3-ff8e-57e0-afc8-26736ba60cd8,2026-07-11T08:00:00Z,system,2026-07-11T08:00:00Z,system,54b17f1e-0f2b-5894-b023-b8a772cdbdd8,10,781e49c0-8999-50e8-9276-e1fc0e9e29ca,45.000,EA,2081.64,EUR,93673.80,2026-07-31,140e958a-be0a-5dd9-9555-5cd199aa066b,45.000,Framework agreement pricing
dcaff0d7-28c8-55a2-b853-53c322b1c44b,2026-07-11T08:00:00Z,system,2026-07-11T08:00:00Z,system,54b17f1e-0f2b-5894-b023-b8a772cdbdd8,20,33a77c1e-2f02-54f3-aaf8-2d033e03a54f,1.800,EA,274.52,EUR,494.14,2026-07-31,5378a888-dc5d-539c-a88f-eb7c639c5b6a,1.800,Quality inspection required
6b30ec4f-459e-5e9c-b712-54c013e963ae,2026-07-11T08:00:00Z,system,2026-07-11T08:00:00Z,system,54b17f1e-0f2b-5894-b023-b8a772cdbdd8,30,c13f04ef-297f-5b4a-879c-32e437691f2f,200.000,M,1089.50,EUR,217900.00,2026-07-31,45e07fb1-430f-5d49-8357-ba6fac675564,200.000,Expedited delivery
4758f4fa-d421-5f4d-a950-69e6aae40510,2026-07-11T08:00:00Z,system,2026-07-11T08:00:00Z,system,54b17f1e-0f2b-5894-b023-b8a772cdbdd8,40,b48aeed1-7840-500f-a433-e19c16974f9d,1.000,SET,1533.48,EUR,1533.48,2026-07-31,49b59fac-e189-5451-9258-4fd659ef9c55,1.000,
9839270d-df52-5b33-8f7f-5ef5cfc11562,2026-01-04T08:00:00Z,system,2026-01-04T08:00:00Z,system,1cf62fb1-bf1b-5647-ba4e-05a9760ec365,10,9c2269ae-4d62-5146-b30e-9e301d4108b0,45.000,EA,2516.73,PLN,113252.85,2026-01-19,3a74b8cb-eac0-54f8-aab7-56a9424ca208,0.000,Quality inspection required
8ffc9f8a-8d46-5158-9e27-8e85c62d3145,2026-01-04T08:00:00Z,system,2026-01-04T08:00:00Z,system,1cf62fb1-bf1b-5647-ba4e-05a9760ec365,20,b121cc73-e21b-5700-aed3-23e3f1122454,5.000,EA,2194.46,PLN,10972.30,2026-01-19,83fa521a-2640-5bf3-96fd-833df2326007,0.000,Expedited delivery
f9edafb8-730e-5fd5-a0cd-149cf346c16a,2026-01-04T08:00:00Z,system,2026-01-04T08:00:00Z,system,1cf62fb1-bf1b-5647-ba4e-05a9760ec365,30,6be44d6c-c457-5100-971c-5640df33eb4b,82.500,SET,1800.34,PLN,148528.05,2026-01-19,0d01b4f4-2d57-5108-a768-abc0d8abcc1e,0.000,
1454195f-cb5e-5bd6-89a6-87b4998f7194,2026-01-04T08:00:00Z,system,2026-01-04T08:00:00Z,system,1cf62fb1-bf1b-5647-ba4e-05a9760ec365,40,5ed4476d-3306-5591-960f-4c8a96c6dae8,9.000,BOX,6880.25,PLN,61922.25,2026-01-19,db4d23ab-8654-52c9-963e-42d03b0ec84a,0.000,Framework agreement pricing
1c31adb3-4637-5944-9a4c-23d5c8aae0d3,2026-04-28T08:00:00Z,system,2026-04-28T08:00:00Z,system,1c5298b1-b91f-5253-b2e5-a309a0b3488b,10,8ffbee35-114e-52c9-982d-47f2ee96df4a,4.500,EA,719.02,EUR,3235.59,2026-06-25,6dbd8744-866f-5b7c-b587-bf868d97276f,4.062,Expedited delivery
2195c536-8738-539a-af6a-05c2124743c3,2026-04-28T08:00:00Z,system,2026-04-28T08:00:00Z,system,1c5298b1-b91f-5253-b2e5-a309a0b3488b,20,b0ab2af3-a243-52cb-867b-07afe9932cc1,75.000,EA,2429.89,EUR,182241.75,2026-06-25,53b976f6-d6e4-58ce-aefe-70bb559ee20f,26.905,
357e1573-3ee8-5884-b5f4-f5ebcf066f89,2026-04-28T08:00:00Z,system,2026-04-28T08:00:00Z,system,1c5298b1-b91f-5253-b2e5-a309a0b3488b,30,ff7c211a-6fcd-5fa0-9ea1-713837b5f870,150.000,SET,1390.96,EUR,208644.00,2026-06-25,00e9ab29-3613-5d3a-878f-16f0d1f096b9,9.325,
e797a3ec-f6ef-5f7a-abc9-e4a2e5694f78,2026-04-28T08:00:00Z,system,2026-04-28T08:00:00Z,system,1c5298b1-b91f-5253-b2e5-a309a0b3488b,40,25d66eb3-16e0-54c3-bcbc-0f87d2c22b95,200.000,EA,706.37,EUR,141274.00,2026-06-25,735c39a9-e478-50ed-a7f6-28a834dc3161,27.576,Framework agreement pricing
544972cd-dc7f-5026-ac0d-5e9a577c2dc2,2026-03-10T08:00:00Z,system,2026-03-10T08:00:00Z,system,5d2bff96-76e8-598c-97d2-7421b42b0bfc,10,65e45d5d-37a2-56b1-837a-6d62a46b2ae9,75.000,BOX,1076.15,PLN,80711.25,2026-03-17,2a98330c-a0f0-53b3-80ba-5cd308810870,0.000,Expedited delivery
ba53fc7e-3521-5d64-9186-335aaae43907,2026-03-10T08:00:00Z,system,2026-03-10T08:00:00Z,system,5d2bff96-76e8-598c-97d2-7421b42b0bfc,20,62215843-653f-5439-87fb-5f7f5b5dcd02,90.000,L,1214.83,PLN,109334.70,2026-03-17,d070269e-90d3-5082-84b2-59ee730d6bfb,0.000,
efe7a26d-6436-5103-adaa-7e38ec74599b,2026-03-10T08:00:00Z,system,2026-03-10T08:00:00Z,system,5d2bff96-76e8-598c-97d2-7421b42b0bfc,30,d96ec281-e3a6-5aba-b6f4-379e05515ef4,55.000,SET,5122.88,PLN,281758.40,2026-03-17,3bd03585-6070-51ce-be7b-96719aed5668,0.000,Quality inspection required
edba7151-a7d8-54f5-b825-233e5be3f357,2026-03-10T08:00:00Z,system,2026-03-10T08:00:00Z,system,5d2bff96-76e8-598c-97d2-7421b42b0bfc,40,2e938e1a-7d1e-5084-9f28-14acf3a39a7c,20.000,SET,8885.55,PLN,177711.00,2026-03-17,0ed9adb5-4fd6-5d13-8853-8616d841f3e4,0.000,Expedited delivery
3e38b932-2807-5e6b-a19c-69915ef4e197,2026-03-10T08:00:00Z,system,2026-03-10T08:00:00Z,system,5d2bff96-76e8-598c-97d2-7421b42b0bfc,50,a006b8e3-6118-5906-998a-865149ed8589,220.000,SET,2708.50,PLN,595870.00,2026-03-17,ca21c2ca-0b32-50cb-b294-5505ef70d4df,0.000,
37f5389b-4e78-587e-942f-0b2e1eae4ad8,2025-10-09T08:00:00Z,system,2025-10-09T08:00:00Z,system,e292860a-6b29-51e2-acce-9bbf4d5ed3c1,10,fd4f25a0-d258-5944-8a33-a22b3cf44a4a,110.000,L,797.80,EUR,87758.00,2025-11-07,2d3dbca7-727c-5fa6-8420-c9c4d51811c1,51.957,Expedited delivery
e9ec5cb9-315c-553f-ae06-f9bd587508b8,2025-10-09T08:00:00Z,system,2025-10-09T08:00:00Z,system,e292860a-6b29-51e2-acce-9bbf4d5ed3c1,20,26b04983-d84b-57db-acd1-68d00120334b,150.000,L,1246.55,EUR,186982.50,2025-11-07,d6e73eae-c8af-5970-9ee7-b5f00ae0161e,35.522,Framework agreement pricing
b2bcf88b-611e-57c7-a26c-7dbfdbe442b0,2025-10-09T08:00:00Z,system,2025-10-09T08:00:00Z,system,e292860a-6b29-51e2-acce-9bbf4d5ed3c1,30,3f3309b3-487e-54de-ae3f-de56ef31378f,10.000,BOX,2337.50,EUR,23375.00,2025-11-07,df6d5c40-d398-546c-b895-3977ed82b643,8.556,Quality inspection required
2f38e474-5ab0-522c-badb-9703e3545dab,2025-10-09T08:00:00Z,system,2025-10-09T08:00:00Z,system,e292860a-6b29-51e2-acce-9bbf4d5ed3c1,40,73253cdf-d4e6-5749-9bda-81b380de990d,1.000,L,712.75,EUR,712.75,2025-11-07,4894761c-32aa-5504-89ea-57cae8ef57aa,0.794,Standard order line
8d2f0b10-afd3-54d8-8f4e-c3c0c5b73aa7,2025-10-09T08:00:00Z,system,2025-10-09T08:00:00Z,system,e292860a-6b29-51e2-acce-9bbf4d5ed3c1,50,3a0a1e49-476a-536d-b162-93bd126b8104,150.000,L,1942.61,EUR,291391.50,2025-11-07,10c845b2-502e-555e-bfca-6fecb622073f,142.624,Standard order line
84418b3b-0599-566f-8a63-a28e943289af,2025-11-22T08:00:00Z,system,2025-11-22T08:00:00Z,system,0400465b-ec20-550d-94fb-9660f6be7332,10,75c713f1-f5c1-515a-b00c-8a93e54aab54,135.000,L,495.88,EUR,66943.80,2026-01-14,3c2b94d3-0e77-5733-83a7-bf21e69a0f33,135.000,Standard order line
3a0e9bae-6237-510a-8a19-fa636bea95f3,2025-11-22T08:00:00Z,system,2025-11-22T08:00:00Z,system,0400465b-ec20-550d-94fb-9660f6be7332,20,75f1b42f-e0d3-559b-883f-62a8bd802d21,22.500,L,21.48,EUR,483.30,2026-01-14,87c2c395-2421-5c6f-b317-7e38f52a6177,22.500,Quality inspection required
f2121442-fa0a-56f7-a3f6-b61c4d796a0d,2025-11-22T08:00:00Z,system,2025-11-22T08:00:00Z,system,0400465b-ec20-550d-94fb-9660f6be7332,30,3dc01e32-c4f9-591d-bf47-70af97b27acc,75.000,BOX,1385.18,EUR,103888.50,2026-01-14,ec66aa03-8302-5de3-b64d-f5478b1bbf3a,75.000,
5b8333da-ffbe-55c0-a3a8-7c2b18077d1d,2025-11-22T08:00:00Z,system,2025-11-22T08:00:00Z,system,0400465b-ec20-550d-94fb-9660f6be7332,40,74ec4245-16d4-59ad-a64b-e56056485a1c,1.000,EA,2546.17,EUR,2546.17,2026-01-14,f8901f46-7e28-5762-8635-412ffd3d0114,1.000,Standard order line
c2ae49ba-f4a7-5de7-bd86-f870dab98b02,2025-11-22T08:00:00Z,system,2025-11-22T08:00:00Z,system,0400465b-ec20-550d-94fb-9660f6be7332,50,3fc74a3b-0832-5675-b9fe-287a90de3ba8,4.500,EA,403.69,EUR,1816.61,2026-01-14,e7e97d6e-3cb7-5696-a2d3-dd0f6fc2b5cf,4.500,Standard order line
7623078d-13b8-575d-99a8-d060b70b1582,2026-03-19T08:00:00Z,system,2026-03-19T08:00:00Z,system,819c8791-e614-58ff-bf88-95a60857a129,10,5c00c635-ab30-509c-930a-9c3027c73ba1,18.000,BOX,1655.67,CHF,29802.06,2026-05-05,08505f0f-4f62-54af-b25f-22f471176d06,10.541,Standard order line
d09abf8f-a173-55b9-9c82-a264cf1f2251,2026-03-19T08:00:00Z,system,2026-03-19T08:00:00Z,system,819c8791-e614-58ff-bf88-95a60857a129,20,85f6ae6a-e37a-5c6a-8c20-f972d8291238,150.000,M,139.37,CHF,20905.50,2026-05-05,22e64505-ec85-5d1d-8368-f090ad526d64,27.722,Standard order line
04315685-af26-5bb8-ad79-5025a8115e80,2026-03-19T08:00:00Z,system,2026-03-19T08:00:00Z,system,819c8791-e614-58ff-bf88-95a60857a129,30,4ab6e929-df87-5d07-b36e-bc3c2033a2c4,25.000,BOX,1808.60,CHF,45215.00,2026-05-05,832a87a5-f82f-5eab-ad95-c6924004de1e,3.090,Quality inspection required
d02feafd-11ac-5871-9843-aea27e54ffca,2026-03-19T08:00:00Z,system,2026-03-19T08:00:00Z,system,819c8791-e614-58ff-bf88-95a60857a129,40,b96b5fc7-bf71-5802-87c3-a74c4dd012f4,25.000,EA,682.05,CHF,17051.25,2026-05-05,56b2544c-0048-5933-89e0-a0252a7587c1,14.440,
21338c06-076e-5581-992b-f99c3e3cfc47,2026-03-19T08:00:00Z,system,2026-03-19T08:00:00Z,system,819c8791-e614-58ff-bf88-95a60857a129,50,af970570-0e69-5aa7-a1fd-93cea6d022c8,18.000,BOX,735.64,CHF,13241.52,2026-05-05,2c65073f-c498-54b7-87a0-ae3a6881db20,14.741,Quality inspection required
b18d851a-58e6-59d3-be1c-ac3b8b830a7a,2025-10-06T08:00:00Z,system,2025-10-06T08:00:00Z,system,ce7f779f-013a-55bc-aeae-2d1e68c62ba9,10,7a0dddce-a54b-5ce2-932f-2cf37ea670f6,2.000,EA,1344.08,EUR,2688.16,2025-11-17,1fb99577-5d85-5ea0-83c9-bba240584195,2.000,Framework agreement pricing
30c316fc-34f6-5f12-9afb-2669031a9e09,2025-10-06T08:00:00Z,system,2025-10-06T08:00:00Z,system,ce7f779f-013a-55bc-aeae-2d1e68c62ba9,20,4d8b3cb8-4991-55ac-afa4-443fd1749bfb,20.000,KG,23.47,EUR,469.40,2025-11-17,dcac06d5-a8d9-51af-94f8-2f0e252ac11f,20.000,Standard order line
ec33b9cd-534a-5012-851b-04fc7017a0cc,2025-10-09T08:00:00Z,system,2025-10-09T08:00:00Z,system,e39a9c7e-379c-51b9-a1de-c98443761c81,10,6febc7d4-a6f9-547c-bdef-f6c3c7cebf1b,25.000,BOX,7213.47,DKK,180336.75,2025-11-17,a94e0c50-9932-5f35-8a48-4640e35a430d,25.000,Framework agreement pricing
7cabebb9-b3c1-5341-899e-2a4faf205eb7,2025-10-09T08:00:00Z,system,2025-10-09T08:00:00Z,system,e39a9c7e-379c-51b9-a1de-c98443761c81,20,5ff325a3-cf1b-5887-bd0f-e1da5d5e6a57,200.000,BOX,5631.70,DKK,1126340.00,2025-11-17,fdf9fbc5-5b82-5597-86a4-c52717313f3f,200.000,Framework agreement pricing
bd6dadd5-8deb-5efd-aa3e-15ac4491c11c,2025-10-09T08:00:00Z,system,2025-10-09T08:00:00Z,system,e39a9c7e-379c-51b9-a1de-c98443761c81,30,70c1e335-53e1-5df8-b343-82e92d1eab19,220.000,M,724.06,DKK,159293.20,2025-11-17,7b5f6bcb-8814-522c-9755-98eb0bb15ae6,220.000,
e895541b-e321-5837-85f6-768f15d373dd,2026-07-26T08:00:00Z,system,2026-07-26T08:00:00Z,system,14472e70-0c89-5c97-8ab5-244340aa1842,10,b03f0dc2-a9e5-5330-affe-38e1a3e58c73,75.000,L,1165.70,PLN,87427.50,2026-08-07,e6c75c31-5cf1-5f17-ac68-98b325d36729,75.000,Expedited delivery
d15522a3-b877-5e81-85fc-6151bb94f9f0,2026-07-26T08:00:00Z,system,2026-07-26T08:00:00Z,system,14472e70-0c89-5c97-8ab5-244340aa1842,20,781e49c0-8999-50e8-9276-e1fc0e9e29ca,165.000,EA,10238.78,PLN,1689398.70,2026-08-07,42137913-1bed-5b30-ad3c-a8b6e7655cb2,165.000,
60cf8674-8241-5899-a10a-acbbdc12dc62,2026-07-26T08:00:00Z,system,2026-07-26T08:00:00Z,system,14472e70-0c89-5c97-8ab5-244340aa1842,30,425b666f-dd3e-51cf-b65c-1b1c5b49b01e,100.000,M,5796.35,PLN,579635.00,2026-08-07,115f1c13-77bc-5ad1-9229-19adc32ab094,100.000,Framework agreement pricing
cba4430f-e573-5109-a8ef-4e0e8e90d73f,2025-10-18T08:00:00Z,system,2025-10-18T08:00:00Z,system,150c94be-c731-5744-b8a9-03f6341675e6,10,24e149d4-fbad-5890-a7ee-15a416fd63bc,82.500,SET,278.97,EUR,23015.03,2025-10-28,8ef13569-6596-530e-b41e-74d56af7221c,0.000,Quality inspection required
0f78a3db-2cdc-5e47-973a-9e18402a40c6,2025-10-18T08:00:00Z,system,2025-10-18T08:00:00Z,system,150c94be-c731-5744-b8a9-03f6341675e6,20,65e45d5d-37a2-56b1-837a-6d62a46b2ae9,27.500,BOX,219.59,EUR,6038.73,2025-10-28,877390e7-e258-56c8-9856-5a2609e16e80,0.000,Standard order line
055aaef8-5abb-57d9-b68d-b5e180c7ca7a,2025-10-18T08:00:00Z,system,2025-10-18T08:00:00Z,system,150c94be-c731-5744-b8a9-03f6341675e6,30,33b58793-6f12-50d8-b5ed-f4aaefc6d3f0,75.000,M,75.86,EUR,5689.50,2025-10-28,5d42e3cf-def8-5917-9ffb-a880b4bd0e05,0.000,Quality inspection required
b33173a2-491c-58b5-b7f5-a106ea971d32,2025-10-18T08:00:00Z,system,2025-10-18T08:00:00Z,system,150c94be-c731-5744-b8a9-03f6341675e6,40,4510bf5d-95b5-5a36-8ecf-d02e870154c9,2.000,KG,6.10,EUR,12.20,2025-10-28,119d3f3a-c7ea-53b8-b61b-b9889d3fc9c4,0.000,
b3b71139-26d3-5073-80a8-185a461ba30c,2025-11-29T08:00:00Z,system,2025-11-29T08:00:00Z,system,9148c246-6ffd-581f-a9b5-04e0a22aa1e8,10,9f268dd5-b99b-5f85-935d-cd614d5d12ad,10.000,KG,26.32,EUR,263.20,2026-01-20,5d6223d8-e5fb-59e9-8262-90d19e7ce1e8,5.227,
d2dca732-fec3-5422-977f-7281120f1562,2025-11-29T08:00:00Z,system,2025-11-29T08:00:00Z,system,9148c246-6ffd-581f-a9b5-04e0a22aa1e8,20,748d36d0-ad0a-5e2f-ae52-4b9bd4ac6a44,18.000,M,1786.12,EUR,32150.16,2026-01-20,90bd2b00-84fa-5fa6-9148-87d0b6b2a8d4,5.399,Framework agreement pricing
d3d83b17-257e-556d-ad36-483bdbe17f8b,2025-11-29T08:00:00Z,system,2025-11-29T08:00:00Z,system,9148c246-6ffd-581f-a9b5-04e0a22aa1e8,30,ba5523d6-66ae-54e6-9e20-1e373c65f38b,200.000,M,1978.75,EUR,395750.00,2026-01-20,9deffb37-e981-5608-9ce4-78845c96e707,22.446,Standard order line
8a30cc2c-1655-5324-9e70-103339f66dfc,2025-12-02T08:00:00Z,system,2025-12-02T08:00:00Z,system,9a3a8c5a-77a3-503a-8857-6020dc266d28,10,781e49c0-8999-50e8-9276-e1fc0e9e29ca,2.200,EA,2300.93,EUR,5062.05,2025-12-16,1b7610cc-ff92-573a-9fb0-c78ab7c41ad8,2.200,Standard order line
03d22241-6021-5488-a6b7-187998e3b33d,2025-12-02T08:00:00Z,system,2025-12-02T08:00:00Z,system,9a3a8c5a-77a3-503a-8857-6020dc266d28,20,18842f90-d5d5-59ad-837c-f13f2b55bb62,25.000,EA,1061.93,EUR,26548.25,2025-12-16,3f67bb38-a80a-5d91-a2bd-e8c163bad4db,25.000,Expedited delivery
42a32159-7889-5d43-9807-4e2b37d94aaf,2025-10-14T08:00:00Z,system,2025-10-14T08:00:00Z,system,b8d5ee13-00c8-511a-ad3d-c8c7f0842d26,10,cb6ffa8f-0fe6-5b74-b902-9c455baa0e7f,2.000,BOX,202.99,EUR,405.98,2025-12-19,1fc5acb2-517a-5336-b53d-ee0c3b8f2ff5,0.129,Quality inspection required
856ebe0e-a610-5b83-a00e-2e300147777b,2025-10-14T08:00:00Z,system,2025-10-14T08:00:00Z,system,b8d5ee13-00c8-511a-ad3d-c8c7f0842d26,20,781e49c0-8999-50e8-9276-e1fc0e9e29ca,1.800,EA,2133.95,EUR,3841.11,2025-12-19,1b7610cc-ff92-573a-9fb0-c78ab7c41ad8,0.990,Quality inspection required
3df62d0d-5a6d-5a9b-8668-ab1a6df4904b,2026-05-30T08:00:00Z,system,2026-05-30T08:00:00Z,system,8386b3b1-dbdf-5a26-9ac2-3eb0ff159fba,10,a09d3b3c-22f6-56c6-93d4-2863d0444e94,180.000,L,2644.84,CAD,476071.20,2026-06-08,89ab3d32-214e-5aab-8325-6f6444259321,180.000,
ab3719b1-8304-5d7e-80d7-04ce7ac6ec63,2026-05-30T08:00:00Z,system,2026-05-30T08:00:00Z,system,8386b3b1-dbdf-5a26-9ac2-3eb0ff159fba,20,7bbe83f1-c77e-5ae0-b99e-e216e600e89f,10.000,KG,38.26,CAD,382.60,2026-06-08,2e7d6304-2d9f-5eaf-bbec-ff8e9f78913e,10.000,Framework agreement pricing
e31cf106-7d83-5b92-b167-26f5ca70ddee,2025-10-24T08:00:00Z,system,2025-10-24T08:00:00Z,system,8238d333-6258-5d11-9ff9-2f1f85ef2450,10,6d2d9d2e-3534-5a9b-a2d9-67471b6743ab,67.500,EA,472.99,EUR,31926.83,2025-11-17,76224bb7-1608-5238-a1ef-f0bcd788adc9,67.500,Standard order line
53e408f0-6401-55ed-9c0d-78a17166747c,2025-10-24T08:00:00Z,system,2025-10-24T08:00:00Z,system,8238d333-6258-5d11-9ff9-2f1f85ef2450,20,f968e107-0cac-5cfd-a628-d3aa05f1e38d,110.000,EA,1047.02,EUR,115172.20,2025-11-17,c2aeba5e-39a6-54a4-b327-b80c3ba9a52b,110.000,Standard order line
c20a9a61-918c-5cc0-908a-480a21febf4d,2025-10-24T08:00:00Z,system,2025-10-24T08:00:00Z,system,8238d333-6258-5d11-9ff9-2f1f85ef2450,30,6d2d9d2e-3534-5a9b-a2d9-67471b6743ab,100.000,EA,531.55,EUR,53155.00,2025-11-17,c47379d7-32c6-5168-ba67-e70213ae87eb,100.000,Framework agreement pricing
06885cda-59c9-5a5b-9320-ce9ee9411033,2025-12-18T08:00:00Z,system,2025-12-18T08:00:00Z,system,8b719d84-2ec8-597e-9ce6-5d718dc71ded,10,de05430c-0d15-5267-a70a-983b7ffb5638,200.000,M,1219.00,EUR,243800.00,2026-02-14,e1b6f3b5-4dd4-59ac-8501-521adeb03abf,200.000,Standard order line
55b7631a-6868-5fad-b949-5b4bd4a809e9,2025-12-18T08:00:00Z,system,2025-12-18T08:00:00Z,system,8b719d84-2ec8-597e-9ce6-5d718dc71ded,20,6cfb6402-60b6-52cc-80a2-aa3c8d1d7363,150.000,SET,1409.55,EUR,211432.50,2026-02-14,92356ac6-8211-5564-a175-23bc4e1eef86,150.000,Standard order line
31d9eeb7-b4bb-58c8-842b-8ac206b0e408,2025-12-18T08:00:00Z,system,2025-12-18T08:00:00Z,system,8b719d84-2ec8-597e-9ce6-5d718dc71ded,30,775db43d-b20d-5440-9e66-3995ab8bf36c,75.000,L,188.75,EUR,14156.25,2026-02-14,d993ee58-4c25-562b-9d2b-10134999643d,75.000,Quality inspection required
c8a73e8c-9b22-5d53-aa03-c68bc6a56ae3,2025-12-18T08:00:00Z,system,2025-12-18T08:00:00Z,system,8b719d84-2ec8-597e-9ce6-5d718dc71ded,40,8b3ec22a-bd3c-594f-b231-80df5dbed6ff,5.500,M,1246.52,EUR,6855.86,2026-02-14,b8a50103-3ebe-5c3f-b00a-9b5a5784a780,5.500,Standard order line
0f14930f-da18-5c96-a225-41c02857c08f,2026-05-17T08:00:00Z,system,2026-05-17T08:00:00Z,system,b018195c-890d-5fbd-a2c5-78db3e0a1234,10,a56d36d8-7b2d-5bff-ae8b-8d8002e9d564,1.100,L,1206.13,EUR,1326.74,2026-06-28,c33f0c1d-fce3-50ee-a466-4889c4300eea,0.000,Standard order line
e87e6e19-acf2-517e-b6d9-6c16b8f5d0ad,2026-05-17T08:00:00Z,system,2026-05-17T08:00:00Z,system,b018195c-890d-5fbd-a2c5-78db3e0a1234,20,0ff1099e-974c-5cf5-97fc-078fe85ca3af,10.000,L,1502.62,EUR,15026.20,2026-06-28,1c6a7dde-948e-5cc7-85a2-0c9382f98477,0.000,Quality inspection required
7a24ae3f-02cf-52f5-8650-4789def2c7b2,2026-05-17T08:00:00Z,system,2026-05-17T08:00:00Z,system,b018195c-890d-5fbd-a2c5-78db3e0a1234,30,781e49c0-8999-50e8-9276-e1fc0e9e29ca,165.000,EA,2161.12,EUR,356584.80,2026-06-28,42137913-1bed-5b30-ad3c-a8b6e7655cb2,0.000,Expedited delivery
635513eb-4d8b-5b35-951f-ff6f924e2f2d,2025-12-14T08:00:00Z,system,2025-12-14T08:00:00Z,system,07a340b4-6ceb-5040-94fc-e08ea19a8620,10,04c6ce4d-e9ec-5c21-9f43-b4b251046c2f,10.000,M,963.98,EUR,9639.80,2026-02-17,277a91ff-8504-5321-8089-89f6b1e6d051,10.000,
36a1963c-9897-55c6-ab03-39c0111e6af5,2025-12-14T08:00:00Z,system,2025-12-14T08:00:00Z,system,07a340b4-6ceb-5040-94fc-e08ea19a8620,20,76540a83-8375-53ea-a170-4e4e171d11cd,200.000,KG,25.81,EUR,5162.00,2026-02-17,ae633d96-8b0b-5d79-8ca4-909d848d9eeb,200.000,
273f38da-ac95-511a-8cc4-15d78677aadc,2026-05-01T08:00:00Z,system,2026-05-01T08:00:00Z,system,794ecad7-881b-5a45-80d8-d61d29010a0e,10,4510bf5d-95b5-5a36-8ecf-d02e870154c9,2.000,KG,6.39,CHF,12.78,2026-05-26,119d3f3a-c7ea-53b8-b61b-b9889d3fc9c4,2.000,Expedited delivery
4aef41cc-2914-594d-b8ae-fdb2e5eba243,2026-05-01T08:00:00Z,system,2026-05-01T08:00:00Z,system,794ecad7-881b-5a45-80d8-d61d29010a0e,20,b03f0dc2-a9e5-5330-affe-38e1a3e58c73,11.000,L,248.23,CHF,2730.53,2026-05-26,a13bf772-16df-5bab-983c-9fa32b518339,11.000,Expedited delivery
dc86f5c8-5198-5c59-a22d-808796ba94f3,2026-05-01T08:00:00Z,system,2026-05-01T08:00:00Z,system,794ecad7-881b-5a45-80d8-d61d29010a0e,30,7fb17ba4-6dd3-5a8b-a71f-be9e5b3c1f9a,50.000,KG,29.97,CHF,1498.50,2026-05-26,0ac22f13-a092-5073-8bb9-f73508f6a682,50.000,Standard order line
be523745-98f3-5277-9ea9-3f1ff2c107f7,2026-05-01T08:00:00Z,system,2026-05-01T08:00:00Z,system,794ecad7-881b-5a45-80d8-d61d29010a0e,40,ba5523d6-66ae-54e6-9e20-1e373c65f38b,200.000,M,1802.42,CHF,360484.00,2026-05-26,a6a22f6d-8fb1-59e7-8ec8-d0ad6a92ab82,200.000,Quality inspection required
fbf29f5e-61bc-551d-830a-1c7c548689fa,2026-05-01T08:00:00Z,system,2026-05-01T08:00:00Z,system,794ecad7-881b-5a45-80d8-d61d29010a0e,50,5de012ce-db52-52e5-a612-6e2c3c02623a,200.000,SET,1160.97,CHF,232194.00,2026-05-26,34b7af17-4498-5330-95e3-1fbd87d8d9b3,200.000,Standard order line
21e59722-a4de-5457-89fc-c1b669f20971,2026-05-06T08:00:00Z,system,2026-05-06T08:00:00Z,system,e2695813-df3f-5672-b81d-1d495e598888,10,60f8eac8-7f04-549c-a5f3-331eb9014d8a,20.000,SET,180.50,EUR,3610.00,2026-06-01,08f94f79-0032-54ec-9cc1-4c92489cb19a,0.000,Expedited delivery
41885f90-7774-5d24-a6bf-1fef1e977c1e,2026-05-06T08:00:00Z,system,2026-05-06T08:00:00Z,system,e2695813-df3f-5672-b81d-1d495e598888,20,6febc7d4-a6f9-547c-bdef-f6c3c7cebf1b,25.000,BOX,998.97,EUR,24974.25,2026-06-01,c5ed40e7-b56f-54c1-b02b-cf1248bb20d3,0.000,
b719ad41-2956-5f92-9fd2-0c851b8766ea,2026-05-06T08:00:00Z,system,2026-05-06T08:00:00Z,system,e2695813-df3f-5672-b81d-1d495e598888,30,b48aeed1-7840-500f-a433-e19c16974f9d,22.000,SET,1364.97,EUR,30029.34,2026-06-01,a38231fb-b1bc-5d55-80f5-ddd9c8e37f34,0.000,Expedited delivery
43bb4e2e-d1eb-55c1-9ae9-e78b104bb03b,2026-05-06T08:00:00Z,system,2026-05-06T08:00:00Z,system,e2695813-df3f-5672-b81d-1d495e598888,40,0c3785e3-7d1b-5f41-95de-b2299b8dd699,20.000,M,1145.24,EUR,22904.80,2026-06-01,d0ec6861-53fe-5fb9-9141-8a1c2b3b6d3c,0.000,Quality inspection required
2d01c993-7a63-5045-ab43-9cc019ad0a7d,2026-07-30T08:00:00Z,system,2026-07-30T08:00:00Z,system,72c86f67-cb89-5a2a-8e60-f2b4ccf99481,10,9e7b19d9-c9c7-562c-b69b-23994f239c49,50.000,EA,947.80,EUR,47390.00,2026-08-15,b36edd1a-fe00-5f26-9c97-f8490f249cfd,23.374,Expedited delivery
862fb045-ceb8-50c7-9f02-7ed24a01006f,2026-07-30T08:00:00Z,system,2026-07-30T08:00:00Z,system,72c86f67-cb89-5a2a-8e60-f2b4ccf99481,20,26b04983-d84b-57db-acd1-68d00120334b,150.000,L,1196.88,EUR,179532.00,2026-08-15,d6e73eae-c8af-5970-9ee7-b5f00ae0161e,143.873,Expedited delivery
c07f6b7a-d36a-54d1-bfd3-44a552031571,2026-07-30T08:00:00Z,system,2026-07-30T08:00:00Z,system,72c86f67-cb89-5a2a-8e60-f2b4ccf99481,30,9f72fcd8-0de5-52ab-8f85-0c7e59529a02,135.000,EA,345.87,EUR,46692.45,2026-08-15,28f1fa80-54cd-5ea8-bda4-d7eb540c86b2,43.390,Framework agreement pricing
fb214d90-f767-5f7f-ab38-9bd7accccad2,2026-06-15T08:00:00Z,system,2026-06-15T08:00:00Z,system,24a4c541-a363-5d12-8eec-a46a3f59f7b4,10,4d8b3cb8-4991-55ac-afa4-443fd1749bfb,20.000,KG,23.91,EUR,478.20,2026-08-18,dcac06d5-a8d9-51af-94f8-2f0e252ac11f,20.000,Framework agreement pricing
92028983-c2f2-5a00-8e25-9fa4494c24a9,2026-06-15T08:00:00Z,system,2026-06-15T08:00:00Z,system,24a4c541-a363-5d12-8eec-a46a3f59f7b4,20,f74e00d0-5597-5c85-9d8e-7ce030bdb99d,82.500,EA,962.13,EUR,79375.73,2026-08-18,445dd5e0-56f0-5ed6-9f3c-d1ee4e9ff411,82.500,
405c0e7c-0a39-52df-bf98-88857b979abe,2026-06-15T08:00:00Z,system,2026-06-15T08:00:00Z,system,24a4c541-a363-5d12-8eec-a46a3f59f7b4,30,8152f104-7621-5be4-8056-73ba5b77136f,50.000,EA,962.81,EUR,48140.50,2026-08-18,8ae5fa90-31c1-5bae-a556-750413d77dee,50.000,Quality inspection required
9160c870-b40d-53c5-8cbb-f0fba2586899,2026-06-15T08:00:00Z,system,2026-06-15T08:00:00Z,system,24a4c541-a363-5d12-8eec-a46a3f59f7b4,40,04c6ce4d-e9ec-5c21-9f43-b4b251046c2f,50.000,M,971.81,EUR,48590.50,2026-08-18,25845126-6496-59e9-815f-76ddb3b3de51,50.000,Expedited delivery
f349cd51-4aea-56de-9ac2-98b2bfbdf13e,2026-02-08T08:00:00Z,system,2026-02-08T08:00:00Z,system,f7f6f902-9689-52bc-91f8-3d36dadbe0fb,10,9390c973-ffaf-555f-9cb1-d1547db4c4d9,1.000,SET,1301.17,GBP,1301.17,2026-04-10,c5692d59-a115-5324-b25d-5f73e303a9e7,0.000,Standard order line
18d47bd5-da54-5304-8c96-8419b51dcdda,2026-02-08T08:00:00Z,system,2026-02-08T08:00:00Z,system,f7f6f902-9689-52bc-91f8-3d36dadbe0fb,20,33a43adc-6963-52ef-b1d3-fd2492991b07,200.000,EA,1642.36,GBP,328472.00,2026-04-10,774e81e9-2a4b-52c3-a1e3-4edc84b9a8f0,0.000,Expedited delivery
2a742993-ef19-57cf-8613-f6dcf737c324,2026-02-22T08:00:00Z,system,2026-02-22T08:00:00Z,system,9bfcbcc7-969d-596a-8a3a-b1616d5a1e6d,10,e78a29f5-6b77-5c64-a898-2ef9faf92f91,1.000,KG,25.83,USD,25.83,2026-03-03,be613cb2-3506-5d5c-8a71-a23067bb7c8c,1.000,Expedited delivery
9e99e56b-6379-5eb8-b4a7-9c30b1ed582f,2026-02-22T08:00:00Z,system,2026-02-22T08:00:00Z,system,9bfcbcc7-969d-596a-8a3a-b1616d5a1e6d,20,1cedd62f-02fd-505a-b102-9f80692d77d7,50.000,BOX,2185.21,USD,109260.50,2026-03-03,da1526d0-c78e-529a-a4c9-087ab43eb4aa,50.000,Quality inspection required
c29c3458-550b-5018-ba0a-e60873c37112,2025-11-04T08:00:00Z,system,2025-11-04T08:00:00Z,system,f59a854c-77d2-55ab-991c-785e6ec5e7c3,10,32549e95-8264-5b06-ac4c-4f93e09d17a2,50.000,BOX,12756.69,SEK,637834.50,2026-01-10,c95c2709-45b3-57a7-8aff-173fc426af63,18.342,Expedited delivery
8de1994e-beb4-5de9-a838-2ad86bdebce3,2025-11-04T08:00:00Z,system,2025-11-04T08:00:00Z,system,f59a854c-77d2-55ab-991c-785e6ec5e7c3,20,811092f8-2db7-5749-ad90-adf8763eb900,100.000,EA,5347.94,SEK,534794.00,2026-01-10,3fda0d79-57d0-5553-91fc-b1433760539f,74.168,Standard order line
d9013e87-8e07-5766-941a-8bdb23186041,2025-11-04T08:00:00Z,system,2025-11-04T08:00:00Z,system,f59a854c-77d2-55ab-991c-785e6ec5e7c3,30,5ff325a3-cf1b-5887-bd0f-e1da5d5e6a57,1.000,BOX,8280.24,SEK,8280.24,2026-01-10,8d13fd0f-4bf3-5b7b-82b7-73a3b972a3aa,0.189,Framework agreement pricing
f81a43a7-691f-5235-810a-a69826e59a1b,2026-05-17T08:00:00Z,system,2026-05-17T08:00:00Z,system,89c05ec8-eb19-555d-ba8e-8b594bbba8e3,10,0804c1cc-15f6-549d-b061-a4423dc8fcac,150.000,EA,332.15,EUR,49822.50,2026-07-04,bc400d9b-7210-58f0-a37e-d0b897599694,60.405,Framework agreement pricing
c463f3b8-d902-5aea-a3dc-d420a3465aea,2026-05-17T08:00:00Z,system,2026-05-17T08:00:00Z,system,89c05ec8-eb19-555d-ba8e-8b594bbba8e3,20,219cd16c-a048-5e62-90b0-7924b1431b82,165.000,L,1280.18,EUR,211229.70,2026-07-04,9c039784-1296-51ed-80cf-0da36a040314,109.011,
dd3070f7-02bb-5018-8c8a-b65f32bf1aa4,2026-02-27T08:00:00Z,system,2026-02-27T08:00:00Z,system,16aca39c-edb3-54f0-bd85-35cf70ce87bb,10,f968e107-0cac-5cfd-a628-d3aa05f1e38d,11.000,EA,9975.68,SEK,109732.48,2026-03-17,207b638f-1fe9-5050-a3ba-8b27f0fbab68,11.000,Quality inspection required
41c170c1-9a44-55ef-a99e-8557083f941a,2026-02-27T08:00:00Z,system,2026-02-27T08:00:00Z,system,16aca39c-edb3-54f0-bd85-35cf70ce87bb,20,eca867c4-ec3b-52d0-826e-e72c7e331d21,165.000,BOX,12698.22,SEK,2095206.30,2026-03-17,a92a54f7-937b-5378-8a52-8191eddc33d6,165.000,Quality inspection required
72129f3c-97ad-5884-bc59-9860c6ddddf8,2026-02-27T08:00:00Z,system,2026-02-27T08:00:00Z,system,16aca39c-edb3-54f0-bd85-35cf70ce87bb,30,99390864-f827-5aef-be8a-287357eedb0f,22.500,BOX,22843.24,SEK,513972.90,2026-03-17,497028e0-17ee-5df7-9156-80f1d67dfcf3,22.500,
6f00b9d5-0554-56ad-80e5-3074fafa6d16,2026-02-27T08:00:00Z,system,2026-02-27T08:00:00Z,system,16aca39c-edb3-54f0-bd85-35cf70ce87bb,40,8ffbee35-114e-52c9-982d-47f2ee96df4a,220.000,EA,8283.23,SEK,1822310.60,2026-03-17,8dbde3fc-9088-5e02-af55-e6c5b5b07f17,220.000,Expedited delivery
6cd3ef5a-c3d8-50f9-b756-e91c6c3f503c,2026-04-21T08:00:00Z,system,2026-04-21T08:00:00Z,system,ed533703-c11d-55d5-8d45-a392d5cb2fa6,10,b565639f-0e27-5958-90ec-8e31f21798a1,82.500,KG,6.17,CHF,509.02,2026-05-29,1281879f-b61c-57a6-9cf7-f63331cd2c42,0.000,Expedited delivery
07296220-613c-5ec3-8b75-16900f35fbc1,2026-04-21T08:00:00Z,system,2026-04-21T08:00:00Z,system,ed533703-c11d-55d5-8d45-a392d5cb2fa6,20,8407ccad-dc71-5f5d-bf6c-5c34f5e1b0ce,1.100,M,1812.54,CHF,1993.79,2026-05-29,6e8c91b3-9c6a-5839-bd77-422da4abd33e,0.000,Expedited delivery
52f451d9-71a9-523e-8a1d-72edbfd0681c,2026-06-04T08:00:00Z,system,2026-06-04T08:00:00Z,system,e7d159b1-7485-5b7d-a636-f4208c42c893,10,8a9aca99-35d6-5da5-8c10-babbacfc2c60,45.000,BOX,3148.18,PLN,141668.10,2026-06-11,a7b3edc4-cfb6-5a0c-875f-9b76d39cc7f6,0.000,
e0409b4b-f624-5475-b3a1-b794760c1a9d,2026-06-04T08:00:00Z,system,2026-06-04T08:00:00Z,system,e7d159b1-7485-5b7d-a636-f4208c42c893,20,fcd3a87b-71f1-5871-b12a-5cf7f75c379d,10.000,M,402.24,PLN,4022.40,2026-06-11,733f0aed-edfd-5eff-8942-60cd2965b56b,0.000,Quality inspection required
fa34f786-6dc7-5dc5-ba0f-10a4687178f5,2026-06-04T08:00:00Z,system,2026-06-04T08:00:00Z,system,e7d159b1-7485-5b7d-a636-f4208c42c893,30,4d7c024a-2045-5e6d-bce5-30a3caf00779,1.100,EA,4299.95,PLN,4729.95,2026-06-11,9bb2903a-2c31-5aba-8d8c-822e7470da9b,0.000,
adf38708-7c87-5023-98c7-5f99decb4eea,2026-06-04T08:00:00Z,system,2026-06-04T08:00:00Z,system,e7d159b1-7485-5b7d-a636-f4208c42c893,40,33565d42-f2c6-5728-b582-d95f8618e410,2.000,BOX,5256.07,PLN,10512.14,2026-06-11,9ef9f74f-cf05-5ac4-a003-4fa05d643865,0.000,Standard order line
4594053a-a34c-5468-97a9-5766f2581c97,2026-06-04T08:00:00Z,system,2026-06-04T08:00:00Z,system,e7d159b1-7485-5b7d-a636-f4208c42c893,50,66829174-3fa6-52dd-bbb1-daa7bca60901,90.000,BOX,2704.95,PLN,243445.50,2026-06-11,a9331fd3-7d59-5daa-82f9-6ea8ee5c76dc,0.000,Framework agreement pricing
d654c666-991a-55d0-a042-b33241fb8ad3,2026-02-05T08:00:00Z,system,2026-02-05T08:00:00Z,system,34979630-a7c2-5940-8e4f-8873b057afab,10,559354e7-7937-5578-baa8-6d7ae9f39b6f,75.000,BOX,9751.78,SEK,731383.50,2026-02-25,84d2fb44-72c0-53f1-a849-6f6789e32164,28.396,Framework agreement pricing
9a9abc12-2448-50a2-952a-e8a7000143f5,2026-02-05T08:00:00Z,system,2026-02-05T08:00:00Z,system,34979630-a7c2-5940-8e4f-8873b057afab,20,eafe3238-5e48-56bf-9122-b7966afc27e1,18.000,M,17995.60,SEK,323920.80,2026-02-25,c5abb789-b89d-5490-854c-3d0c8332c999,0.067,Framework agreement pricing
f30a2841-3d9e-5aa8-a993-cd00281ced5b,2026-02-05T08:00:00Z,system,2026-02-05T08:00:00Z,system,34979630-a7c2-5940-8e4f-8873b057afab,30,105849c8-03f2-573d-9e97-230d47fc6774,20.000,SET,16760.60,SEK,335212.00,2026-02-25,98802ba4-8dda-5b28-8242-4a962b5f98b8,7.817,Quality inspection required
e59114a8-8c0c-5b31-95b2-dee39259923a,2026-03-01T08:00:00Z,system,2026-03-01T08:00:00Z,system,0dcf939e-6f70-5cfa-a7eb-246c9f83d2df,10,437ef9de-cfe9-5599-8502-13a53e958016,75.000,KG,12.49,EUR,936.75,2026-04-14,8dc766ea-54c3-55a4-898a-50016ac7fe29,75.000,Framework agreement pricing
00ffb012-3dfe-5081-a0da-6bf435f8727d,2026-03-01T08:00:00Z,system,2026-03-01T08:00:00Z,system,0dcf939e-6f70-5cfa-a7eb-246c9f83d2df,20,19286625-e8e0-5181-9f4c-23d2a96418c8,1.800,KG,9.62,EUR,17.32,2026-04-14,6853dd4e-6a2c-5dc8-8da0-1dab7bc01197,1.800,Framework agreement pricing
b55c78b4-a1e1-5780-a125-646f28d9bc3a,2025-12-23T08:00:00Z,system,2025-12-23T08:00:00Z,system,62d2374b-7a89-5abb-b6e0-d1c4952f563d,10,d82bd767-f5ed-57ab-a2c9-406318f72bc2,50.000,L,62.88,EUR,3144.00,2026-01-18,ebf440c9-757b-5db7-8f2e-d29668716570,50.000,Quality inspection required
ef4f3e02-ab99-5605-8013-429b7fc14fa2,2025-12-23T08:00:00Z,system,2025-12-23T08:00:00Z,system,62d2374b-7a89-5abb-b6e0-d1c4952f563d,20,12c9f3ae-d18d-52d5-8792-59bbe20067a0,4.500,L,1533.85,EUR,6902.32,2026-01-18,39c86281-5318-5fcc-8a3e-96b735c4d021,4.500,Quality inspection required
25306050-67a0-53b4-b107-400b31b3cf3a,2025-11-01T08:00:00Z,system,2025-11-01T08:00:00Z,system,4a23dac0-9df2-5b4c-9d84-2fabc9490570,10,03f34b44-1652-577f-950a-78af8cdc601f,5.000,L,11655.17,SEK,58275.85,2025-12-14,09b97789-722d-52b2-87c3-4bd9ac538011,5.000,Standard order line
273c4982-59cd-5223-9e6a-67f5958ee53c,2025-11-01T08:00:00Z,system,2025-11-01T08:00:00Z,system,4a23dac0-9df2-5b4c-9d84-2fabc9490570,20,b0ab2af3-a243-52cb-867b-07afe9932cc1,9.000,EA,26137.59,SEK,235238.31,2025-12-14,fdb63dff-2312-5a02-9199-81cc78b38e5a,9.000,Framework agreement pricing
066bdea9-fc98-593c-b1b6-d2e7d231622e,2025-11-01T08:00:00Z,system,2025-11-01T08:00:00Z,system,4a23dac0-9df2-5b4c-9d84-2fabc9490570,30,88ec57c2-4bd1-5167-8c0f-b46a5404ea75,100.000,M,12240.17,SEK,1224017.00,2025-12-14,81aefe35-618e-59d6-be51-4ec4e9351bf7,100.000,Standard order line
9f196f0f-6161-5603-b093-c784b103df58,2025-10-08T08:00:00Z,system,2025-10-08T08:00:00Z,system,8cf86378-3a98-5100-93b1-d64a76c5add5,10,11bcb360-c513-556e-a8ed-3b43d3afbb6d,110.000,L,2162.60,EUR,237886.00,2025-11-21,e8c3aee3-cb5b-513c-bef1-5e8721a09e9d,0.000,Quality inspection required
66cfb5ea-0948-5719-8b8c-8dfdddf3432a,2025-10-08T08:00:00Z,system,2025-10-08T08:00:00Z,system,8cf86378-3a98-5100-93b1-d64a76c5add5,20,70c1e335-53e1-5df8-b343-82e92d1eab19,75.000,M,99.38,EUR,7453.50,2025-11-21,d7ced1dd-b986-52e1-90cd-4fbefb9fd70d,0.000,Expedited delivery
517f145a-41f6-532a-adfa-bd51789373c3,2025-10-08T08:00:00Z,system,2025-10-08T08:00:00Z,system,8cf86378-3a98-5100-93b1-d64a76c5add5,30,272957c5-680c-5583-a4ae-d8350def996c,82.500,BOX,1609.88,EUR,132815.10,2025-11-21,324deaa8-d05c-5992-8b34-096e94d05c76,0.000,Framework agreement pricing
3ed8298a-753d-5706-a275-8fe1b5dcf371,2025-10-08T08:00:00Z,system,2025-10-08T08:00:00Z,system,8cf86378-3a98-5100-93b1-d64a76c5add5,40,729b6d7e-7b34-59c4-ab17-3319477660be,100.000,KG,13.72,EUR,1372.00,2025-11-21,380741cb-a9e4-5e26-9d6c-7a788eef7a16,0.000,Quality inspection required
099c4327-9fa6-5fa7-9b94-aeb9304a242b,2026-05-27T08:00:00Z,system,2026-05-27T08:00:00Z,system,7c74fb07-6810-528f-b1f9-e3c318281294,10,32549e95-8264-5b06-ac4c-4f93e09d17a2,100.000,BOX,1167.72,EUR,116772.00,2026-07-21,43b26ad9-48c1-5bb8-a512-b22408ab3e33,100.000,Quality inspection required
d56de7b6-36fa-55b0-95f3-049178e81923,2026-05-27T08:00:00Z,system,2026-05-27T08:00:00Z,system,7c74fb07-6810-528f-b1f9-e3c318281294,20,946b9def-1c5e-5d38-8f79-05db3b27b218,220.000,M,2485.30,EUR,546766.00,2026-07-21,7178a539-f3b8-5c45-b474-be22f7f85fa8,220.000,Standard order line
e45a2429-bb02-5f6f-b9e7-943986c0e2b1,2026-05-27T08:00:00Z,system,2026-05-27T08:00:00Z,system,7c74fb07-6810-528f-b1f9-e3c318281294,30,23ca3651-d389-5646-8a4d-d24fb3e26384,75.000,SET,2179.61,EUR,163470.75,2026-07-21,89e84a35-6252-55b0-81d5-4b4c804286ea,75.000,Expedited delivery
3efd83df-b341-5f03-8c79-79bbe0a2574a,2026-05-27T08:00:00Z,system,2026-05-27T08:00:00Z,system,7c74fb07-6810-528f-b1f9-e3c318281294,40,2ecf27bf-5cc9-5e4d-bf61-da068d5ffc48,20.000,EA,738.88,EUR,14777.60,2026-07-21,fba68c08-8302-54c5-9423-3f7e69a4e8b9,20.000,Quality inspection required
553aafd3-63e3-5211-8344-57693778dae3,2026-03-17T08:00:00Z,system,2026-03-17T08:00:00Z,system,b8623aea-2dee-50aa-981d-0842a4e6a496,10,a46103e7-a245-5eef-af4b-854671431c6b,9.000,M,2143.53,EUR,19291.77,2026-05-14,f79b15a4-7c0c-5357-bb3f-d0765e3d1e29,3.095,Standard order line
84a9503a-4eb7-52cd-b3fe-066e5d5026c1,2026-03-17T08:00:00Z,system,2026-03-17T08:00:00Z,system,b8623aea-2dee-50aa-981d-0842a4e6a496,20,4b8dedda-2e93-5a49-80c4-4876ab55500f,18.000,EA,1138.63,EUR,20495.34,2026-05-14,f08bf54b-201c-5021-89e4-120cec0163be,11.946,Framework agreement pricing
fc81cf3f-5c1c-5653-8a0b-9d355781eed4,2026-01-28T08:00:00Z,system,2026-01-28T08:00:00Z,system,29735a7f-1e1b-55c4-919f-dd9701c9feb3,10,6c7c41de-f18d-5d68-9697-8f8c32cb9e5e,20.000,M,20745.87,SEK,414917.40,2026-03-30,1de24bc5-e9af-52b6-9d85-be4c4a09d0a9,6.184,Framework agreement pricing
e180cf76-bef3-5c82-9f48-016f355f1406,2026-01-28T08:00:00Z,system,2026-01-28T08:00:00Z,system,29735a7f-1e1b-55c4-919f-dd9701c9feb3,20,c27d8ed1-1c81-52eb-9e88-e5402f546414,1.000,L,17164.58,SEK,17164.58,2026-03-30,5493fa1a-edcd-5df8-96d2-a41207df64f4,0.227,Framework agreement pricing
4a83dd81-6418-5f5d-b284-0a24bf5b883a,2026-01-28T08:00:00Z,system,2026-01-28T08:00:00Z,system,29735a7f-1e1b-55c4-919f-dd9701c9feb3,30,d96ec281-e3a6-5aba-b6f4-379e05515ef4,100.000,SET,13021.80,SEK,1302180.00,2026-03-30,fa7abfa7-5cb6-5b43-a74f-2d9b65c1ec1c,16.832,
0b48f31f-de07-5fe5-86a6-b74fac97a9a0,2026-01-28T08:00:00Z,system,2026-01-28T08:00:00Z,system,29735a7f-1e1b-55c4-919f-dd9701c9feb3,40,d3c939e0-3924-58da-a01d-c79899d13ee4,150.000,EA,24272.60,SEK,3640890.00,2026-03-30,af0f1d49-0450-510d-8c97-3825543cf9f0,107.480,Framework agreement pricing
fe3219f3-97c5-5655-9495-60136223defe,2026-01-28T08:00:00Z,system,2026-01-28T08:00:00Z,system,29735a7f-1e1b-55c4-919f-dd9701c9feb3,50,8407ccad-dc71-5f5d-bf6c-5c34f5e1b0ce,1.000,M,18075.02,SEK,18075.02,2026-03-30,6e8c91b3-9c6a-5839-bd77-422da4abd33e,0.172,
55ada011-1316-5091-80f7-c2a8986eb327,2026-02-15T08:00:00Z,system,2026-02-15T08:00:00Z,system,da8c1d11-b75b-5e93-bcc1-6be338564f6c,10,6888476b-380f-570d-8a87-551948fe535a,1.000,M,1004.08,EUR,1004.08,2026-03-29,e7728ade-840d-5e41-b992-ff77d1feff6f,1.000,Quality inspection required
f4c1d9a0-d53a-52c5-a798-a39071c60ae1,2026-02-15T08:00:00Z,system,2026-02-15T08:00:00Z,system,da8c1d11-b75b-5e93-bcc1-6be338564f6c,20,f4d5037c-d38c-5514-b120-c0d70fd1331e,2.000,L,885.15,EUR,1770.30,2026-03-29,d6cad6d1-ebfc-5e9a-ad30-1d25aa66d0fe,2.000,
e74e9614-d438-5ab8-a286-d2d0daf3b0c9,2026-02-15T08:00:00Z,system,2026-02-15T08:00:00Z,system,da8c1d11-b75b-5e93-bcc1-6be338564f6c,30,b73f763a-3d8c-562e-9549-a6941040255f,5.000,EA,770.11,EUR,3850.55,2026-03-29,36c66d9c-634b-5add-8819-e8601eac5770,5.000,Expedited delivery
fcc8e072-c703-56a5-86f2-2cc68d62da85,2026-02-15T08:00:00Z,system,2026-02-15T08:00:00Z,system,da8c1d11-b75b-5e93-bcc1-6be338564f6c,40,b96b5fc7-bf71-5802-87c3-a74c4dd012f4,150.000,EA,709.70,EUR,106455.00,2026-03-29,99609527-7d6c-5872-bfc8-4ed33bf723d8,150.000,Quality inspection required
3a8bb590-76be-5874-92fd-7cefa550a920,2026-02-15T08:00:00Z,system,2026-02-15T08:00:00Z,system,da8c1d11-b75b-5e93-bcc1-6be338564f6c,50,4a6344a3-f35e-516c-9e41-3b71adc76bae,4.500,M,661.73,EUR,2977.78,2026-03-29,3f9c50ea-8232-51cd-be05-f41c29b271d4,4.500,Standard order line
cebb5465-4d6c-54f7-832f-e780ffd4e6c8,2025-10-14T08:00:00Z,system,2025-10-14T08:00:00Z,system,20d03243-8335-5b45-8820-385edbbdad03,10,4c30fa9e-b4c6-593b-975f-b5c99a3fa9b1,150.000,M,794.96,CAD,119244.00,2025-11-13,2a720192-d0e9-5bbf-9c14-725d2502c88f,77.339,Standard order line
60f7da7a-c226-5676-81d5-537f7d08bc2c,2025-10-14T08:00:00Z,system,2025-10-14T08:00:00Z,system,20d03243-8335-5b45-8820-385edbbdad03,20,6cfb6402-60b6-52cc-80a2-aa3c8d1d7363,5.000,SET,1955.92,CAD,9779.60,2025-11-13,21d97bc0-9c0d-5fe2-8458-aedd87a4eef2,3.369,Standard order line
29c28899-6ba6-5fb7-9f15-4e9ca0651710,2026-04-10T08:00:00Z,system,2026-04-10T08:00:00Z,system,46cc5b50-1c08-5764-922e-6021ab844950,10,748d36d0-ad0a-5e2f-ae52-4b9bd4ac6a44,2.200,M,19778.98,SEK,43513.76,2026-05-03,e2ee3505-19c8-5391-8d54-3ed1586f1ea1,1.178,Expedited delivery
5de4dbfa-1e85-58e5-8882-9a0e8d4c1a04,2026-04-10T08:00:00Z,system,2026-04-10T08:00:00Z,system,46cc5b50-1c08-5764-922e-6021ab844950,20,9e7b19d9-c9c7-562c-b69b-23994f239c49,1.000,EA,10231.74,SEK,10231.74,2026-05-03,b5e60cf9-4685-5dff-8532-822dca74e7a9,0.023,Quality inspection required
9e908c85-53ec-59ea-8b56-ae4639fe6b04,2026-04-10T08:00:00Z,system,2026-04-10T08:00:00Z,system,46cc5b50-1c08-5764-922e-6021ab844950,30,12c9f3ae-d18d-52d5-8792-59bbe20067a0,5.000,L,16472.97,SEK,82364.85,2026-05-03,39c86281-5318-5fcc-8a3e-96b735c4d021,3.629,Expedited delivery
1480caca-0032-5c3b-b8bf-0330f13e90a5,2026-04-10T08:00:00Z,system,2026-04-10T08:00:00Z,system,46cc5b50-1c08-5764-922e-6021ab844950,40,105849c8-03f2-573d-9e97-230d47fc6774,20.000,SET,17291.45,SEK,345829.00,2026-05-03,98802ba4-8dda-5b28-8242-4a962b5f98b8,19.950,Quality inspection required
3fc1b305-af62-5c48-b61b-d3ba063baee0,2025-12-25T08:00:00Z,system,2025-12-25T08:00:00Z,system,8fc487fc-63df-5e38-9e6e-a89c9d20241c,10,c13f04ef-297f-5b4a-879c-32e437691f2f,10.000,M,4773.52,PLN,47735.20,2026-01-03,2122ac03-9a56-52a4-ae84-b051db504802,3.329,Expedited delivery
d99eeccd-2108-51e6-84d9-fd0adbb84d95,2025-12-25T08:00:00Z,system,2025-12-25T08:00:00Z,system,8fc487fc-63df-5e38-9e6e-a89c9d20241c,20,57da00f0-61c9-5674-b533-ab7f1607f838,11.000,BOX,4440.87,PLN,48849.57,2026-01-03,230c58db-6b03-5a9f-bd0a-b056dfa0b8dc,2.508,
f33931ac-9faa-538d-bfdf-643293310c58,2025-12-25T08:00:00Z,system,2025-12-25T08:00:00Z,system,8fc487fc-63df-5e38-9e6e-a89c9d20241c,30,6cfb6402-60b6-52cc-80a2-aa3c8d1d7363,150.000,SET,5945.93,PLN,891889.50,2026-01-03,92356ac6-8211-5564-a175-23bc4e1eef86,95.559,Standard order line
219946fc-07c4-5015-8253-47ae53c7ddaa,2025-12-25T08:00:00Z,system,2025-12-25T08:00:00Z,system,8fc487fc-63df-5e38-9e6e-a89c9d20241c,40,5994f62a-190b-5f64-a95c-9773a244fa2e,4.500,SET,7160.07,PLN,32220.31,2026-01-03,26a247e6-b41f-5dbf-99dc-44351ee5abd8,0.917,Expedited delivery
2e0518d2-7d20-52fe-b5a3-a61215c65439,2026-05-14T08:00:00Z,system,2026-05-14T08:00:00Z,system,386f9468-5391-5744-b68b-f75aa82269da,10,d7792ea6-2faa-5ee1-b515-6b526ad9efbb,1.000,BOX,1257.90,GBP,1257.90,2026-07-05,2e8aae48-1000-5e92-a2c7-4af727853719,1.000,Quality inspection required
903803c6-4424-5824-8d19-418194b2be17,2026-05-14T08:00:00Z,system,2026-05-14T08:00:00Z,system,386f9468-5391-5744-b68b-f75aa82269da,20,4b8dedda-2e93-5a49-80c4-4876ab55500f,25.000,EA,1018.02,GBP,25450.50,2026-07-05,cc5974c3-99e5-5fa5-8750-565c85795513,25.000,
0cf7b866-162a-5feb-a263-06b40c5d0626,2026-05-14T08:00:00Z,system,2026-05-14T08:00:00Z,system,386f9468-5391-5744-b68b-f75aa82269da,30,d7792ea6-2faa-5ee1-b515-6b526ad9efbb,10.000,BOX,1194.71,GBP,11947.10,2026-07-05,4d2abb0b-6877-56c8-b980-3ff946dae8c4,10.000,Framework agreement pricing
53e7f30d-4c9e-510c-aff0-321d716fd458,2026-05-14T08:00:00Z,system,2026-05-14T08:00:00Z,system,386f9468-5391-5744-b68b-f75aa82269da,40,75f1b42f-e0d3-559b-883f-62a8bd802d21,27.500,L,17.94,GBP,493.35,2026-07-05,87c2c395-2421-5c6f-b317-7e38f52a6177,27.500,Expedited delivery
3941c83c-c075-5edb-960e-1d6e3c3a02b4,2026-05-14T08:00:00Z,system,2026-05-14T08:00:00Z,system,386f9468-5391-5744-b68b-f75aa82269da,50,0e061496-b663-511d-b153-ccea08f04c32,10.000,M,336.17,GBP,3361.70,2026-07-05,cf161345-1233-5d67-a485-c283f8ee1a73,10.000,Framework agreement pricing
df2aae80-155b-518d-b236-9c2ddf8421f6,2026-04-25T08:00:00Z,system,2026-04-25T08:00:00Z,system,7a3bdc39-a874-5289-be10-09ac4ec29b52,10,0804c1cc-15f6-549d-b061-a4423dc8fcac,25.000,EA,331.18,EUR,8279.50,2026-05-23,41654736-ad26-5401-9f9d-403620b93f2b,25.000,Expedited delivery
1ab00c1c-1506-50aa-8a7b-028fe283dbd7,2026-04-25T08:00:00Z,system,2026-04-25T08:00:00Z,system,7a3bdc39-a874-5289-be10-09ac4ec29b52,20,ffad296f-4b1b-50b0-b7ea-693c82ec1839,100.000,M,664.94,EUR,66494.00,2026-05-23,dbc2457a-ce33-57da-9685-33560e491b2d,100.000,Framework agreement pricing
e4fe9bd6-a49f-5ede-9258-207353d24e24,2026-04-25T08:00:00Z,system,2026-04-25T08:00:00Z,system,7a3bdc39-a874-5289-be10-09ac4ec29b52,30,dc06185f-0801-58aa-86b9-6df5bf774217,180.000,L,838.07,EUR,150852.60,2026-05-23,3ffa945e-409c-5014-87e1-a087bb06bf7c,180.000,Standard order line
f8d928a1-0a2d-5e7a-8b14-b2229cde0396,2026-05-25T08:00:00Z,system,2026-05-25T08:00:00Z,system,e43fa9c2-e8c6-5a92-b8f5-7e561fa2dcab,10,b7445b03-ff12-5031-afe2-33e925c82fd3,5.500,BOX,497.27,CAD,2734.98,2026-06-18,c9fcd86b-8485-56ae-bb93-599a78a2d84d,0.000,Expedited delivery
8086edcf-b74e-51f0-92a3-af15223a21d0,2026-05-25T08:00:00Z,system,2026-05-25T08:00:00Z,system,e43fa9c2-e8c6-5a92-b8f5-7e561fa2dcab,20,c8f2c51c-f8b9-51a7-b2ab-da1f3ac760d6,25.000,M,2469.43,CAD,61735.75,2026-06-18,5499905b-301b-5963-893c-9afe339b9692,0.000,Expedited delivery
f16b8435-fbaa-5d36-a7f4-6610b70bd1e9,2026-05-25T08:00:00Z,system,2026-05-25T08:00:00Z,system,e43fa9c2-e8c6-5a92-b8f5-7e561fa2dcab,30,437ef9de-cfe9-5599-8502-13a53e958016,82.500,KG,17.10,CAD,1410.75,2026-06-18,8dc766ea-54c3-55a4-898a-50016ac7fe29,0.000,
c697395b-c57c-5fa5-9d26-25fb0a551b50,2026-02-22T08:00:00Z,system,2026-02-22T08:00:00Z,system,e6ef3ebd-8659-5513-8862-7d38d25a46ed,10,612fada6-761e-5f21-9247-4531ae1ea588,2.000,L,462.97,EUR,925.94,2026-04-08,d32380cd-e5f5-58a5-be30-1e64de5788bc,0.255,
50902393-7307-5fa2-98e7-2e55df614891,2026-02-22T08:00:00Z,system,2026-02-22T08:00:00Z,system,e6ef3ebd-8659-5513-8862-7d38d25a46ed,20,03f34b44-1652-577f-950a-78af8cdc601f,18.000,L,1083.36,EUR,19500.48,2026-04-08,f8245918-2dcd-5c2e-96b7-43473a3e1bdd,16.196,Quality inspection required
d27dd04e-43d8-5c79-b64e-059c0f193983,2026-02-22T08:00:00Z,system,2026-02-22T08:00:00Z,system,e6ef3ebd-8659-5513-8862-7d38d25a46ed,30,75f1b42f-e0d3-559b-883f-62a8bd802d21,27.500,L,21.05,EUR,578.88,2026-04-08,87c2c395-2421-5c6f-b317-7e38f52a6177,23.469,
4e0707ae-1293-567f-b522-ad480ccf9ff2,2026-02-22T08:00:00Z,system,2026-02-22T08:00:00Z,system,e6ef3ebd-8659-5513-8862-7d38d25a46ed,40,7a0573af-19d9-5fce-a1fb-edef3b2a16d3,25.000,EA,2021.91,EUR,50547.75,2026-04-08,042cdf8f-8b51-5031-bf1a-f2d7057fc7b2,6.392,Framework agreement pricing
80f66acd-e99e-53aa-bf54-6772d43bb440,2026-02-22T08:00:00Z,system,2026-02-22T08:00:00Z,system,e6ef3ebd-8659-5513-8862-7d38d25a46ed,50,b0ab2af3-a243-52cb-867b-07afe9932cc1,50.000,EA,2179.38,EUR,108969.00,2026-04-08,b7eaa8ab-4922-5770-b7fb-bffb69408fb8,19.907,Standard order line
74dce817-ca8e-5d3b-bd28-7fd8ffeec77a,2026-05-28T08:00:00Z,system,2026-05-28T08:00:00Z,system,1f6a640b-74d9-57a9-aaee-74493565d1a5,10,5ed4476d-3306-5591-960f-4c8a96c6dae8,50.000,BOX,7230.28,PLN,361514.00,2026-06-19,355e4988-a09f-5699-9818-f8441125e782,50.000,Standard order line
2444d33e-0f63-5c2a-bf7b-df83b763fd46,2026-05-28T08:00:00Z,system,2026-05-28T08:00:00Z,system,1f6a640b-74d9-57a9-aaee-74493565d1a5,20,19286625-e8e0-5181-9f4c-23d2a96418c8,2.200,KG,40.66,PLN,89.45,2026-06-19,6853dd4e-6a2c-5dc8-8da0-1dab7bc01197,2.200,Quality inspection required
8f0f8fa8-d8b8-58ae-9b54-0d89d552f812,2026-05-07T08:00:00Z,system,2026-05-07T08:00:00Z,system,584e3333-8f75-5fcc-9acc-bb1d4ca8c351,10,0fe72620-9284-5333-a180-c7cfbeaccc63,2.000,KG,535.78,CZK,1071.56,2026-05-30,74d32d9c-9b0b-55f6-8410-c1a53b48bd3b,1.604,Standard order line
c7496946-7759-5576-ad29-fdae9db72459,2026-05-07T08:00:00Z,system,2026-05-07T08:00:00Z,system,584e3333-8f75-5fcc-9acc-bb1d4ca8c351,20,61c9dd7a-23b2-51ce-a4f8-1ecaedb8b55e,2.000,SET,48799.85,CZK,97599.70,2026-05-30,12f01e07-6806-56b0-9782-6f0f94cade6d,1.319,
e87473d0-966f-57bc-9624-064f9e45acc6,2026-05-07T08:00:00Z,system,2026-05-07T08:00:00Z,system,584e3333-8f75-5fcc-9acc-bb1d4ca8c351,30,596f3822-e07b-55ed-bd48-239fb3db0e77,50.000,KG,568.76,CZK,28438.00,2026-05-30,76c3a750-ccc7-5293-85e0-57a535837bda,10.230,Framework agreement pricing
a52aaa17-d674-58f6-8527-20d0ed7096a0,2026-01-21T08:00:00Z,system,2026-01-21T08:00:00Z,system,0b0dc19a-ea02-5928-ba82-f9fee0dfb2f8,10,d96ec281-e3a6-5aba-b6f4-379e05515ef4,200.000,SET,1167.67,CHF,233534.00,2026-03-14,1639237d-fd17-5cf0-abcc-f3b6f6aad499,200.000,Expedited delivery
3e45b56b-c3c6-5268-866a-2d7f3a4cce15,2026-01-21T08:00:00Z,system,2026-01-21T08:00:00Z,system,0b0dc19a-ea02-5928-ba82-f9fee0dfb2f8,20,384f66ad-b02f-5061-83cb-3ace1601e8d3,200.000,SET,1791.68,CHF,358336.00,2026-03-14,ae92d083-32a7-56bd-9acb-7d036dd560e9,200.000,Expedited delivery
c0961c5a-9716-54b6-b016-e055f649da78,2026-01-21T08:00:00Z,system,2026-01-21T08:00:00Z,system,0b0dc19a-ea02-5928-ba82-f9fee0dfb2f8,30,594e1f7d-2ddb-5853-a485-9177631a4db6,25.000,BOX,971.58,CHF,24289.50,2026-03-14,9961b40e-874a-5999-9fb6-e36a371f54a3,25.000,
fd782ccd-e382-506b-99e0-b38a8a7e429a,2026-01-21T08:00:00Z,system,2026-01-21T08:00:00Z,system,0b0dc19a-ea02-5928-ba82-f9fee0dfb2f8,40,a46103e7-a245-5eef-af4b-854671431c6b,10.000,M,1922.42,CHF,19224.20,2026-03-14,f79b15a4-7c0c-5357-bb3f-d0765e3d1e29,10.000,Framework agreement pricing
1b48ef59-354e-5cc5-ae8b-ffbb5c68bc5b,2026-05-01T08:00:00Z,system,2026-05-01T08:00:00Z,system,b4a6cb51-8976-5d97-8f67-abec08330312,10,729b6d7e-7b34-59c4-ab17-3319477660be,50.000,KG,57.77,PLN,2888.50,2026-05-11,f0421c3a-bde0-57ec-b9a7-fb1a84c79f7a,50.000,
0d044013-1cd1-53e0-8e0b-d92efccb1bc9,2026-05-01T08:00:00Z,system,2026-05-01T08:00:00Z,system,b4a6cb51-8976-5d97-8f67-abec08330312,20,9f72fcd8-0de5-52ab-8f85-0c7e59529a02,150.000,EA,1593.87,PLN,239080.50,2026-05-11,d18c1975-ff9d-5b5c-ba9d-832c2d0c6a53,150.000,Quality inspection required
6fd18e71-9457-5761-92ce-24e039e70994,2026-05-01T08:00:00Z,system,2026-05-01T08:00:00Z,system,b4a6cb51-8976-5d97-8f67-abec08330312,30,c21a05cd-e0c4-5233-b2b3-69e0eadd9d50,50.000,EA,3763.62,PLN,188181.00,2026-05-11,17c43f31-b8dc-5621-b0ad-bca5886883de,50.000,
9ddb6751-75df-582d-986e-cf7f1b6bc2a4,2026-01-27T08:00:00Z,system,2026-01-27T08:00:00Z,system,838a553b-aee4-5ca0-9608-c83f6767939d,10,7c9ec527-9eb0-52c4-b207-8cf0cae25caf,75.000,M,2116.75,EUR,158756.25,2026-02-06,74c3024f-4f40-507e-bf0f-768a1f764b49,0.000,
e5cc8bf3-e8ee-5f30-853c-0c9f6bdb78c5,2026-01-27T08:00:00Z,system,2026-01-27T08:00:00Z,system,838a553b-aee4-5ca0-9608-c83f6767939d,20,dac566e3-7998-519e-827e-c56affe7618f,1.000,EA,2027.27,EUR,2027.27,2026-02-06,bdcd064a-bb2e-57fd-90f4-a3e374bf019f,0.000,Expedited delivery
6ab04b43-b3e5-5b27-a0c0-8fed7226439d,2026-01-27T08:00:00Z,system,2026-01-27T08:00:00Z,system,838a553b-aee4-5ca0-9608-c83f6767939d,30,3dc01e32-c4f9-591d-bf47-70af97b27acc,150.000,BOX,1342.39,EUR,201358.50,2026-02-06,ddf45f83-465e-5838-904a-d1bee7c5344b,0.000,Expedited delivery
760059db-8d84-5f5d-bd5b-b156ea399fba,2026-01-27T08:00:00Z,system,2026-01-27T08:00:00Z,system,838a553b-aee4-5ca0-9608-c83f6767939d,40,e337ec5f-3c23-585a-808c-545892f7ee27,2.000,SET,1132.80,EUR,2265.60,2026-02-06,2d5289f7-cc46-5bc1-8bae-da77ff5c2848,0.000,
8691ba29-7f82-5d59-a685-c52f124b5c9d,2026-01-27T08:00:00Z,system,2026-01-27T08:00:00Z,system,838a553b-aee4-5ca0-9608-c83f6767939d,50,5638f460-1932-50d2-8453-a3cf94aaa992,1.000,SET,2203.15,EUR,2203.15,2026-02-06,c9cc1fa0-c06f-5aa6-9625-429567e590e7,0.000,Framework agreement pricing
2c314b19-0403-573f-aa23-e4b3b5ad418c,2025-12-10T08:00:00Z,system,2025-12-10T08:00:00Z,system,aac38b6b-bb1f-5a8b-ad1a-3ba6a1c00147,10,12c9f3ae-d18d-52d5-8792-59bbe20067a0,18.000,L,1546.41,EUR,27835.38,2026-01-04,134b8e49-af77-534e-b9c0-16e3a2b97eb6,18.000,Quality inspection required
e352241e-f629-50e9-a362-f3f9e64605b5,2025-12-10T08:00:00Z,system,2025-12-10T08:00:00Z,system,aac38b6b-bb1f-5a8b-ad1a-3ba6a1c00147,20,62a2158d-64d0-547a-b140-23e19a0b0820,25.000,BOX,1451.48,EUR,36287.00,2026-01-04,3c8ad59b-3603-5835-9f9f-04f235a4f46c,25.000,Framework agreement pricing
f0c0ec25-89cc-5bce-997b-92434f636b16,2025-12-10T08:00:00Z,system,2025-12-10T08:00:00Z,system,aac38b6b-bb1f-5a8b-ad1a-3ba6a1c00147,30,cb6ffa8f-0fe6-5b74-b902-9c455baa0e7f,75.000,BOX,223.17,EUR,16737.75,2026-01-04,14e04ba5-2dc6-521a-8499-2898efc22329,75.000,
e09a7132-5701-56d3-a100-c2acce2113f6,2025-12-10T08:00:00Z,system,2025-12-10T08:00:00Z,system,aac38b6b-bb1f-5a8b-ad1a-3ba6a1c00147,40,c27d8ed1-1c81-52eb-9e88-e5402f546414,2.000,L,1699.13,EUR,3398.26,2026-01-04,c6201c92-5877-56d5-bd1d-821d897db179,2.000,Standard order line
af639790-ef7e-5a6e-b5ba-3633eaa0a761,2026-02-27T08:00:00Z,system,2026-02-27T08:00:00Z,system,dde448dd-7a58-53fb-88eb-186aea971808,10,b0ab2af3-a243-52cb-867b-07afe9932cc1,9.000,EA,2434.23,EUR,21908.07,2026-03-07,fdb63dff-2312-5a02-9199-81cc78b38e5a,9.000,
91057ea7-067b-5511-9363-936d2d83b964,2026-02-27T08:00:00Z,system,2026-02-27T08:00:00Z,system,dde448dd-7a58-53fb-88eb-186aea971808,20,20b9081b-2fb8-5ca6-99f3-12478b5fce53,180.000,KG,11.37,EUR,2046.60,2026-03-07,78d7232e-8c82-5323-9bb8-fed761d8eec9,180.000,Standard order line
e383399a-df6a-514d-aaee-f0a63b70e445,2026-02-27T08:00:00Z,system,2026-02-27T08:00:00Z,system,dde448dd-7a58-53fb-88eb-186aea971808,30,74ec4245-16d4-59ad-a64b-e56056485a1c,82.500,EA,2545.01,EUR,209963.33,2026-03-07,8bba6fee-0979-5a58-865f-e54c58612051,82.500,Expedited delivery
a5d84a61-d225-551f-869c-7a97da0f8f9b,2026-02-27T08:00:00Z,system,2026-02-27T08:00:00Z,system,dde448dd-7a58-53fb-88eb-186aea971808,40,6cfb6402-60b6-52cc-80a2-aa3c8d1d7363,5.000,SET,1361.56,EUR,6807.80,2026-03-07,21d97bc0-9c0d-5fe2-8458-aedd87a4eef2,5.000,
91006d97-ccde-5bf0-8d0f-e70b337123c1,2026-02-27T08:00:00Z,system,2026-02-27T08:00:00Z,system,dde448dd-7a58-53fb-88eb-186aea971808,50,48cb4f21-8c1b-5570-a07c-08c09fbf0ce6,50.000,SET,849.96,EUR,42498.00,2026-03-07,96dd29c6-1a47-55a5-a8ae-eaa2ed100d31,50.000,Expedited delivery
8329025c-f91c-5307-907a-85d44a3c68e5,2026-01-25T08:00:00Z,system,2026-01-25T08:00:00Z,system,0eea814f-fabd-50d3-a440-ffacedbb4eea,10,19e5854c-015a-5974-997b-3ccb05e32d73,150.000,M,388.72,EUR,58308.00,2026-02-23,823b159b-6034-5f03-adf4-e34936e92e15,0.000,Expedited delivery
64f26211-dae5-5d67-97ad-76578035c554,2026-01-25T08:00:00Z,system,2026-01-25T08:00:00Z,system,0eea814f-fabd-50d3-a440-ffacedbb4eea,20,5e0e22e5-d386-54e2-bfeb-2492f8c12bc4,50.000,L,1645.46,EUR,82273.00,2026-02-23,b8a08d78-2987-599a-8a65-705dc60b9e7b,0.000,Quality inspection required
09f8cfde-372f-5bee-91e1-2f6833222541,2026-01-22T08:00:00Z,system,2026-01-22T08:00:00Z,system,fa58aac9-e700-535c-b841-6df0fa8f0e3a,10,0ff1099e-974c-5cf5-97fc-078fe85ca3af,75.000,L,1486.76,EUR,111507.00,2026-02-23,cb7c38c0-c101-54df-98aa-836864ce6100,75.000,
6c4a43f2-8898-544a-b63b-66f569c9bb36,2026-01-22T08:00:00Z,system,2026-01-22T08:00:00Z,system,fa58aac9-e700-535c-b841-6df0fa8f0e3a,20,76540a83-8375-53ea-a170-4e4e171d11cd,22.000,KG,25.32,EUR,557.04,2026-02-23,6a860d42-0a2d-5561-8382-3c688297260b,22.000,Expedited delivery
2a04fb07-a28a-5ccf-9d18-e055ccd5fd84,2026-01-22T08:00:00Z,system,2026-01-22T08:00:00Z,system,fa58aac9-e700-535c-b841-6df0fa8f0e3a,30,6d2735d4-0448-53f2-b4da-81a2b822e099,1.100,KG,26.01,EUR,28.61,2026-02-23,f994e801-b5c4-5570-a2af-0e3d5645d2e6,1.100,
9e6e0cee-19c0-5e77-a35f-e084f0f2c234,2026-01-22T08:00:00Z,system,2026-01-22T08:00:00Z,system,fa58aac9-e700-535c-b841-6df0fa8f0e3a,40,452e2331-a466-542c-832b-33425b59e07a,150.000,EA,2440.36,EUR,366054.00,2026-02-23,91635bc5-950a-5cef-bed3-eb26e13d37af,150.000,Framework agreement pricing
39c4afc4-78f1-542a-9d9d-18e046c85236,2025-10-12T08:00:00Z,system,2025-10-12T08:00:00Z,system,a7404063-266a-514f-895e-8880b4fd9c13,10,219cd16c-a048-5e62-90b0-7924b1431b82,2.000,L,1345.60,EUR,2691.20,2025-12-03,9877ad83-ed60-5cb0-8d8a-8021c9bd790d,2.000,
295a6a46-59ed-5e0b-8606-87c5ddb4099e,2025-10-12T08:00:00Z,system,2025-10-12T08:00:00Z,system,a7404063-266a-514f-895e-8880b4fd9c13,20,96fb08d2-476c-50b5-8ac4-5ecf45934f96,20.000,SET,65.54,EUR,1310.80,2025-12-03,22b894e7-bbc9-5540-b354-8435304c40d4,20.000,Quality inspection required
b7d9f0a2-bbfc-569e-861e-fda6db48f608,2025-10-12T08:00:00Z,system,2025-10-12T08:00:00Z,system,a7404063-266a-514f-895e-8880b4fd9c13,30,cff52af4-5fdd-5e0b-be96-5b7ede153dbb,150.000,SET,948.14,EUR,142221.00,2025-12-03,b65dabba-a671-5e82-8871-dca59f8d95db,150.000,
ac2fcf9f-8453-50a2-8740-1139ac1303cd,2025-10-12T08:00:00Z,system,2025-10-12T08:00:00Z,system,a7404063-266a-514f-895e-8880b4fd9c13,40,51a7a682-3b4d-51e0-bc82-813005d006b8,1.000,BOX,1738.44,EUR,1738.44,2025-12-03,ea716341-0d10-5717-961b-ca5f39a92a5f,1.000,
36d8ca20-13fb-5727-83ab-f59bd7d8389a,2026-04-09T08:00:00Z,system,2026-04-09T08:00:00Z,system,b4d00e70-c6bf-541c-8b6a-7ce5c87aafc9,10,b7445b03-ff12-5031-afe2-33e925c82fd3,150.000,BOX,533.00,CAD,79950.00,2026-05-07,17acfbf5-2aad-5079-ace8-588090d49230,143.830,Quality inspection required
425423ca-1ca5-50c3-b7e6-8e1b8982b327,2026-04-09T08:00:00Z,system,2026-04-09T08:00:00Z,system,b4d00e70-c6bf-541c-8b6a-7ce5c87aafc9,20,33565d42-f2c6-5728-b582-d95f8618e410,150.000,BOX,2219.86,CAD,332979.00,2026-05-07,050f0642-b7a5-5717-8cad-e7f9e7ee7e2d,95.307,Framework agreement pricing
fcf2770d-3532-5b73-b0f7-6ce675a93557,2025-11-29T08:00:00Z,system,2025-11-29T08:00:00Z,system,4fb53f99-3735-5294-b358-8417d2f53e76,10,d0cb5824-8127-5ca6-8364-98b5469fc7c7,25.000,EA,1117.62,CHF,27940.50,2025-12-28,3f961467-971c-51ad-9d9a-d5a8231f6d65,16.140,
16b1d88f-b5c8-56c2-a61d-eaa6ee840891,2025-11-29T08:00:00Z,system,2025-11-29T08:00:00Z,system,4fb53f99-3735-5294-b358-8417d2f53e76,20,dc089f09-34df-5a3e-bedb-2c2e0f21465e,180.000,L,1543.52,CHF,277833.60,2025-12-28,f2d4fa4f-6a15-526f-a62f-0f6d0f21f849,10.332,Quality inspection required
18f678ce-0af8-54b1-a36b-3736b291a7ec,2025-11-29T08:00:00Z,system,2025-11-29T08:00:00Z,system,4fb53f99-3735-5294-b358-8417d2f53e76,30,19e5854c-015a-5974-997b-3ccb05e32d73,55.000,M,413.54,CHF,22744.70,2025-12-28,33028e10-0ca8-5d08-a314-7822f63089f9,44.679,Framework agreement pricing
1709c566-0a65-5d4e-ba03-6959a29b0bed,2025-11-29T08:00:00Z,system,2025-11-29T08:00:00Z,system,4fb53f99-3735-5294-b358-8417d2f53e76,40,7c9ec527-9eb0-52c4-b207-8cf0cae25caf,45.000,M,1949.46,CHF,87725.70,2025-12-28,beb61672-1a18-548a-8ccd-68c734e8dcb5,11.495,
3160100e-698b-5e81-9aa1-5b4ae8928e25,2026-02-26T08:00:00Z,system,2026-02-26T08:00:00Z,system,e2ff4f9a-1e6c-59c1-aa40-61da1efe8158,10,cf47eab7-b618-56ca-8312-fe97b2569fb6,200.000,BOX,430.09,USD,86018.00,2026-03-11,3fe3b9ea-fe1c-5907-af01-56d7f705e491,200.000,Standard order line
2863aeed-8934-51c7-8cc4-c4373880b32c,2026-02-26T08:00:00Z,system,2026-02-26T08:00:00Z,system,e2ff4f9a-1e6c-59c1-aa40-61da1efe8158,20,3686479f-e462-5c48-9c5a-4cbf814179f1,220.000,M,294.24,USD,64732.80,2026-03-11,f6220066-2cef-5aaf-9730-1cdcac1f7d83,220.000,Framework agreement pricing
54f2ddeb-cef6-5564-a26c-4ae65fdcfd49,2026-05-10T08:00:00Z,system,2026-05-10T08:00:00Z,system,2e925bfa-ea9c-5aac-b8a6-caaecaadac22,10,781e49c0-8999-50e8-9276-e1fc0e9e29ca,100.000,EA,2237.62,EUR,223762.00,2026-06-22,eb7e19ff-4eda-5181-a74c-b014a10cc74e,0.000,Expedited delivery
0ecf2f2c-f48e-54c4-b21a-3497f283e13a,2026-05-10T08:00:00Z,system,2026-05-10T08:00:00Z,system,2e925bfa-ea9c-5aac-b8a6-caaecaadac22,20,219cd16c-a048-5e62-90b0-7924b1431b82,75.000,L,1381.59,EUR,103619.25,2026-06-22,094a5d1b-58ec-525d-a0c8-c8a0889f3d87,0.000,Standard order line
e04f2475-17d3-5f87-9b6a-974dfab12df7,2026-05-10T08:00:00Z,system,2026-05-10T08:00:00Z,system,2e925bfa-ea9c-5aac-b8a6-caaecaadac22,30,3b977897-9c14-59e5-a889-922436cc6be2,200.000,EA,516.18,EUR,103236.00,2026-06-22,ef66c421-b089-54cd-95b0-dc3739d16cec,0.000,Expedited delivery
437c2699-b13a-5439-b738-8d02ef55c2ed,2026-05-10T08:00:00Z,system,2026-05-10T08:00:00Z,system,2e925bfa-ea9c-5aac-b8a6-caaecaadac22,40,d82bd767-f5ed-57ab-a2c9-406318f72bc2,20.000,L,67.99,EUR,1359.80,2026-06-22,ff41d202-a29f-52bf-92ef-8c06f77e29cf,0.000,
047d635f-cbcf-5ab6-9e93-4efeb7f0a126,2025-10-27T08:00:00Z,system,2025-10-27T08:00:00Z,system,ec5b9dba-06c7-5626-856c-2c6616032e22,10,9f268dd5-b99b-5f85-935d-cd614d5d12ad,1.000,KG,23.35,CHF,23.35,2025-12-01,8c7236e1-1efc-5016-9639-ba32ae439b0e,0.690,Framework agreement pricing
ffcbc0f1-c8d2-5ea3-b5ab-29de47585f68,2025-10-27T08:00:00Z,system,2025-10-27T08:00:00Z,system,ec5b9dba-06c7-5626-856c-2c6616032e22,20,b73f763a-3d8c-562e-9549-a6941040255f,55.000,EA,705.47,CHF,38800.85,2025-12-01,79bdb83f-46ce-50df-8605-76419d8c1457,13.600,Framework agreement pricing
0a79aeb6-a728-5881-8b7d-619d568a5e72,2026-01-02T08:00:00Z,system,2026-01-02T08:00:00Z,system,c4f84f80-cf2f-52e6-8d96-0dc5c19391f3,10,4ab6e929-df87-5d07-b36e-bc3c2033a2c4,18.000,BOX,2313.34,EUR,41640.12,2026-02-22,c89656c2-48f0-5f9a-8707-72e901b2809c,0.000,Framework agreement pricing
195c527d-9097-5f8b-9917-0fe8eaab662f,2026-01-02T08:00:00Z,system,2026-01-02T08:00:00Z,system,c4f84f80-cf2f-52e6-8d96-0dc5c19391f3,20,94288f21-6926-5da3-827e-38477bc97581,150.000,L,1029.96,EUR,154494.00,2026-02-22,92eb5838-254b-5622-87aa-cb01fb77f896,0.000,Quality inspection required
1d20fdf5-197e-58cd-966c-e1940dbe9055,2026-05-13T08:00:00Z,system,2026-05-13T08:00:00Z,system,af61a317-0672-5067-a1c4-488d64da3019,10,33b58793-6f12-50d8-b5ed-f4aaefc6d3f0,1.000,M,702.10,SEK,702.10,2026-05-23,407f0e9f-114c-5c00-a8ac-d25517748459,0.181,Quality inspection required
6139608c-933e-56a3-ab5d-f577bd875383,2026-05-13T08:00:00Z,system,2026-05-13T08:00:00Z,system,af61a317-0672-5067-a1c4-488d64da3019,20,26b04983-d84b-57db-acd1-68d00120334b,50.000,L,14824.56,SEK,741228.00,2026-05-23,8abd8f37-6de4-59b3-a6c5-f2428c4ad8d1,12.453,
b027177b-4b3f-59ed-b8e3-b66396d4ffa3,2026-05-13T08:00:00Z,system,2026-05-13T08:00:00Z,system,af61a317-0672-5067-a1c4-488d64da3019,30,a006b8e3-6118-5906-998a-865149ed8589,2.200,SET,7795.17,SEK,17149.37,2026-05-23,f6dc61f5-51c1-5cbd-af33-46b216e2c50e,0.547,Expedited delivery
505b6017-46cc-51ca-87b5-9904bafafde0,2026-04-23T08:00:00Z,system,2026-04-23T08:00:00Z,system,af7be592-47ff-5763-83a9-ff8ab04c0834,10,a826e0c2-43dd-5a6b-a002-5f2510a4b1f5,75.000,L,1324.22,EUR,99316.50,2026-06-29,cbfbf049-dc8e-5fea-b754-64abf8122513,75.000,Framework agreement pricing
84db6661-8efb-56ad-bead-4d2fc83747f3,2026-04-23T08:00:00Z,system,2026-04-23T08:00:00Z,system,af7be592-47ff-5763-83a9-ff8ab04c0834,20,aa609c4e-2fa3-5db5-a548-e837797b7ec8,10.000,SET,2100.96,EUR,21009.60,2026-06-29,3aa20cbd-5d87-5972-9580-78f9032a2db7,10.000,Quality inspection required
daa04f6c-b81b-5d62-83fc-471f4643881d,2026-04-23T08:00:00Z,system,2026-04-23T08:00:00Z,system,af7be592-47ff-5763-83a9-ff8ab04c0834,30,c1263224-5b01-5628-b91f-a1409b9c0752,2.000,BOX,1770.58,EUR,3541.16,2026-06-29,4aa93e37-6d70-5aa5-8e5c-239f0b6b1f34,2.000,
5e6665a8-09a6-5bfe-89c1-5cb23bcb6a29,2026-04-23T08:00:00Z,system,2026-04-23T08:00:00Z,system,af7be592-47ff-5763-83a9-ff8ab04c0834,40,9261773a-79a7-5ba7-a7f8-356b7ba60aa2,180.000,EA,1881.62,EUR,338691.60,2026-06-29,a4878171-84cf-5ea5-9ee2-63552eaf9090,180.000,Quality inspection required
de3e5b50-5802-5d85-bb72-f70ed7cec559,2026-07-14T08:00:00Z,system,2026-07-14T08:00:00Z,system,2c8a50a3-4292-5b72-9192-1dfa7f5e722d,10,5638f460-1932-50d2-8453-a3cf94aaa992,1.000,SET,3577.96,CAD,3577.96,2026-09-19,c9cc1fa0-c06f-5aa6-9625-429567e590e7,0.906,Quality inspection required
0fc90574-ff9b-5006-8809-a6124e5a8b2a,2026-07-14T08:00:00Z,system,2026-07-14T08:00:00Z,system,2c8a50a3-4292-5b72-9192-1dfa7f5e722d,20,24e149d4-fbad-5890-a7ee-15a416fd63bc,67.500,SET,479.23,CAD,32348.03,2026-09-19,8ef13569-6596-530e-b41e-74d56af7221c,65.436,Standard order line
289cb132-c786-5fe8-a971-f13fed36f6e2,2026-07-14T08:00:00Z,system,2026-07-14T08:00:00Z,system,2c8a50a3-4292-5b72-9192-1dfa7f5e722d,30,5ff325a3-cf1b-5887-bd0f-e1da5d5e6a57,1.100,BOX,1287.47,CAD,1416.22,2026-09-19,042a03a3-d65e-5015-8491-df316e37c506,0.783,Expedited delivery
e1b4821b-db3c-5d7e-ba10-eee5b043390a,2026-07-14T08:00:00Z,system,2026-07-14T08:00:00Z,system,2c8a50a3-4292-5b72-9192-1dfa7f5e722d,40,6c7c41de-f18d-5d68-9697-8f8c32cb9e5e,2.200,M,3240.57,CAD,7129.25,2026-09-19,fa35ef03-cdce-52c3-9a30-8a7c874a87dd,1.456,
cf1caf77-a3fe-5618-a722-562440e45739,2026-07-14T08:00:00Z,system,2026-07-14T08:00:00Z,system,2c8a50a3-4292-5b72-9192-1dfa7f5e722d,50,05a4f991-84c1-5839-9f40-938f84dcd65e,10.000,M,2369.37,CAD,23693.70,2026-09-19,09f26d35-a96c-5365-ba30-e9f88494b247,0.261,Expedited delivery
aae000b7-893c-5c29-a69a-4ad160f59a87,2025-10-31T08:00:00Z,system,2025-10-31T08:00:00Z,system,bd60b795-16b9-5b0d-a36e-43d222c17d52,10,76540a83-8375-53ea-a170-4e4e171d11cd,25.000,KG,26.50,GBP,662.50,2025-12-02,168b2df6-fdd2-5f36-9b9c-c38dd8386a6e,0.000,
0b460b96-570e-5963-8d2e-b2b640c01071,2025-10-31T08:00:00Z,system,2025-10-31T08:00:00Z,system,bd60b795-16b9-5b0d-a36e-43d222c17d52,20,66829174-3fa6-52dd-bbb1-daa7bca60901,150.000,BOX,547.40,GBP,82110.00,2025-12-02,33f74b29-a9d1-5268-956c-00e7b7353b73,0.000,Framework agreement pricing
82e3439a-d248-5f9d-8b8d-d1394b18bb53,2025-10-31T08:00:00Z,system,2025-10-31T08:00:00Z,system,bd60b795-16b9-5b0d-a36e-43d222c17d52,30,6b8b9c0c-ca33-51c4-9164-471f4abb4160,50.000,BOX,1179.91,GBP,58995.50,2025-12-02,ede374eb-6792-5eaa-9194-7cdb7d4c9a3d,0.000,Expedited delivery
01230225-605c-53e4-b77e-84b9385cf3f0,2025-10-31T08:00:00Z,system,2025-10-31T08:00:00Z,system,bd60b795-16b9-5b0d-a36e-43d222c17d52,40,74ec4245-16d4-59ad-a64b-e56056485a1c,1.000,EA,1989.42,GBP,1989.42,2025-12-02,f8901f46-7e28-5762-8635-412ffd3d0114,0.000,Standard order line
13ea9972-3227-5a1e-aa4b-08741149011e,2025-10-31T08:00:00Z,system,2025-10-31T08:00:00Z,system,bd60b795-16b9-5b0d-a36e-43d222c17d52,50,b121cc73-e21b-5700-aed3-23e3f1122454,1.000,EA,498.54,GBP,498.54,2025-12-02,585d7580-6695-5cc1-a510-37f25ba66ee9,0.000,Framework agreement pricing
0906c8c6-dd47-5f0b-ad8c-873886ac2a43,2026-03-28T08:00:00Z,system,2026-03-28T08:00:00Z,system,4441d65e-3240-56aa-9f8a-12c5260f1cd9,10,99390864-f827-5aef-be8a-287357eedb0f,5.000,BOX,1594.60,GBP,7973.00,2026-05-05,04194df6-6113-5deb-a8c6-0303e42f6358,4.611,Expedited delivery
51311f74-68ae-59f3-a49e-a2242e709a3d,2026-03-28T08:00:00Z,system,2026-03-28T08:00:00Z,system,4441d65e-3240-56aa-9f8a-12c5260f1cd9,20,86cd43f5-5e5a-58e0-8882-778206f00530,5.000,KG,13.01,GBP,65.05,2026-05-05,ded2e934-6294-5c56-b910-586cc08da68a,0.010,Standard order line
5ef2c305-2a2e-5ab2-afd6-e5290cac8d8d,2026-03-28T08:00:00Z,system,2026-03-28T08:00:00Z,system,4441d65e-3240-56aa-9f8a-12c5260f1cd9,30,7fb17ba4-6dd3-5a8b-a71f-be9e5b3c1f9a,55.000,KG,30.11,GBP,1656.05,2026-05-05,0ac22f13-a092-5073-8bb9-f73508f6a682,42.447,Expedited delivery
55244980-6ed5-59b3-b667-169e576892b8,2026-03-28T08:00:00Z,system,2026-03-28T08:00:00Z,system,4441d65e-3240-56aa-9f8a-12c5260f1cd9,40,22447b3a-3dd0-58e6-a0a5-422538c79c8f,110.000,BOX,797.32,GBP,87705.20,2026-05-05,eb0c9e80-bc72-5ce8-a493-a76b79094312,66.188,Standard order line
bfdd5c34-8b34-5674-be5f-b744a3d9f378,2026-03-28T08:00:00Z,system,2026-03-28T08:00:00Z,system,4441d65e-3240-56aa-9f8a-12c5260f1cd9,50,6febc7d4-a6f9-547c-bdef-f6c3c7cebf1b,4.500,BOX,813.97,GBP,3662.87,2026-05-05,05b5777b-2ef1-5a78-86cb-a448f9d19490,1.721,Quality inspection required
128e7dcb-1f9e-57a7-9897-cff293f274f0,2025-12-21T08:00:00Z,system,2025-12-21T08:00:00Z,system,d282c72c-3aca-5052-b261-401549fafc75,10,d3c939e0-3924-58da-a01d-c79899d13ee4,50.000,EA,2454.18,EUR,122709.00,2026-02-12,da4807e2-29ac-5f8a-ac37-bd8a2efd5070,50.000,Framework agreement pricing
77eee0ec-95e3-5e3e-9fa7-00c37a412f29,2025-12-21T08:00:00Z,system,2025-12-21T08:00:00Z,system,d282c72c-3aca-5052-b261-401549fafc75,20,0c9f0a42-1ac7-5282-b469-b088f77d7e6d,5.000,BOX,1205.08,EUR,6025.40,2026-02-12,f1bd27d0-93aa-587f-94c5-c83a16aab05e,5.000,Framework agreement pricing
7770bf83-f3d0-5dc8-bf6b-8ab98b8004e7,2025-12-21T08:00:00Z,system,2025-12-21T08:00:00Z,system,d282c72c-3aca-5052-b261-401549fafc75,30,b0ab2af3-a243-52cb-867b-07afe9932cc1,10.000,EA,2227.75,EUR,22277.50,2026-02-12,fdb63dff-2312-5a02-9199-81cc78b38e5a,10.000,Framework agreement pricing
a2ca0387-d276-5436-9bf5-bab1df6c2269,2025-12-21T08:00:00Z,system,2025-12-21T08:00:00Z,system,d282c72c-3aca-5052-b261-401549fafc75,40,92383fa1-d27d-5e6a-b93a-e9f0ff565f05,50.000,EA,1029.16,EUR,51458.00,2026-02-12,d3c633d5-adeb-5e67-95b0-1dfba6d37c89,50.000,
76cbaecd-81cc-52db-b95f-efb59e0e9f42,2025-12-21T08:00:00Z,system,2025-12-21T08:00:00Z,system,d282c72c-3aca-5052-b261-401549fafc75,50,b96b5fc7-bf71-5802-87c3-a74c4dd012f4,27.500,EA,656.45,EUR,18052.38,2026-02-12,56b2544c-0048-5933-89e0-a0252a7587c1,27.500,Expedited delivery
d02b408c-f121-52c1-8acf-814823560bfb,2026-05-22T08:00:00Z,system,2026-05-22T08:00:00Z,system,28c71676-40a5-5f30-96e7-4e1d12e79fdd,10,a1a5bad0-30ca-5727-b1d6-9e34f59daa2c,27.500,BOX,571.09,GBP,15704.98,2026-06-13,caf57b62-71c8-5780-9369-9c95256a7127,27.500,
1929e9d1-50db-51c0-b846-2cc2971a5d3e,2026-05-22T08:00:00Z,system,2026-05-22T08:00:00Z,system,28c71676-40a5-5f30-96e7-4e1d12e79fdd,20,6b8b9c0c-ca33-51c4-9164-471f4abb4160,45.000,BOX,1290.56,GBP,58075.20,2026-06-13,ede374eb-6792-5eaa-9194-7cdb7d4c9a3d,45.000,
16062119-83d1-5c89-bf70-153f283a14da,2026-05-22T08:00:00Z,system,2026-05-22T08:00:00Z,system,28c71676-40a5-5f30-96e7-4e1d12e79fdd,30,8407ccad-dc71-5f5d-bf6c-5c34f5e1b0ce,165.000,M,1477.11,GBP,243723.15,2026-06-13,dc52fe48-a653-5292-a4e5-d4fcead5bbbe,165.000,Expedited delivery
c0761ccb-7bba-599e-b5e3-4462606b4256,2026-05-22T08:00:00Z,system,2026-05-22T08:00:00Z,system,28c71676-40a5-5f30-96e7-4e1d12e79fdd,40,4a6344a3-f35e-516c-9e41-3b71adc76bae,5.000,M,609.27,GBP,3046.35,2026-06-13,3f9c50ea-8232-51cd-be05-f41c29b271d4,5.000,
97bfd251-e1a9-5a37-bfb4-d67431997053,2025-12-21T08:00:00Z,system,2025-12-21T08:00:00Z,system,d175b797-de92-5c6e-b179-e801c520df6c,10,0c3785e3-7d1b-5f41-95de-b2299b8dd699,20.000,M,1662.02,CAD,33240.40,2026-02-04,f67c7a78-964f-564c-928d-bb7bdb66c3ee,13.348,Standard order line
931a0cae-0e00-56e6-993e-35318fc83f11,2025-12-21T08:00:00Z,system,2025-12-21T08:00:00Z,system,d175b797-de92-5c6e-b179-e801c520df6c,20,34a9184c-b2a2-5e49-b2fa-ec91dd5c7ccc,2.000,L,2610.37,CAD,5220.74,2026-02-04,bdbd69e6-4f5a-593a-aabc-2af3beb672cc,1.178,Expedited delivery
5fa607dd-bbc9-5508-b3ee-0fa86ddd9250,2025-12-21T08:00:00Z,system,2025-12-21T08:00:00Z,system,d175b797-de92-5c6e-b179-e801c520df6c,30,4cdc5ff6-d193-563c-9400-f57baf1162a6,20.000,BOX,1541.09,CAD,30821.80,2026-02-04,ea16e84b-5c1a-5a3c-b7b4-acdbc9d70507,11.937,Standard order line
937e5bf5-dbfb-533a-943a-00af957bc08c,2026-07-17T08:00:00Z,system,2026-07-17T08:00:00Z,system,266b0b4d-249d-5c7f-bf29-c4f7c725c947,10,21cbb700-5485-5bab-b31b-e024cd04b587,1.000,M,1023.74,CHF,1023.74,2026-08-02,daae71c5-7626-59a3-9bde-434c11142023,0.000,Expedited delivery
24fda568-cfdd-511e-a480-a9aa9a94938a,2026-07-17T08:00:00Z,system,2026-07-17T08:00:00Z,system,266b0b4d-249d-5c7f-bf29-c4f7c725c947,20,7a0dddce-a54b-5ce2-932f-2cf37ea670f6,20.000,EA,1231.66,CHF,24633.20,2026-08-02,fdc44aae-4206-5eab-ab83-c45bc4908ab4,0.000,Standard order line
209687f8-bdb7-5538-a612-9f2f4853d5e3,2026-07-17T08:00:00Z,system,2026-07-17T08:00:00Z,system,266b0b4d-249d-5c7f-bf29-c4f7c725c947,30,747bd910-e2d1-5080-b88a-7ef1a35ac5f6,200.000,BOX,1213.46,CHF,242692.00,2026-08-02,1c0224ae-05d0-5790-aeea-a7cb11073286,0.000,Framework agreement pricing
9ca0e8eb-2734-5438-b6d4-aec9c4fccd82,2026-07-17T08:00:00Z,system,2026-07-17T08:00:00Z,system,266b0b4d-249d-5c7f-bf29-c4f7c725c947,40,f86c9292-1db7-5162-81d0-0b6ff62e922d,100.000,SET,968.05,CHF,96805.00,2026-08-02,7f779605-f9eb-5bbb-8a3b-8c1ad4a2a580,0.000,Standard order line
5a4922a9-5e16-5c15-8810-f192ed8c55ec,2026-07-17T08:00:00Z,system,2026-07-17T08:00:00Z,system,266b0b4d-249d-5c7f-bf29-c4f7c725c947,50,ff9d3a31-fca6-52bf-8e11-bad09771c87f,11.000,KG,23.54,CHF,258.94,2026-08-02,3003d1e4-f6e9-585a-b2b8-6e1459613c5e,0.000,Standard order line
17620e03-cee6-59c9-9c4e-9ccd27ee85b7,2025-12-28T08:00:00Z,system,2025-12-28T08:00:00Z,system,24743e7c-76b9-5f99-9d18-45ffd6109fdc,10,15f3b8aa-4649-5a10-a707-45aa1b2b3bf5,90.000,L,1922.34,EUR,173010.60,2026-01-17,b734e5ca-987e-5603-ad46-952041ee60b9,90.000,
c8c6fe36-5cc3-58d0-858b-298691c28772,2025-12-28T08:00:00Z,system,2025-12-28T08:00:00Z,system,24743e7c-76b9-5f99-9d18-45ffd6109fdc,20,c95f5935-922a-5171-a5e9-dde46f32a83d,5.000,KG,35.06,EUR,175.30,2026-01-17,617808d3-c1ef-5f5f-aaac-57bb721af708,5.000,Standard order line
142cd7f9-348a-5e43-8554-df445b4cb171,2025-12-28T08:00:00Z,system,2025-12-28T08:00:00Z,system,24743e7c-76b9-5f99-9d18-45ffd6109fdc,30,e78a29f5-6b77-5c64-a898-2ef9faf92f91,1.000,KG,22.09,EUR,22.09,2026-01-17,be613cb2-3506-5d5c-8a71-a23067bb7c8c,1.000,Quality inspection required
9212cc69-e95d-58f2-b1fd-f4a4842ec6f2,2026-06-12T08:00:00Z,system,2026-06-12T08:00:00Z,system,83fc7bf5-fc76-55e8-a62c-c4cf1bbdbb12,10,81934ea3-15d5-5130-8a88-15160030bb8c,67.500,BOX,1452.89,GBP,98070.08,2026-08-17,59c6489c-a389-5275-94bf-5f23fca2831a,67.500,Quality inspection required
3cbfdc70-344d-59a5-b258-2fdf6e53dbbd,2026-06-12T08:00:00Z,system,2026-06-12T08:00:00Z,system,83fc7bf5-fc76-55e8-a62c-c4cf1bbdbb12,20,f95fbe47-9c5c-5d2b-a38e-c84f39513733,82.500,M,565.55,GBP,46657.87,2026-08-17,f5908d5f-e1ba-562d-8e91-7efd32d0692b,82.500,
82e1ef12-e405-5399-9d62-943f582f7be3,2026-06-12T08:00:00Z,system,2026-06-12T08:00:00Z,system,83fc7bf5-fc76-55e8-a62c-c4cf1bbdbb12,30,d96ec281-e3a6-5aba-b6f4-379e05515ef4,2.000,SET,1005.94,GBP,2011.88,2026-08-17,ab6fc70b-2f57-56ae-ade4-8b789964d8c5,2.000,Expedited delivery
b2e7cebd-7b14-5870-addb-b0892da1170f,2026-06-12T08:00:00Z,system,2026-06-12T08:00:00Z,system,83fc7bf5-fc76-55e8-a62c-c4cf1bbdbb12,40,ff7c211a-6fcd-5fa0-9ea1-713837b5f870,150.000,SET,1373.36,GBP,206004.00,2026-08-17,00e9ab29-3613-5d3a-878f-16f0d1f096b9,150.000,Framework agreement pricing
1f832e23-fd73-5bc1-b18a-ef49438d9dda,2026-06-12T08:00:00Z,system,2026-06-12T08:00:00Z,system,83fc7bf5-fc76-55e8-a62c-c4cf1bbdbb12,50,18842f90-d5d5-59ad-837c-f13f2b55bb62,18.000,EA,954.68,GBP,17184.24,2026-08-17,407b361b-5825-5d97-86b6-f28446c5afec,18.000,Quality inspection required
aead1950-b84e-51fc-9094-44d61c0df5ca,2026-06-25T08:00:00Z,system,2026-06-25T08:00:00Z,system,e81641c0-23b2-5222-bd9f-bce199c609b8,10,d7792ea6-2faa-5ee1-b515-6b526ad9efbb,25.000,BOX,34428.25,CZK,860706.25,2026-08-07,b1a63edb-f23a-5c4d-befc-96401d3fcba2,18.901,
f73886f1-4eec-5ad4-a9aa-f75715458007,2026-06-25T08:00:00Z,system,2026-06-25T08:00:00Z,system,e81641c0-23b2-5222-bd9f-bce199c609b8,20,6ac6dbb0-6c7a-557d-b7d3-20ec8a1e7bc9,200.000,SET,27553.98,CZK,5510796.00,2026-08-07,1302d68b-62c3-5bee-98eb-22360d59c92b,90.199,Framework agreement pricing
68a2eb46-eb34-5c2c-b6b0-7e2f8481e0da,2026-06-25T08:00:00Z,system,2026-06-25T08:00:00Z,system,e81641c0-23b2-5222-bd9f-bce199c609b8,30,a56d36d8-7b2d-5bff-ae8b-8d8002e9d564,45.000,L,30099.20,CZK,1354464.00,2026-08-07,80861267-7501-5d55-a9db-37ff2b1ba89b,11.872,Standard order line
b48e489c-21e1-5591-9e6d-741335a4d07b,2026-06-25T08:00:00Z,system,2026-06-25T08:00:00Z,system,e81641c0-23b2-5222-bd9f-bce199c609b8,40,86cd43f5-5e5a-58e0-8882-778206f00530,150.000,KG,421.86,CZK,63279.00,2026-08-07,45ae0e12-d4cf-5239-b17e-cedef0162b66,113.127,
88fbe21e-89e3-53bc-8d1c-894718de5a65,2026-06-25T08:00:00Z,system,2026-06-25T08:00:00Z,system,e81641c0-23b2-5222-bd9f-bce199c609b8,50,70c1e335-53e1-5df8-b343-82e92d1eab19,82.500,M,2421.84,CZK,199801.80,2026-08-07,d7ced1dd-b986-52e1-90cd-4fbefb9fd70d,60.319,Quality inspection required
fab991d3-8442-5a87-aca2-faf8b9e97f91,2025-12-05T08:00:00Z,system,2025-12-05T08:00:00Z,system,44dc6438-b40b-5888-8253-989a494488c7,10,0ec0e0b9-02b8-5273-be60-7699e859c9ef,27.500,SET,8835.11,PLN,242965.53,2026-01-01,b64b78bc-d063-5cb1-a5cc-d23ee051e89a,27.500,
b6496f0f-4232-5afb-8c05-1062a6a93b81,2025-12-05T08:00:00Z,system,2025-12-05T08:00:00Z,system,44dc6438-b40b-5888-8253-989a494488c7,20,11887a5e-152e-56c0-9b50-7d5495fe3b5a,25.000,L,1085.69,PLN,27142.25,2026-01-01,5e91842e-4f7c-59ab-ba00-3f5315955ae7,25.000,Expedited delivery
57e21c9f-9386-56e4-9d8a-0d1edc445799,2025-12-05T08:00:00Z,system,2025-12-05T08:00:00Z,system,44dc6438-b40b-5888-8253-989a494488c7,30,0c9f0a42-1ac7-5282-b469-b088f77d7e6d,1.000,BOX,5527.43,PLN,5527.43,2026-01-01,b083f53e-cce5-5395-8cf8-b34993d6102e,1.000,Expedited delivery
9a88fe59-5f03-5ebc-98d3-51a4320ab1cb,2025-12-05T08:00:00Z,system,2025-12-05T08:00:00Z,system,44dc6438-b40b-5888-8253-989a494488c7,40,5638f460-1932-50d2-8453-a3cf94aaa992,82.500,SET,9582.00,PLN,790515.00,2026-01-01,ed86c182-b06e-5d21-a76f-8b44aa847d3d,82.500,Expedited delivery
d12e6c1f-3a43-50e3-9fb4-10fd03773687,2025-12-05T08:00:00Z,system,2025-12-05T08:00:00Z,system,44dc6438-b40b-5888-8253-989a494488c7,50,a1de9ed1-ec0e-5ccc-86a4-1980e3dfb1ed,20.000,L,1980.86,PLN,39617.20,2026-01-01,0d57427a-bb93-5c97-8e5f-3b2fbbe3dbd1,20.000,Quality inspection required
ea309350-0e6a-5371-a1c6-0a1198c8da6c,2026-01-04T08:00:00Z,system,2026-01-04T08:00:00Z,system,4e3bc277-4fd8-5373-adf8-99551048c28c,10,571479d1-0b4f-5e80-b110-0e3e87a27f94,4.500,EA,1412.61,EUR,6356.74,2026-02-13,59fe4b6f-187d-58fc-8cc1-7fb03fa5e708,0.415,Framework agreement pricing
57e0dbdd-6113-5fc1-bd01-583e4a339631,2026-01-04T08:00:00Z,system,2026-01-04T08:00:00Z,system,4e3bc277-4fd8-5373-adf8-99551048c28c,20,4a6344a3-f35e-516c-9e41-3b71adc76bae,5.500,M,702.67,EUR,3864.68,2026-02-13,3f9c50ea-8232-51cd-be05-f41c29b271d4,5.146,Expedited delivery
82137074-76d7-5a74-afba-ecb77446bcf7,2026-01-04T08:00:00Z,system,2026-01-04T08:00:00Z,system,4e3bc277-4fd8-5373-adf8-99551048c28c,30,4510bf5d-95b5-5a36-8ecf-d02e870154c9,2.200,KG,6.81,EUR,14.98,2026-02-13,b35b94de-41af-5f61-9445-ec686202a630,1.426,Quality inspection required
e4780fee-12da-58f8-8dd6-bb54c21921a2,2026-01-04T08:00:00Z,system,2026-01-04T08:00:00Z,system,4e3bc277-4fd8-5373-adf8-99551048c28c,40,cff52af4-5fdd-5e0b-be96-5b7ede153dbb,150.000,SET,907.36,EUR,136104.00,2026-02-13,b65dabba-a671-5e82-8871-dca59f8d95db,128.518,Expedited delivery
658bbb50-ee56-503d-9a66-f22593077940,2026-01-04T08:00:00Z,system,2026-01-04T08:00:00Z,system,4e3bc277-4fd8-5373-adf8-99551048c28c,50,5ff325a3-cf1b-5887-bd0f-e1da5d5e6a57,5.500,BOX,727.44,EUR,4000.92,2026-02-13,21ccbb74-7932-5dd7-9c43-b72f5b8980d0,0.665,Framework agreement pricing
9502df8f-81c8-5002-a1ed-13b17c8a903b,2026-04-10T08:00:00Z,system,2026-04-10T08:00:00Z,system,c2b09864-33a7-5fbc-bdb5-bc343b3e914e,10,76540a83-8375-53ea-a170-4e4e171d11cd,25.000,KG,25.55,EUR,638.75,2026-06-15,168b2df6-fdd2-5f36-9b9c-c38dd8386a6e,0.000,Framework agreement pricing
6b01f0fc-cffe-5c4d-9bcf-45fde5da7d91,2026-04-10T08:00:00Z,system,2026-04-10T08:00:00Z,system,c2b09864-33a7-5fbc-bdb5-bc343b3e914e,20,571479d1-0b4f-5e80-b110-0e3e87a27f94,75.000,EA,1409.29,EUR,105696.75,2026-06-15,349770c6-b30c-517c-a65b-49308be62194,0.000,
ce1f2965-8f78-5e27-89ff-3e11ae06cd36,2026-04-10T08:00:00Z,system,2026-04-10T08:00:00Z,system,c2b09864-33a7-5fbc-bdb5-bc343b3e914e,30,8ffbee35-114e-52c9-982d-47f2ee96df4a,5.000,EA,811.15,EUR,4055.75,2026-06-15,6dbd8744-866f-5b7c-b587-bf868d97276f,0.000,Expedited delivery
bada4936-6639-502a-93cc-d9414d852c31,2026-04-10T08:00:00Z,system,2026-04-10T08:00:00Z,system,c2b09864-33a7-5fbc-bdb5-bc343b3e914e,40,219cd16c-a048-5e62-90b0-7924b1431b82,75.000,L,1358.64,EUR,101898.00,2026-06-15,aa1ee422-c0ff-5683-8326-d465736a1804,0.000,Standard order line
b227076b-7e25-5928-b582-7cea79058e26,2026-04-10T08:00:00Z,system,2026-04-10T08:00:00Z,system,c2b09864-33a7-5fbc-bdb5-bc343b3e914e,50,c95f5935-922a-5171-a5e9-dde46f32a83d,200.000,KG,35.31,EUR,7062.00,2026-06-15,efd6f3a6-ffe8-5634-bec2-27a600c705f5,0.000,Framework agreement pricing
79312731-5017-5f61-a42c-fb3e9febd955,2026-01-05T08:00:00Z,system,2026-01-05T08:00:00Z,system,8d488d76-ea67-507d-b631-2d5eb915c492,10,8f727bc4-c2d9-58aa-8c86-102424996793,20.000,SET,238.53,EUR,4770.60,2026-03-09,d5e592a9-8d40-5b27-b9cf-1d699fa9b871,20.000,Standard order line
3e089a5f-15b4-5654-9724-533d9b65ad6c,2026-01-05T08:00:00Z,system,2026-01-05T08:00:00Z,system,8d488d76-ea67-507d-b631-2d5eb915c492,20,d0cb5824-8127-5ca6-8364-98b5469fc7c7,150.000,EA,1157.00,EUR,173550.00,2026-03-09,cb643f4e-c266-57af-8154-d8d4f9063df8,150.000,Quality inspection required
d46fb325-327e-579b-9f77-a5ca0f350a6d,2026-06-28T08:00:00Z,system,2026-06-28T08:00:00Z,system,f02101d0-c4fb-5282-aac7-a9c86f687429,10,df47ed4b-da4f-5c58-b596-f38d4082538d,22.500,EA,1522.18,CHF,34249.05,2026-08-24,9674fcb0-e9fe-5bab-be67-3adb8c02fe2d,22.500,
05d1e34c-33c2-5b87-ab18-88687df5b6f6,2026-06-28T08:00:00Z,system,2026-06-28T08:00:00Z,system,f02101d0-c4fb-5282-aac7-a9c86f687429,20,1dd3c172-1e4d-56ef-89b5-1f44bd31959f,27.500,M,2437.53,CHF,67032.08,2026-08-24,3580509a-dd47-5317-a8c2-4c1b903ea3a3,27.500,
e907a32f-7d78-538a-b1c3-494f3c167471,2026-06-28T08:00:00Z,system,2026-06-28T08:00:00Z,system,f02101d0-c4fb-5282-aac7-a9c86f687429,30,75f1b42f-e0d3-559b-883f-62a8bd802d21,11.000,L,18.36,CHF,201.96,2026-08-24,a7adef97-9f13-5ea0-be2b-cf8ebaf8250b,11.000,Framework agreement pricing
681edda0-c1fe-5dd6-92f4-94d95b1cbb96,2026-06-28T08:00:00Z,system,2026-06-28T08:00:00Z,system,f02101d0-c4fb-5282-aac7-a9c86f687429,40,03f34b44-1652-577f-950a-78af8cdc601f,20.000,L,934.06,CHF,18681.20,2026-08-24,f8245918-2dcd-5c2e-96b7-43473a3e1bdd,20.000,Framework agreement pricing
4eb65cb7-0afb-5de7-9d3b-8876ff748311,2026-06-28T08:00:00Z,system,2026-06-28T08:00:00Z,system,f02101d0-c4fb-5282-aac7-a9c86f687429,50,85097ad1-7358-5034-a39c-c5bec0e42c12,10.000,BOX,2209.52,CHF,22095.20,2026-08-24,a1cde4c8-cf05-55cb-ae86-31f31021fdd8,10.000,Quality inspection required
ef36a265-64e5-5c62-a1ac-ffd0b2f20b0f,2026-06-13T08:00:00Z,system,2026-06-13T08:00:00Z,system,52aec9f9-5616-59dd-b48d-9b55df807a4c,10,4510bf5d-95b5-5a36-8ecf-d02e870154c9,50.000,KG,6.46,CHF,323.00,2026-06-20,bbf13788-1052-5257-9667-874c38b7e7e1,26.785,Expedited delivery
a0cf0743-5391-54e1-81d8-081e2238b573,2026-06-13T08:00:00Z,system,2026-06-13T08:00:00Z,system,52aec9f9-5616-59dd-b48d-9b55df807a4c,20,9c244d41-3489-5976-bcdb-b0d76c2237a9,2.000,KG,24.31,CHF,48.62,2026-06-20,4e0bedca-f42f-5e20-9546-a7b06f76e828,0.810,Standard order line
358f982f-62a7-56c6-af53-49faab763193,2026-06-13T08:00:00Z,system,2026-06-13T08:00:00Z,system,52aec9f9-5616-59dd-b48d-9b55df807a4c,30,5464a7bf-73cd-5738-b7f9-01c417006d3e,200.000,EA,1506.00,CHF,301200.00,2026-06-20,f477b895-f4fe-512a-a190-094f2c7b71c9,75.233,Standard order line
242c4d07-0b49-567f-9fa3-96d8739c02a3,2026-07-28T08:00:00Z,system,2026-07-28T08:00:00Z,system,9dd640ba-53cb-5265-8e6d-6403c668cb58,10,33565d42-f2c6-5728-b582-d95f8618e410,82.500,BOX,5953.74,PLN,491183.55,2026-08-29,acf2ee54-b87c-56fb-81c4-7d7e0c3b1622,82.500,Quality inspection required
0e6db047-9c98-54a7-9b69-3cec3596108b,2026-07-28T08:00:00Z,system,2026-07-28T08:00:00Z,system,9dd640ba-53cb-5265-8e6d-6403c668cb58,20,6be44d6c-c457-5100-971c-5640df33eb4b,1.000,SET,2147.67,PLN,2147.67,2026-08-29,8e6b5a6b-c9e9-5908-be59-386e0952e1c2,1.000,Framework agreement pricing
1cae85f6-28b5-54a7-8a40-63ed8bc2bf52,2025-11-04T08:00:00Z,system,2025-11-04T08:00:00Z,system,848fd08c-5fcf-5e22-b6d8-1c2969f63f42,10,66829174-3fa6-52dd-bbb1-daa7bca60901,100.000,BOX,1027.59,CAD,102759.00,2026-01-06,d912e31e-d061-5124-a508-6c9cd8db7078,100.000,Quality inspection required
ee0f192c-19e5-59b3-8052-20e2294dbb0f,2025-11-04T08:00:00Z,system,2025-11-04T08:00:00Z,system,848fd08c-5fcf-5e22-b6d8-1c2969f63f42,20,48cb4f21-8c1b-5570-a07c-08c09fbf0ce6,20.000,SET,1432.98,CAD,28659.60,2026-01-06,c03edca9-220d-53b8-a4f6-6f6c2c6ebc3d,20.000,Standard order line
72f8e869-3ca1-5c39-b10e-104585f93872,2025-11-04T08:00:00Z,system,2025-11-04T08:00:00Z,system,848fd08c-5fcf-5e22-b6d8-1c2969f63f42,30,4b2dee46-41cf-5eee-b0e3-93ee894cef45,165.000,SET,3272.11,CAD,539898.15,2026-01-06,8f9ca200-0a8b-5c5a-a49f-5d480f05e3a7,165.000,Framework agreement pricing
89cec990-83bc-5d2b-93d0-c148b1631f00,2026-07-15T08:00:00Z,system,2026-07-15T08:00:00Z,system,8e7e4810-5f2a-5194-af3c-7a8b238a3aa3,10,94288f21-6926-5da3-827e-38477bc97581,200.000,L,4372.51,PLN,874502.00,2026-07-22,16faa3a5-a699-5926-8733-bc0e695b8e2d,0.000,Expedited delivery
f50dbb71-521b-5c47-9838-82c053f6c6ec,2026-07-15T08:00:00Z,system,2026-07-15T08:00:00Z,system,8e7e4810-5f2a-5194-af3c-7a8b238a3aa3,20,accc637f-3162-5d58-877b-1b8457c93561,100.000,L,5513.28,PLN,551328.00,2026-07-22,3e5fe4bd-cb24-5034-b0da-4cb743044a68,0.000,Standard order line
45b2a7be-bea6-5618-9b34-e697622d9e92,2026-07-15T08:00:00Z,system,2026-07-15T08:00:00Z,system,8e7e4810-5f2a-5194-af3c-7a8b238a3aa3,30,219cd16c-a048-5e62-90b0-7924b1431b82,75.000,L,5627.66,PLN,422074.50,2026-07-22,aa1ee422-c0ff-5683-8326-d465736a1804,0.000,Framework agreement pricing
4436ab99-0094-5437-9562-d3948fac6bd0,2026-07-15T08:00:00Z,system,2026-07-15T08:00:00Z,system,8e7e4810-5f2a-5194-af3c-7a8b238a3aa3,40,5e0e22e5-d386-54e2-bfeb-2492f8c12bc4,25.000,L,7698.47,PLN,192461.75,2026-07-22,be3759c1-0eb4-5771-ad1e-4d98bd54ac62,0.000,Framework agreement pricing
ccacfa1d-6bbf-5115-b6d2-2a4e23c0f090,2026-07-15T08:00:00Z,system,2026-07-15T08:00:00Z,system,8e7e4810-5f2a-5194-af3c-7a8b238a3aa3,50,cf47eab7-b618-56ca-8312-fe97b2569fb6,180.000,BOX,1533.81,PLN,276085.80,2026-07-22,3fe3b9ea-fe1c-5907-af01-56d7f705e491,0.000,Framework agreement pricing
53d76ff6-bb18-55f1-8227-7c8d772d6395,2025-11-19T08:00:00Z,system,2025-11-19T08:00:00Z,system,f4c3443d-0888-5534-aeae-4d721f008d51,10,8f4fa6ee-76d8-5196-89f7-b65fbb2cfff1,2.000,KG,18.38,GBP,36.76,2025-11-24,74a99dae-d73a-56c3-9f31-e21b95bf6d9f,1.799,Standard order line
d72f5030-31fa-5ece-94df-3ad62e4eaf28,2025-11-19T08:00:00Z,system,2025-11-19T08:00:00Z,system,f4c3443d-0888-5534-aeae-4d721f008d51,20,f86c9292-1db7-5162-81d0-0b6ff62e922d,2.200,SET,938.65,GBP,2065.03,2025-11-24,be0a67f5-497f-5bfd-99bb-4a2766d847eb,1.670,Standard order line
b18cddd2-a3d3-55da-b4af-379269cc8b5b,2025-11-19T08:00:00Z,system,2025-11-19T08:00:00Z,system,f4c3443d-0888-5534-aeae-4d721f008d51,30,94288f21-6926-5da3-827e-38477bc97581,200.000,L,895.99,GBP,179198.00,2025-11-24,16faa3a5-a699-5926-8733-bc0e695b8e2d,116.101,
e0cbb35c-dc4a-5091-b66f-1e75c573ae1a,2025-11-19T08:00:00Z,system,2025-11-19T08:00:00Z,system,f4c3443d-0888-5534-aeae-4d721f008d51,40,6cfb6402-60b6-52cc-80a2-aa3c8d1d7363,5.000,SET,1107.25,GBP,5536.25,2025-11-24,21d97bc0-9c0d-5fe2-8458-aedd87a4eef2,2.594,Quality inspection required
ea8970a5-12b6-51c4-a8bc-2f9166d7c7ff,2025-11-19T08:00:00Z,system,2025-11-19T08:00:00Z,system,f4c3443d-0888-5534-aeae-4d721f008d51,50,0c3785e3-7d1b-5f41-95de-b2299b8dd699,22.000,M,910.39,GBP,20028.58,2025-11-24,f67c7a78-964f-564c-928d-bb7bdb66c3ee,13.926,
8b6105e8-ae45-52d4-b9fe-aa05bdb6176c,2026-01-31T08:00:00Z,system,2026-01-31T08:00:00Z,system,fa1274f2-653a-51bb-bb02-78b06618df5b,10,fd4f25a0-d258-5944-8a33-a22b3cf44a4a,1.100,L,21803.62,CZK,23983.98,2026-02-05,ab81f158-cc57-57a7-b2e9-1a35d93d50e6,0.000,Quality inspection required
f3f9cba3-d2de-5de5-96f8-68a990b4a5ca,2026-01-31T08:00:00Z,system,2026-01-31T08:00:00Z,system,fa1274f2-653a-51bb-bb02-78b06618df5b,20,33a43adc-6963-52ef-b1d3-fd2492991b07,200.000,EA,49227.62,CZK,9845524.00,2026-02-05,95432455-a369-5466-a5a4-15c8a9dff156,0.000,
97f392b2-8970-58be-9c6a-f1e013d4f851,2025-11-12T08:00:00Z,system,2025-11-12T08:00:00Z,system,612b1c22-7698-50da-a6aa-430d992de72d,10,6409ea13-8e69-5a7d-8700-a21076b19964,10.000,EA,83.53,EUR,835.30,2025-12-14,ac167871-2ddd-5dc7-8487-3f00ae4fcbb2,0.000,Expedited delivery
8fa3e2ce-68ed-5180-b134-8daefc31b3ab,2025-11-12T08:00:00Z,system,2025-11-12T08:00:00Z,system,612b1c22-7698-50da-a6aa-430d992de72d,20,8407ccad-dc71-5f5d-bf6c-5c34f5e1b0ce,90.000,M,1803.17,EUR,162285.30,2025-12-14,ee7871b8-e1f6-5fa2-a3a2-b8d7b0f0af89,0.000,Expedited delivery
501795c4-47c9-5437-9441-2cc04177b87a,2025-12-23T08:00:00Z,system,2025-12-23T08:00:00Z,system,3963d327-0382-5980-80e9-3e66d293c3c7,10,4d8b3cb8-4991-55ac-afa4-443fd1749bfb,82.500,KG,21.58,CHF,1780.35,2026-01-26,91ff1681-df18-532c-9122-310e260e2c2e,0.000,Framework agreement pricing
3f030376-3dc1-5878-8a04-78b39ab11d88,2025-12-23T08:00:00Z,system,2025-12-23T08:00:00Z,system,3963d327-0382-5980-80e9-3e66d293c3c7,20,21cbb700-5485-5bab-b31b-e024cd04b587,11.000,M,1197.64,CHF,13174.04,2026-01-26,1dd32be6-1795-524f-94c0-81ce875c0fe7,0.000,
7a786d51-a29b-5861-9c76-da0e9b940a58,2025-12-23T08:00:00Z,system,2025-12-23T08:00:00Z,system,3963d327-0382-5980-80e9-3e66d293c3c7,30,3aa391ce-4ff3-5173-9277-83ce43555c7c,45.000,L,97.37,CHF,4381.65,2026-01-26,51a0cc23-3271-5006-a1a1-9e8061865d49,0.000,Standard order line
888a36fc-4384-54df-86a1-5cc5fdda1bd6,2025-12-23T08:00:00Z,system,2025-12-23T08:00:00Z,system,3963d327-0382-5980-80e9-3e66d293c3c7,40,1cedd62f-02fd-505a-b102-9f80692d77d7,1.800,BOX,1579.81,CHF,2843.66,2026-01-26,31a9ad66-4dae-58b8-ae8e-7d2c197b744e,0.000,
e88622c8-574c-5002-9904-bfd44fc6899b,2025-12-23T08:00:00Z,system,2025-12-23T08:00:00Z,system,3963d327-0382-5980-80e9-3e66d293c3c7,50,612fada6-761e-5f21-9247-4531ae1ea588,18.000,L,394.10,CHF,7093.80,2026-01-26,4276e8ef-8aeb-566a-832c-7f894e6190aa,0.000,Expedited delivery
61eda870-6341-5ff0-97a8-c203c569eb77,2025-10-17T08:00:00Z,system,2025-10-17T08:00:00Z,system,57a6beba-3626-55f5-b934-c6a0bc3d1cf4,10,33a43adc-6963-52ef-b1d3-fd2492991b07,5.000,EA,46203.48,CZK,231017.40,2025-11-23,6e3710a6-d859-5c02-9ae5-05f7bbd733a8,0.000,
3ded3b53-ac04-56b9-a9e0-24ea05002da3,2025-10-17T08:00:00Z,system,2025-10-17T08:00:00Z,system,57a6beba-3626-55f5-b934-c6a0bc3d1cf4,20,6d2d9d2e-3534-5a9b-a2d9-67471b6743ab,75.000,EA,11662.28,CZK,874671.00,2025-11-23,76224bb7-1608-5238-a1ef-f0bcd788adc9,0.000,Quality inspection required
c15b3cd6-b302-52e1-ba25-e9cfcc7a1e7f,2025-10-17T08:00:00Z,system,2025-10-17T08:00:00Z,system,57a6beba-3626-55f5-b934-c6a0bc3d1cf4,30,b847b69b-3807-57f7-85b1-bf879953e4f1,1.000,KG,738.10,CZK,738.10,2025-11-23,5cc64ddc-45e0-5ede-bfc3-ef64114fa781,0.000,Quality inspection required
a3388e30-683d-5efc-9730-a11a39fa9551,2025-10-17T08:00:00Z,system,2025-10-17T08:00:00Z,system,57a6beba-3626-55f5-b934-c6a0bc3d1cf4,40,105849c8-03f2-573d-9e97-230d47fc6774,75.000,SET,38630.36,CZK,2897277.00,2025-11-23,4cc13301-88b8-543d-91ec-7302aa830399,0.000,Framework agreement pricing
ca08902b-7a24-5508-91a8-3d0657a70761,2025-10-17T08:00:00Z,system,2025-10-17T08:00:00Z,system,57a6beba-3626-55f5-b934-c6a0bc3d1cf4,50,d80537fd-c1c9-5741-8e8d-02dd52dc79bd,100.000,KG,558.57,CZK,55857.00,2025-11-23,2e5ec624-2c28-5a20-bdc3-a1098b744db7,0.000,Quality inspection required
b89c2c21-5623-5a3e-96df-af79160323cf,2025-12-08T08:00:00Z,system,2025-12-08T08:00:00Z,system,bed3554e-52fa-54d9-a267-60f3d8bd6f34,10,8152f104-7621-5be4-8056-73ba5b77136f,1.800,EA,925.76,EUR,1666.37,2026-01-03,1220474c-41c7-5e70-bbc5-040234a6a5b3,1.800,Expedited delivery
237a7b49-3b4b-57e4-92aa-4d5662d38df4,2025-12-08T08:00:00Z,system,2025-12-08T08:00:00Z,system,bed3554e-52fa-54d9-a267-60f3d8bd6f34,20,af970570-0e69-5aa7-a1fd-93cea6d022c8,20.000,BOX,728.26,EUR,14565.20,2026-01-03,2c65073f-c498-54b7-87a0-ae3a6881db20,20.000,Expedited delivery
33375cb3-d2f6-5d89-8f01-4f873dcdb82e,2025-12-08T08:00:00Z,system,2025-12-08T08:00:00Z,system,bed3554e-52fa-54d9-a267-60f3d8bd6f34,30,eca867c4-ec3b-52d0-826e-e72c7e331d21,10.000,BOX,1172.66,EUR,11726.60,2026-01-03,b483dfcd-cc70-56e6-a7aa-254ea718ef29,10.000,Expedited delivery
f94e3d8a-b889-51d3-ae1e-48cec774cbac,2025-12-08T08:00:00Z,system,2025-12-08T08:00:00Z,system,bed3554e-52fa-54d9-a267-60f3d8bd6f34,40,dbd21518-2460-5332-97ca-a826ccd26fd2,20.000,BOX,841.03,EUR,16820.60,2026-01-03,22f197c4-403c-5772-b90a-a65f3444b117,20.000,
e6de85b6-f222-51b9-9611-8b998cd9802f,2025-12-07T08:00:00Z,system,2025-12-07T08:00:00Z,system,19929aad-8a64-516a-91ce-474f110bea54,10,9f268dd5-b99b-5f85-935d-cd614d5d12ad,22.000,KG,27.27,EUR,599.94,2026-01-21,56280fe5-74f6-52a0-9590-332aa77164b4,12.108,Quality inspection required
ceaa3daf-bb85-5c42-a61b-d6a3f22cc5d1,2025-12-07T08:00:00Z,system,2025-12-07T08:00:00Z,system,19929aad-8a64-516a-91ce-474f110bea54,20,fb8c381b-c548-5976-8e12-26f8e47df79d,1.000,KG,8.38,EUR,8.38,2026-01-21,5bf76609-d36f-56c4-b8cc-21f8d3812a50,0.299,
bb60a541-463a-5b3c-85ed-f780c84500aa,2025-12-07T08:00:00Z,system,2025-12-07T08:00:00Z,system,19929aad-8a64-516a-91ce-474f110bea54,30,c921e193-a3b7-5f2b-800f-213728db4d05,25.000,KG,8.80,EUR,220.00,2026-01-21,d54dc6c5-b417-596f-bd45-85f8867d764a,13.244,Framework agreement pricing
b0f5289a-53d5-541e-84f7-8a37af6c6635,2025-12-07T08:00:00Z,system,2025-12-07T08:00:00Z,system,19929aad-8a64-516a-91ce-474f110bea54,40,0c9f0a42-1ac7-5282-b469-b088f77d7e6d,5.000,BOX,1174.60,EUR,5873.00,2026-01-21,f1bd27d0-93aa-587f-94c5-c83a16aab05e,1.155,Quality inspection required
05412637-3d51-5d98-befc-bf1be1144483,2025-11-17T08:00:00Z,system,2025-11-17T08:00:00Z,system,a051243a-5134-5b62-bb6d-388379e01ee8,10,1b30f45e-0d32-58be-8b74-c6b2411df44a,20.000,EA,1914.71,EUR,38294.20,2025-12-28,d79889c9-60a0-5066-9b81-ef3b733b3d16,20.000,Expedited delivery
1ef1ec8d-c9c6-545d-a21f-adc0dcc1bdc0,2025-11-17T08:00:00Z,system,2025-11-17T08:00:00Z,system,a051243a-5134-5b62-bb6d-388379e01ee8,20,34a9184c-b2a2-5e49-b2fa-ec91dd5c7ccc,2.200,L,1477.24,EUR,3249.93,2025-12-28,bdbd69e6-4f5a-593a-aabc-2af3beb672cc,2.200,Framework agreement pricing
ebf84edb-a048-591b-87bc-a6a9f1d26380,2025-12-04T08:00:00Z,system,2025-12-04T08:00:00Z,system,7d468ad4-4837-566b-887a-6bc3cd8e8e49,10,b0ab2af3-a243-52cb-867b-07afe9932cc1,55.000,EA,58752.84,CZK,3231406.20,2026-01-26,b7eaa8ab-4922-5770-b7fb-bffb69408fb8,54.190,Expedited delivery
59626cd0-57c7-5289-af00-75c0b7e6b856,2025-12-04T08:00:00Z,system,2025-12-04T08:00:00Z,system,7d468ad4-4837-566b-887a-6bc3cd8e8e49,20,437ef9de-cfe9-5599-8502-13a53e958016,1.000,KG,286.75,CZK,286.75,2026-01-26,396162d5-5ae5-551e-8ebb-5cac6b55f31d,0.728,Standard order line
2e9b9d32-ee91-5255-b06f-36d6dbdd9a36,2025-12-04T08:00:00Z,system,2025-12-04T08:00:00Z,system,7d468ad4-4837-566b-887a-6bc3cd8e8e49,30,dc089f09-34df-5a3e-bedb-2c2e0f21465e,5.000,L,38013.46,CZK,190067.30,2026-01-26,c4611a9c-8c27-5126-8711-d29211866fdb,1.637,Quality inspection required
d648c781-4aa3-56f7-a6ad-d3eadab6f579,2025-12-04T08:00:00Z,system,2025-12-04T08:00:00Z,system,7d468ad4-4837-566b-887a-6bc3cd8e8e49,40,c51be922-7f94-5734-90be-dd25480a96da,27.500,EA,4515.65,CZK,124180.37,2026-01-26,0b4069c1-5996-5da8-9eea-54de533866d9,5.843,Expedited delivery
1fa3f653-8e49-5265-88b1-97423ac6832a,2025-12-12T08:00:00Z,system,2025-12-12T08:00:00Z,system,1bd6bf7b-d44b-5268-a9fa-a42d7a8fc7f1,10,60f8eac8-7f04-549c-a5f3-331eb9014d8a,18.000,SET,4572.82,CZK,82310.76,2026-02-04,08f94f79-0032-54ec-9cc1-4c92489cb19a,18.000,
efb28e7c-c302-5824-b1ec-9497d5ae145c,2025-12-12T08:00:00Z,system,2025-12-12T08:00:00Z,system,1bd6bf7b-d44b-5268-a9fa-a42d7a8fc7f1,20,f74e00d0-5597-5c85-9d8e-7ce030bdb99d,2.000,EA,24284.85,CZK,48569.70,2026-02-04,0c1f90af-0579-5a7e-96e7-89e111247919,2.000,Quality inspection required
c70adb67-bcfc-5838-8a9b-4d2eec6b25de,2025-12-12T08:00:00Z,system,2025-12-12T08:00:00Z,system,1bd6bf7b-d44b-5268-a9fa-a42d7a8fc7f1,30,ff9d3a31-fca6-52bf-8e11-bad09771c87f,11.000,KG,652.87,CZK,7181.57,2026-02-04,3003d1e4-f6e9-585a-b2b8-6e1459613c5e,11.000,Framework agreement pricing
dff64849-d745-52fd-b1af-8f75d1504124,2026-06-11T08:00:00Z,system,2026-06-11T08:00:00Z,system,0f08ba1a-f61a-5a53-a988-4e37e62e8a40,10,0a95d286-40e6-5f4e-bce8-380f86c5e052,20.000,BOX,14904.17,SEK,298083.40,2026-07-11,b1729306-1786-5f6a-aaaf-d7b5273597a6,16.870,Quality inspection required
056ecbc3-917f-5a0e-9cef-7398e213fd73,2026-06-11T08:00:00Z,system,2026-06-11T08:00:00Z,system,0f08ba1a-f61a-5a53-a988-4e37e62e8a40,20,2ecf27bf-5cc9-5e4d-bf61-da068d5ffc48,165.000,EA,8292.95,SEK,1368336.75,2026-07-11,d8d19a4d-3c02-58f5-9dd0-e0bec07b321e,141.581,Framework agreement pricing
f9b07d72-c751-5e3a-821c-084b7ed42f35,2026-06-11T08:00:00Z,system,2026-06-11T08:00:00Z,system,0f08ba1a-f61a-5a53-a988-4e37e62e8a40,30,c1a24447-ba94-5724-9a1d-064a2c0b2811,10.000,SET,11238.40,SEK,112384.00,2026-07-11,3459cb21-1f71-547a-87dd-645409194553,9.211,Standard order line
771767e2-94da-5dd6-b3db-e91b16d0d1fb,2026-06-11T08:00:00Z,system,2026-06-11T08:00:00Z,system,0f08ba1a-f61a-5a53-a988-4e37e62e8a40,40,a1de9ed1-ec0e-5ccc-86a4-1980e3dfb1ed,75.000,L,5512.93,SEK,413469.75,2026-07-11,68ce5fd7-e888-5881-adf0-a45cd37f4425,67.695,Standard order line
4ced26be-54aa-544b-a8f1-0f030e1b49f7,2026-06-11T08:00:00Z,system,2026-06-11T08:00:00Z,system,0f08ba1a-f61a-5a53-a988-4e37e62e8a40,50,d0cb5824-8127-5ca6-8364-98b5469fc7c7,1.000,EA,11792.06,SEK,11792.06,2026-07-11,013c5720-3b0a-575d-a7af-50eeb24647e7,0.990,Standard order line
1961d348-be42-5f70-9dfe-2b67d7b4656e,2026-04-01T08:00:00Z,system,2026-04-01T08:00:00Z,system,1f380c3f-3160-5735-ac3b-7f8e25f90169,10,452e2331-a466-542c-832b-33425b59e07a,165.000,EA,2700.77,USD,445627.05,2026-05-22,91635bc5-950a-5cef-bed3-eb26e13d37af,0.000,Standard order line
b2093b97-d0b1-5fd3-909c-d3010aef67a2,2026-04-01T08:00:00Z,system,2026-04-01T08:00:00Z,system,1f380c3f-3160-5735-ac3b-7f8e25f90169,20,a09d3b3c-22f6-56c6-93d4-2863d0444e94,2.000,L,1919.48,USD,3838.96,2026-05-22,d4ece51c-c7cb-5a7e-ad8b-333f836ed745,0.000,
29e94fa9-cb77-5b12-b255-1197312a35eb,2026-04-01T08:00:00Z,system,2026-04-01T08:00:00Z,system,1f380c3f-3160-5735-ac3b-7f8e25f90169,30,f968e107-0cac-5cfd-a628-d3aa05f1e38d,110.000,EA,1212.61,USD,133387.10,2026-05-22,c2aeba5e-39a6-54a4-b327-b80c3ba9a52b,0.000,Expedited delivery
6378513c-6dd4-50f1-9670-880c447ac385,2026-04-01T08:00:00Z,system,2026-04-01T08:00:00Z,system,1f380c3f-3160-5735-ac3b-7f8e25f90169,40,596f3822-e07b-55ed-bd48-239fb3db0e77,10.000,KG,29.29,USD,292.90,2026-05-22,53cd6763-eb75-5316-9859-9f8cd8700d3a,0.000,Standard order line
2cbac17f-3ea9-559e-b66d-2b9ece89ee0e,2025-11-30T08:00:00Z,system,2025-11-30T08:00:00Z,system,6456540b-5895-565f-8434-3946b17f6e6d,10,04c6ce4d-e9ec-5c21-9f43-b4b251046c2f,110.000,M,1015.20,EUR,111672.00,2026-02-06,cb141f7a-14f8-5f73-aee5-33d21e541b25,0.000,Framework agreement pricing
f76ba740-30f5-5b02-9482-cf2e1747eb57,2025-11-30T08:00:00Z,system,2025-11-30T08:00:00Z,system,6456540b-5895-565f-8434-3946b17f6e6d,20,b48aeed1-7840-500f-a433-e19c16974f9d,25.000,SET,1531.97,EUR,38299.25,2026-02-06,f7583dd7-7fe5-59b3-9654-e581c3f4f711,0.000,Framework agreement pricing
56c14bce-357d-557c-85b5-d800d2b916b8,2026-03-03T08:00:00Z,system,2026-03-03T08:00:00Z,system,cb4ab533-775a-53d3-b6c1-612e7c776dc0,10,7c9ec527-9eb0-52c4-b207-8cf0cae25caf,50.000,M,9102.93,PLN,455146.50,2026-03-19,beb61672-1a18-548a-8ccd-68c734e8dcb5,0.000,Standard order line
3a9724d4-d4b8-5979-a780-abedf9f80eb3,2026-03-03T08:00:00Z,system,2026-03-03T08:00:00Z,system,cb4ab533-775a-53d3-b6c1-612e7c776dc0,20,a09d3b3c-22f6-56c6-93d4-2863d0444e94,150.000,L,7276.02,PLN,1091403.00,2026-03-19,811be6b2-e197-5078-a469-c95249de5628,0.000,Quality inspection required
4c379957-0e22-55d0-b3d5-95a71b2792d6,2026-03-03T08:00:00Z,system,2026-03-03T08:00:00Z,system,cb4ab533-775a-53d3-b6c1-612e7c776dc0,30,4d7c024a-2045-5e6d-bce5-30a3caf00779,1.000,EA,4555.42,PLN,4555.42,2026-03-19,9bb2903a-2c31-5aba-8d8c-822e7470da9b,0.000,Framework agreement pricing
827657d9-08e7-5406-94a0-88da276d321a,2026-03-03T08:00:00Z,system,2026-03-03T08:00:00Z,system,cb4ab533-775a-53d3-b6c1-612e7c776dc0,40,cbe6be44-8e37-53b6-99d6-fc5a8a20190d,200.000,L,10483.15,PLN,2096630.00,2026-03-19,c96dfde6-e7eb-519f-a0fa-b4e2a8be2c0c,0.000,Expedited delivery
8e799a72-674b-54c7-80b4-1164836d30d0,2026-02-05T08:00:00Z,system,2026-02-05T08:00:00Z,system,019845d6-ed09-5f6b-9aa4-f61f01e4ec1f,10,219cd16c-a048-5e62-90b0-7924b1431b82,200.000,L,1213.30,EUR,242660.00,2026-04-03,d2ebb12b-b963-575d-becb-be3735bc78a8,28.959,Quality inspection required
63667887-d6d6-5210-bf06-bce9353b8c94,2026-02-05T08:00:00Z,system,2026-02-05T08:00:00Z,system,019845d6-ed09-5f6b-9aa4-f61f01e4ec1f,20,d80537fd-c1c9-5741-8e8d-02dd52dc79bd,20.000,KG,23.02,EUR,460.40,2026-04-03,65698199-9d6e-53f4-bda1-3f6227ddd135,8.695,Quality inspection required
4c254cc1-7862-5dbc-b930-fe4740d85b3e,2026-06-07T08:00:00Z,system,2026-06-07T08:00:00Z,system,34ea9859-38a6-5be8-9bf5-04998dd891ee,10,65f7e1f5-55a6-5a0e-8cfc-7f783180cb51,150.000,L,1954.47,CHF,293170.50,2026-07-07,2daf9cba-6931-528a-bf90-b6b5f1a53eb9,150.000,Standard order line
280f4792-1e80-5c84-bd7b-8bb7bb7785eb,2026-06-07T08:00:00Z,system,2026-06-07T08:00:00Z,system,34ea9859-38a6-5be8-9bf5-04998dd891ee,20,4510bf5d-95b5-5a36-8ecf-d02e870154c9,1.800,KG,5.94,CHF,10.69,2026-07-07,119d3f3a-c7ea-53b8-b61b-b9889d3fc9c4,1.800,Standard order line
98ac1911-90c0-5660-9214-dd8f3f052056,2026-06-07T08:00:00Z,system,2026-06-07T08:00:00Z,system,34ea9859-38a6-5be8-9bf5-04998dd891ee,30,61c9dd7a-23b2-51ce-a4f8-1ecaedb8b55e,2.200,SET,1845.10,CHF,4059.22,2026-07-07,12f01e07-6806-56b0-9782-6f0f94cade6d,2.200,Quality inspection required
0f3674ba-053d-5713-9fe7-319b01a8d677,2026-02-21T08:00:00Z,system,2026-02-21T08:00:00Z,system,0abf6c5f-0bc6-55b1-895d-36a03d8d3d19,10,0c3785e3-7d1b-5f41-95de-b2299b8dd699,75.000,M,913.92,CHF,68544.00,2026-02-26,e9d5d70f-1d42-5937-be40-05d85dbc04b1,0.000,
30cb05d7-ef6e-561c-83f7-f9f7d27df092,2026-02-21T08:00:00Z,system,2026-02-21T08:00:00Z,system,0abf6c5f-0bc6-55b1-895d-36a03d8d3d19,20,61c9dd7a-23b2-51ce-a4f8-1ecaedb8b55e,5.000,SET,1824.45,CHF,9122.25,2026-02-26,f6690df1-bb04-571d-a728-1857c6bf5a44,0.000,Quality inspection required
7999d6ee-9320-5c52-bae2-f68a053dd2b0,2026-02-02T08:00:00Z,system,2026-02-02T08:00:00Z,system,07d3194d-7781-52cb-976e-0e5affa30d84,10,cf47eab7-b618-56ca-8312-fe97b2569fb6,220.000,BOX,410.24,EUR,90252.80,2026-04-02,3fe3b9ea-fe1c-5907-af01-56d7f705e491,220.000,
1cb425a5-0990-54c3-b458-fb5afed3ce09,2026-02-02T08:00:00Z,system,2026-02-02T08:00:00Z,system,07d3194d-7781-52cb-976e-0e5affa30d84,20,30e34ede-6271-5109-8dcc-7f95af88f2f3,5.000,BOX,1863.60,EUR,9318.00,2026-04-02,db145152-4fe7-574a-8cc1-4937baa50706,5.000,
630af83c-70c3-5d98-ac7d-534b10fe3f2e,2026-07-27T08:00:00Z,system,2026-07-27T08:00:00Z,system,3631562f-b247-5d17-872a-0c021f8c51d9,10,cc5afda5-c29c-592b-ab4e-304a522f6af7,2.000,L,15778.30,SEK,31556.60,2026-09-03,9950fb2d-e593-5b05-85be-313b340d96c8,2.000,Standard order line
9901c4ab-3092-5d30-9901-891a6b1dea8c,2026-07-27T08:00:00Z,system,2026-07-27T08:00:00Z,system,3631562f-b247-5d17-872a-0c021f8c51d9,20,62a2158d-64d0-547a-b140-23e19a0b0820,5.000,BOX,16383.26,SEK,81916.30,2026-09-03,23e62d5d-b5a0-583a-918a-181ac81b7fd3,5.000,Quality inspection required
20f4a610-d6e0-5e6b-a851-e9bc07d4e64d,2026-07-27T08:00:00Z,system,2026-07-27T08:00:00Z,system,3631562f-b247-5d17-872a-0c021f8c51d9,30,85097ad1-7358-5034-a39c-c5bec0e42c12,11.000,BOX,24298.85,SEK,267287.35,2026-09-03,a1cde4c8-cf05-55cb-ae86-31f31021fdd8,11.000,
488352be-764b-5913-89a8-5d8966d0fed2,2026-06-10T08:00:00Z,system,2026-06-10T08:00:00Z,system,bf6234cb-0ba5-591a-92e5-aedb3fd12bc8,10,a56d36d8-7b2d-5bff-ae8b-8d8002e9d564,1.000,L,1932.49,CAD,1932.49,2026-07-26,c33f0c1d-fce3-50ee-a466-4889c4300eea,1.000,Framework agreement pricing
daba1540-8384-5327-9d40-3a6752b0a0e2,2026-06-10T08:00:00Z,system,2026-06-10T08:00:00Z,system,bf6234cb-0ba5-591a-92e5-aedb3fd12bc8,20,7a0573af-19d9-5fce-a1fb-edef3b2a16d3,200.000,EA,2915.39,CAD,583078.00,2026-07-26,d701ca43-874f-50a9-8786-eb070446eb72,200.000,Standard order line
ff36cfcd-3f6e-5483-80f9-f401c83b37a5,2026-06-10T08:00:00Z,system,2026-06-10T08:00:00Z,system,bf6234cb-0ba5-591a-92e5-aedb3fd12bc8,30,fd4f25a0-d258-5944-8a33-a22b3cf44a4a,1.000,L,1220.40,CAD,1220.40,2026-07-26,fa1a4b27-b78a-54e8-86bf-b9419fd97f4e,1.000,Framework agreement pricing
25c88547-a6dd-5fb0-b875-48bf961d4a51,2026-06-10T08:00:00Z,system,2026-06-10T08:00:00Z,system,bf6234cb-0ba5-591a-92e5-aedb3fd12bc8,40,bbccc08a-f2c9-5ff6-a628-fb59284b03ec,220.000,SET,148.80,CAD,32736.00,2026-07-26,05cd30d4-3df7-5904-8bcb-ac8b2384c519,220.000,Standard order line
08a59b51-a6ab-59db-9bb0-bc273ecddfcf,2026-06-10T08:00:00Z,system,2026-06-10T08:00:00Z,system,bf6234cb-0ba5-591a-92e5-aedb3fd12bc8,50,2e938e1a-7d1e-5084-9f28-14acf3a39a7c,11.000,SET,3085.84,CAD,33944.24,2026-07-26,2fc6dcc1-f574-5293-b73f-b3ccf5e22cff,11.000,Expedited delivery
7a535208-3bfb-547b-9f93-619b224de3fc,2026-07-04T08:00:00Z,system,2026-07-04T08:00:00Z,system,2f0c2f03-2fad-57ff-b40d-1b7f1ebb3ad2,10,46b282d8-4f03-5afe-8c6a-9345fa79a1a8,165.000,L,866.77,EUR,143017.05,2026-08-04,c55b8fb3-31d5-5650-be42-56bbecfcffa0,0.000,Standard order line
1bf56be5-a17f-5719-8238-d94ba58fe87f,2026-07-04T08:00:00Z,system,2026-07-04T08:00:00Z,system,2f0c2f03-2fad-57ff-b40d-1b7f1ebb3ad2,20,c1263224-5b01-5628-b91f-a1409b9c0752,2.000,BOX,1839.74,EUR,3679.48,2026-08-04,4aa93e37-6d70-5aa5-8e5c-239f0b6b1f34,0.000,
38e7fd87-6c2c-5882-88ab-77c70d0f64ce,2025-11-11T08:00:00Z,system,2025-11-11T08:00:00Z,system,4cefdb77-bc41-56e8-8694-36af3e7e94a5,10,0804c1cc-15f6-549d-b061-a4423dc8fcac,150.000,EA,8498.34,CZK,1274751.00,2025-12-31,bc400d9b-7210-58f0-a37e-d0b897599694,80.917,
1954e512-1a3a-556c-a167-b0451111685c,2025-11-11T08:00:00Z,system,2025-11-11T08:00:00Z,system,4cefdb77-bc41-56e8-8694-36af3e7e94a5,20,972054fa-e98c-5fa7-b5a0-eef2c0bddc26,9.000,M,19432.76,CZK,174894.84,2025-12-31,6072d11d-ce05-57e0-859b-6fb47330c584,0.354,Framework agreement pricing
10281021-3400-5572-89a9-39d553efccfd,2025-11-11T08:00:00Z,system,2025-11-11T08:00:00Z,system,4cefdb77-bc41-56e8-8694-36af3e7e94a5,30,19e5854c-015a-5974-997b-3ccb05e32d73,5.000,M,9587.54,CZK,47937.70,2025-12-31,28ffed7e-82c6-5bae-978a-d0fda8cf7c8d,1.079,Framework agreement pricing
95987b36-e71e-552f-ac18-9328e6b51f14,2025-11-11T08:00:00Z,system,2025-11-11T08:00:00Z,system,4cefdb77-bc41-56e8-8694-36af3e7e94a5,40,85f6ae6a-e37a-5c6a-8c20-f972d8291238,135.000,M,3794.22,CZK,512219.70,2025-12-31,1c8409f9-7bd0-5887-af4c-efe857e7ea13,127.836,
b7407304-4388-5028-9e33-d61409d09dc7,2025-11-07T08:00:00Z,system,2025-11-07T08:00:00Z,system,2caee2e9-2c5d-55f2-a0f0-56b42f8d67e8,10,7bbe83f1-c77e-5ae0-b99e-e216e600e89f,200.000,KG,24.21,EUR,4842.00,2025-12-09,34e33857-e366-5c3c-8fc1-8cd07ffc0e91,200.000,Expedited delivery
10166607-a4f9-5725-b55a-329b86c9b7d9,2025-11-07T08:00:00Z,system,2025-11-07T08:00:00Z,system,2caee2e9-2c5d-55f2-a0f0-56b42f8d67e8,20,c1263224-5b01-5628-b91f-a1409b9c0752,50.000,BOX,1672.32,EUR,83616.00,2025-12-09,9397158a-3526-5a55-b93f-a12740a65b4a,50.000,Framework agreement pricing
7079c109-5a3f-55ae-b73c-933a450c7a9f,2025-11-07T08:00:00Z,system,2025-11-07T08:00:00Z,system,2caee2e9-2c5d-55f2-a0f0-56b42f8d67e8,30,fb8c381b-c548-5976-8e12-26f8e47df79d,82.500,KG,9.44,EUR,778.80,2025-12-09,c4f248b7-74d9-5b16-82ba-fcbe4030c89d,82.500,Expedited delivery
bc394188-9031-5d92-81d9-b09d2773a621,2025-11-07T08:00:00Z,system,2025-11-07T08:00:00Z,system,2caee2e9-2c5d-55f2-a0f0-56b42f8d67e8,40,4a6344a3-f35e-516c-9e41-3b71adc76bae,90.000,M,665.23,EUR,59870.70,2025-12-09,d0c2bb05-48e1-5ac2-a320-29911c0f4e07,90.000,Quality inspection required
57f20381-4a8f-56a3-8c56-2271cf8f38a1,2025-11-07T08:00:00Z,system,2025-11-07T08:00:00Z,system,2caee2e9-2c5d-55f2-a0f0-56b42f8d67e8,50,7ca4c0eb-249c-5459-9122-836398535a4b,180.000,L,2244.91,EUR,404083.80,2025-12-09,a355262c-d200-574d-b962-b7fc54db5c7d,180.000,Quality inspection required
4c283b85-9a84-57bc-8522-79d9fe02e134,2026-02-10T08:00:00Z,system,2026-02-10T08:00:00Z,system,05eb1b89-a257-5391-bddd-e5c69486039c,10,cfcda226-532c-599e-8ba1-da4625eb5246,20.000,EA,7783.95,PLN,155679.00,2026-03-16,71364197-d3e3-5bff-8332-ae376e446af2,20.000,Framework agreement pricing
0c297fb0-e771-5caa-96ea-8770f469e035,2026-02-10T08:00:00Z,system,2026-02-10T08:00:00Z,system,05eb1b89-a257-5391-bddd-e5c69486039c,20,8c4308df-7ca4-593e-8ebe-c6de544847fa,67.500,L,8430.06,PLN,569029.05,2026-03-16,05e22379-c9dd-5494-95d7-d4688aa7e369,67.500,Framework agreement pricing
6e37bf89-2f83-59ff-8b61-054fa0d5d6c9,2026-02-10T08:00:00Z,system,2026-02-10T08:00:00Z,system,05eb1b89-a257-5391-bddd-e5c69486039c,30,6b8b9c0c-ca33-51c4-9164-471f4abb4160,25.000,BOX,6141.45,PLN,153536.25,2026-03-16,8ca0fb9d-e28c-58c0-9c13-5b3080c4ab29,25.000,
06d1e31e-c5e1-5761-b792-edc78cb0e7ba,2026-05-02T08:00:00Z,system,2026-05-02T08:00:00Z,system,2819d720-4673-533d-9f9c-110b13e768b3,10,748d36d0-ad0a-5e2f-ae52-4b9bd4ac6a44,22.000,M,1626.07,EUR,35773.54,2026-07-10,90bd2b00-84fa-5fa6-9148-87d0b6b2a8d4,19.830,Standard order line
0975f07d-6666-52b6-9d1a-002debe54955,2026-05-02T08:00:00Z,system,2026-05-02T08:00:00Z,system,2819d720-4673-533d-9f9c-110b13e768b3,20,5b7ae8db-72b9-5511-ba23-2698e4fd03df,220.000,BOX,139.08,EUR,30597.60,2026-07-10,b61bc31d-3b00-5438-9d2e-b4f41cb8fe77,7.860,Quality inspection required
5db40b69-58ab-5df0-8e90-2e11a47d1f5f,2026-05-02T08:00:00Z,system,2026-05-02T08:00:00Z,system,2819d720-4673-533d-9f9c-110b13e768b3,30,d1656ddc-1679-5818-bc75-a4cf9404839a,75.000,M,155.72,EUR,11679.00,2026-07-10,7cf73f9f-fb62-53b7-b7e0-6cd3dfaaf5fb,57.558,Expedited delivery
f0e172e2-1670-50b7-b4f7-34b87b2219f3,2026-05-02T08:00:00Z,system,2026-05-02T08:00:00Z,system,2819d720-4673-533d-9f9c-110b13e768b3,40,775db43d-b20d-5440-9e66-3995ab8bf36c,22.000,L,189.03,EUR,4158.66,2026-07-10,8ad37ba6-49cd-571b-99ea-a67f4eebfcb7,17.681,Standard order line
91e77700-4d95-5295-ac8f-bf9c3ca364a9,2025-11-30T08:00:00Z,system,2025-11-30T08:00:00Z,system,45d60f6b-9ffd-5ed4-9c9a-6e95d0220fb9,10,21cbb700-5485-5bab-b31b-e024cd04b587,82.500,M,1111.51,EUR,91699.57,2025-12-15,dbf46a27-7b76-5eb6-a2e5-b8f8b960128a,82.500,Standard order line
2603d740-cd96-5ad9-af23-f02707e42fb9,2025-11-30T08:00:00Z,system,2025-11-30T08:00:00Z,system,45d60f6b-9ffd-5ed4-9c9a-6e95d0220fb9,20,105849c8-03f2-573d-9e97-230d47fc6774,18.000,SET,1576.75,EUR,28381.50,2025-12-15,a1aa7ae5-c3cc-5e72-91a3-60f6ca274348,18.000,Quality inspection required
03c89f77-47c7-5d45-a17d-78292831cc6e,2025-12-10T08:00:00Z,system,2025-12-10T08:00:00Z,system,397089a5-b599-56f9-a770-aed622d6b143,10,b7445b03-ff12-5031-afe2-33e925c82fd3,200.000,BOX,301.16,EUR,60232.00,2026-01-08,c180c238-5e65-5d92-83f0-ae41ae531055,150.854,Expedited delivery
856fe40e-2e20-567e-8314-54af8fab51eb,2025-12-10T08:00:00Z,system,2025-12-10T08:00:00Z,system,397089a5-b599-56f9-a770-aed622d6b143,20,4d8b3cb8-4991-55ac-afa4-443fd1749bfb,20.000,KG,22.96,EUR,459.20,2026-01-08,dcac06d5-a8d9-51af-94f8-2f0e252ac11f,15.743,
56d8a75e-41a0-5fea-a6e6-5a8d58e14797,2026-03-06T08:00:00Z,system,2026-03-06T08:00:00Z,system,e8a23f47-c66d-5c53-9a70-ef04f07ef1b1,10,7f697323-30b6-54c7-bac6-3b08c847d275,50.000,M,1473.66,GBP,73683.00,2026-03-11,0a62138d-d4f4-5f17-8423-4f7f3007a94a,50.000,
c645c923-6724-5cfc-97fd-edcef013123b,2026-03-06T08:00:00Z,system,2026-03-06T08:00:00Z,system,e8a23f47-c66d-5c53-9a70-ef04f07ef1b1,20,df47ed4b-da4f-5c58-b596-f38d4082538d,200.000,EA,1302.06,GBP,260412.00,2026-03-11,b287b927-af7d-5000-8c29-ccb33c34f7f7,200.000,
e1f69057-8be4-5f13-98b0-5082e81b6f71,2026-03-06T08:00:00Z,system,2026-03-06T08:00:00Z,system,e8a23f47-c66d-5c53-9a70-ef04f07ef1b1,30,b7445b03-ff12-5031-afe2-33e925c82fd3,5.500,BOX,279.83,GBP,1539.06,2026-03-11,c9fcd86b-8485-56ae-bb93-599a78a2d84d,5.500,
268424c8-f134-53c3-b6ec-87682068846e,2026-03-06T08:00:00Z,system,2026-03-06T08:00:00Z,system,e8a23f47-c66d-5c53-9a70-ef04f07ef1b1,40,4c30fa9e-b4c6-593b-975f-b5c99a3fa9b1,27.500,M,433.01,GBP,11907.77,2026-03-11,fbac4746-f6b1-5179-bb27-251da0cf0987,27.500,Framework agreement pricing
885ae525-e0d8-527a-94b5-debad90c2d77,2026-03-06T08:00:00Z,system,2026-03-06T08:00:00Z,system,e8a23f47-c66d-5c53-9a70-ef04f07ef1b1,50,eca867c4-ec3b-52d0-826e-e72c7e331d21,10.000,BOX,1001.40,GBP,10014.00,2026-03-11,b483dfcd-cc70-56e6-a7aa-254ea718ef29,10.000,Quality inspection required
a5ee6a1d-2fa8-5934-9435-5f8744068fcd,2026-04-05T08:00:00Z,system,2026-04-05T08:00:00Z,system,30e0863c-4208-5fd6-b479-1ca2b9377c91,10,5201a455-a5dc-58a5-9da8-b460a7a6e9f4,100.000,M,1571.37,EUR,157137.00,2026-05-25,8ac7a7d4-341e-5998-9182-4882bcd62d17,0.000,
003291da-887a-54ff-8b99-e1f3c5d32ec0,2026-04-05T08:00:00Z,system,2026-04-05T08:00:00Z,system,30e0863c-4208-5fd6-b479-1ca2b9377c91,20,53e0bf46-17ba-5243-bbe5-1d44068c8ac1,75.000,EA,74.47,EUR,5585.25,2026-05-25,4e7b465a-65d5-57dd-b43e-afbfd0bee2bb,0.000,Expedited delivery
f6122b93-d755-53a5-866b-8494bac89c06,2026-04-05T08:00:00Z,system,2026-04-05T08:00:00Z,system,30e0863c-4208-5fd6-b479-1ca2b9377c91,30,dc06185f-0801-58aa-86b9-6df5bf774217,200.000,L,824.87,EUR,164974.00,2026-05-25,3ffa945e-409c-5014-87e1-a087bb06bf7c,0.000,Expedited delivery
9360e4ac-b704-5623-ba5f-819ea07ebab5,2026-02-14T08:00:00Z,system,2026-02-14T08:00:00Z,system,bb9a6503-45d9-54d8-bf66-7fdb846d436f,10,2e938e1a-7d1e-5084-9f28-14acf3a39a7c,10.000,SET,2203.09,EUR,22030.90,2026-03-17,2fc6dcc1-f574-5293-b73f-b3ccf5e22cff,0.000,Framework agreement pricing
16a52d3e-9e53-5de9-b70a-c076c2ffbddc,2026-02-14T08:00:00Z,system,2026-02-14T08:00:00Z,system,bb9a6503-45d9-54d8-bf66-7fdb846d436f,20,17594ecd-2424-57ab-85b5-deef54d20340,18.000,L,856.59,EUR,15418.62,2026-03-17,c008951c-aa46-53ae-9f06-0895e5cb016f,0.000,Quality inspection required
8fe2894f-59ef-5aab-bebf-3ba515da630a,2026-02-14T08:00:00Z,system,2026-02-14T08:00:00Z,system,bb9a6503-45d9-54d8-bf66-7fdb846d436f,30,24e149d4-fbad-5890-a7ee-15a416fd63bc,75.000,SET,249.24,EUR,18693.00,2026-03-17,8ef13569-6596-530e-b41e-74d56af7221c,0.000,Quality inspection required
3d014c85-4c65-5cca-9da2-077f3f73a90e,2026-02-14T08:00:00Z,system,2026-02-14T08:00:00Z,system,bb9a6503-45d9-54d8-bf66-7fdb846d436f,40,f2c4243e-4417-5346-87ed-f7baa4d23a22,82.500,BOX,1898.27,EUR,156607.27,2026-03-17,cc59948a-7d5f-5c8b-a4e4-e25171da5f92,0.000,Framework agreement pricing
5cec2729-7bca-57a6-bd70-cc22111e099f,2026-02-14T08:00:00Z,system,2026-02-14T08:00:00Z,system,bb9a6503-45d9-54d8-bf66-7fdb846d436f,50,d3c939e0-3924-58da-a01d-c79899d13ee4,20.000,EA,2310.72,EUR,46214.40,2026-03-17,c08a8b12-e777-54c8-8354-1cf3071dfad6,0.000,
9dfde703-deae-53ac-a6dc-00bdb8fa88b1,2026-06-07T08:00:00Z,system,2026-06-07T08:00:00Z,system,c5d10925-7557-5a3c-b332-b5886a47eeac,10,5bced482-deea-5fc4-8653-6c41fc86806e,1.000,M,8424.20,PLN,8424.20,2026-07-02,1787a9ff-0c25-5fd4-ba5c-9dd9b68b6014,1.000,Framework agreement pricing
ff204be1-0931-5643-84da-6927d26037fc,2026-06-07T08:00:00Z,system,2026-06-07T08:00:00Z,system,c5d10925-7557-5a3c-b332-b5886a47eeac,20,d4ebbd6f-8a69-5cf1-8716-7275006eb3b3,5.500,M,9229.14,PLN,50760.27,2026-07-02,93eb2bb8-0211-5737-8fb7-df3828c0c574,5.500,
31e1c71a-9df9-55e4-b189-e0d81ef6af06,2026-06-07T08:00:00Z,system,2026-06-07T08:00:00Z,system,c5d10925-7557-5a3c-b332-b5886a47eeac,30,5201a455-a5dc-58a5-9da8-b460a7a6e9f4,20.000,M,5628.28,PLN,112565.60,2026-07-02,f962c8e7-5754-5c2e-9660-6d81d3193433,20.000,Expedited delivery
26810756-506b-5ee9-ac40-5922157c827b,2026-06-07T08:00:00Z,system,2026-06-07T08:00:00Z,system,c5d10925-7557-5a3c-b332-b5886a47eeac,40,af970570-0e69-5aa7-a1fd-93cea6d022c8,1.000,BOX,3423.34,PLN,3423.34,2026-07-02,d9ce94a6-517d-583a-b05f-868afeccf24e,1.000,
964f4ddd-a220-5d58-8fed-3f3b6da2f0aa,2026-02-10T08:00:00Z,system,2026-02-10T08:00:00Z,system,bf8017f9-6ffe-511d-a3e6-71635d466abb,10,95b589d9-d0fa-5b0b-97dc-32e0f9a9f036,165.000,EA,1448.45,EUR,238994.25,2026-04-03,9872f35b-e7d8-53af-b7de-60c54e3ebe99,165.000,
49d51dda-4047-52e5-9a1b-e28e75550132,2026-02-10T08:00:00Z,system,2026-02-10T08:00:00Z,system,bf8017f9-6ffe-511d-a3e6-71635d466abb,20,9cccf623-1147-5c18-8001-597eaf1dced5,200.000,SET,2156.35,EUR,431270.00,2026-04-03,3f8a5023-8eef-5375-a1e6-a89c4be769b8,200.000,Framework agreement pricing
1b83f22e-fd8f-503c-a118-eb91bfe29b57,2026-04-28T08:00:00Z,system,2026-04-28T08:00:00Z,system,6ceb04a5-1ec1-5402-953d-5ebdbbeb2be8,10,33b58793-6f12-50d8-b5ed-f4aaefc6d3f0,1.000,M,719.40,SEK,719.40,2026-07-05,407f0e9f-114c-5c00-a8ac-d25517748459,1.000,Quality inspection required
49aee492-be15-5fe2-b930-9e367a39fc24,2026-04-28T08:00:00Z,system,2026-04-28T08:00:00Z,system,6ceb04a5-1ec1-5402-953d-5ebdbbeb2be8,20,0a95d286-40e6-5f4e-bce8-380f86c5e052,20.000,BOX,16826.77,SEK,336535.40,2026-07-05,924cb1e4-70d2-5766-bf1a-0079673ba54d,20.000,
b6b838d6-bc75-50be-b95a-512e1a8a0f78,2026-04-28T08:00:00Z,system,2026-04-28T08:00:00Z,system,6ceb04a5-1ec1-5402-953d-5ebdbbeb2be8,30,6c7c41de-f18d-5d68-9697-8f8c32cb9e5e,20.000,M,22214.38,SEK,444287.60,2026-07-05,1de24bc5-e9af-52b6-9d85-be4c4a09d0a9,20.000,
2b772057-29a9-5edc-a221-8f7e8e67be0d,2026-04-28T08:00:00Z,system,2026-04-28T08:00:00Z,system,6ceb04a5-1ec1-5402-953d-5ebdbbeb2be8,40,05a4f991-84c1-5839-9f40-938f84dcd65e,18.000,M,14339.78,SEK,258116.04,2026-07-05,c25c3b3e-8902-590c-86c7-59bcd53061c3,18.000,Framework agreement pricing
e5ff8c54-25de-5b95-a662-65239c7db45b,2026-04-28T08:00:00Z,system,2026-04-28T08:00:00Z,system,6ceb04a5-1ec1-5402-953d-5ebdbbeb2be8,50,b48aeed1-7840-500f-a433-e19c16974f9d,27.500,SET,16776.14,SEK,461343.85,2026-07-05,f7583dd7-7fe5-59b3-9654-e581c3f4f711,27.500,Quality inspection required
7adecb57-8c91-5ad4-abfc-48ac2353af20,2026-06-12T08:00:00Z,system,2026-06-12T08:00:00Z,system,39108252-fbb3-5c78-a387-80a6af64d7c1,10,a46103e7-a245-5eef-af4b-854671431c6b,22.000,M,1746.69,GBP,38427.18,2026-06-23,afe202b3-d09e-5eef-b8df-7a20a324c39e,22.000,Framework agreement pricing
93d8b4e4-d665-583b-a88c-279b91d570ee,2026-06-12T08:00:00Z,system,2026-06-12T08:00:00Z,system,39108252-fbb3-5c78-a387-80a6af64d7c1,20,9c2269ae-4d62-5146-b30e-9e301d4108b0,20.000,EA,558.55,GBP,11171.00,2026-06-23,75c83f1f-09dc-5b21-85d4-ef47a12cc772,20.000,
19cb61a2-3f57-5a09-b66f-35404491e3d5,2026-06-12T08:00:00Z,system,2026-06-12T08:00:00Z,system,39108252-fbb3-5c78-a387-80a6af64d7c1,30,946b9def-1c5e-5d38-8f79-05db3b27b218,9.000,M,1876.92,GBP,16892.28,2026-06-23,f0d2df3a-ab62-5637-a8a9-f37c36088622,9.000,Framework agreement pricing
c4eda9c6-f749-5ea7-a5cc-7d3b9aea6cc7,2026-06-12T08:00:00Z,system,2026-06-12T08:00:00Z,system,39108252-fbb3-5c78-a387-80a6af64d7c1,40,5464a7bf-73cd-5738-b7f9-01c417006d3e,50.000,EA,1578.62,GBP,78931.00,2026-06-23,74072b8e-39f2-55f9-89fb-a8f800f77434,50.000,Framework agreement pricing
0ec7a615-8681-5b94-9874-326d2efef5ce,2026-06-12T08:00:00Z,system,2026-06-12T08:00:00Z,system,39108252-fbb3-5c78-a387-80a6af64d7c1,50,eca867c4-ec3b-52d0-826e-e72c7e331d21,5.000,BOX,1042.91,GBP,5214.55,2026-06-23,9c793a1d-5c9f-52c4-9232-8ee10bbb9f1a,5.000,
2e78e96c-9773-5732-a9ac-f062ffecfd10,2025-11-17T08:00:00Z,system,2025-11-17T08:00:00Z,system,c3b6b02a-5774-5b29-978a-47caea412389,10,3f3309b3-487e-54de-ae3f-de56ef31378f,25.000,BOX,2345.78,EUR,58644.50,2025-12-05,9b84f21d-f172-5e80-a009-2909d1630c49,0.000,
e9175df7-abdf-5660-8c19-a80758fcba20,2025-11-17T08:00:00Z,system,2025-11-17T08:00:00Z,system,c3b6b02a-5774-5b29-978a-47caea412389,20,6888476b-380f-570d-8a87-551948fe535a,1.100,M,983.07,EUR,1081.38,2025-12-05,e7728ade-840d-5e41-b992-ff77d1feff6f,0.000,Expedited delivery
834a3c81-6b1a-5385-a52d-b1d1576113f0,2025-11-17T08:00:00Z,system,2025-11-17T08:00:00Z,system,c3b6b02a-5774-5b29-978a-47caea412389,30,5ff325a3-cf1b-5887-bd0f-e1da5d5e6a57,5.000,BOX,721.83,EUR,3609.15,2025-12-05,21ccbb74-7932-5dd7-9c43-b72f5b8980d0,0.000,
9fe2c685-b573-5010-bc3d-e6215497fa93,2026-01-13T08:00:00Z,system,2026-01-13T08:00:00Z,system,330f6f64-7202-5edb-88e8-4b5b9406b076,10,b03f0dc2-a9e5-5330-affe-38e1a3e58c73,10.000,L,263.41,EUR,2634.10,2026-01-21,a13bf772-16df-5bab-983c-9fa32b518339,0.000,Framework agreement pricing
664a2a15-d6c1-513b-8651-98e29fadeb51,2026-01-13T08:00:00Z,system,2026-01-13T08:00:00Z,system,330f6f64-7202-5edb-88e8-4b5b9406b076,20,9f268dd5-b99b-5f85-935d-cd614d5d12ad,1.000,KG,26.85,EUR,26.85,2026-01-21,8c7236e1-1efc-5016-9639-ba32ae439b0e,0.000,Expedited delivery
1def168c-0285-5acb-9c24-a7289a194b19,2026-01-13T08:00:00Z,system,2026-01-13T08:00:00Z,system,330f6f64-7202-5edb-88e8-4b5b9406b076,30,12c9f3ae-d18d-52d5-8792-59bbe20067a0,2.200,L,1512.27,EUR,3326.99,2026-01-21,5731a5fd-98ad-57f9-b83f-2914d32ee058,0.000,Expedited delivery
b99f36e4-e752-5d63-a5fe-4edd66b86907,2026-01-13T08:00:00Z,system,2026-01-13T08:00:00Z,system,330f6f64-7202-5edb-88e8-4b5b9406b076,40,53e0bf46-17ba-5243-bbe5-1d44068c8ac1,75.000,EA,70.59,EUR,5294.25,2026-01-21,21ac6a8f-9689-5ac8-9414-32034326bf0c,0.000,Standard order line
2c0ef36b-4a43-5f28-8f5c-e8b79ef04cfc,2026-01-13T08:00:00Z,system,2026-01-13T08:00:00Z,system,330f6f64-7202-5edb-88e8-4b5b9406b076,50,a9f39542-a399-5602-91a0-db378fe1532d,2.000,KG,28.52,EUR,57.04,2026-01-21,3a5a2a62-7f91-5b33-ac50-d4a879f46336,0.000,Quality inspection required
c1d017bb-00d7-5822-b971-5f6cc445f112,2025-10-30T08:00:00Z,system,2025-10-30T08:00:00Z,system,2e34ac43-6545-5cb6-ba31-6bbba1507f4d,10,99390864-f827-5aef-be8a-287357eedb0f,10.000,BOX,2054.59,EUR,20545.90,2025-11-14,e9931198-1769-5a44-98f6-216fe052aa8b,0.000,
ccb75e6c-0c58-594d-802d-eae620e8ebef,2025-10-30T08:00:00Z,system,2025-10-30T08:00:00Z,system,2e34ac43-6545-5cb6-ba31-6bbba1507f4d,20,105849c8-03f2-573d-9e97-230d47fc6774,20.000,SET,1545.61,EUR,30912.20,2025-11-14,98802ba4-8dda-5b28-8242-4a962b5f98b8,0.000,Standard order line
e143f8fb-dac4-5cad-a857-6f10204efcff,2025-10-30T08:00:00Z,system,2025-10-30T08:00:00Z,system,2e34ac43-6545-5cb6-ba31-6bbba1507f4d,30,d96ec281-e3a6-5aba-b6f4-379e05515ef4,25.000,SET,1261.77,EUR,31544.25,2025-11-14,e60bfdf2-635a-5ee1-a74e-b505f144b7d0,0.000,Expedited delivery
6ad319d0-c47e-5fc5-a48e-b1833b3e5bbd,2026-05-06T08:00:00Z,system,2026-05-06T08:00:00Z,system,a4b9967f-ae8a-57cb-baec-b0d17f5a6ca3,10,9f268dd5-b99b-5f85-935d-cd614d5d12ad,25.000,KG,22.74,EUR,568.50,2026-05-13,90fbfe1e-78f0-5f8c-8b6e-26232f7344b3,25.000,Expedited delivery
d7633d58-e96b-5fb0-996e-4516ab73d9b5,2026-05-06T08:00:00Z,system,2026-05-06T08:00:00Z,system,a4b9967f-ae8a-57cb-baec-b0d17f5a6ca3,20,a1a5bad0-30ca-5727-b1d6-9e34f59daa2c,22.000,BOX,689.94,EUR,15178.68,2026-05-13,c93dea23-7c5f-5d70-82df-5ad8b4d3cd09,22.000,Quality inspection required
e036d22f-b03c-516b-adff-88e095218931,2026-05-06T08:00:00Z,system,2026-05-06T08:00:00Z,system,a4b9967f-ae8a-57cb-baec-b0d17f5a6ca3,30,729b6d7e-7b34-59c4-ab17-3319477660be,50.000,KG,13.44,EUR,672.00,2026-05-13,f0421c3a-bde0-57ec-b9a7-fb1a84c79f7a,50.000,Standard order line
f23ec7bd-4e45-5d63-938f-64711e56cfdf,2026-01-26T08:00:00Z,system,2026-01-26T08:00:00Z,system,42bf0884-599a-5ace-ab81-c140f1d8877a,10,33b58793-6f12-50d8-b5ed-f4aaefc6d3f0,1.100,M,73.13,EUR,80.44,2026-02-02,62d21060-6ddc-5181-9c19-efa8ba14c792,1.100,Standard order line
9c6b9a11-6cd9-59e2-a98e-6d17b628ef4f,2026-01-26T08:00:00Z,system,2026-01-26T08:00:00Z,system,42bf0884-599a-5ace-ab81-c140f1d8877a,20,20b9081b-2fb8-5ca6-99f3-12478b5fce53,2.200,KG,11.97,EUR,26.33,2026-02-02,03688e0e-9e11-5f58-b95f-37147db7a983,2.200,Quality inspection required
4dc69a73-5f7f-5905-87c2-1a4ae45dadfa,2026-01-26T08:00:00Z,system,2026-01-26T08:00:00Z,system,42bf0884-599a-5ace-ab81-c140f1d8877a,30,7206ba99-aabc-58a4-962c-b600c27e265f,200.000,KG,33.45,EUR,6690.00,2026-02-02,71a3d55b-b25c-57c5-b629-9c5873927c01,200.000,Quality inspection required
943b24f8-e641-5885-9ef1-7e608b8da732,2026-01-26T08:00:00Z,system,2026-01-26T08:00:00Z,system,42bf0884-599a-5ace-ab81-c140f1d8877a,40,a826e0c2-43dd-5a6b-a002-5f2510a4b1f5,50.000,L,1198.28,EUR,59914.00,2026-02-02,1b11fa3a-0f81-503a-8e1b-e8695e9b91ea,50.000,Quality inspection required
730034b9-e694-5425-a506-c0e248c2213e,2026-03-26T08:00:00Z,system,2026-03-26T08:00:00Z,system,9eb01d23-ca0a-5eaa-a4da-5d950c0f2d27,10,35918af3-0428-5cb5-b70c-3960424df494,67.500,KG,21.17,EUR,1428.98,2026-04-18,fc59d5c6-549e-5125-8f8d-20954974b513,67.500,Standard order line
c2c81d8e-b235-5c73-8aba-dbe6c67371d2,2026-03-26T08:00:00Z,system,2026-03-26T08:00:00Z,system,9eb01d23-ca0a-5eaa-a4da-5d950c0f2d27,20,3aa391ce-4ff3-5173-9277-83ce43555c7c,50.000,L,98.21,EUR,4910.50,2026-04-18,51a0cc23-3271-5006-a1a1-9e8061865d49,50.000,Quality inspection required
e0152d1c-fae5-5123-b99c-0e1e27ffff84,2026-07-13T08:00:00Z,system,2026-07-13T08:00:00Z,system,82d41b7f-f44e-5e71-a1e3-3caca862ac05,10,accc637f-3162-5d58-877b-1b8457c93561,100.000,L,1448.21,EUR,144821.00,2026-08-17,3e5fe4bd-cb24-5034-b0da-4cb743044a68,100.000,Quality inspection required
ed230e29-6a1d-5dcb-9a43-7a375f87c9fa,2026-07-13T08:00:00Z,system,2026-07-13T08:00:00Z,system,82d41b7f-f44e-5e71-a1e3-3caca862ac05,20,25d66eb3-16e0-54c3-bcbc-0f87d2c22b95,4.500,EA,811.79,EUR,3653.05,2026-08-17,e8cacbfd-ccc1-5af2-bfd6-b6ccb7f0cb55,4.500,Expedited delivery
9e7a891f-fc65-5d02-bdbf-0a21d86fc121,2026-07-13T08:00:00Z,system,2026-07-13T08:00:00Z,system,82d41b7f-f44e-5e71-a1e3-3caca862ac05,30,c8f2c51c-f8b9-51a7-b2ab-da1f3ac760d6,25.000,M,1460.61,EUR,36515.25,2026-08-17,5499905b-301b-5963-893c-9afe339b9692,25.000,
aa786072-1bc9-5c4b-92bd-be697be4f5ce,2026-01-07T08:00:00Z,system,2026-01-07T08:00:00Z,system,216d3e99-4576-58da-9c91-94015101b67d,10,f84d7723-0164-5c03-952b-c6a6bd546739,5.000,EA,9438.17,PLN,47190.85,2026-01-23,93ecf2ab-7fc7-5296-97e4-5ad1f0dab010,1.741,Framework agreement pricing
bddde875-de03-5055-bf16-805a1e3a8e62,2026-01-07T08:00:00Z,system,2026-01-07T08:00:00Z,system,216d3e99-4576-58da-9c91-94015101b67d,20,781e49c0-8999-50e8-9276-e1fc0e9e29ca,22.500,EA,9878.40,PLN,222264.00,2026-01-23,9b888384-da77-5942-8c3b-847c736d3765,2.420,
cdae114a-91f2-53c7-865d-0fb6b9885e46,2026-01-07T08:00:00Z,system,2026-01-07T08:00:00Z,system,216d3e99-4576-58da-9c91-94015101b67d,30,dc089f09-34df-5a3e-bedb-2c2e0f21465e,67.500,L,6761.14,PLN,456376.95,2026-01-23,2b82e04f-6af2-5413-9a1a-2f6f521e99c8,36.794,Expedited delivery
ee1bfcec-982d-576e-bc44-ef90b0ff4367,2025-10-17T08:00:00Z,system,2025-10-17T08:00:00Z,system,c9db99c5-eb6c-501f-b7ef-6e2ce25ede12,10,5c00c635-ab30-509c-930a-9c3027c73ba1,10.000,BOX,1562.55,EUR,15625.50,2025-12-20,92021513-5d2b-5b82-bef8-809fd8882a45,0.000,Standard order line
8015e694-a8b0-574f-9dbb-74dd89528366,2025-10-17T08:00:00Z,system,2025-10-17T08:00:00Z,system,c9db99c5-eb6c-501f-b7ef-6e2ce25ede12,20,5bced482-deea-5fc4-8653-6c41fc86806e,75.000,M,2234.97,EUR,167622.75,2025-12-20,efaf1f84-03e2-5272-ab36-973fdf2203a2,0.000,Quality inspection required
caa34d9d-72dc-5efa-9eeb-4b8bc8398dc7,2025-10-17T08:00:00Z,system,2025-10-17T08:00:00Z,system,c9db99c5-eb6c-501f-b7ef-6e2ce25ede12,30,f84d7723-0164-5c03-952b-c6a6bd546739,9.000,EA,2191.85,EUR,19726.65,2025-12-20,8fbdd582-7e7f-50e8-9c8b-9a21131e1f04,0.000,Standard order line
68ba1264-a13e-55bb-b8c2-30a50effaa5d,2025-12-07T08:00:00Z,system,2025-12-07T08:00:00Z,system,650d7874-62f1-5a3e-afd6-7d1407db54d1,10,99390864-f827-5aef-be8a-287357eedb0f,10.000,BOX,1851.91,EUR,18519.10,2026-02-09,e9931198-1769-5a44-98f6-216fe052aa8b,0.000,
9f6390a0-410f-5467-bb7d-bdc8abb82b08,2025-12-07T08:00:00Z,system,2025-12-07T08:00:00Z,system,650d7874-62f1-5a3e-afd6-7d1407db54d1,20,729b6d7e-7b34-59c4-ab17-3319477660be,2.000,KG,13.68,EUR,27.36,2026-02-09,4010b598-ece6-596d-9f6b-4fec4fd46f7c,0.000,Framework agreement pricing
1a2a1bd3-2038-58d0-a575-6a64d99bd328,2025-12-07T08:00:00Z,system,2025-12-07T08:00:00Z,system,650d7874-62f1-5a3e-afd6-7d1407db54d1,30,b565639f-0e27-5958-90ec-8e31f21798a1,5.000,KG,6.80,EUR,34.00,2026-02-09,de433caf-ffe7-58ba-86fa-69dda08399fe,0.000,Expedited delivery
294fffc9-f02d-58c2-b44a-72da4323f7df,2025-12-07T08:00:00Z,system,2025-12-07T08:00:00Z,system,650d7874-62f1-5a3e-afd6-7d1407db54d1,40,33a43adc-6963-52ef-b1d3-fd2492991b07,5.000,EA,1823.52,EUR,9117.60,2026-02-09,6e3710a6-d859-5c02-9ae5-05f7bbd733a8,0.000,Framework agreement pricing
587ba1ed-d4f6-50f8-9dcb-b827fad487f5,2025-12-07T08:00:00Z,system,2025-12-07T08:00:00Z,system,650d7874-62f1-5a3e-afd6-7d1407db54d1,50,559354e7-7937-5578-baa8-6d7ae9f39b6f,75.000,BOX,936.36,EUR,70227.00,2026-02-09,84d2fb44-72c0-53f1-a849-6f6789e32164,0.000,Expedited delivery
d4de14c2-955e-59bf-921c-c0fe10845437,2026-01-18T08:00:00Z,system,2026-01-18T08:00:00Z,system,e3198265-6768-5a48-a713-677c93b4c6f0,10,76540a83-8375-53ea-a170-4e4e171d11cd,27.500,KG,30.49,EUR,838.47,2026-01-30,168b2df6-fdd2-5f36-9b9c-c38dd8386a6e,0.000,Quality inspection required
c87f3a0d-2e56-5110-8dc0-63a43051d0c9,2026-01-18T08:00:00Z,system,2026-01-18T08:00:00Z,system,e3198265-6768-5a48-a713-677c93b4c6f0,20,1455dc98-f7ae-5a52-9c81-dc7663903a45,2.000,KG,26.39,EUR,52.78,2026-01-30,d8f80fe3-0088-5686-b7a6-80921cf839da,0.000,Expedited delivery
95a53bf4-38bd-531a-818c-3cc51e7eaf6f,2026-01-18T08:00:00Z,system,2026-01-18T08:00:00Z,system,e3198265-6768-5a48-a713-677c93b4c6f0,30,bd5e7023-209e-5ff1-a2af-9de8ff638d16,25.000,EA,2065.83,EUR,51645.75,2026-01-30,062df676-d6ea-5b5a-8331-7cf259dad1e9,0.000,Framework agreement pricing
613bd171-26c5-5965-a2ae-8af557db5cb5,2026-01-18T08:00:00Z,system,2026-01-18T08:00:00Z,system,e3198265-6768-5a48-a713-677c93b4c6f0,40,85f6ae6a-e37a-5c6a-8c20-f972d8291238,150.000,M,159.98,EUR,23997.00,2026-01-30,7ffe189c-f2bf-56b5-87c5-7a29a84c73f5,0.000,Standard order line
77fd3899-e2c6-50db-a75d-eabad2811893,2026-06-20T08:00:00Z,system,2026-06-20T08:00:00Z,system,99fadb5c-0f54-59e7-9cfb-1ec25ce2b91e,10,8ffbee35-114e-52c9-982d-47f2ee96df4a,75.000,EA,712.76,EUR,53457.00,2026-07-14,13f702b0-8bc5-55b1-993e-17a02f4ccc25,75.000,Standard order line
bfd1ce2b-8a0f-58cd-ad02-6946748545fa,2026-06-20T08:00:00Z,system,2026-06-20T08:00:00Z,system,99fadb5c-0f54-59e7-9cfb-1ec25ce2b91e,20,2ecf27bf-5cc9-5e4d-bf61-da068d5ffc48,100.000,EA,765.38,EUR,76538.00,2026-07-14,cab0ec59-4749-51c8-b456-95cc1e6a3293,100.000,Standard order line
069eee51-10ff-584c-b09c-07eba94759e6,2026-06-20T08:00:00Z,system,2026-06-20T08:00:00Z,system,99fadb5c-0f54-59e7-9cfb-1ec25ce2b91e,30,811092f8-2db7-5749-ad90-adf8763eb900,25.000,EA,549.19,EUR,13729.75,2026-07-14,5dfb3e97-0a61-5c14-a680-18d0cd6664fe,25.000,
402a63ca-2d0d-5848-98cc-12e2aa170707,2026-06-20T08:00:00Z,system,2026-06-20T08:00:00Z,system,99fadb5c-0f54-59e7-9cfb-1ec25ce2b91e,40,a56d36d8-7b2d-5bff-ae8b-8d8002e9d564,20.000,L,1288.74,EUR,25774.80,2026-07-14,51e55215-82e9-5acb-ae8a-923b91fd0fec,20.000,Standard order line
d909867a-1a25-555d-9de3-b18e8208eaa2,2026-06-20T08:00:00Z,system,2026-06-20T08:00:00Z,system,99fadb5c-0f54-59e7-9cfb-1ec25ce2b91e,50,a09d3b3c-22f6-56c6-93d4-2863d0444e94,2.000,L,1584.60,EUR,3169.20,2026-07-14,24f00eb5-b09e-5d87-814e-d2230e77c58c,2.000,Quality inspection required
df41cd96-5925-50dc-9df5-54e49a982c71,2026-02-28T08:00:00Z,system,2026-02-28T08:00:00Z,system,23893f47-f029-52b3-a930-b8c621e3f5ef,10,4ab6e929-df87-5d07-b36e-bc3c2033a2c4,20.000,BOX,2356.58,USD,47131.60,2026-04-12,c89656c2-48f0-5f9a-8707-72e901b2809c,12.647,Standard order line
41487b33-4b07-593c-9fa3-a865435e4f7c,2026-02-28T08:00:00Z,system,2026-02-28T08:00:00Z,system,23893f47-f029-52b3-a930-b8c621e3f5ef,20,04c6ce4d-e9ec-5c21-9f43-b4b251046c2f,10.000,M,1129.72,USD,11297.20,2026-04-12,277a91ff-8504-5321-8089-89f6b1e6d051,2.248,Framework agreement pricing
a8dbc2cc-0eef-506a-88f0-02a3a9ae28e6,2025-11-18T08:00:00Z,system,2025-11-18T08:00:00Z,system,5c7ee5be-79a4-5c2c-a399-29ccd1c4240c,10,f86c9292-1db7-5162-81d0-0b6ff62e922d,2.200,SET,1004.37,EUR,2209.61,2025-12-26,be0a67f5-497f-5bfd-99bb-4a2766d847eb,2.200,Framework agreement pricing
29ac5c22-9b1f-5277-a54e-ffd95e34e130,2025-11-18T08:00:00Z,system,2025-11-18T08:00:00Z,system,5c7ee5be-79a4-5c2c-a399-29ccd1c4240c,20,3b977897-9c14-59e5-a889-922436cc6be2,1.000,EA,516.05,EUR,516.05,2025-12-26,bf3a5321-9efa-54e6-9203-eec9cbbf11f4,1.000,
e8c7ece3-33f6-5a34-9c86-6b91262350ec,2026-03-07T08:00:00Z,system,2026-03-07T08:00:00Z,system,dd57db26-7421-5782-a753-c126bb46bc9d,10,6f137624-ae20-5016-9d90-8e735016ca60,10.000,BOX,1970.36,EUR,19703.60,2026-04-22,8886ee29-5e79-5ce8-8ee8-5383548303ab,10.000,
c907ad2b-1f03-5740-90c4-e1f7a7f6cdff,2026-03-07T08:00:00Z,system,2026-03-07T08:00:00Z,system,dd57db26-7421-5782-a753-c126bb46bc9d,20,6be44d6c-c457-5100-971c-5640df33eb4b,9.000,SET,509.04,EUR,4581.36,2026-04-22,fd5ad094-e21f-5a63-9503-0fe210ce5d1b,9.000,Quality inspection required
5dda3b85-c28e-51f7-8a11-2bd2fb5e1259,2026-03-07T08:00:00Z,system,2026-03-07T08:00:00Z,system,dd57db26-7421-5782-a753-c126bb46bc9d,30,b121cc73-e21b-5700-aed3-23e3f1122454,1.100,EA,537.73,EUR,591.50,2026-04-22,585d7580-6695-5cc1-a510-37f25ba66ee9,1.100,
1096548b-8566-56bf-a16a-e08778401d67,2026-05-19T08:00:00Z,system,2026-05-19T08:00:00Z,system,17471da3-952c-5aac-b6e7-8eb1e561b1ed,10,1279ded7-a3ce-5c62-b799-bc522c58f6c5,2.000,KG,17.00,EUR,34.00,2026-07-26,ee294ff8-e20d-5007-9593-a03f8192f5df,0.000,Quality inspection required
e71e698d-e0b6-5102-a98b-ba1bdaa3f171,2026-05-19T08:00:00Z,system,2026-05-19T08:00:00Z,system,17471da3-952c-5aac-b6e7-8eb1e561b1ed,20,4d8b3cb8-4991-55ac-afa4-443fd1749bfb,150.000,KG,22.80,EUR,3420.00,2026-07-26,b073694e-9395-57e4-84d7-a672d0dbc847,0.000,Expedited delivery
0279920f-1180-5152-826c-0b3cb7d22266,2025-10-14T08:00:00Z,system,2025-10-14T08:00:00Z,system,59ab089d-85ce-5c37-b5c0-d179e3b18919,10,452e2331-a466-542c-832b-33425b59e07a,75.000,EA,2217.17,EUR,166287.75,2025-11-12,c03d5eef-3c6f-5778-a768-f569885b664b,75.000,Standard order line
e9cd03be-23a7-5f29-9ac9-f3a503d4c8fd,2025-10-14T08:00:00Z,system,2025-10-14T08:00:00Z,system,59ab089d-85ce-5c37-b5c0-d179e3b18919,20,ef275a33-8e1e-5f24-916e-3b7ac4715837,135.000,KG,23.53,EUR,3176.55,2025-11-12,6554617c-5538-55c8-b7c6-ed32e56b609c,135.000,Standard order line
a8db2122-c141-5124-a50a-35575b62d479,2025-10-14T08:00:00Z,system,2025-10-14T08:00:00Z,system,59ab089d-85ce-5c37-b5c0-d179e3b18919,30,e337ec5f-3c23-585a-808c-545892f7ee27,200.000,SET,1247.19,EUR,249438.00,2025-11-12,d4ed6851-094b-59bb-80ce-6a5746b88371,200.000,Expedited delivery
bc330e29-62e1-56fc-9cf9-e2629b610d2c,2026-03-14T08:00:00Z,system,2026-03-14T08:00:00Z,system,f0c8f062-64b7-5a5a-9b9b-3d07613b6510,10,8e5f4a29-9822-5732-9a4b-23f68daf8471,25.000,SET,25174.69,SEK,629367.25,2026-04-19,709677cc-dcc0-508d-91bc-435f4398f997,0.000,Quality inspection required
c161f564-6def-529e-9e92-3f6b5485d0cc,2026-03-14T08:00:00Z,system,2026-03-14T08:00:00Z,system,f0c8f062-64b7-5a5a-9b9b-3d07613b6510,20,3f3309b3-487e-54de-ae3f-de56ef31378f,1.000,BOX,25125.80,SEK,25125.80,2026-04-19,4f167c61-d2b6-51b5-b53a-2a6f7f136ed0,0.000,Expedited delivery
7de63f52-3854-5882-af14-e8b7c17a81e6,2026-03-14T08:00:00Z,system,2026-03-14T08:00:00Z,system,f0c8f062-64b7-5a5a-9b9b-3d07613b6510,30,6c73375b-40a6-5535-9e27-a364e6837ed1,1.800,EA,23889.10,SEK,43000.38,2026-04-19,a11ac80a-767c-571a-89c8-f31fdc4ac7dc,0.000,Quality inspection required
878899af-b20e-5bc5-906b-cdb57464ebb1,2026-03-25T08:00:00Z,system,2026-03-25T08:00:00Z,system,203fe802-4de1-508a-a0b7-53ebae125a31,10,4ab6e929-df87-5d07-b36e-bc3c2033a2c4,180.000,BOX,1748.02,GBP,314643.60,2026-04-19,0de626c2-51a2-5cda-aaf9-65921c13de0e,39.437,Expedited delivery
f5ab4927-7c42-573d-8d8f-7491f1fc83ff,2026-03-25T08:00:00Z,system,2026-03-25T08:00:00Z,system,203fe802-4de1-508a-a0b7-53ebae125a31,20,e337ec5f-3c23-585a-808c-545892f7ee27,27.500,SET,938.18,GBP,25799.95,2026-04-19,7c7ec54e-8153-57a9-a4ba-8d0018bc1cd2,19.130,Framework agreement pricing
d37bcdfc-7dff-5c9e-a291-85a99b1dfbcb,2026-06-19T08:00:00Z,system,2026-06-19T08:00:00Z,system,62a39717-c80d-53ad-b570-07afda17b2be,10,74ec4245-16d4-59ad-a64b-e56056485a1c,1.100,EA,60755.75,CZK,66831.33,2026-07-07,f8901f46-7e28-5762-8635-412ffd3d0114,1.074,Framework agreement pricing
29d6f1fc-8a34-50cc-80a9-243ef190d88f,2026-06-19T08:00:00Z,system,2026-06-19T08:00:00Z,system,62a39717-c80d-53ad-b570-07afda17b2be,20,747bd910-e2d1-5080-b88a-7ef1a35ac5f6,45.000,BOX,30174.76,CZK,1357864.20,2026-07-07,ea5f99a5-bbe3-51e2-be63-9a0df699e371,31.456,
5eb7514d-cf79-501d-b55d-530166f3dec0,2025-11-15T08:00:00Z,system,2025-11-15T08:00:00Z,system,863ff18f-c82f-5ea3-a782-9eb60f9ccb7d,10,5638f460-1932-50d2-8453-a3cf94aaa992,1.000,SET,2039.06,EUR,2039.06,2025-12-30,c9cc1fa0-c06f-5aa6-9625-429567e590e7,1.000,Standard order line
62afab2e-746f-5ec4-8d36-c867d229bd35,2025-11-15T08:00:00Z,system,2025-11-15T08:00:00Z,system,863ff18f-c82f-5ea3-a782-9eb60f9ccb7d,20,4d7c024a-2045-5e6d-bce5-30a3caf00779,1.100,EA,1007.55,EUR,1108.31,2025-12-30,9bb2903a-2c31-5aba-8d8c-822e7470da9b,1.100,Framework agreement pricing
d48436da-0f6d-581d-9af7-3efd381aa3a1,2025-11-15T08:00:00Z,system,2025-11-15T08:00:00Z,system,863ff18f-c82f-5ea3-a782-9eb60f9ccb7d,30,636b0283-9b52-54dd-8753-fde5579db5ce,2.000,BOX,1489.63,EUR,2979.26,2025-12-30,8630a832-949e-54d3-8274-4439e1edea74,2.000,Expedited delivery
26730f7d-9098-5790-a1bb-87054ed44bcf,2026-06-20T08:00:00Z,system,2026-06-20T08:00:00Z,system,776dcfcb-e77d-593a-a5b5-763595e6e68a,10,c13f04ef-297f-5b4a-879c-32e437691f2f,9.000,M,1037.62,GBP,9338.58,2026-08-04,2122ac03-9a56-52a4-ae84-b051db504802,9.000,Expedited delivery
813f7f04-997f-59b4-b08f-78a64abdeae5,2026-06-20T08:00:00Z,system,2026-06-20T08:00:00Z,system,776dcfcb-e77d-593a-a5b5-763595e6e68a,20,9c244d41-3489-5976-bcdb-b0d76c2237a9,100.000,KG,21.58,GBP,2158.00,2026-08-04,3ce47ab3-a16f-57c5-8517-ab112aafcbf7,100.000,
741226fe-352f-5bcd-aeae-15fbf6c4bb76,2026-06-20T08:00:00Z,system,2026-06-20T08:00:00Z,system,776dcfcb-e77d-593a-a5b5-763595e6e68a,30,75f1b42f-e0d3-559b-883f-62a8bd802d21,25.000,L,18.19,GBP,454.75,2026-08-04,87c2c395-2421-5c6f-b317-7e38f52a6177,25.000,Expedited delivery
68274e37-c37d-50f3-a274-5c498870e39c,2026-06-20T08:00:00Z,system,2026-06-20T08:00:00Z,system,776dcfcb-e77d-593a-a5b5-763595e6e68a,40,b0ab2af3-a243-52cb-867b-07afe9932cc1,1.000,EA,1994.81,GBP,1994.81,2026-08-04,48d4c320-6501-58d9-b7fd-db5788eebe0b,1.000,Expedited delivery
62f9c368-f3ec-55be-a882-cbe68132b51b,2026-06-20T08:00:00Z,system,2026-06-20T08:00:00Z,system,776dcfcb-e77d-593a-a5b5-763595e6e68a,50,ea35d05e-923f-559e-ad86-6b140ec0bcfd,75.000,KG,1.37,GBP,102.75,2026-08-04,039ebc58-4190-5bae-b832-8cc1be12046b,75.000,Standard order line
81ef86f7-8ece-5745-a200-82518dcf01a2,2026-02-17T08:00:00Z,system,2026-02-17T08:00:00Z,system,5af584f7-1eba-5f27-ba58-852d499e2a55,10,33565d42-f2c6-5728-b582-d95f8618e410,1.100,BOX,5703.91,PLN,6274.30,2026-04-26,80fc6de0-5d20-56d0-a679-49323777e3e6,0.981,Framework agreement pricing
6d48e963-9b27-582d-8a2d-983aaf6a06bc,2026-02-17T08:00:00Z,system,2026-02-17T08:00:00Z,system,5af584f7-1eba-5f27-ba58-852d499e2a55,20,5e0e22e5-d386-54e2-bfeb-2492f8c12bc4,25.000,L,8535.60,PLN,213390.00,2026-04-26,be3759c1-0eb4-5771-ad1e-4d98bd54ac62,0.044,Framework agreement pricing
d3e023af-07ce-5958-943a-1ae0fefbaa50,2026-02-17T08:00:00Z,system,2026-02-17T08:00:00Z,system,5af584f7-1eba-5f27-ba58-852d499e2a55,30,df47ed4b-da4f-5c58-b596-f38d4082538d,10.000,EA,5955.19,PLN,59551.90,2026-04-26,1b3e53ab-0c78-52a4-84f4-df27988b1022,1.041,
b19816da-bcf7-5f06-8164-12a6265bab88,2026-05-26T08:00:00Z,system,2026-05-26T08:00:00Z,system,d44da953-f9c4-58d8-bf5d-75ef9a9bd94e,10,5b7ae8db-72b9-5511-ba23-2698e4fd03df,1.800,BOX,143.77,CHF,258.79,2026-07-02,237a9370-65df-5641-8708-4ee1615783a7,0.000,Quality inspection required
4ab26dd6-2f0b-55f2-9647-1ea64cc86997,2026-05-26T08:00:00Z,system,2026-05-26T08:00:00Z,system,d44da953-f9c4-58d8-bf5d-75ef9a9bd94e,20,8ffbee35-114e-52c9-982d-47f2ee96df4a,5.000,EA,705.41,CHF,3527.05,2026-07-02,6dbd8744-866f-5b7c-b587-bf868d97276f,0.000,Framework agreement pricing
2eb71b11-87d4-5c8c-8e4b-7182363c4abe,2026-05-26T08:00:00Z,system,2026-05-26T08:00:00Z,system,d44da953-f9c4-58d8-bf5d-75ef9a9bd94e,30,fcd3a87b-71f1-5871-b12a-5cf7f75c379d,10.000,M,90.74,CHF,907.40,2026-07-02,094aa0a4-4e82-5504-a62a-3711226abc2e,0.000,Quality inspection required
efab0252-6489-5e7b-9b56-3308837c2b86,2026-05-26T08:00:00Z,system,2026-05-26T08:00:00Z,system,d44da953-f9c4-58d8-bf5d-75ef9a9bd94e,40,d6f533a8-8f0b-5261-807a-7b1afa741e60,75.000,KG,4.38,CHF,328.50,2026-07-02,f070d5c9-60c2-5bd5-a87f-b1545d48a5d5,0.000,Expedited delivery
09e1a652-5863-5b7f-a588-f28d38b682bd,2025-11-22T08:00:00Z,system,2025-11-22T08:00:00Z,system,7c418c7e-d112-53f4-90fd-60609acd1a00,10,aa609c4e-2fa3-5db5-a548-e837797b7ec8,11.000,SET,19581.14,SEK,215392.54,2025-12-15,3aa20cbd-5d87-5972-9580-78f9032a2db7,11.000,Standard order line
60ada6b6-4efa-52ff-a6c4-179651861a55,2025-11-22T08:00:00Z,system,2025-11-22T08:00:00Z,system,7c418c7e-d112-53f4-90fd-60609acd1a00,20,fd4f25a0-d258-5944-8a33-a22b3cf44a4a,2.000,L,9527.62,SEK,19055.24,2025-12-15,fbebcbd6-6a53-5c14-9c26-d8f87d448c1a,2.000,Framework agreement pricing
b7db03d6-f29c-5206-a0c7-5245b44b8f7f,2025-11-22T08:00:00Z,system,2025-11-22T08:00:00Z,system,7c418c7e-d112-53f4-90fd-60609acd1a00,30,4ab6e929-df87-5d07-b36e-bc3c2033a2c4,22.000,BOX,24720.43,SEK,543849.46,2025-12-15,c89656c2-48f0-5f9a-8707-72e901b2809c,22.000,Standard order line
fb68ef92-53b5-5169-a174-2013c9290273,2026-01-21T08:00:00Z,system,2026-01-21T08:00:00Z,system,cf0ef797-91bb-5582-a2be-b4db0ea12ed2,10,6be44d6c-c457-5100-971c-5640df33eb4b,10.000,SET,518.70,USD,5187.00,2026-03-29,fd5ad094-e21f-5a63-9503-0fe210ce5d1b,10.000,
adbf863a-a93c-5a07-99c7-d27fc1d2556b,2026-01-21T08:00:00Z,system,2026-01-21T08:00:00Z,system,cf0ef797-91bb-5582-a2be-b4db0ea12ed2,20,7e59f4f1-d7ce-51df-b9a3-a70a1b1ee546,25.000,EA,2559.94,USD,63998.50,2026-03-29,5bc12b5f-fa27-5d5b-9346-4ae56981c18c,25.000,Quality inspection required
63abcb0b-b7fe-50f2-8554-3dc7fc599c42,2026-01-21T08:00:00Z,system,2026-01-21T08:00:00Z,system,cf0ef797-91bb-5582-a2be-b4db0ea12ed2,30,6be44d6c-c457-5100-971c-5640df33eb4b,200.000,SET,550.18,USD,110036.00,2026-03-29,7f1eec29-2fa3-5029-a09d-1263620df1f8,200.000,Framework agreement pricing
19861fbd-f41e-5b3d-8fd3-13e7d444be4c,2026-07-03T08:00:00Z,system,2026-07-03T08:00:00Z,system,104b15f8-84bb-55b1-994d-0278d47b9b7b,10,3c91ccd6-92b6-5bb1-a450-2e87cd24008e,27.500,L,1332.52,SEK,36644.30,2026-08-23,ff0fcf20-fd61-5182-9d41-9aa97a6df19e,27.500,Quality inspection required
143b1318-1a15-584e-ac9b-ec5078f3e54f,2026-07-03T08:00:00Z,system,2026-07-03T08:00:00Z,system,104b15f8-84bb-55b1-994d-0278d47b9b7b,20,3e5204f6-3370-5c61-92de-50e60340d4c4,75.000,SET,9794.73,SEK,734604.75,2026-08-23,4c2a2e58-a59b-5fc0-9085-c870c0d68e16,75.000,
b98d2cee-abf1-59e6-b35e-2469f308281c,2026-07-03T08:00:00Z,system,2026-07-03T08:00:00Z,system,104b15f8-84bb-55b1-994d-0278d47b9b7b,30,893944a0-a713-5323-888a-1702113e176d,25.000,KG,274.44,SEK,6861.00,2026-08-23,8638174c-b0e6-51b2-b0a4-b3dd25e5256f,25.000,
eeab34e8-7e20-51c7-b43e-6938cdfa271c,2026-07-03T08:00:00Z,system,2026-07-03T08:00:00Z,system,104b15f8-84bb-55b1-994d-0278d47b9b7b,40,f74e00d0-5597-5c85-9d8e-7ce030bdb99d,75.000,EA,11096.73,SEK,832254.75,2026-08-23,445dd5e0-56f0-5ed6-9f3c-d1ee4e9ff411,75.000,Framework agreement pricing
c397cb7f-7cd5-5e25-9841-d48f8a00fafd,2025-10-14T08:00:00Z,system,2025-10-14T08:00:00Z,system,fb6a4f87-1a54-5582-a823-5e00d2bb435e,10,5ff325a3-cf1b-5887-bd0f-e1da5d5e6a57,11.000,BOX,714.49,EUR,7859.39,2025-11-30,0c894373-5a8b-5e60-8f37-cb09f651c383,3.493,
bb72c0c5-f0af-5846-9d27-5402b3f71603,2025-10-14T08:00:00Z,system,2025-10-14T08:00:00Z,system,fb6a4f87-1a54-5582-a823-5e00d2bb435e,20,6c7c41de-f18d-5d68-9697-8f8c32cb9e5e,10.000,M,1905.71,EUR,19057.10,2025-11-30,b424b079-0007-5002-9c89-9876441e8f5f,2.415,Expedited delivery
d6c16add-7112-5b52-92a9-82483367662d,2026-03-26T08:00:00Z,system,2026-03-26T08:00:00Z,system,ae441061-879b-5da6-a48a-b42350de37d3,10,c1263224-5b01-5628-b91f-a1409b9c0752,11.000,BOX,1823.86,EUR,20062.46,2026-05-28,f0bde6f2-c566-58be-990b-00b0e0334b53,11.000,Framework agreement pricing
dde6b37c-b89c-5a9e-affa-bce2eac4e114,2026-03-26T08:00:00Z,system,2026-03-26T08:00:00Z,system,ae441061-879b-5da6-a48a-b42350de37d3,20,cc5afda5-c29c-592b-ab4e-304a522f6af7,20.000,L,1551.46,EUR,31029.20,2026-05-28,3cc196b4-e778-5008-abdf-4544a03602ac,20.000,
8ff8ebd9-687f-510a-bcca-d5f6d3c787d1,2026-03-26T08:00:00Z,system,2026-03-26T08:00:00Z,system,ae441061-879b-5da6-a48a-b42350de37d3,30,3aa391ce-4ff3-5173-9277-83ce43555c7c,50.000,L,99.17,EUR,4958.50,2026-05-28,51a0cc23-3271-5006-a1a1-9e8061865d49,50.000,Framework agreement pricing
ee315071-f0b7-55c1-b712-ee768970a8ef,2026-03-26T08:00:00Z,system,2026-03-26T08:00:00Z,system,ae441061-879b-5da6-a48a-b42350de37d3,40,a09d3b3c-22f6-56c6-93d4-2863d0444e94,220.000,L,1612.30,EUR,354706.00,2026-05-28,5c8cb74b-08f2-5b15-814a-9205e597dcae,220.000,
e5d6fec8-91e1-598a-a635-8586cdc80e60,2025-10-17T08:00:00Z,system,2025-10-17T08:00:00Z,system,87f37b47-bb43-51d2-b6cb-60c6f915f357,10,eafe3238-5e48-56bf-9122-b7966afc27e1,27.500,M,1339.35,CHF,36832.12,2025-11-02,bcd63570-beab-5a60-b385-88e9fb3c57f3,27.500,Framework agreement pricing
51edc95c-966a-5e7d-8399-5f0d0355e177,2025-10-17T08:00:00Z,system,2025-10-17T08:00:00Z,system,87f37b47-bb43-51d2-b6cb-60c6f915f357,20,11bcb360-c513-556e-a8ed-3b43d3afbb6d,11.000,L,2041.51,CHF,22456.61,2025-11-02,5470032c-9d61-52d5-a171-519d8578fd0b,11.000,Quality inspection required
b1329833-4ff0-5c6b-bfc1-f20aae74b1a9,2025-10-17T08:00:00Z,system,2025-10-17T08:00:00Z,system,87f37b47-bb43-51d2-b6cb-60c6f915f357,30,4c30fa9e-b4c6-593b-975f-b5c99a3fa9b1,5.000,M,513.57,CHF,2567.85,2025-11-02,6cc25011-96c0-523a-8919-d684e4b0b703,5.000,Standard order line
650aa7a3-b381-5d99-846f-66857fc6524a,2025-10-17T08:00:00Z,system,2025-10-17T08:00:00Z,system,87f37b47-bb43-51d2-b6cb-60c6f915f357,40,a46103e7-a245-5eef-af4b-854671431c6b,10.000,M,1884.69,CHF,18846.90,2025-11-02,f79b15a4-7c0c-5357-bb3f-d0765e3d1e29,10.000,
4ff53fba-2501-50ac-90c8-5863428a260b,2025-10-17T08:00:00Z,system,2025-10-17T08:00:00Z,system,87f37b47-bb43-51d2-b6cb-60c6f915f357,50,b7445b03-ff12-5031-afe2-33e925c82fd3,2.000,BOX,302.02,CHF,604.04,2025-11-02,f1fda9da-8f67-57f9-8157-0504b1c71046,2.000,Standard order line
dfba6245-bf7d-5061-8666-44bdd6f90beb,2025-11-19T08:00:00Z,system,2025-11-19T08:00:00Z,system,da4ca573-5fea-5c34-8c51-b4a7f7b9e188,10,7a0dddce-a54b-5ce2-932f-2cf37ea670f6,2.000,EA,1461.27,EUR,2922.54,2026-01-16,1fb99577-5d85-5ea0-83c9-bba240584195,1.710,Quality inspection required
af574305-d29b-530f-bb4e-386a5626b07e,2025-11-19T08:00:00Z,system,2025-11-19T08:00:00Z,system,da4ca573-5fea-5c34-8c51-b4a7f7b9e188,20,5638f460-1932-50d2-8453-a3cf94aaa992,18.000,SET,1955.90,EUR,35206.20,2026-01-16,8eda3f56-a475-5fa1-a2ea-f199425189db,10.402,Expedited delivery
1ebb29a9-6530-566b-b53c-74a0f457cb07,2025-11-19T08:00:00Z,system,2025-11-19T08:00:00Z,system,da4ca573-5fea-5c34-8c51-b4a7f7b9e188,30,fd117bf3-4f4c-5949-a1f5-fab4c43bea6b,4.500,M,537.40,EUR,2418.30,2026-01-16,56da429a-894f-5ab9-a057-b233695fcbec,3.815,Quality inspection required
e5982912-7f72-5014-a68e-3356102c5e97,2025-11-19T08:00:00Z,system,2025-11-19T08:00:00Z,system,da4ca573-5fea-5c34-8c51-b4a7f7b9e188,40,d96ec281-e3a6-5aba-b6f4-379e05515ef4,200.000,SET,1131.02,EUR,226204.00,2026-01-16,1639237d-fd17-5cf0-abcc-f3b6f6aad499,77.555,Quality inspection required
a20ea22a-2692-5816-9d12-37d951b1f355,2025-11-19T08:00:00Z,system,2025-11-19T08:00:00Z,system,da4ca573-5fea-5c34-8c51-b4a7f7b9e188,50,f86c9292-1db7-5162-81d0-0b6ff62e922d,10.000,SET,1119.50,EUR,11195.00,2026-01-16,c01547df-bbed-518e-98b2-6aea21f4c7db,6.751,Expedited delivery
2e922a32-eeb3-5a80-bd36-50584adac25f,2026-06-13T08:00:00Z,system,2026-06-13T08:00:00Z,system,b0ebfcf6-6fd5-5e3c-91cf-6844c98c071e,10,75c713f1-f5c1-515a-b00c-8a93e54aab54,200.000,L,397.04,GBP,79408.00,2026-08-05,f7db1966-a3c5-5eb0-8c54-85d8bface8b5,200.000,
dafec6c4-ce23-505c-bbca-084b1879e527,2026-06-13T08:00:00Z,system,2026-06-13T08:00:00Z,system,b0ebfcf6-6fd5-5e3c-91cf-6844c98c071e,20,571479d1-0b4f-5e80-b110-0e3e87a27f94,5.500,EA,1212.31,GBP,6667.70,2026-08-05,59fe4b6f-187d-58fc-8cc1-7fb03fa5e708,5.500,Quality inspection required
b70591c2-ef5b-54f8-8d1a-eb6ecbf6027a,2026-06-13T08:00:00Z,system,2026-06-13T08:00:00Z,system,b0ebfcf6-6fd5-5e3c-91cf-6844c98c071e,30,5464a7bf-73cd-5738-b7f9-01c417006d3e,200.000,EA,1297.75,GBP,259550.00,2026-08-05,f477b895-f4fe-512a-a190-094f2c7b71c9,200.000,Standard order line
74701158-50b2-5828-b5d4-86dcc9217617,2026-06-13T08:00:00Z,system,2026-06-13T08:00:00Z,system,b0ebfcf6-6fd5-5e3c-91cf-6844c98c071e,40,19e5854c-015a-5974-997b-3ccb05e32d73,200.000,M,393.22,GBP,78644.00,2026-08-05,a723945b-3cfb-5d34-b9ab-f9129cf5aa08,200.000,Standard order line
7425b242-6cc8-5e5d-8128-3bd03a3f4889,2026-06-11T08:00:00Z,system,2026-06-11T08:00:00Z,system,6c81700a-0555-5faa-9cbb-c4bbb1b42566,10,b7445b03-ff12-5031-afe2-33e925c82fd3,180.000,BOX,317.80,EUR,57204.00,2026-06-18,c180c238-5e65-5d92-83f0-ae41ae531055,116.322,
7a6c405c-54b0-5023-aece-64b28733dc48,2026-06-11T08:00:00Z,system,2026-06-11T08:00:00Z,system,6c81700a-0555-5faa-9cbb-c4bbb1b42566,20,0e061496-b663-511d-b153-ccea08f04c32,25.000,M,433.67,EUR,10841.75,2026-06-18,11008b13-c9fd-548e-9822-53e72591a326,3.157,Expedited delivery
54046525-d395-5aec-aa8f-27f0afe8f4aa,2026-06-11T08:00:00Z,system,2026-06-11T08:00:00Z,system,6c81700a-0555-5faa-9cbb-c4bbb1b42566,30,219cd16c-a048-5e62-90b0-7924b1431b82,150.000,L,1391.91,EUR,208786.50,2026-06-18,9c039784-1296-51ed-80cf-0da36a040314,98.774,
410979e0-0ace-5e8f-9e2c-a4210fa2a538,2026-01-10T08:00:00Z,system,2026-01-10T08:00:00Z,system,cd52a7ff-0942-52bc-93d6-7021fc9c7d67,10,8152f104-7621-5be4-8056-73ba5b77136f,2.000,EA,952.94,EUR,1905.88,2026-02-17,1220474c-41c7-5e70-bbc5-040234a6a5b3,2.000,Expedited delivery
8173a87a-8de4-5596-bb9f-95ee3ebdc024,2026-01-10T08:00:00Z,system,2026-01-10T08:00:00Z,system,cd52a7ff-0942-52bc-93d6-7021fc9c7d67,20,5e0e22e5-d386-54e2-bfeb-2492f8c12bc4,165.000,L,1902.58,EUR,313925.70,2026-02-17,0fd0da32-3e7c-58b5-9616-257d739f5b2e,165.000,
97bab747-6500-515b-816d-106f6d7a39bb,2026-01-10T08:00:00Z,system,2026-01-10T08:00:00Z,system,cd52a7ff-0942-52bc-93d6-7021fc9c7d67,30,88ec57c2-4bd1-5167-8c0f-b46a5404ea75,10.000,M,1199.92,EUR,11999.20,2026-02-17,bc7db705-1cb0-59a7-adbc-7b6df2d16999,10.000,Framework agreement pricing
0c4660e5-0656-59b7-aa74-e0c1aeac03ea,2026-01-10T08:00:00Z,system,2026-01-10T08:00:00Z,system,cd52a7ff-0942-52bc-93d6-7021fc9c7d67,40,e64ca70f-33df-53bc-81e4-7c69dabb1d6d,10.000,M,2134.63,EUR,21346.30,2026-02-17,642f0a1e-595c-5a40-a0fb-829bf415ac96,10.000,Standard order line
ebedd3e3-ea08-5b87-8fab-4773d37ec270,2026-01-10T08:00:00Z,system,2026-01-10T08:00:00Z,system,cd52a7ff-0942-52bc-93d6-7021fc9c7d67,50,3aa391ce-4ff3-5173-9277-83ce43555c7c,20.000,L,102.54,EUR,2050.80,2026-02-17,50589768-56cf-5e6c-b308-a50a55ac4976,20.000,Standard order line
6362a573-b670-52ea-abdd-f5d1e5a7bf74,2026-07-01T08:00:00Z,system,2026-07-01T08:00:00Z,system,4d0950d6-322e-56b4-8e01-65a8e1fc0af0,10,3b977897-9c14-59e5-a889-922436cc6be2,200.000,EA,513.17,EUR,102634.00,2026-08-07,ef66c421-b089-54cd-95b0-dc3739d16cec,45.196,Quality inspection required
cae06046-a213-5b43-bdac-6bebea9bc8b5,2026-07-01T08:00:00Z,system,2026-07-01T08:00:00Z,system,4d0950d6-322e-56b4-8e01-65a8e1fc0af0,20,ba5523d6-66ae-54e6-9e20-1e373c65f38b,20.000,M,1861.78,EUR,37235.60,2026-08-07,e108edb3-07a1-5664-b520-115925e212c8,19.916,Expedited delivery
9395869b-3e02-5549-9bcc-64a96541386b,2026-07-01T08:00:00Z,system,2026-07-01T08:00:00Z,system,4d0950d6-322e-56b4-8e01-65a8e1fc0af0,30,9cccf623-1147-5c18-8001-597eaf1dced5,200.000,SET,2146.66,EUR,429332.00,2026-08-07,3f8a5023-8eef-5375-a1e6-a89c4be769b8,45.329,Framework agreement pricing
3ff51d2e-05ba-54ae-8c07-7f06c5dbacdb,2026-05-29T08:00:00Z,system,2026-05-29T08:00:00Z,system,1ec2c43c-b5d0-52a3-8dc4-dcb05d2da225,10,219cd16c-a048-5e62-90b0-7924b1431b82,2.000,L,5282.06,PLN,10564.12,2026-06-24,9877ad83-ed60-5cb0-8d8a-8021c9bd790d,2.000,Quality inspection required
8eb3054a-83b9-5fc3-ba68-899776c48ff6,2026-05-29T08:00:00Z,system,2026-05-29T08:00:00Z,system,1ec2c43c-b5d0-52a3-8dc4-dcb05d2da225,20,3a0a1e49-476a-536d-b162-93bd126b8104,22.500,L,7830.77,PLN,176192.33,2026-06-24,07e789d8-ec28-5ce9-9005-071c2de9cdc7,22.500,Standard order line
06eec83a-50e3-536a-8737-518e4e7d9ae9,2026-05-29T08:00:00Z,system,2026-05-29T08:00:00Z,system,1ec2c43c-b5d0-52a3-8dc4-dcb05d2da225,30,0c9f0a42-1ac7-5282-b469-b088f77d7e6d,1.000,BOX,5241.19,PLN,5241.19,2026-06-24,b083f53e-cce5-5395-8cf8-b34993d6102e,1.000,Standard order line
7d271f87-14d5-56b0-b5dd-a4c260bdef9a,2026-05-29T08:00:00Z,system,2026-05-29T08:00:00Z,system,1ec2c43c-b5d0-52a3-8dc4-dcb05d2da225,40,965972d0-7dc1-5a2e-a771-140c178aec3b,180.000,EA,1003.23,PLN,180581.40,2026-06-24,e81db0d5-ba3b-5f72-8c28-4351aa045220,180.000,Expedited delivery
9068ff84-13e8-54de-b489-c4950f5b9aee,2026-05-29T08:00:00Z,system,2026-05-29T08:00:00Z,system,1ec2c43c-b5d0-52a3-8dc4-dcb05d2da225,50,d0cb5824-8127-5ca6-8364-98b5469fc7c7,2.000,EA,4743.47,PLN,9486.94,2026-06-24,4d989e4a-d24e-58b2-adc8-3248ff0ec2ac,2.000,Framework agreement pricing
e69db7b3-535f-5f11-aaaa-61be84dae251,2025-12-04T08:00:00Z,system,2025-12-04T08:00:00Z,system,8bb45acd-08a8-5384-9bff-2623e37aed11,10,48cb4f21-8c1b-5570-a07c-08c09fbf0ce6,220.000,SET,883.80,EUR,194436.00,2026-01-02,537f3796-424b-5eb2-bf2a-26d262652e5c,220.000,Quality inspection required
95f70da6-7993-5317-b180-5ae42a6b30c7,2025-12-04T08:00:00Z,system,2025-12-04T08:00:00Z,system,8bb45acd-08a8-5384-9bff-2623e37aed11,20,8ecd63dc-042f-5821-9209-3db5b19e8ed7,135.000,EA,2204.04,EUR,297545.40,2026-01-02,1012e38f-2938-5e27-babc-cb8a20989af6,135.000,Framework agreement pricing
c9a2d3b1-f7c9-5559-be77-2773c6da431b,2025-12-04T08:00:00Z,system,2025-12-04T08:00:00Z,system,8bb45acd-08a8-5384-9bff-2623e37aed11,30,0c3785e3-7d1b-5f41-95de-b2299b8dd699,20.000,M,1010.99,EUR,20219.80,2026-01-02,f67c7a78-964f-564c-928d-bb7bdb66c3ee,20.000,Framework agreement pricing
588f11a5-bd95-5487-a17f-dfcfb3444259,2025-12-04T08:00:00Z,system,2025-12-04T08:00:00Z,system,8bb45acd-08a8-5384-9bff-2623e37aed11,40,32549e95-8264-5b06-ac4c-4f93e09d17a2,50.000,BOX,1226.56,EUR,61328.00,2026-01-02,c95c2709-45b3-57a7-8aff-173fc426af63,50.000,Expedited delivery
cd536c86-1301-5c0c-8a06-983f25f4c65e,2025-12-04T08:00:00Z,system,2025-12-04T08:00:00Z,system,8bb45acd-08a8-5384-9bff-2623e37aed11,50,5201a455-a5dc-58a5-9da8-b460a7a6e9f4,100.000,M,1363.42,EUR,136342.00,2026-01-02,8ac7a7d4-341e-5998-9182-4882bcd62d17,100.000,Expedited delivery
2821bfea-b29a-5e07-8ff8-1352704659c2,2025-10-24T08:00:00Z,system,2025-10-24T08:00:00Z,system,cfa81163-51e7-5a49-8596-41ba60ad89f8,10,946b9def-1c5e-5d38-8f79-05db3b27b218,55.000,M,3473.24,CAD,191028.20,2025-11-06,e8954836-77c7-59e7-80ff-32bb3cc47a06,55.000,Expedited delivery
f8092cfb-511b-5b7a-a43f-d5903abe2b62,2025-10-24T08:00:00Z,system,2025-10-24T08:00:00Z,system,cfa81163-51e7-5a49-8596-41ba60ad89f8,20,7c9ec527-9eb0-52c4-b207-8cf0cae25caf,75.000,M,3171.60,CAD,237870.00,2025-11-06,74c3024f-4f40-507e-bf0f-768a1f764b49,75.000,
9ef23066-9287-50cc-8ab2-950dc9bca8b8,2025-10-24T08:00:00Z,system,2025-10-24T08:00:00Z,system,cfa81163-51e7-5a49-8596-41ba60ad89f8,30,747bd910-e2d1-5080-b88a-7ef1a35ac5f6,220.000,BOX,1975.52,CAD,434614.40,2025-11-06,1c0224ae-05d0-5790-aeea-a7cb11073286,220.000,Expedited delivery
7f9f2a19-b1ce-5a0e-be09-250cd1274041,2025-10-24T08:00:00Z,system,2025-10-24T08:00:00Z,system,cfa81163-51e7-5a49-8596-41ba60ad89f8,40,384f66ad-b02f-5061-83cb-3ace1601e8d3,220.000,SET,3317.68,CAD,729889.60,2025-11-06,ae92d083-32a7-56bd-9acb-7d036dd560e9,220.000,Standard order line
cc7c1e54-fecc-5a99-833f-af29b982b4d4,2026-01-18T08:00:00Z,system,2026-01-18T08:00:00Z,system,7bfce3b2-fb4c-5d97-842a-e2badeabf49c,10,7206ba99-aabc-58a4-962c-b600c27e265f,10.000,KG,153.65,PLN,1536.50,2026-02-19,4d0f8911-6437-59b4-9ce0-0feb2a4ee1cf,9.061,Expedited delivery
cda6b8ff-f51d-5c92-a38b-300f3f0abc4e,2026-01-18T08:00:00Z,system,2026-01-18T08:00:00Z,system,7bfce3b2-fb4c-5d97-842a-e2badeabf49c,20,e337ec5f-3c23-585a-808c-545892f7ee27,220.000,SET,5048.29,PLN,1110623.80,2026-02-19,d4ed6851-094b-59bb-80ce-6a5746b88371,127.501,
a7b3f0ef-5a96-5fff-b35f-3dab2be92882,2026-01-18T08:00:00Z,system,2026-01-18T08:00:00Z,system,7bfce3b2-fb4c-5d97-842a-e2badeabf49c,30,2ecf27bf-5cc9-5e4d-bf61-da068d5ffc48,100.000,EA,3337.22,PLN,333722.00,2026-02-19,cab0ec59-4749-51c8-b456-95cc1e6a3293,75.280,Framework agreement pricing
1749ae62-469f-547a-9c3c-a2475f1b4b2f,2026-01-18T08:00:00Z,system,2026-01-18T08:00:00Z,system,7bfce3b2-fb4c-5d97-842a-e2badeabf49c,40,d0cb5824-8127-5ca6-8364-98b5469fc7c7,100.000,EA,5294.93,PLN,529493.00,2026-02-19,9df4c99f-193a-5905-98c6-1279bec23d13,57.213,Quality inspection required
997ac8b2-c0fb-5486-8f5b-5385a839344d,2026-02-22T08:00:00Z,system,2026-02-22T08:00:00Z,system,edb92ca1-62fd-5f03-ba7d-888f683e3527,10,3aa391ce-4ff3-5173-9277-83ce43555c7c,100.000,L,90.73,EUR,9073.00,2026-04-03,dc60da8d-e3dd-5cef-84e7-b588e2f03c53,100.000,Quality inspection required
daab7704-54db-52a8-a57f-c3038cd81015,2026-02-22T08:00:00Z,system,2026-02-22T08:00:00Z,system,edb92ca1-62fd-5f03-ba7d-888f683e3527,20,5ff325a3-cf1b-5887-bd0f-e1da5d5e6a57,150.000,BOX,766.46,EUR,114969.00,2026-04-03,aaa8ef01-7b83-5e93-8914-7a92f98a4872,150.000,
2341c86c-5419-58f8-b90e-68c9acafae54,2026-02-22T08:00:00Z,system,2026-02-22T08:00:00Z,system,edb92ca1-62fd-5f03-ba7d-888f683e3527,30,8c4308df-7ca4-593e-8ebe-c6de544847fa,82.500,L,1980.02,EUR,163351.65,2026-04-03,05e22379-c9dd-5494-95d7-d4688aa7e369,82.500,Quality inspection required
1f20e980-9b06-5649-928a-6cca5a2c4d98,2026-02-22T08:00:00Z,system,2026-02-22T08:00:00Z,system,edb92ca1-62fd-5f03-ba7d-888f683e3527,40,4d8b3cb8-4991-55ac-afa4-443fd1749bfb,135.000,KG,22.73,EUR,3068.55,2026-04-03,5dc28bd5-2388-512e-94cd-68116e37c04f,135.000,Expedited delivery
a4fc665e-7edc-5f32-ad3e-65dfbc8a2718,2026-05-16T08:00:00Z,system,2026-05-16T08:00:00Z,system,60b54de1-8d8d-52c7-8553-cfc1fde565ec,10,cb6ffa8f-0fe6-5b74-b902-9c455baa0e7f,75.000,BOX,852.86,PLN,63964.50,2026-06-27,14e04ba5-2dc6-521a-8499-2898efc22329,0.000,Standard order line
d10119c6-1389-53f9-9491-530385916a92,2026-05-16T08:00:00Z,system,2026-05-16T08:00:00Z,system,60b54de1-8d8d-52c7-8553-cfc1fde565ec,20,729b6d7e-7b34-59c4-ab17-3319477660be,2.200,KG,61.97,PLN,136.33,2026-06-27,56f7fc20-d49d-533d-b9c8-6693a36fffc8,0.000,Standard order line
58ca3313-4848-5289-9991-6d6e159a44ce,2026-05-16T08:00:00Z,system,2026-05-16T08:00:00Z,system,60b54de1-8d8d-52c7-8553-cfc1fde565ec,30,4d8b3cb8-4991-55ac-afa4-443fd1749bfb,150.000,KG,99.39,PLN,14908.50,2026-06-27,b073694e-9395-57e4-84d7-a672d0dbc847,0.000,
87c29703-29eb-50d0-8c22-821eec38c134,2026-05-16T08:00:00Z,system,2026-05-16T08:00:00Z,system,60b54de1-8d8d-52c7-8553-cfc1fde565ec,40,4b2dee46-41cf-5eee-b0e3-93ee894cef45,150.000,SET,9118.36,PLN,1367754.00,2026-06-27,8f9ca200-0a8b-5c5a-a49f-5d480f05e3a7,0.000,Standard order line
277e24e7-64d3-5e4e-91e2-65f854e21cac,2026-05-16T08:00:00Z,system,2026-05-16T08:00:00Z,system,60b54de1-8d8d-52c7-8553-cfc1fde565ec,50,946b9def-1c5e-5d38-8f79-05db3b27b218,10.000,M,10470.07,PLN,104700.70,2026-06-27,c258edfb-d803-57ec-a219-676e20aca3e3,0.000,Standard order line
6f8aff17-5983-5fc7-bd94-42ef04441a96,2026-04-28T08:00:00Z,system,2026-04-28T08:00:00Z,system,18e42028-b3dc-54e9-8289-6e7f7ddc3a72,10,1cedd62f-02fd-505a-b102-9f80692d77d7,1.800,BOX,1804.16,EUR,3247.49,2026-06-12,31a9ad66-4dae-58b8-ae8e-7d2c197b744e,0.000,Expedited delivery
2ed57c4c-fbcb-5170-aeb6-527b86c68bb6,2026-04-28T08:00:00Z,system,2026-04-28T08:00:00Z,system,18e42028-b3dc-54e9-8289-6e7f7ddc3a72,20,f74e00d0-5597-5c85-9d8e-7ce030bdb99d,90.000,EA,943.81,EUR,84942.90,2026-06-12,3996ce79-7338-51bd-b18a-2eec61224976,0.000,
1fc21f8f-d69f-53c1-bc4b-197f1b9db7ff,2026-04-28T08:00:00Z,system,2026-04-28T08:00:00Z,system,18e42028-b3dc-54e9-8289-6e7f7ddc3a72,30,3f3309b3-487e-54de-ae3f-de56ef31378f,10.000,BOX,2591.08,EUR,25910.80,2026-06-12,df6d5c40-d398-546c-b895-3977ed82b643,0.000,
41021599-badb-5dc7-8ea0-791838a8072e,2026-04-28T08:00:00Z,system,2026-04-28T08:00:00Z,system,18e42028-b3dc-54e9-8289-6e7f7ddc3a72,40,5de012ce-db52-52e5-a612-6e2c3c02623a,100.000,SET,1032.69,EUR,103269.00,2026-06-12,9d814243-82a0-5755-bc43-cac67f3b96b9,0.000,Quality inspection required
65a6c812-c31f-594b-8311-aa0716943b0c,2026-04-28T08:00:00Z,system,2026-04-28T08:00:00Z,system,18e42028-b3dc-54e9-8289-6e7f7ddc3a72,50,f4d5037c-d38c-5514-b120-c0d70fd1331e,150.000,L,836.30,EUR,125445.00,2026-06-12,89140cc8-6c94-5923-b72d-3260de29e266,0.000,Quality inspection required
ad75c9ec-9ec9-5613-b54d-46dfa10a32c5,2026-03-27T08:00:00Z,system,2026-03-27T08:00:00Z,system,2faf5b36-2557-5d85-acac-e5bade822d9c,10,af970570-0e69-5aa7-a1fd-93cea6d022c8,22.000,BOX,18106.01,CZK,398332.22,2026-05-05,2c65073f-c498-54b7-87a0-ae3a6881db20,0.000,Expedited delivery
59543ceb-550d-508c-a2f0-fba8f3222d08,2026-03-27T08:00:00Z,system,2026-03-27T08:00:00Z,system,2faf5b36-2557-5d85-acac-e5bade822d9c,20,cfcda226-532c-599e-8ba1-da4625eb5246,2.000,EA,49271.39,CZK,98542.78,2026-05-05,55e9a6b9-53fb-588c-98ab-8f8b7af3a24b,0.000,Quality inspection required
a9e62988-8fb8-5b9d-a5ad-f5198e308ef9,2026-03-27T08:00:00Z,system,2026-03-27T08:00:00Z,system,2faf5b36-2557-5d85-acac-e5bade822d9c,30,9e7b19d9-c9c7-562c-b69b-23994f239c49,11.000,EA,23418.81,CZK,257606.91,2026-05-05,74287bc0-9aec-5b73-aa14-307c65e22c60,0.000,Standard order line
c1e25cfd-275b-575c-ade6-74198c21e734,2026-03-27T08:00:00Z,system,2026-03-27T08:00:00Z,system,2faf5b36-2557-5d85-acac-e5bade822d9c,40,0c3785e3-7d1b-5f41-95de-b2299b8dd699,27.500,M,26101.49,CZK,717790.98,2026-05-05,58db367e-0193-5b84-b9f7-9c099fff5f2b,0.000,Standard order line
d249e7b5-5eb4-507f-8c1d-597fdde9cd0f,2026-01-14T08:00:00Z,system,2026-01-14T08:00:00Z,system,f9cde7dd-9b12-5eb1-b088-268078332daa,10,5bced482-deea-5fc4-8653-6c41fc86806e,1.000,M,2079.51,EUR,2079.51,2026-01-19,1787a9ff-0c25-5fd4-ba5c-9dd9b68b6014,1.000,Framework agreement pricing
8a67c192-067a-5ba6-a5b0-92fafb86eb33,2026-01-14T08:00:00Z,system,2026-01-14T08:00:00Z,system,f9cde7dd-9b12-5eb1-b088-268078332daa,20,40252466-922e-50d3-92f3-752f91ac6fff,1.000,L,1847.49,EUR,1847.49,2026-01-19,b379583c-301c-5670-ad1e-52d75737ba4f,1.000,Standard order line
d5dd4e45-5873-5619-81e6-5b901f086e13,2026-01-14T08:00:00Z,system,2026-01-14T08:00:00Z,system,f9cde7dd-9b12-5eb1-b088-268078332daa,30,df47ed4b-da4f-5c58-b596-f38d4082538d,10.000,EA,1342.07,EUR,13420.70,2026-01-19,1b3e53ab-0c78-52a4-84f4-df27988b1022,10.000,Quality inspection required
752f4711-d08a-5478-b6af-c73e9e2245d9,2026-01-14T08:00:00Z,system,2026-01-14T08:00:00Z,system,f9cde7dd-9b12-5eb1-b088-268078332daa,40,4d7c024a-2045-5e6d-bce5-30a3caf00779,1.100,EA,1108.32,EUR,1219.15,2026-01-19,c5b0bdcb-cabb-5f79-92b0-9373a0467acc,1.100,Standard order line
e315e146-66c0-56aa-97e6-8aff17579603,2026-01-14T08:00:00Z,system,2026-01-14T08:00:00Z,system,f9cde7dd-9b12-5eb1-b088-268078332daa,50,4ab6e929-df87-5d07-b36e-bc3c2033a2c4,5.000,BOX,2196.62,EUR,10983.10,2026-01-19,1ee8db9b-0a50-57a2-baea-cee2c7c39f20,5.000,Expedited delivery
0f8586eb-0fff-58fc-ae56-1e171b3bc825,2025-11-13T08:00:00Z,system,2025-11-13T08:00:00Z,system,d1e8abba-2843-581b-bfb0-d6eeba89f16b,10,30e34ede-6271-5109-8dcc-7f95af88f2f3,75.000,BOX,1536.30,GBP,115222.50,2026-01-06,e50b4e9f-4e59-5c46-ab50-d533d4abec16,0.000,Expedited delivery
8eb0702f-4dc3-5366-a3e4-9fd657c9ac89,2025-11-13T08:00:00Z,system,2025-11-13T08:00:00Z,system,d1e8abba-2843-581b-bfb0-d6eeba89f16b,20,3fc74a3b-0832-5675-b9fe-287a90de3ba8,11.000,EA,339.02,GBP,3729.22,2026-01-06,48837539-a084-54b8-ae55-f569bac88b9d,0.000,
d2876fa9-61dc-5401-8935-a5c3b6b0a730,2025-11-13T08:00:00Z,system,2025-11-13T08:00:00Z,system,d1e8abba-2843-581b-bfb0-d6eeba89f16b,30,9c2269ae-4d62-5146-b30e-9e301d4108b0,50.000,EA,502.89,GBP,25144.50,2026-01-06,3a74b8cb-eac0-54f8-aab7-56a9424ca208,0.000,
809a29e9-e327-5048-86d6-c4f2b25a5ed5,2025-11-13T08:00:00Z,system,2025-11-13T08:00:00Z,system,d1e8abba-2843-581b-bfb0-d6eeba89f16b,40,5ed4476d-3306-5591-960f-4c8a96c6dae8,50.000,BOX,1607.97,GBP,80398.50,2026-01-06,355e4988-a09f-5699-9818-f8441125e782,0.000,Expedited delivery
9c07ee6e-863e-5f81-bdd6-047bf4a773a7,2025-11-13T08:00:00Z,system,2025-11-13T08:00:00Z,system,d1e8abba-2843-581b-bfb0-d6eeba89f16b,50,449f174d-239f-5c9f-803d-0af1ffe5acb3,150.000,L,89.25,GBP,13387.50,2026-01-06,e431a1b5-6303-5e9d-b85b-95cfed749cbd,0.000,
7663955f-563f-5153-8bda-55f8851ecc51,2026-07-03T08:00:00Z,system,2026-07-03T08:00:00Z,system,36c10716-d244-5b5c-8f60-40b2ac9b4d65,10,66829174-3fa6-52dd-bbb1-daa7bca60901,135.000,BOX,3129.92,PLN,422539.20,2026-07-26,85f9aa7b-5acc-5c4b-9c8c-d781fe882179,135.000,
24938b96-49ad-5fac-bce1-28e7d016e9f7,2026-07-03T08:00:00Z,system,2026-07-03T08:00:00Z,system,36c10716-d244-5b5c-8f60-40b2ac9b4d65,20,d82bd767-f5ed-57ab-a2c9-406318f72bc2,1.000,L,303.93,PLN,303.93,2026-07-26,30eac29b-a69c-5a40-b82a-3044117fd221,1.000,Expedited delivery
d92e340e-61d7-505c-967c-f84006cd24f8,2026-06-24T08:00:00Z,system,2026-06-24T08:00:00Z,system,00e95fb2-4999-5a89-b514-66e9039ab040,10,65f7e1f5-55a6-5a0e-8cfc-7f783180cb51,150.000,L,3497.81,CAD,524671.50,2026-09-01,2daf9cba-6931-528a-bf90-b6b5f1a53eb9,150.000,Framework agreement pricing
d372f2bf-e466-54cc-bb87-6834fc534420,2026-06-24T08:00:00Z,system,2026-06-24T08:00:00Z,system,00e95fb2-4999-5a89-b514-66e9039ab040,20,eafe3238-5e48-56bf-9122-b7966afc27e1,20.000,M,2235.63,CAD,44712.60,2026-09-01,c5abb789-b89d-5490-854c-3d0c8332c999,20.000,Standard order line
992b092a-021c-522e-9c84-b173095ca8b4,2026-06-24T08:00:00Z,system,2026-06-24T08:00:00Z,system,00e95fb2-4999-5a89-b514-66e9039ab040,30,f84d7723-0164-5c03-952b-c6a6bd546739,100.000,EA,3944.50,CAD,394450.00,2026-09-01,c0e221c1-de39-57a1-9df6-fad1d9e82a4d,100.000,Quality inspection required
76cd77e5-d3ce-5e16-935a-0b5f3dd1001d,2026-01-24T08:00:00Z,system,2026-01-24T08:00:00Z,system,845ce1ce-b908-5c79-93c2-d44470c0c380,10,a7d2c2da-af08-5f66-aad4-f45b74b00edb,90.000,L,2367.76,CHF,213098.40,2026-03-31,9593a0f3-81a4-5ef8-a0ce-27edd84ed7c9,0.000,Expedited delivery
c26e4d29-72f8-557f-ba49-cbe08363718e,2026-01-24T08:00:00Z,system,2026-01-24T08:00:00Z,system,845ce1ce-b908-5c79-93c2-d44470c0c380,20,80c11da5-9f8d-5b62-9f22-c377427c0d7f,45.000,M,1506.61,CHF,67797.45,2026-03-31,0fd415ed-b961-5876-b0f3-d0d3af6d61aa,0.000,Standard order line
204d8480-a8c4-54b5-ab8a-3ec6c89a881d,2026-01-24T08:00:00Z,system,2026-01-24T08:00:00Z,system,845ce1ce-b908-5c79-93c2-d44470c0c380,30,636b0283-9b52-54dd-8753-fde5579db5ce,2.000,BOX,1640.37,CHF,3280.74,2026-03-31,8630a832-949e-54d3-8274-4439e1edea74,0.000,Standard order line
8b6291d7-cca0-53b7-a619-3eb4a2322962,2026-01-24T08:00:00Z,system,2026-01-24T08:00:00Z,system,845ce1ce-b908-5c79-93c2-d44470c0c380,40,79756df9-78e3-5df8-ad70-cff390e99aff,150.000,EA,858.93,CHF,128839.50,2026-03-31,760b3024-941f-55cb-abae-c811bc91f484,0.000,
c7aa0972-7a67-5bde-b543-d36d3908cf69,2026-01-24T08:00:00Z,system,2026-01-24T08:00:00Z,system,845ce1ce-b908-5c79-93c2-d44470c0c380,50,c27d8ed1-1c81-52eb-9e88-e5402f546414,20.000,L,1454.50,CHF,29090.00,2026-03-31,332ae65d-edca-5141-be6d-ac28ec0dc86d,0.000,
9c174468-220b-5e7f-a9fa-7c02ffc72de5,2026-05-22T08:00:00Z,system,2026-05-22T08:00:00Z,system,bf6ed661-6bf0-596f-b8db-6a9edd26a5dc,10,3e5204f6-3370-5c61-92de-50e60340d4c4,75.000,SET,1005.58,EUR,75418.50,2026-06-21,4c2a2e58-a59b-5fc0-9085-c870c0d68e16,75.000,Expedited delivery
5db5533e-8cc0-5b10-b0fc-6821cbf1f39a,2026-05-22T08:00:00Z,system,2026-05-22T08:00:00Z,system,bf6ed661-6bf0-596f-b8db-6a9edd26a5dc,20,88ec57c2-4bd1-5167-8c0f-b46a5404ea75,10.000,M,1252.72,EUR,12527.20,2026-06-21,6a4230dd-c3ca-59bb-ad24-a9258c99ec2f,10.000,Framework agreement pricing
20940fd4-4845-5460-a0b7-8ea823c491b6,2026-05-22T08:00:00Z,system,2026-05-22T08:00:00Z,system,bf6ed661-6bf0-596f-b8db-6a9edd26a5dc,30,74ec4245-16d4-59ad-a64b-e56056485a1c,100.000,EA,2211.77,EUR,221177.00,2026-06-21,f6edc6af-db67-56bd-b9a2-66b79445a110,100.000,
d786764b-5ded-5a3c-a4ea-0324911f7f70,2026-05-22T08:00:00Z,system,2026-05-22T08:00:00Z,system,bf6ed661-6bf0-596f-b8db-6a9edd26a5dc,40,f968e107-0cac-5cfd-a628-d3aa05f1e38d,135.000,EA,957.33,EUR,129239.55,2026-06-21,03ca958b-78d0-59bc-8ee7-70b754ef251a,135.000,Framework agreement pricing
c7b5cb49-7999-523d-a17f-37d0a157b898,2026-05-22T08:00:00Z,system,2026-05-22T08:00:00Z,system,bf6ed661-6bf0-596f-b8db-6a9edd26a5dc,50,2e938e1a-7d1e-5084-9f28-14acf3a39a7c,150.000,SET,2053.35,EUR,308002.50,2026-06-21,dc720e1a-ffb7-565c-9fcc-9d765869775b,150.000,Quality inspection required
4aa7cdb6-7a26-54d0-b9a2-4d9f9be28be2,2025-10-06T08:00:00Z,system,2025-10-06T08:00:00Z,system,69371269-7783-51d6-9252-937bef575625,10,594e1f7d-2ddb-5853-a485-9177631a4db6,200.000,BOX,4544.34,PLN,908868.00,2025-10-13,82d268a0-8171-5c61-9317-2bff017a53f2,72.053,Quality inspection required
4050ab59-f33d-5a38-a027-5fb08ea7d7d6,2025-10-06T08:00:00Z,system,2025-10-06T08:00:00Z,system,69371269-7783-51d6-9252-937bef575625,20,781e49c0-8999-50e8-9276-e1fc0e9e29ca,50.000,EA,9871.92,PLN,493596.00,2025-10-13,140e958a-be0a-5dd9-9555-5cd199aa066b,26.353,
4d7bc6e4-413d-5ac5-9e17-217f998529b5,2025-10-06T08:00:00Z,system,2025-10-06T08:00:00Z,system,69371269-7783-51d6-9252-937bef575625,30,d80537fd-c1c9-5741-8e8d-02dd52dc79bd,25.000,KG,110.38,PLN,2759.50,2025-10-13,e575db3b-a4a7-5a30-866e-b6ce8056ff00,24.113,Expedited delivery
70105139-600c-56fd-8d52-4f3bf0bd9159,2025-10-23T08:00:00Z,system,2025-10-23T08:00:00Z,system,439d7ffe-7a38-55f9-8dd8-9fa00eb0ec09,10,33a77c1e-2f02-54f3-aaf8-2d033e03a54f,25.000,EA,427.82,CAD,10695.50,2025-12-27,18737f0f-547d-565d-987e-1d83ed30b4f8,25.000,
9aa93a8b-c5e2-5052-9713-0961d37fe1a1,2025-10-23T08:00:00Z,system,2025-10-23T08:00:00Z,system,439d7ffe-7a38-55f9-8dd8-9fa00eb0ec09,20,d7792ea6-2faa-5ee1-b515-6b526ad9efbb,1.000,BOX,2329.83,CAD,2329.83,2025-12-27,2e8aae48-1000-5e92-a2c7-4af727853719,1.000,Expedited delivery
04bd921b-abc9-5f49-b2bd-8e381a00cff2,2025-10-23T08:00:00Z,system,2025-10-23T08:00:00Z,system,439d7ffe-7a38-55f9-8dd8-9fa00eb0ec09,30,4d8b3cb8-4991-55ac-afa4-443fd1749bfb,180.000,KG,34.96,CAD,6292.80,2025-12-27,27157961-8a43-52e9-abd2-c53de3ece37d,180.000,Quality inspection required
23425d67-4a24-5466-a527-2d25e92adf21,2025-10-23T08:00:00Z,system,2025-10-23T08:00:00Z,system,439d7ffe-7a38-55f9-8dd8-9fa00eb0ec09,40,5c00c635-ab30-509c-930a-9c3027c73ba1,100.000,BOX,2704.60,CAD,270460.00,2025-12-27,ffc008f0-f1fa-5583-a899-66cd41038303,100.000,Standard order line
8e1dd668-1a69-5665-b3c7-b5f1f23cda4e,2025-10-23T08:00:00Z,system,2025-10-23T08:00:00Z,system,439d7ffe-7a38-55f9-8dd8-9fa00eb0ec09,50,06d90e5a-e269-5465-96ac-4d7026277e09,27.500,L,107.65,CAD,2960.38,2025-12-27,2043073b-d856-5910-abf4-9130f8b69c75,27.500,Standard order line
97b431e8-79f3-5ab8-8ffd-939267e9a3f1,2026-04-02T08:00:00Z,system,2026-04-02T08:00:00Z,system,0ba5f0ec-3ec3-57e7-b279-de89413aff8c,10,6c73375b-40a6-5535-9e27-a364e6837ed1,165.000,EA,2274.02,EUR,375213.30,2026-05-20,7d895d2e-4695-5a95-84dd-6843a39de80a,43.156,Standard order line
95b0e7cf-71c5-533c-9c43-2324cbbef88a,2026-04-02T08:00:00Z,system,2026-04-02T08:00:00Z,system,0ba5f0ec-3ec3-57e7-b279-de89413aff8c,20,4cb50627-8198-5765-9d5a-9d272c8ce58b,25.000,M,743.71,EUR,18592.75,2026-05-20,1a4c6b5d-2638-5ea2-a30c-b1638d600cea,17.974,Framework agreement pricing
9d6d8bee-c398-56cc-977e-a436cd62b4fd,2026-04-02T08:00:00Z,system,2026-04-02T08:00:00Z,system,0ba5f0ec-3ec3-57e7-b279-de89413aff8c,30,8d9d0fdb-dc82-543c-8c83-c722c23d8840,20.000,EA,723.42,EUR,14468.40,2026-05-20,24bf911c-f781-5063-9165-c3109f410c98,10.562,Standard order line
3e2e4d37-f6b1-5af5-ad79-bc46ee94c85a,2026-04-02T08:00:00Z,system,2026-04-02T08:00:00Z,system,0ba5f0ec-3ec3-57e7-b279-de89413aff8c,40,893944a0-a713-5323-888a-1702113e176d,180.000,KG,24.86,EUR,4474.80,2026-05-20,2671b4ab-75db-57f8-8158-559e5e4cba49,137.710,Expedited delivery
a63e85b9-c529-5d70-8899-26a5166a6ca5,2026-04-02T08:00:00Z,system,2026-04-02T08:00:00Z,system,0ba5f0ec-3ec3-57e7-b279-de89413aff8c,50,80c11da5-9f8d-5b62-9f22-c377427c0d7f,9.000,M,1645.16,EUR,14806.44,2026-05-20,820c71fb-afe4-55d7-bbb2-07cea02df31a,1.180,Quality inspection required
d8e5fc56-860f-5278-8175-83d61573d3f6,2025-12-04T08:00:00Z,system,2025-12-04T08:00:00Z,system,19e0bf23-4f37-55c8-976e-2346d33382a6,10,a26b0733-3b42-54db-a022-07e6e0f7182b,27.500,L,3255.49,CAD,89525.97,2026-01-24,3c1a5139-d1f9-51bb-b6f5-5cb13ab8df2d,19.612,Quality inspection required
f664647a-485f-533c-8fa6-b7eb807227bd,2025-12-04T08:00:00Z,system,2025-12-04T08:00:00Z,system,19e0bf23-4f37-55c8-976e-2346d33382a6,20,4b2dee46-41cf-5eee-b0e3-93ee894cef45,135.000,SET,3092.73,CAD,417518.55,2026-01-24,8f9ca200-0a8b-5c5a-a49f-5d480f05e3a7,56.022,Standard order line
458b3e5a-3561-5300-8455-b4fed3a615ab,2025-12-04T08:00:00Z,system,2025-12-04T08:00:00Z,system,19e0bf23-4f37-55c8-976e-2346d33382a6,30,85f6ae6a-e37a-5c6a-8c20-f972d8291238,9.000,M,276.87,CAD,2491.83,2026-01-24,256a3c9e-1d84-5629-89d1-fbfa96f99733,2.772,Framework agreement pricing
6c5fa600-2248-5139-94ea-8913a7681ae5,2025-12-04T08:00:00Z,system,2025-12-04T08:00:00Z,system,19e0bf23-4f37-55c8-976e-2346d33382a6,40,61c9dd7a-23b2-51ce-a4f8-1ecaedb8b55e,22.500,SET,2634.65,CAD,59279.62,2026-01-24,556103aa-3938-5f39-b0b1-3de4fdc7f1b1,20.582,Expedited delivery
968b47b8-d185-5e49-828e-500af683265a,2025-12-07T08:00:00Z,system,2025-12-07T08:00:00Z,system,20d5cc66-9ed9-5696-86a6-aebdbce7949a,10,c72d85f2-1053-502b-bd90-efeb25b78b61,20.000,L,496.94,EUR,9938.80,2026-01-31,7db68717-684b-5bff-a06f-d9a1c47dc220,20.000,Framework agreement pricing
03270218-b764-5dbe-a171-59987375addf,2025-12-07T08:00:00Z,system,2025-12-07T08:00:00Z,system,20d5cc66-9ed9-5696-86a6-aebdbce7949a,20,a77973af-89ac-57a4-be5e-db2cafc9e932,1.800,BOX,1195.40,EUR,2151.72,2026-01-31,154935f2-d7a6-5a5c-ae38-2c76d018c78d,1.800,Framework agreement pricing
e3c5d3d5-d2bd-598f-b073-ba4cc6976d57,2025-12-07T08:00:00Z,system,2025-12-07T08:00:00Z,system,20d5cc66-9ed9-5696-86a6-aebdbce7949a,30,04c6ce4d-e9ec-5c21-9f43-b4b251046c2f,50.000,M,966.26,EUR,48313.00,2026-01-31,25845126-6496-59e9-815f-76ddb3b3de51,50.000,Expedited delivery
8e01f1e8-e50b-59a9-87aa-9d55da1b85ad,2025-12-07T08:00:00Z,system,2025-12-07T08:00:00Z,system,20d5cc66-9ed9-5696-86a6-aebdbce7949a,40,73253cdf-d4e6-5749-9bda-81b380de990d,1.000,L,688.68,EUR,688.68,2026-01-31,4894761c-32aa-5504-89ea-57cae8ef57aa,1.000,Expedited delivery
15ab71b4-ccd0-5703-988e-c4f40887da91,2025-12-07T08:00:00Z,system,2025-12-07T08:00:00Z,system,20d5cc66-9ed9-5696-86a6-aebdbce7949a,50,d96ec281-e3a6-5aba-b6f4-379e05515ef4,67.500,SET,1162.67,EUR,78480.23,2026-01-31,7ab7f399-8adf-5a8c-9fc9-c8d8bdf3c31e,67.500,Quality inspection required
56eb8b3b-0c94-5c6e-9605-87c431faf432,2025-11-12T08:00:00Z,system,2025-11-12T08:00:00Z,system,8dd62e74-1f9e-56d4-a584-fb5ad00040ed,10,a006b8e3-6118-5906-998a-865149ed8589,1.000,SET,1136.88,CAD,1136.88,2026-01-15,170bf83d-6085-5281-b401-26070052aee5,1.000,Quality inspection required
990be624-1d5c-5d1d-9be1-430779c5e13e,2025-11-12T08:00:00Z,system,2025-11-12T08:00:00Z,system,8dd62e74-1f9e-56d4-a584-fb5ad00040ed,20,53e0bf46-17ba-5243-bbe5-1d44068c8ac1,82.500,EA,120.15,CAD,9912.38,2026-01-15,4e7b465a-65d5-57dd-b43e-afbfd0bee2bb,82.500,Standard order line
acabb397-d5ab-5af9-a365-ce5c764bcc0e,2025-11-12T08:00:00Z,system,2025-11-12T08:00:00Z,system,8dd62e74-1f9e-56d4-a584-fb5ad00040ed,30,dc06185f-0801-58aa-86b9-6df5bf774217,5.000,L,1201.84,CAD,6009.20,2026-01-15,099c33cb-bc0d-527e-9ad7-d4f97f8d8c55,5.000,
07d7a75e-3942-53ba-970a-02c12e95c611,2026-06-26T08:00:00Z,system,2026-06-26T08:00:00Z,system,57e27ef6-1dfb-5944-a39b-96851293280d,10,e78a29f5-6b77-5c64-a898-2ef9faf92f91,10.000,KG,80.48,PLN,804.80,2026-08-16,9d755636-9b92-5270-91ca-b2f63ab29f66,10.000,
bafcb2f9-a54a-50a9-8e4e-ca1220468346,2026-06-26T08:00:00Z,system,2026-06-26T08:00:00Z,system,57e27ef6-1dfb-5944-a39b-96851293280d,20,15f3b8aa-4649-5a10-a707-45aa1b2b3bf5,1.100,L,8815.88,PLN,9697.47,2026-08-16,a9844031-196a-59d6-ba13-39cf65437fc0,1.100,
0a1068f9-7c71-527e-8588-f92dd2d2ca9f,2026-06-26T08:00:00Z,system,2026-06-26T08:00:00Z,system,57e27ef6-1dfb-5944-a39b-96851293280d,30,af970570-0e69-5aa7-a1fd-93cea6d022c8,5.000,BOX,3374.96,PLN,16874.80,2026-08-16,45489bc8-12c4-56f6-b20f-1d4d86c5a98a,5.000,Expedited delivery
ef42a0c1-08e0-53a0-8449-4b8678362dcb,2026-01-08T08:00:00Z,system,2026-01-08T08:00:00Z,system,08a149bf-617c-593e-9ba7-edbfbfe3fa4a,10,33565d42-f2c6-5728-b582-d95f8618e410,2.200,BOX,5083.28,PLN,11183.22,2026-02-16,9ef9f74f-cf05-5ac4-a003-4fa05d643865,1.989,
49174f64-0414-5c44-9fe8-96f37262989e,2026-01-08T08:00:00Z,system,2026-01-08T08:00:00Z,system,08a149bf-617c-593e-9ba7-edbfbfe3fa4a,20,dac566e3-7998-519e-827e-c56affe7618f,165.000,EA,7808.47,PLN,1288397.55,2026-02-16,5a22f72c-0b87-5c45-9541-6abe320e1ecc,154.525,Framework agreement pricing
55ce2f01-cc5b-5fa6-b2fb-dcdc2ff39fd9,2026-01-08T08:00:00Z,system,2026-01-08T08:00:00Z,system,08a149bf-617c-593e-9ba7-edbfbfe3fa4a,30,32549e95-8264-5b06-ac4c-4f93e09d17a2,90.000,BOX,5152.15,PLN,463693.50,2026-02-16,43b26ad9-48c1-5bb8-a512-b22408ab3e33,79.577,Expedited delivery
71f5559a-6f1b-571b-ba37-da7249e14fc9,2026-03-20T08:00:00Z,system,2026-03-20T08:00:00Z,system,52c57d7a-0e09-5c94-ae5c-4645b2298112,10,4510bf5d-95b5-5a36-8ecf-d02e870154c9,1.800,KG,6.02,CHF,10.84,2026-04-14,b35b94de-41af-5f61-9445-ec686202a630,1.800,
85d6daaa-ec2c-5b2e-bbd2-f5145f929071,2026-03-20T08:00:00Z,system,2026-03-20T08:00:00Z,system,52c57d7a-0e09-5c94-ae5c-4645b2298112,20,c27d8ed1-1c81-52eb-9e88-e5402f546414,5.500,L,1442.72,CHF,7934.96,2026-04-14,517ffcd7-a648-5911-a1f8-e7ccd3b9d08e,5.500,Framework agreement pricing
d4f05e2b-5996-5fd0-a239-0cc60fdeed5b,2026-03-20T08:00:00Z,system,2026-03-20T08:00:00Z,system,52c57d7a-0e09-5c94-ae5c-4645b2298112,30,e337ec5f-3c23-585a-808c-545892f7ee27,200.000,SET,1116.34,CHF,223268.00,2026-04-14,d4ed6851-094b-59bb-80ce-6a5746b88371,200.000,Framework agreement pricing
4b3b1886-737a-5a69-8467-5441b2c7ebda,2026-05-09T08:00:00Z,system,2026-05-09T08:00:00Z,system,ab538a5b-e6bb-507b-a631-dd9d318fd991,10,240a2ec2-b97a-51d0-9b66-a85819e5025e,55.000,SET,6077.59,PLN,334267.45,2026-07-13,34997365-f743-5b8e-9dbd-4ef1c17c1c49,55.000,Quality inspection required
6b8844f8-7e6a-5236-b3f0-8478e00798ce,2026-05-09T08:00:00Z,system,2026-05-09T08:00:00Z,system,ab538a5b-e6bb-507b-a631-dd9d318fd991,20,8b3ec22a-bd3c-594f-b231-80df5dbed6ff,4.500,M,5313.98,PLN,23912.91,2026-07-13,b8a50103-3ebe-5c3f-b00a-9b5a5784a780,4.500,Standard order line
60cc52d3-9cf3-5031-82d4-a00d1d9d4853,2026-03-31T08:00:00Z,system,2026-03-31T08:00:00Z,system,12723fec-8891-54cf-aa25-9aa3abefc2ae,10,0a95d286-40e6-5f4e-bce8-380f86c5e052,18.000,BOX,37848.63,CZK,681275.34,2026-04-14,b1729306-1786-5f6a-aaaf-d7b5273597a6,6.426,Expedited delivery
eb906e4e-6323-501e-8bf0-eb1d3c4f9b69,2026-03-31T08:00:00Z,system,2026-03-31T08:00:00Z,system,12723fec-8891-54cf-aa25-9aa3abefc2ae,20,3dc01e32-c4f9-591d-bf47-70af97b27acc,135.000,BOX,31433.95,CZK,4243583.25,2026-04-14,ddf45f83-465e-5838-904a-d1bee7c5344b,4.332,Framework agreement pricing
c342ae07-87b4-53f7-a9ce-d3f786d480e7,2026-06-30T08:00:00Z,system,2026-06-30T08:00:00Z,system,63bde831-5035-5487-a9fc-11a150bca449,10,60f8eac8-7f04-549c-a5f3-331eb9014d8a,20.000,SET,194.21,EUR,3884.20,2026-09-02,08f94f79-0032-54ec-9cc1-4c92489cb19a,5.817,Framework agreement pricing
43903385-79a2-50a2-88e1-e7b404a60365,2026-06-30T08:00:00Z,system,2026-06-30T08:00:00Z,system,63bde831-5035-5487-a9fc-11a150bca449,20,5b7ae8db-72b9-5511-ba23-2698e4fd03df,27.500,BOX,142.32,EUR,3913.80,2026-09-02,1ea8705a-4fdd-5997-ab99-093e8006cc2d,22.123,
ea267ce3-39c1-54a7-adf7-d98ee1741f2a,2026-06-30T08:00:00Z,system,2026-06-30T08:00:00Z,system,63bde831-5035-5487-a9fc-11a150bca449,30,a93a3ee0-dfe5-5635-b2cf-50207f6eefff,50.000,BOX,897.99,EUR,44899.50,2026-09-02,006ecf40-accf-5dbd-a859-694cc0340ad3,9.924,Expedited delivery
ffb4c024-8b36-5903-aa0a-296ac2a46bad,2026-06-30T08:00:00Z,system,2026-06-30T08:00:00Z,system,63bde831-5035-5487-a9fc-11a150bca449,40,3aa391ce-4ff3-5173-9277-83ce43555c7c,180.000,L,103.28,EUR,18590.40,2026-09-02,0ad29e8d-7910-5f32-b0ec-740ca46c9a5a,89.709,Framework agreement pricing
15d1b2de-640a-5c48-a748-00a104c4fb37,2026-01-08T08:00:00Z,system,2026-01-08T08:00:00Z,system,46bb47ca-021c-5481-ac0a-aa415162c5b7,10,dac566e3-7998-519e-827e-c56affe7618f,67.500,EA,1725.13,EUR,116446.28,2026-01-20,a3441d8c-6404-5bff-9e17-da538ae975fe,0.000,Framework agreement pricing
53640911-92ba-5840-b3c4-46bf1b1ed3e1,2026-01-08T08:00:00Z,system,2026-01-08T08:00:00Z,system,46bb47ca-021c-5481-ac0a-aa415162c5b7,20,99390864-f827-5aef-be8a-287357eedb0f,5.000,BOX,1998.83,EUR,9994.15,2026-01-20,04194df6-6113-5deb-a8c6-0303e42f6358,0.000,Quality inspection required
17f5e9ba-9e98-5aea-aaec-bc218802edb9,2025-10-02T08:00:00Z,system,2025-10-02T08:00:00Z,system,3983f79e-c9e1-5560-89bc-253fb7c6910b,10,a826e0c2-43dd-5a6b-a002-5f2510a4b1f5,82.500,L,1537.76,USD,126865.20,2025-12-01,cbfbf049-dc8e-5fea-b754-64abf8122513,2.393,
63f0f6cf-cd6e-5122-88ae-67a15e44e966,2025-10-02T08:00:00Z,system,2025-10-02T08:00:00Z,system,3983f79e-c9e1-5560-89bc-253fb7c6910b,20,946b9def-1c5e-5d38-8f79-05db3b27b218,82.500,M,2366.43,USD,195230.47,2025-12-01,c85869ce-1348-52ff-9767-cb7905f22cd9,3.347,
16ad81ce-9c7c-5fe8-8092-a864afb462cd,2025-12-23T08:00:00Z,system,2025-12-23T08:00:00Z,system,a5176576-279f-505b-bd32-565bed4866c3,10,1dd3c172-1e4d-56ef-89b5-1f44bd31959f,67.500,M,2435.19,EUR,164375.33,2026-01-13,639ddd68-72c6-5d7a-9407-afd5f6a03d34,0.000,
4a5c7efe-ecc4-5f27-bdad-73054e553842,2025-12-23T08:00:00Z,system,2025-12-23T08:00:00Z,system,a5176576-279f-505b-bd32-565bed4866c3,20,cfcda226-532c-599e-8ba1-da4625eb5246,20.000,EA,1789.82,EUR,35796.40,2026-01-13,65d112f9-7ed0-5fbe-8c09-d8c7d1b39479,0.000,Framework agreement pricing
6b8691c6-16af-5386-a0ae-db16a21955fa,2025-12-23T08:00:00Z,system,2025-12-23T08:00:00Z,system,a5176576-279f-505b-bd32-565bed4866c3,30,d0cb5824-8127-5ca6-8364-98b5469fc7c7,150.000,EA,1212.15,EUR,181822.50,2026-01-13,cb643f4e-c266-57af-8154-d8d4f9063df8,0.000,Standard order line
688ca5af-324c-58e6-991b-234226a40449,2025-12-23T08:00:00Z,system,2025-12-23T08:00:00Z,system,a5176576-279f-505b-bd32-565bed4866c3,40,a1a5bad0-30ca-5727-b1d6-9e34f59daa2c,25.000,BOX,637.28,EUR,15932.00,2026-01-13,caf57b62-71c8-5780-9369-9c95256a7127,0.000,Standard order line
1e43e187-fd26-565d-9579-f197e61a9cb0,2026-07-07T08:00:00Z,system,2026-07-07T08:00:00Z,system,4e451600-3317-5d0d-a9d9-1016ff2c5c29,10,39525f20-4796-5c5f-b0d5-93b49ff19cd5,90.000,SET,4019.60,PLN,361764.00,2026-08-04,cc581881-2a95-584f-9257-cf1384b9c939,90.000,
916527a4-d08c-53e5-8298-8841a0acbcf1,2026-07-07T08:00:00Z,system,2026-07-07T08:00:00Z,system,4e451600-3317-5d0d-a9d9-1016ff2c5c29,20,8f727bc4-c2d9-58aa-8c86-102424996793,20.000,SET,998.15,PLN,19963.00,2026-08-04,d5e592a9-8d40-5b27-b9cf-1d699fa9b871,20.000,Expedited delivery
0c2385af-240d-53eb-a4b6-ed2ac2dbe544,2026-07-07T08:00:00Z,system,2026-07-07T08:00:00Z,system,4e451600-3317-5d0d-a9d9-1016ff2c5c29,30,fd4f25a0-d258-5944-8a33-a22b3cf44a4a,180.000,L,3709.98,PLN,667796.40,2026-08-04,4a503d72-609c-59cc-9723-64189869ef43,180.000,Quality inspection required
2ac25d9e-42ca-57cb-ad6d-1a6516122413,2025-12-21T08:00:00Z,system,2025-12-21T08:00:00Z,system,466317c1-a577-5ced-b752-cc40f296e616,10,94288f21-6926-5da3-827e-38477bc97581,200.000,L,1138.02,EUR,227604.00,2026-02-23,16faa3a5-a699-5926-8733-bc0e695b8e2d,200.000,Expedited delivery
6443eadb-36f6-5028-8973-f7f904261ff0,2025-12-21T08:00:00Z,system,2025-12-21T08:00:00Z,system,466317c1-a577-5ced-b752-cc40f296e616,20,b195eb87-b559-5dc2-9e04-6eabb78ca3ef,1.000,SET,1852.05,EUR,1852.05,2026-02-23,abdf0a68-1f4a-5f7b-8868-792f85a0664d,1.000,Framework agreement pricing
fa18ce3c-299e-5ceb-9806-cfcf60b90208,2026-04-26T08:00:00Z,system,2026-04-26T08:00:00Z,system,26641ce6-f947-529b-9b75-9ae7383b928e,10,33a77c1e-2f02-54f3-aaf8-2d033e03a54f,2.000,EA,307.23,EUR,614.46,2026-06-15,5378a888-dc5d-539c-a88f-eb7c639c5b6a,2.000,Framework agreement pricing
d7b93317-57a2-5740-9333-84afb9b31ab9,2026-04-26T08:00:00Z,system,2026-04-26T08:00:00Z,system,26641ce6-f947-529b-9b75-9ae7383b928e,20,8b3ec22a-bd3c-594f-b231-80df5dbed6ff,5.000,M,1105.09,EUR,5525.45,2026-06-15,b8a50103-3ebe-5c3f-b00a-9b5a5784a780,5.000,Expedited delivery
ee7bb5c7-5f05-5fd0-bb70-5a42def1c318,2026-04-26T08:00:00Z,system,2026-04-26T08:00:00Z,system,26641ce6-f947-529b-9b75-9ae7383b928e,30,f4d5037c-d38c-5514-b120-c0d70fd1331e,55.000,L,960.97,EUR,52853.35,2026-06-15,19cc9e13-7cac-503a-bf87-de888a8119d7,55.000,Framework agreement pricing
384faf64-6960-5402-9674-36dbf4f0ab00,2026-04-26T08:00:00Z,system,2026-04-26T08:00:00Z,system,26641ce6-f947-529b-9b75-9ae7383b928e,40,729b6d7e-7b34-59c4-ab17-3319477660be,2.000,KG,13.02,EUR,26.04,2026-06-15,56f7fc20-d49d-533d-b9c8-6693a36fffc8,2.000,Standard order line
d5fd5bed-07c8-5ffe-8663-63cab825b163,2026-04-26T08:00:00Z,system,2026-04-26T08:00:00Z,system,26641ce6-f947-529b-9b75-9ae7383b928e,50,fd4f25a0-d258-5944-8a33-a22b3cf44a4a,1.000,L,815.20,EUR,815.20,2026-06-15,fa1a4b27-b78a-54e8-86bf-b9419fd97f4e,1.000,Expedited delivery
4ca39c06-eb89-5063-aaee-51212d830d4e,2025-11-21T08:00:00Z,system,2025-11-21T08:00:00Z,system,d5cfcded-00e4-5ee3-bc33-ade7b01572bd,10,781e49c0-8999-50e8-9276-e1fc0e9e29ca,1.800,EA,2508.55,EUR,4515.39,2026-01-16,22b277e9-0082-5a50-84a7-222222729d04,0.000,Expedited delivery
dd417032-dd52-5139-9afb-110a5237c736,2025-11-21T08:00:00Z,system,2025-11-21T08:00:00Z,system,d5cfcded-00e4-5ee3-bc33-ade7b01572bd,20,4ab6e929-df87-5d07-b36e-bc3c2033a2c4,200.000,BOX,2195.63,EUR,439126.00,2026-01-16,acc9947c-841b-5e02-badf-244583cd0112,0.000,Standard order line
1f8c4794-1c60-5496-b8a0-0ed6cffc64c2,2025-11-21T08:00:00Z,system,2025-11-21T08:00:00Z,system,d5cfcded-00e4-5ee3-bc33-ade7b01572bd,30,4a6344a3-f35e-516c-9e41-3b71adc76bae,100.000,M,674.38,EUR,67438.00,2026-01-16,13024a8e-6a4b-557f-a9f3-ca543f6cf7c3,0.000,
eb8fa759-ef70-5189-b6e7-5655195cd62d,2025-11-21T08:00:00Z,system,2025-11-21T08:00:00Z,system,d5cfcded-00e4-5ee3-bc33-ade7b01572bd,40,33b58793-6f12-50d8-b5ed-f4aaefc6d3f0,150.000,M,69.88,EUR,10482.00,2026-01-16,4767201a-e579-57fe-ab30-b2587e0ac7fa,0.000,
1cb53076-7b23-55b1-b534-b5385c7f0ab3,2026-07-03T08:00:00Z,system,2026-07-03T08:00:00Z,system,11e352bb-722a-5f98-b078-7d76fe31f8a1,10,19b64704-248d-5db5-b479-bb7989cf5373,135.000,M,1993.61,USD,269137.35,2026-07-19,c8dc6d45-cdf9-50c7-b35e-03aa53e01867,135.000,
8fcdf258-e8b2-54c3-a2e0-8a0d6e27022d,2026-07-03T08:00:00Z,system,2026-07-03T08:00:00Z,system,11e352bb-722a-5f98-b078-7d76fe31f8a1,20,79756df9-78e3-5df8-ad70-cff390e99aff,150.000,EA,1075.26,USD,161289.00,2026-07-19,760b3024-941f-55cb-abae-c811bc91f484,150.000,
cfbc6b54-ad83-515b-ba1a-34fdfef42cdf,2026-08-01T08:00:00Z,system,2026-08-01T08:00:00Z,system,50351416-86dd-55c4-9f4c-41a92b330960,10,5de012ce-db52-52e5-a612-6e2c3c02623a,200.000,SET,1205.00,EUR,241000.00,2026-09-06,34b7af17-4498-5330-95e3-1fbd87d8d9b3,200.000,Expedited delivery
527ae8fd-3f05-59ea-a838-aabf7bf5fbc5,2026-08-01T08:00:00Z,system,2026-08-01T08:00:00Z,system,50351416-86dd-55c4-9f4c-41a92b330960,20,c27d8ed1-1c81-52eb-9e88-e5402f546414,20.000,L,1553.20,EUR,31064.00,2026-09-06,332ae65d-edca-5141-be6d-ac28ec0dc86d,20.000,Quality inspection required
6e1d5738-aa64-57ca-a20c-9d81074be2f5,2026-08-01T08:00:00Z,system,2026-08-01T08:00:00Z,system,50351416-86dd-55c4-9f4c-41a92b330960,30,bbccc08a-f2c9-5ff6-a628-fb59284b03ec,1.000,SET,98.52,EUR,98.52,2026-09-06,d2908688-7e7d-5a8a-8073-a5f6040c8992,1.000,Framework agreement pricing
4b65dc3d-54ee-5a47-9328-df522ad68d4b,2026-08-01T08:00:00Z,system,2026-08-01T08:00:00Z,system,50351416-86dd-55c4-9f4c-41a92b330960,40,f86c9292-1db7-5162-81d0-0b6ff62e922d,10.000,SET,930.37,EUR,9303.70,2026-09-06,c01547df-bbed-518e-98b2-6aea21f4c7db,10.000,Standard order line
83d18969-fd5c-5a40-a942-23d7700f509f,2026-08-01T08:00:00Z,system,2026-08-01T08:00:00Z,system,50351416-86dd-55c4-9f4c-41a92b330960,50,d3ea4cc3-d5fd-5d6d-a8b4-952acbec0290,75.000,SET,2305.40,EUR,172905.00,2026-09-06,dc42b4f6-843d-5d78-b1b0-ced63cb3f307,75.000,Standard order line
cfbd3c4d-5b0d-5dc4-b46d-e362028801fa,2025-11-02T08:00:00Z,system,2025-11-02T08:00:00Z,system,81b30f86-c2f5-5510-9175-f122ac273005,10,ba5523d6-66ae-54e6-9e20-1e373c65f38b,20.000,M,1694.56,GBP,33891.20,2025-11-12,e108edb3-07a1-5664-b520-115925e212c8,0.000,Quality inspection required
95a2415b-da93-5bb8-a548-63e634bef6fc,2025-11-02T08:00:00Z,system,2025-11-02T08:00:00Z,system,81b30f86-c2f5-5510-9175-f122ac273005,20,4cdd9f3f-a827-56ea-9bb0-828fa902a883,150.000,KG,1.26,GBP,189.00,2025-11-12,05b162cc-266e-557f-a07f-2526d6ef1660,0.000,Framework agreement pricing
6275275a-4f30-5659-8a96-6404c62e3de0,2026-02-03T08:00:00Z,system,2026-02-03T08:00:00Z,system,a6a9a74c-56db-5206-ab2b-69bf7d0c0a5a,10,7206ba99-aabc-58a4-962c-b600c27e265f,10.000,KG,34.44,EUR,344.40,2026-03-18,4d0f8911-6437-59b4-9ce0-0feb2a4ee1cf,10.000,Quality inspection required
902f8b1d-9ff7-5f8e-9bd4-165dcfc11a0d,2026-02-03T08:00:00Z,system,2026-02-03T08:00:00Z,system,a6a9a74c-56db-5206-ab2b-69bf7d0c0a5a,20,1dd3c172-1e4d-56ef-89b5-1f44bd31959f,75.000,M,2211.28,EUR,165846.00,2026-03-18,639ddd68-72c6-5d7a-9407-afd5f6a03d34,75.000,
47d17615-4e7d-542a-9de7-febfd7a24ae0,2026-02-03T08:00:00Z,system,2026-02-03T08:00:00Z,system,a6a9a74c-56db-5206-ab2b-69bf7d0c0a5a,30,0c9f0a42-1ac7-5282-b469-b088f77d7e6d,100.000,BOX,1289.68,EUR,128968.00,2026-03-18,bb32ef99-db73-59f5-ada1-81e88e844f67,100.000,Quality inspection required
9bf12b34-6203-542a-9806-e83a7bae02bf,2026-02-03T08:00:00Z,system,2026-02-03T08:00:00Z,system,a6a9a74c-56db-5206-ab2b-69bf7d0c0a5a,40,06d90e5a-e269-5465-96ac-4d7026277e09,27.500,L,69.88,EUR,1921.70,2026-03-18,2043073b-d856-5910-abf4-9130f8b69c75,27.500,
d2324e37-f395-55a2-b401-23531b0be2c3,2026-02-03T08:00:00Z,system,2026-02-03T08:00:00Z,system,a6a9a74c-56db-5206-ab2b-69bf7d0c0a5a,50,99390864-f827-5aef-be8a-287357eedb0f,200.000,BOX,1966.37,EUR,393274.00,2026-03-18,ecb561a9-d8ab-5d28-b3e6-9828c5494a3c,200.000,Framework agreement pricing
bdb1d4b4-011d-594e-ad47-8de8d75352f5,2025-12-08T08:00:00Z,system,2025-12-08T08:00:00Z,system,3bf8139c-d1f9-50bf-b553-e7fd08a23e01,10,9390c973-ffaf-555f-9cb1-d1547db4c4d9,100.000,SET,6212.65,PLN,621265.00,2025-12-27,fcdab043-8040-50c4-adb0-b65d165a1bbb,0.000,Standard order line
0e08e4cd-d3f8-5681-b89a-480984b6ceb7,2025-12-08T08:00:00Z,system,2025-12-08T08:00:00Z,system,3bf8139c-d1f9-50bf-b553-e7fd08a23e01,20,7e59f4f1-d7ce-51df-b9a3-a70a1b1ee546,25.000,EA,8818.99,PLN,220474.75,2025-12-27,11d02aa0-fe2b-5450-b7d7-f03ef37160f1,0.000,Framework agreement pricing
27041d08-f53e-59c4-8439-335baf6077b9,2025-12-08T08:00:00Z,system,2025-12-08T08:00:00Z,system,3bf8139c-d1f9-50bf-b553-e7fd08a23e01,30,cff52af4-5fdd-5e0b-be96-5b7ede153dbb,220.000,SET,3620.08,PLN,796417.60,2025-12-27,1e2dcd50-4072-5c96-a81a-59eef4d46851,0.000,Standard order line
6d78c394-fe8a-5863-b6f0-7659ad7b848e,2025-12-08T08:00:00Z,system,2025-12-08T08:00:00Z,system,3bf8139c-d1f9-50bf-b553-e7fd08a23e01,40,05a4f991-84c1-5839-9f40-938f84dcd65e,18.000,M,5404.06,PLN,97273.08,2025-12-27,c25c3b3e-8902-590c-86c7-59bcd53061c3,0.000,
6e1a852d-d8ea-5b4a-9230-df8715d6939f,2026-03-22T08:00:00Z,system,2026-03-22T08:00:00Z,system,36a0c062-ab70-5e6b-9f16-527f53de9e5b,10,40f7edb2-203b-5446-a8cb-ca4462c89fb6,45.000,SET,1738.73,EUR,78242.85,2026-04-05,ca9aae1d-ebbb-5a9c-bbe6-620c5b46669a,45.000,Framework agreement pricing
fc2a65e1-730b-55a1-b1ff-e57aad171e50,2026-03-22T08:00:00Z,system,2026-03-22T08:00:00Z,system,36a0c062-ab70-5e6b-9f16-527f53de9e5b,20,b7445b03-ff12-5031-afe2-33e925c82fd3,150.000,BOX,296.79,EUR,44518.50,2026-04-05,17acfbf5-2aad-5079-ace8-588090d49230,150.000,
62b95747-e9da-5370-bfcb-6d62c269caa4,2026-03-22T08:00:00Z,system,2026-03-22T08:00:00Z,system,36a0c062-ab70-5e6b-9f16-527f53de9e5b,30,ca48575f-0b73-55a6-b23c-6de718d78d67,150.000,KG,8.13,EUR,1219.50,2026-04-05,1fa5c47e-b4de-5022-8114-c2f337d3904c,150.000,Quality inspection required
d9c6e721-1ce5-5046-9517-234dfde958a4,2026-06-22T08:00:00Z,system,2026-06-22T08:00:00Z,system,f1075a72-6177-5a31-b4ac-f83ae505a72d,10,612fada6-761e-5f21-9247-4531ae1ea588,2.000,L,427.35,EUR,854.70,2026-07-11,d32380cd-e5f5-58a5-be30-1e64de5788bc,0.834,
dd911838-ce9a-583c-947f-0ffe09a4d352,2026-06-22T08:00:00Z,system,2026-06-22T08:00:00Z,system,f1075a72-6177-5a31-b4ac-f83ae505a72d,20,384f66ad-b02f-5061-83cb-3ace1601e8d3,5.000,SET,1953.38,EUR,9766.90,2026-07-11,fee1dad0-94a6-56e4-b992-54a4fd031f86,0.463,Expedited delivery
fc3695ef-d6a7-5093-bb1e-a75f52339593,2026-06-22T08:00:00Z,system,2026-06-22T08:00:00Z,system,f1075a72-6177-5a31-b4ac-f83ae505a72d,30,ff7c211a-6fcd-5fa0-9ea1-713837b5f870,82.500,SET,1463.61,EUR,120747.82,2026-07-11,a0405667-a192-5bdc-a118-af75618ddf05,48.058,Quality inspection required
f76fb157-62c5-5dbc-80ce-a4583d3c5e5b,2026-06-22T08:00:00Z,system,2026-06-22T08:00:00Z,system,f1075a72-6177-5a31-b4ac-f83ae505a72d,40,15363821-3683-51e9-ad4d-1410e9a22f30,2.000,EA,696.17,EUR,1392.34,2026-07-11,b4d87680-899f-57d9-8a89-2d5d9c71eb0f,0.567,Standard order line
d459ecf2-b6ad-5988-b5d5-b7967ebaa525,2025-11-19T08:00:00Z,system,2025-11-19T08:00:00Z,system,96a76642-a183-5816-aa04-f0a1e08807fb,10,eca867c4-ec3b-52d0-826e-e72c7e331d21,50.000,BOX,31210.94,CZK,1560547.00,2026-01-08,e406d3b7-9815-526f-89c2-a7b10925edae,50.000,Framework agreement pricing
89ceb3a9-bad3-5493-80c8-4dd9da58c676,2025-11-19T08:00:00Z,system,2025-11-19T08:00:00Z,system,96a76642-a183-5816-aa04-f0a1e08807fb,20,a1de9ed1-ec0e-5ccc-86a4-1980e3dfb1ed,165.000,L,12083.94,CZK,1993850.10,2026-01-08,6fdf586a-1651-5b0e-90c0-1bbbfc9b394c,165.000,Standard order line
1f219362-96fd-5938-820f-9b6900904763,2026-03-04T08:00:00Z,system,2026-03-04T08:00:00Z,system,f1e2ba78-c0aa-5bcd-b60f-f7e7b343be03,10,7c9ec527-9eb0-52c4-b207-8cf0cae25caf,45.000,M,1815.65,EUR,81704.25,2026-04-12,beb61672-1a18-548a-8ccd-68c734e8dcb5,36.402,Expedited delivery
0ba2f11e-3e9d-5f6e-9937-b55d34cbdff8,2026-03-04T08:00:00Z,system,2026-03-04T08:00:00Z,system,f1e2ba78-c0aa-5bcd-b60f-f7e7b343be03,20,6febc7d4-a6f9-547c-bdef-f6c3c7cebf1b,25.000,BOX,879.21,EUR,21980.25,2026-04-12,a94e0c50-9932-5f35-8a48-4640e35a430d,16.867,Quality inspection required
44c6632b-9cec-5d63-a3de-575410d20592,2026-03-04T08:00:00Z,system,2026-03-04T08:00:00Z,system,f1e2ba78-c0aa-5bcd-b60f-f7e7b343be03,30,b565639f-0e27-5958-90ec-8e31f21798a1,4.500,KG,6.31,EUR,28.39,2026-04-12,2f65814e-bde0-568d-b560-58abb5a4024d,3.823,Quality inspection required
247db52e-86d8-5fdb-b072-1fe0c58db1ac,2026-03-04T08:00:00Z,system,2026-03-04T08:00:00Z,system,f1e2ba78-c0aa-5bcd-b60f-f7e7b343be03,40,25d66eb3-16e0-54c3-bcbc-0f87d2c22b95,200.000,EA,712.48,EUR,142496.00,2026-04-12,735c39a9-e478-50ed-a7f6-28a834dc3161,119.925,
c69fe0a3-4578-56d7-89ff-2c7b5f030a97,2026-03-04T08:00:00Z,system,2026-03-04T08:00:00Z,system,f1e2ba78-c0aa-5bcd-b60f-f7e7b343be03,50,19e5854c-015a-5974-997b-3ccb05e32d73,220.000,M,434.84,EUR,95664.80,2026-04-12,a723945b-3cfb-5d34-b9ab-f9129cf5aa08,173.409,Expedited delivery
15f4a123-b12b-5d90-a342-182ccfd3de3a,2026-04-10T08:00:00Z,system,2026-04-10T08:00:00Z,system,dd30c420-5b64-57b4-9e9f-aa54eb93b143,10,18842f90-d5d5-59ad-837c-f13f2b55bb62,11.000,EA,27074.67,CZK,297821.37,2026-06-16,80b227fa-24c7-56c0-a025-9f172022aaa7,11.000,Framework agreement pricing
0484a650-2750-5b5f-8ff1-2f4a482db0dc,2026-04-10T08:00:00Z,system,2026-04-10T08:00:00Z,system,dd30c420-5b64-57b4-9e9f-aa54eb93b143,20,3b977897-9c14-59e5-a889-922436cc6be2,1.000,EA,13455.58,CZK,13455.58,2026-06-16,bf3a5321-9efa-54e6-9203-eec9cbbf11f4,1.000,Expedited delivery
a56e549f-2297-589c-8488-8fea663e6045,2026-04-10T08:00:00Z,system,2026-04-10T08:00:00Z,system,dd30c420-5b64-57b4-9e9f-aa54eb93b143,30,4ab6e929-df87-5d07-b36e-bc3c2033a2c4,75.000,BOX,55674.81,CZK,4175610.75,2026-06-16,19f8cde2-35f1-556e-ae31-84968a90a7fb,75.000,Expedited delivery
7ac84921-13b5-55c2-a15a-20ef9ef4323b,2026-04-10T08:00:00Z,system,2026-04-10T08:00:00Z,system,dd30c420-5b64-57b4-9e9f-aa54eb93b143,40,af970570-0e69-5aa7-a1fd-93cea6d022c8,1.100,BOX,18084.01,CZK,19892.41,2026-06-16,d9ce94a6-517d-583a-b05f-868afeccf24e,1.100,Framework agreement pricing
edfaa814-fc51-5727-8c19-4295a418cd36,2025-10-28T08:00:00Z,system,2025-10-28T08:00:00Z,system,66a7768c-aa62-5fe1-be71-ccbfceb0789e,10,33a43adc-6963-52ef-b1d3-fd2492991b07,2.200,EA,19101.23,SEK,42022.71,2026-01-04,a3d390f3-eb84-5304-8245-d52992323a16,2.200,Framework agreement pricing
e047afa3-4266-52ea-94f1-8dc8a6289762,2025-10-28T08:00:00Z,system,2025-10-28T08:00:00Z,system,66a7768c-aa62-5fe1-be71-ccbfceb0789e,20,c72d85f2-1053-502b-bd90-efeb25b78b61,2.000,L,5853.03,SEK,11706.06,2026-01-04,8a9bab17-bc24-5b1f-a2fa-dc2dcd3d0b4b,2.000,Expedited delivery
74a15c56-2966-575d-a60a-8736ad29ae90,2025-10-28T08:00:00Z,system,2025-10-28T08:00:00Z,system,66a7768c-aa62-5fe1-be71-ccbfceb0789e,30,6c73375b-40a6-5535-9e27-a364e6837ed1,2.000,EA,26987.88,SEK,53975.76,2026-01-04,a11ac80a-767c-571a-89c8-f31fdc4ac7dc,2.000,
f5f82d42-90c6-58bc-be23-00fc69d89ebb,2025-10-28T08:00:00Z,system,2025-10-28T08:00:00Z,system,66a7768c-aa62-5fe1-be71-ccbfceb0789e,40,b565639f-0e27-5958-90ec-8e31f21798a1,1.800,KG,68.43,SEK,123.17,2026-01-04,700b1b83-7079-5a24-925b-4e64a309b159,1.800,Framework agreement pricing
0b254523-b2e7-55bc-96a4-0487e1e7d39d,2026-05-16T08:00:00Z,system,2026-05-16T08:00:00Z,system,a8d9ca65-7fb6-58d8-9410-237084ae4f56,10,8f4fa6ee-76d8-5196-89f7-b65fbb2cfff1,2.000,KG,22.48,EUR,44.96,2026-06-22,1b268da5-5ce6-521b-a913-dc17d679064b,1.360,Expedited delivery
1098d4e9-e539-509a-9854-4e9266397c76,2026-05-16T08:00:00Z,system,2026-05-16T08:00:00Z,system,a8d9ca65-7fb6-58d8-9410-237084ae4f56,20,d8fcbf1f-1dd7-50af-8261-2da45ed17eae,1.000,EA,248.10,EUR,248.10,2026-06-22,672f1d53-6e81-502c-87c9-81be997bd818,0.011,Expedited delivery
f6f31b97-1bac-56e0-86d1-22f972bdf5df,2026-05-16T08:00:00Z,system,2026-05-16T08:00:00Z,system,a8d9ca65-7fb6-58d8-9410-237084ae4f56,30,881eaa64-708a-5722-917e-fdcc33e19b55,90.000,M,2251.55,EUR,202639.50,2026-06-22,9709ce52-c318-56bf-b110-6a557ed8faa8,52.326,Quality inspection required
e89a6d40-2531-51bb-b881-fd8299922126,2026-05-16T08:00:00Z,system,2026-05-16T08:00:00Z,system,a8d9ca65-7fb6-58d8-9410-237084ae4f56,40,48cb4f21-8c1b-5570-a07c-08c09fbf0ce6,100.000,SET,752.03,EUR,75203.00,2026-06-22,6bd9cd29-20ac-5676-b8fd-7bb9f530580b,56.621,
459f41bc-8067-5810-8d24-91af55799e6d,2026-05-16T08:00:00Z,system,2026-05-16T08:00:00Z,system,a8d9ca65-7fb6-58d8-9410-237084ae4f56,50,dac566e3-7998-519e-827e-c56affe7618f,10.000,EA,1703.46,EUR,17034.60,2026-06-22,e97e204d-5012-5de3-9345-894f1712f4eb,4.713,Standard order line
f0bf1c15-f498-5ead-b0ea-b0fac31c69e1,2026-06-22T08:00:00Z,system,2026-06-22T08:00:00Z,system,79757ed3-ee30-5ba6-b2bb-bce05cfc27fe,10,9cccf623-1147-5c18-8001-597eaf1dced5,22.000,SET,1681.72,GBP,36997.84,2026-07-13,e99619af-27e1-543b-8ec5-5781ff173390,22.000,
2c7ca9a1-ec4e-52ac-9d07-99f18635e3fc,2026-06-22T08:00:00Z,system,2026-06-22T08:00:00Z,system,79757ed3-ee30-5ba6-b2bb-bce05cfc27fe,20,3686479f-e462-5c48-9c5a-4cbf814179f1,150.000,M,200.37,GBP,30055.50,2026-07-13,4beb4483-7e0c-5193-a61a-5345dc8f55e1,150.000,Expedited delivery
ef62401f-1b87-5ee7-ad3b-d352fadb63ae,2026-06-22T08:00:00Z,system,2026-06-22T08:00:00Z,system,79757ed3-ee30-5ba6-b2bb-bce05cfc27fe,30,b814d1af-9d7a-58a3-bcbc-2613f354645c,22.500,L,1074.20,GBP,24169.50,2026-07-13,fa272c09-b690-53f4-bdcd-50b2ff764c57,22.500,
ee3ac1da-7ff6-5716-94ee-84f0ea1d26e9,2026-06-22T08:00:00Z,system,2026-06-22T08:00:00Z,system,79757ed3-ee30-5ba6-b2bb-bce05cfc27fe,40,748d36d0-ad0a-5e2f-ae52-4b9bd4ac6a44,82.500,M,1579.67,GBP,130322.78,2026-07-13,c9986b0b-c97d-56d6-bff9-9e0e331cec4f,82.500,
4e6e97ca-eaa8-5425-847f-8c51021daffa,2026-01-04T08:00:00Z,system,2026-01-04T08:00:00Z,system,b2be9767-b22f-50c3-935e-323d1ab378a9,10,5c00c635-ab30-509c-930a-9c3027c73ba1,2.000,BOX,43905.65,CZK,87811.30,2026-01-30,d7a788ae-fb1e-5676-8b28-972c56089fab,0.000,Standard order line
ca7d0120-f63e-59a5-8ed8-e4212fe416ca,2026-01-04T08:00:00Z,system,2026-01-04T08:00:00Z,system,b2be9767-b22f-50c3-935e-323d1ab378a9,20,a1a5bad0-30ca-5727-b1d6-9e34f59daa2c,165.000,BOX,17017.16,CZK,2807831.40,2026-01-30,8efea5c0-d8de-5130-8beb-ddc8073545ab,0.000,Standard order line
e4a07894-bce5-5b4a-839b-49f32f992850,2026-04-19T08:00:00Z,system,2026-04-19T08:00:00Z,system,5c42dfc2-d361-57c1-a0cc-20ec5625160e,10,219cd16c-a048-5e62-90b0-7924b1431b82,150.000,L,2192.81,CAD,328921.50,2026-05-07,9c039784-1296-51ed-80cf-0da36a040314,69.865,Framework agreement pricing
2e07ef66-1429-57b9-92c5-31e375134e90,2026-04-19T08:00:00Z,system,2026-04-19T08:00:00Z,system,5c42dfc2-d361-57c1-a0cc-20ec5625160e,20,3fbd18a0-7abf-52be-90d6-d20cad8bccd3,165.000,SET,1637.12,CAD,270124.80,2026-05-07,819b3ce5-b1ef-5cf9-b59c-12d6d90e7a52,91.924,Framework agreement pricing
560a9883-d87e-531f-99d5-2021fc0f9e5c,2026-04-19T08:00:00Z,system,2026-04-19T08:00:00Z,system,5c42dfc2-d361-57c1-a0cc-20ec5625160e,30,2ecf27bf-5cc9-5e4d-bf61-da068d5ffc48,100.000,EA,1200.21,CAD,120021.00,2026-05-07,cab0ec59-4749-51c8-b456-95cc1e6a3293,29.438,Framework agreement pricing
49b3ab11-e2ec-5216-9e60-704f346c2390,2026-04-19T08:00:00Z,system,2026-04-19T08:00:00Z,system,5c42dfc2-d361-57c1-a0cc-20ec5625160e,40,d82bd767-f5ed-57ab-a2c9-406318f72bc2,1.000,L,100.87,CAD,100.87,2026-05-07,30eac29b-a69c-5a40-b82a-3044117fd221,0.391,Framework agreement pricing
7aa2dbda-8f3e-5981-a310-53dd08759a3d,2026-04-19T08:00:00Z,system,2026-04-19T08:00:00Z,system,5c42dfc2-d361-57c1-a0cc-20ec5625160e,50,596f3822-e07b-55ed-bd48-239fb3db0e77,5.000,KG,40.83,CAD,204.15,2026-05-07,4db131f0-b4d2-5da0-be56-9b11131e6b8a,4.435,Framework agreement pricing
b5795f79-df64-576a-bdcf-be606f9b41fe,2025-12-11T08:00:00Z,system,2025-12-11T08:00:00Z,system,599b3689-aad0-5b1f-9764-a3d91490c66b,10,accc637f-3162-5d58-877b-1b8457c93561,100.000,L,1206.10,GBP,120610.00,2026-02-02,3e5fe4bd-cb24-5034-b0da-4cb743044a68,0.000,Expedited delivery
4481db10-74bc-5c91-86bf-5801de45b902,2025-12-11T08:00:00Z,system,2025-12-11T08:00:00Z,system,599b3689-aad0-5b1f-9764-a3d91490c66b,20,a26b0733-3b42-54db-a022-07e6e0f7182b,25.000,L,1897.22,GBP,47430.50,2026-02-02,3c1a5139-d1f9-51bb-b6f5-5cb13ab8df2d,0.000,Expedited delivery
b703e664-0850-5f41-8d59-111b0d1bd9a1,2025-12-11T08:00:00Z,system,2025-12-11T08:00:00Z,system,599b3689-aad0-5b1f-9764-a3d91490c66b,30,65e45d5d-37a2-56b1-837a-6d62a46b2ae9,82.500,BOX,200.28,GBP,16523.10,2026-02-02,2a98330c-a0f0-53b3-80ba-5cd308810870,0.000,Standard order line
3f22b333-60a7-5d2d-b436-f243041f82e5,2026-07-05T08:00:00Z,system,2026-07-05T08:00:00Z,system,321e2bfc-b1a1-5922-876e-b6d9773ef653,10,a56d36d8-7b2d-5bff-ae8b-8d8002e9d564,20.000,L,4733.31,PLN,94666.20,2026-08-23,51e55215-82e9-5acb-ae8a-923b91fd0fec,0.000,Expedited delivery
572946cc-f22e-5280-824c-b3ea6932277f,2026-07-05T08:00:00Z,system,2026-07-05T08:00:00Z,system,321e2bfc-b1a1-5922-876e-b6d9773ef653,20,80c11da5-9f8d-5b62-9f22-c377427c0d7f,4.500,M,7506.74,PLN,33780.33,2026-08-23,d48d6630-6792-51b2-8734-ba098316222c,0.000,
b87bcd26-3ea8-5dfb-8b6b-9f3a55e88593,2026-02-06T08:00:00Z,system,2026-02-06T08:00:00Z,system,5f9be272-e2f0-5d0c-b8dc-fdd85e9e8397,10,05a4f991-84c1-5839-9f40-938f84dcd65e,50.000,M,2070.61,CAD,103530.50,2026-02-19,79eb1774-6ffc-5fa5-ba28-03b43671cd7b,8.508,Expedited delivery
fd7db83b-a2c9-5831-b92f-cc3db37c2fb1,2026-02-06T08:00:00Z,system,2026-02-06T08:00:00Z,system,5f9be272-e2f0-5d0c-b8dc-fdd85e9e8397,20,76540a83-8375-53ea-a170-4e4e171d11cd,220.000,KG,43.15,CAD,9493.00,2026-02-19,ae633d96-8b0b-5d79-8ca4-909d848d9eeb,115.506,Quality inspection required
4b277ad2-b253-5ce1-8649-31e38e8ce15e,2026-02-06T08:00:00Z,system,2026-02-06T08:00:00Z,system,5f9be272-e2f0-5d0c-b8dc-fdd85e9e8397,30,a93a3ee0-dfe5-5635-b2cf-50207f6eefff,50.000,BOX,1483.41,CAD,74170.50,2026-02-19,006ecf40-accf-5dbd-a859-694cc0340ad3,33.068,Framework agreement pricing
fb161ccf-1624-5525-beb1-060bb44d315e,2026-02-06T08:00:00Z,system,2026-02-06T08:00:00Z,system,5f9be272-e2f0-5d0c-b8dc-fdd85e9e8397,40,7bbe83f1-c77e-5ae0-b99e-e216e600e89f,9.000,KG,43.64,CAD,392.76,2026-02-19,2e7d6304-2d9f-5eaf-bbec-ff8e9f78913e,6.313,
603ae19f-123e-52ff-8379-8ea1019eb34e,2026-02-06T08:00:00Z,system,2026-02-06T08:00:00Z,system,5f9be272-e2f0-5d0c-b8dc-fdd85e9e8397,50,6888476b-380f-570d-8a87-551948fe535a,150.000,M,1526.26,CAD,228939.00,2026-02-19,4530394f-8000-5f9b-bb44-48142d4e9861,79.775,Quality inspection required
c5b022cd-a69d-5338-9582-c6d5365716b4,2026-05-10T08:00:00Z,system,2026-05-10T08:00:00Z,system,c8f2e100-b295-5850-a278-edab32d4c4f9,10,8a88a029-d7a6-5756-bff0-19a8dbb9a099,2.000,L,5675.30,SEK,11350.60,2026-06-07,58cedbe9-e97c-57d7-b264-5e7b50b2ae9c,0.000,Framework agreement pricing
7b30e5e7-c317-5e38-9408-b3802b7af55d,2026-05-10T08:00:00Z,system,2026-05-10T08:00:00Z,system,c8f2e100-b295-5850-a278-edab32d4c4f9,20,4c30fa9e-b4c6-593b-975f-b5c99a3fa9b1,2.200,M,6013.51,SEK,13229.72,2026-06-07,a1e290ca-5563-5349-b8cc-b8b19054470e,0.000,
821c6f3f-6f30-5842-aeb5-661f941faf3a,2026-07-22T08:00:00Z,system,2026-07-22T08:00:00Z,system,f93c7860-a81b-5fbc-af1d-1b8c807d59bf,10,8407ccad-dc71-5f5d-bf6c-5c34f5e1b0ce,135.000,M,1612.11,EUR,217634.85,2026-09-10,dc52fe48-a653-5292-a4e5-d4fcead5bbbe,63.213,Expedited delivery
ab8ed194-6dfa-5e6f-999f-2a6d63e286ae,2026-07-22T08:00:00Z,system,2026-07-22T08:00:00Z,system,f93c7860-a81b-5fbc-af1d-1b8c807d59bf,20,70c1e335-53e1-5df8-b343-82e92d1eab19,75.000,M,100.78,EUR,7558.50,2026-09-10,f929ddf1-c8e1-5bf0-8f6e-9fee6580e9f7,8.567,Expedited delivery
8ef456bc-1f72-5ec4-a627-60134917a00f,2026-07-22T08:00:00Z,system,2026-07-22T08:00:00Z,system,f93c7860-a81b-5fbc-af1d-1b8c807d59bf,30,5994f62a-190b-5f64-a95c-9773a244fa2e,5.500,SET,1713.46,EUR,9424.03,2026-09-10,03595bb9-6da4-57d2-9b45-717fd9b394a6,2.194,Standard order line
94c2a583-75d0-5333-adab-85743363e274,2026-07-22T08:00:00Z,system,2026-07-22T08:00:00Z,system,f93c7860-a81b-5fbc-af1d-1b8c807d59bf,40,a09d3b3c-22f6-56c6-93d4-2863d0444e94,25.000,L,1427.23,EUR,35680.75,2026-09-10,14c2f52a-f538-5811-ae00-a177bfbd240b,1.140,Standard order line
9950b477-3e58-5795-9572-ab8bdf2fa0f9,2026-01-29T08:00:00Z,system,2026-01-29T08:00:00Z,system,ec17ebc3-ca26-5720-bbc9-db1e013b7fa5,10,3e5204f6-3370-5c61-92de-50e60340d4c4,75.000,SET,4210.41,PLN,315780.75,2026-03-11,4c2a2e58-a59b-5fc0-9085-c870c0d68e16,15.437,Standard order line
4295f2b2-77a6-5dbc-a2fd-afb86a76a266,2026-01-29T08:00:00Z,system,2026-01-29T08:00:00Z,system,ec17ebc3-ca26-5720-bbc9-db1e013b7fa5,20,6409ea13-8e69-5a7d-8700-a21076b19964,150.000,EA,390.56,PLN,58584.00,2026-03-11,f73f0978-9126-57af-b0dc-0e24fca481f1,78.612,Quality inspection required
2d766228-29a9-592c-b4a8-787ee645ade4,2026-01-29T08:00:00Z,system,2026-01-29T08:00:00Z,system,ec17ebc3-ca26-5720-bbc9-db1e013b7fa5,30,965972d0-7dc1-5a2e-a771-140c178aec3b,200.000,EA,1001.97,PLN,200394.00,2026-03-11,e81db0d5-ba3b-5f72-8c28-4351aa045220,74.810,Expedited delivery
64a63fab-ad78-5cfd-8251-3b75210c25d7,2026-04-09T08:00:00Z,system,2026-04-09T08:00:00Z,system,01ec175b-f572-5051-a9a7-43aab7c1e2d4,10,2e04e317-f482-5ac1-936d-a38a95e8c762,200.000,M,2957.00,CAD,591400.00,2026-04-29,f34e1a2f-2089-5b90-9c63-b90c781f9fce,200.000,Standard order line
ac65de78-a208-56c6-b117-4f1a6ea3468a,2026-04-09T08:00:00Z,system,2026-04-09T08:00:00Z,system,01ec175b-f572-5051-a9a7-43aab7c1e2d4,20,26b04983-d84b-57db-acd1-68d00120334b,1.000,L,1973.78,CAD,1973.78,2026-04-29,03dca70e-cc2a-5a4a-af97-d6176d54ede3,1.000,Quality inspection required
31c0807d-9cea-5739-99ae-86abae8dc15d,2026-04-09T08:00:00Z,system,2026-04-09T08:00:00Z,system,01ec175b-f572-5051-a9a7-43aab7c1e2d4,30,437ef9de-cfe9-5599-8502-13a53e958016,25.000,KG,16.95,CAD,423.75,2026-04-29,1ca18097-d0e7-5364-91b5-5b4f168895a9,25.000,Quality inspection required
d1f7b1ab-7847-5b04-88d6-86249070489c,2026-04-09T08:00:00Z,system,2026-04-09T08:00:00Z,system,01ec175b-f572-5051-a9a7-43aab7c1e2d4,40,4a6344a3-f35e-516c-9e41-3b71adc76bae,50.000,M,1126.20,CAD,56310.00,2026-04-29,c0db48e2-6610-5de5-ba0c-46a490fdb819,50.000,Framework agreement pricing
8885c5bd-c157-5b5f-acb4-4b69c42544e5,2026-04-09T08:00:00Z,system,2026-04-09T08:00:00Z,system,01ec175b-f572-5051-a9a7-43aab7c1e2d4,50,c72d85f2-1053-502b-bd90-efeb25b78b61,220.000,L,803.79,CAD,176833.80,2026-04-29,f43663e6-eb66-5f7f-84fc-823f73fff4e4,220.000,
65d8eceb-680a-579b-bf12-3eee41031734,2026-01-30T08:00:00Z,system,2026-01-30T08:00:00Z,system,4587c2c2-ae6b-51eb-9194-ac541d7b0a47,10,7bbe83f1-c77e-5ae0-b99e-e216e600e89f,18.000,KG,23.87,EUR,429.66,2026-02-04,30a702dc-0833-5707-bfaf-c76341ca7e29,18.000,Quality inspection required
8d3e7ea2-f021-5645-98b2-d85828454498,2026-01-30T08:00:00Z,system,2026-01-30T08:00:00Z,system,4587c2c2-ae6b-51eb-9194-ac541d7b0a47,20,ba5523d6-66ae-54e6-9e20-1e373c65f38b,20.000,M,2045.23,EUR,40904.60,2026-02-04,e108edb3-07a1-5664-b520-115925e212c8,20.000,Standard order line
e5f628b3-46d4-5d1b-ba44-4baec0043904,2026-01-30T08:00:00Z,system,2026-01-30T08:00:00Z,system,4587c2c2-ae6b-51eb-9194-ac541d7b0a47,30,a26b0733-3b42-54db-a022-07e6e0f7182b,200.000,L,1862.22,EUR,372444.00,2026-02-04,b98eacd7-178e-55a4-816f-8845cb533667,200.000,Quality inspection required
1a49175d-9cc7-58fb-b85d-f6c699a8f527,2026-01-30T08:00:00Z,system,2026-01-30T08:00:00Z,system,4587c2c2-ae6b-51eb-9194-ac541d7b0a47,40,a46103e7-a245-5eef-af4b-854671431c6b,9.000,M,1917.26,EUR,17255.34,2026-02-04,f79b15a4-7c0c-5357-bb3f-d0765e3d1e29,9.000,Expedited delivery
d95a2d29-70fd-5f13-919b-0b3e07d09b84,2026-01-30T08:00:00Z,system,2026-01-30T08:00:00Z,system,4587c2c2-ae6b-51eb-9194-ac541d7b0a47,50,559354e7-7937-5578-baa8-6d7ae9f39b6f,75.000,BOX,920.74,EUR,69055.50,2026-02-04,b7e90e06-b30f-5707-aa5b-c6a0f08c4541,75.000,Expedited delivery
1df9c91f-9e5e-5702-aa22-c5759b41065f,2026-04-05T08:00:00Z,system,2026-04-05T08:00:00Z,system,a0a6ba65-80bc-5ae5-aaa0-7b408cf38adc,10,15f3b8aa-4649-5a10-a707-45aa1b2b3bf5,150.000,L,1893.48,GBP,284022.00,2026-05-25,4e86b727-7576-5491-89b3-117d08a634b0,0.000,Expedited delivery
837ea711-3aa0-5196-9e3d-76d34ac5a2fc,2026-04-05T08:00:00Z,system,2026-04-05T08:00:00Z,system,a0a6ba65-80bc-5ae5-aaa0-7b408cf38adc,20,6febc7d4-a6f9-547c-bdef-f6c3c7cebf1b,5.000,BOX,815.82,GBP,4079.10,2026-05-25,05b5777b-2ef1-5a78-86cb-a448f9d19490,0.000,Expedited delivery
7faa2f06-6219-5579-8ab0-fb028311779f,2026-04-05T08:00:00Z,system,2026-04-05T08:00:00Z,system,a0a6ba65-80bc-5ae5-aaa0-7b408cf38adc,30,b03f0dc2-a9e5-5330-affe-38e1a3e58c73,11.000,L,256.02,GBP,2816.22,2026-05-25,a13bf772-16df-5bab-983c-9fa32b518339,0.000,Expedited delivery
c04964f1-4d31-5ab3-95ba-0a59a44229b1,2026-05-12T08:00:00Z,system,2026-05-12T08:00:00Z,system,dda358d9-5146-5c6a-b52f-5df51ede9df9,10,8152f104-7621-5be4-8056-73ba5b77136f,45.000,EA,809.77,EUR,36439.65,2026-07-16,8ae5fa90-31c1-5bae-a556-750413d77dee,22.301,Framework agreement pricing
7f5338ac-fee1-5558-ad38-09eeea4f1d39,2026-05-12T08:00:00Z,system,2026-05-12T08:00:00Z,system,dda358d9-5146-5c6a-b52f-5df51ede9df9,20,c95f5935-922a-5171-a5e9-dde46f32a83d,25.000,KG,32.16,EUR,804.00,2026-07-16,ea4ae57a-0ae6-58bc-8a23-5facf6d40f97,0.029,Framework agreement pricing
b76a7af0-9562-5962-a6d1-b2b52821c901,2026-05-12T08:00:00Z,system,2026-05-12T08:00:00Z,system,dda358d9-5146-5c6a-b52f-5df51ede9df9,30,c1a24447-ba94-5724-9a1d-064a2c0b2811,20.000,SET,1129.45,EUR,22589.00,2026-07-16,06637e2b-d1a4-5071-b790-bb907940dcc0,12.267,Standard order line
864f299c-1a47-5c1d-ab3f-bb573a797ee7,2026-05-12T08:00:00Z,system,2026-05-12T08:00:00Z,system,dda358d9-5146-5c6a-b52f-5df51ede9df9,40,c921e193-a3b7-5f2b-800f-213728db4d05,2.000,KG,8.57,EUR,17.14,2026-07-16,e6647c33-cb51-5e11-9587-a97360138ebd,1.202,Expedited delivery
6e9a6c0a-d771-553e-b0c1-13df4238490e,2026-05-12T08:00:00Z,system,2026-05-12T08:00:00Z,system,dda358d9-5146-5c6a-b52f-5df51ede9df9,50,1279ded7-a3ce-5c62-b799-bc522c58f6c5,135.000,KG,15.09,EUR,2037.15,2026-07-16,79a5cceb-70d7-5a30-9d44-d5f45db727a4,42.411,Framework agreement pricing
a6d46429-390a-5d13-a433-a441cbc461e5,2026-02-28T08:00:00Z,system,2026-02-28T08:00:00Z,system,4bcc75e8-4c75-5c36-b7e2-649db6340e07,10,9c244d41-3489-5976-bcdb-b0d76c2237a9,100.000,KG,27.39,EUR,2739.00,2026-03-28,3ce47ab3-a16f-57c5-8517-ab112aafcbf7,100.000,Expedited delivery
0e7d9254-95f6-5245-8e49-3cd9a9ec09ea,2026-02-28T08:00:00Z,system,2026-02-28T08:00:00Z,system,4bcc75e8-4c75-5c36-b7e2-649db6340e07,20,62a2158d-64d0-547a-b140-23e19a0b0820,45.000,BOX,1600.14,EUR,72006.30,2026-03-28,043b0c72-db78-59f9-a297-c447eecd07a3,45.000,Quality inspection required
854c78da-7080-5231-87d1-7e2ec82aa1d7,2026-02-28T08:00:00Z,system,2026-02-28T08:00:00Z,system,4bcc75e8-4c75-5c36-b7e2-649db6340e07,30,6febc7d4-a6f9-547c-bdef-f6c3c7cebf1b,1.000,BOX,1043.95,EUR,1043.95,2026-03-28,9ac409f7-6257-5a71-935c-1b1b9bea21ed,1.000,Quality inspection required
997d6810-194b-508a-93d7-eea31e790541,2025-12-04T08:00:00Z,system,2025-12-04T08:00:00Z,system,bffcbafe-ab48-57f9-a87b-2fb285da0157,10,bbccc08a-f2c9-5ff6-a628-fb59284b03ec,25.000,SET,103.09,EUR,2577.25,2026-01-08,a1121fe3-6f58-5c9d-a6f3-3a9c54873df6,25.000,Quality inspection required
f6968729-3553-5003-819c-21b6b4d04bb8,2025-12-04T08:00:00Z,system,2025-12-04T08:00:00Z,system,bffcbafe-ab48-57f9-a87b-2fb285da0157,20,6be44d6c-c457-5100-971c-5640df33eb4b,180.000,SET,455.39,EUR,81970.20,2026-01-08,7f1eec29-2fa3-5029-a09d-1263620df1f8,180.000,Standard order line
a9f83953-cef0-585b-81c8-0cb95dbafb9c,2025-12-04T08:00:00Z,system,2025-12-04T08:00:00Z,system,bffcbafe-ab48-57f9-a87b-2fb285da0157,30,f4d5037c-d38c-5514-b120-c0d70fd1331e,2.000,L,856.58,EUR,1713.16,2026-01-08,d6cad6d1-ebfc-5e9a-ad30-1d25aa66d0fe,2.000,Expedited delivery
1ff431ec-80cc-5ea3-b6f1-46706d15225f,2025-12-04T08:00:00Z,system,2025-12-04T08:00:00Z,system,bffcbafe-ab48-57f9-a87b-2fb285da0157,40,9f72fcd8-0de5-52ab-8f85-0c7e59529a02,150.000,EA,378.68,EUR,56802.00,2026-01-08,d18c1975-ff9d-5b5c-ba9d-832c2d0c6a53,150.000,Framework agreement pricing
ccaddbd4-7312-5319-8678-b9d2f1905e0b,2025-12-04T08:00:00Z,system,2025-12-04T08:00:00Z,system,bffcbafe-ab48-57f9-a87b-2fb285da0157,50,c72d85f2-1053-502b-bd90-efeb25b78b61,220.000,L,557.49,EUR,122647.80,2026-01-08,f43663e6-eb66-5f7f-84fc-823f73fff4e4,220.000,Framework agreement pricing
186d99e8-a72e-5fe4-b3c3-0d67d76a8c0a,2026-04-21T08:00:00Z,system,2026-04-21T08:00:00Z,system,3a09d28e-f705-56fa-a662-ad39f7d54aa6,10,c921e193-a3b7-5f2b-800f-213728db4d05,2.000,KG,58.39,DKK,116.78,2026-06-03,e6647c33-cb51-5e11-9587-a97360138ebd,2.000,Standard order line
7c73cb08-fd7e-57d4-a896-3c4fc50c6c23,2026-04-21T08:00:00Z,system,2026-04-21T08:00:00Z,system,3a09d28e-f705-56fa-a662-ad39f7d54aa6,20,a1de9ed1-ec0e-5ccc-86a4-1980e3dfb1ed,22.000,L,3376.91,DKK,74292.02,2026-06-03,0d57427a-bb93-5c97-8e5f-3b2fbbe3dbd1,22.000,
4e36fc09-f7f6-5a43-8d55-20e680b4602a,2026-04-21T08:00:00Z,system,2026-04-21T08:00:00Z,system,3a09d28e-f705-56fa-a662-ad39f7d54aa6,30,9f268dd5-b99b-5f85-935d-cd614d5d12ad,1.000,KG,174.81,DKK,174.81,2026-06-03,8c7236e1-1efc-5016-9639-ba32ae439b0e,1.000,
d1f3654c-c169-5d3a-9d7f-62680366fb67,2026-04-21T08:00:00Z,system,2026-04-21T08:00:00Z,system,3a09d28e-f705-56fa-a662-ad39f7d54aa6,40,a7d2c2da-af08-5f66-aad4-f45b74b00edb,10.000,L,18234.26,DKK,182342.60,2026-06-03,bfc4b395-58aa-592a-834d-2f0c88a6c16a,10.000,Framework agreement pricing
8e42596e-9507-5561-a40f-4071d2a4a9e1,2025-12-08T08:00:00Z,system,2025-12-08T08:00:00Z,system,dc458b0d-16dd-503b-80fc-d02e2e7a3650,10,7bbe83f1-c77e-5ae0-b99e-e216e600e89f,20.000,KG,22.88,EUR,457.60,2026-01-13,30a702dc-0833-5707-bfaf-c76341ca7e29,20.000,Framework agreement pricing
b5de0373-105f-5c57-9813-d2ba56475b6c,2025-12-08T08:00:00Z,system,2025-12-08T08:00:00Z,system,dc458b0d-16dd-503b-80fc-d02e2e7a3650,20,9390c973-ffaf-555f-9cb1-d1547db4c4d9,45.000,SET,1552.79,EUR,69875.55,2026-01-13,9946d721-b272-5298-8717-832ae1316e00,45.000,Expedited delivery
f149c159-4e34-5295-bd45-e8a6407638d4,2025-12-08T08:00:00Z,system,2025-12-08T08:00:00Z,system,dc458b0d-16dd-503b-80fc-d02e2e7a3650,30,d96ec281-e3a6-5aba-b6f4-379e05515ef4,75.000,SET,1174.92,EUR,88119.00,2026-01-13,7ab7f399-8adf-5a8c-9fc9-c8d8bdf3c31e,75.000,Framework agreement pricing
8727fc66-02ff-5240-9a5f-299b49c300a4,2025-12-08T08:00:00Z,system,2025-12-08T08:00:00Z,system,dc458b0d-16dd-503b-80fc-d02e2e7a3650,40,c921e193-a3b7-5f2b-800f-213728db4d05,2.000,KG,7.60,EUR,15.20,2026-01-13,e6647c33-cb51-5e11-9587-a97360138ebd,2.000,Quality inspection required
4e6e7993-30f8-58a8-8d63-29aba583375d,2025-12-08T08:00:00Z,system,2025-12-08T08:00:00Z,system,dc458b0d-16dd-503b-80fc-d02e2e7a3650,50,bd5e7023-209e-5ff1-a2af-9de8ff638d16,22.500,EA,2184.90,EUR,49160.25,2026-01-13,062df676-d6ea-5b5a-8331-7cf259dad1e9,22.500,Framework agreement pricing
dac9f501-f886-5024-9e9e-74fa63e580a7,2025-11-06T08:00:00Z,system,2025-11-06T08:00:00Z,system,fccc465c-bc87-582b-905f-2e370016ced8,10,a09d3b3c-22f6-56c6-93d4-2863d0444e94,150.000,L,1710.56,EUR,256584.00,2025-12-18,811be6b2-e197-5078-a469-c95249de5628,150.000,Framework agreement pricing
57c807ce-2a9f-51e9-8202-59e2e43635fa,2025-11-06T08:00:00Z,system,2025-11-06T08:00:00Z,system,fccc465c-bc87-582b-905f-2e370016ced8,20,17594ecd-2424-57ab-85b5-deef54d20340,25.000,L,882.21,EUR,22055.25,2025-12-18,18633100-c9e0-53a5-aae2-ecc570834b73,25.000,
440929a9-8ea2-5fad-a593-f9840e5fe33b,2025-11-06T08:00:00Z,system,2025-11-06T08:00:00Z,system,fccc465c-bc87-582b-905f-2e370016ced8,30,ca48575f-0b73-55a6-b23c-6de718d78d67,1.800,KG,6.96,EUR,12.53,2025-12-18,9203f077-cab6-5706-aa2f-6d8e8dc662e0,1.800,Standard order line
416075e3-a0e0-5f65-bfd1-08d3dd5a505f,2025-11-06T08:00:00Z,system,2025-11-06T08:00:00Z,system,fccc465c-bc87-582b-905f-2e370016ced8,40,105849c8-03f2-573d-9e97-230d47fc6774,20.000,SET,1503.70,EUR,30074.00,2025-12-18,98802ba4-8dda-5b28-8242-4a962b5f98b8,20.000,Framework agreement pricing
b3966835-9b9a-52ee-8443-a1312f0a9dc0,2026-03-20T08:00:00Z,system,2026-03-20T08:00:00Z,system,86536ec8-6715-5735-824b-4e6de695c35a,10,f968e107-0cac-5cfd-a628-d3aa05f1e38d,20.000,EA,4249.31,PLN,84986.20,2026-04-29,cdd83cf4-dbcc-508b-93b6-c84532f0d34e,0.000,
fd11d63a-b0d7-53b3-aac8-01e65498abb4,2026-03-20T08:00:00Z,system,2026-03-20T08:00:00Z,system,86536ec8-6715-5735-824b-4e6de695c35a,20,48cb4f21-8c1b-5570-a07c-08c09fbf0ce6,200.000,SET,3794.96,PLN,758992.00,2026-04-29,9bd6352a-2bfd-57e0-8cc1-f4f16ed211de,0.000,Expedited delivery
9a020061-c812-57dc-9252-71253ef2cba9,2026-03-20T08:00:00Z,system,2026-03-20T08:00:00Z,system,86536ec8-6715-5735-824b-4e6de695c35a,30,cb6ffa8f-0fe6-5b74-b902-9c455baa0e7f,165.000,BOX,905.45,PLN,149399.25,2026-04-29,69a50793-472d-52b0-a40c-a98eb57a6026,0.000,
e9a63f60-59a8-5efe-a2f0-774b73da19e1,2025-11-21T08:00:00Z,system,2025-11-21T08:00:00Z,system,fb964796-6c3c-5457-817b-5f9c81e85369,10,11887a5e-152e-56c0-9b50-7d5495fe3b5a,4.500,L,5528.25,CZK,24877.12,2026-01-23,14fbd1fc-5a99-59e9-b5cb-52e9043fbdce,4.500,Expedited delivery
13876e0b-9f12-504a-a783-abda474f8caf,2025-11-21T08:00:00Z,system,2025-11-21T08:00:00Z,system,fb964796-6c3c-5457-817b-5f9c81e85369,20,00a24b8a-d6ef-5fd9-b832-024cf1e9f1b5,180.000,EA,25403.82,CZK,4572687.60,2026-01-23,b9223467-7c85-5f00-b6de-e3ade486eccd,180.000,Standard order line
b11cf1b7-01cf-5d99-843e-44d69e7ea0bb,2025-11-21T08:00:00Z,system,2025-11-21T08:00:00Z,system,fb964796-6c3c-5457-817b-5f9c81e85369,30,5b7ae8db-72b9-5511-ba23-2698e4fd03df,22.500,BOX,3621.87,CZK,81492.07,2026-01-23,1ea8705a-4fdd-5997-ab99-093e8006cc2d,22.500,Standard order line
e161868e-634a-5802-b6b0-254163ab443b,2025-11-20T08:00:00Z,system,2025-11-20T08:00:00Z,system,a35ae54e-f776-5c1c-919f-32df4da8ebe7,10,b48aeed1-7840-500f-a433-e19c16974f9d,75.000,SET,5816.80,PLN,436260.00,2026-01-07,205b83a2-762b-5e68-8067-f332af6b795f,75.000,Standard order line
602799c2-fcda-5436-becc-80984ded6eb8,2025-11-20T08:00:00Z,system,2025-11-20T08:00:00Z,system,a35ae54e-f776-5c1c-919f-32df4da8ebe7,20,0ff1099e-974c-5cf5-97fc-078fe85ca3af,82.500,L,5948.66,PLN,490764.45,2026-01-07,cb7c38c0-c101-54df-98aa-836864ce6100,82.500,Quality inspection required
757dfc4d-2224-54f1-b3de-95f266205c38,2025-11-20T08:00:00Z,system,2025-11-20T08:00:00Z,system,a35ae54e-f776-5c1c-919f-32df4da8ebe7,30,946b9def-1c5e-5d38-8f79-05db3b27b218,9.000,M,9896.72,PLN,89070.48,2026-01-07,f0d2df3a-ab62-5637-a8a9-f37c36088622,9.000,Quality inspection required
4bb6dd3e-b213-57f1-8995-5c4e1364b04b,2026-07-12T08:00:00Z,system,2026-07-12T08:00:00Z,system,90d93e8f-d45e-593d-8153-9bb294476a1a,10,06d90e5a-e269-5465-96ac-4d7026277e09,67.500,L,81.61,EUR,5508.68,2026-08-16,b6b993d6-f3b6-5130-8d6a-6436394a478f,67.500,Standard order line
d8fc110f-0114-5baf-b7b8-766ba06a2064,2026-07-12T08:00:00Z,system,2026-07-12T08:00:00Z,system,90d93e8f-d45e-593d-8153-9bb294476a1a,20,8a9aca99-35d6-5da5-8c10-babbacfc2c60,75.000,BOX,687.88,EUR,51591.00,2026-08-16,a1ad6b99-e0ae-50e6-8a57-59bcd1a2f8fe,75.000,Quality inspection required
657c4dce-8bd1-508d-86ad-3bf56c6a8411,2026-07-12T08:00:00Z,system,2026-07-12T08:00:00Z,system,90d93e8f-d45e-593d-8153-9bb294476a1a,30,d3c939e0-3924-58da-a01d-c79899d13ee4,20.000,EA,2239.75,EUR,44795.00,2026-08-16,91235a30-0273-545a-88ee-1dcd97574f02,20.000,Standard order line
f2441d39-3142-5516-84e1-95b671fa09ac,2026-01-28T08:00:00Z,system,2026-01-28T08:00:00Z,system,9cd12725-50e2-5972-be64-105a0c495031,10,8ffbee35-114e-52c9-982d-47f2ee96df4a,4.500,EA,849.32,EUR,3821.94,2026-02-17,6dbd8744-866f-5b7c-b587-bf868d97276f,1.436,Expedited delivery
f83ecfee-67aa-5fa6-bbba-ea8ec977ab81,2026-01-28T08:00:00Z,system,2026-01-28T08:00:00Z,system,9cd12725-50e2-5972-be64-105a0c495031,20,af970570-0e69-5aa7-a1fd-93cea6d022c8,1.000,BOX,693.63,EUR,693.63,2026-02-17,9c4ae593-8cce-5518-91d7-a5246435c3a6,0.270,Expedited delivery
c9e2d9ab-7174-5dde-b4c9-a374a6bdbcf7,2025-12-18T08:00:00Z,system,2025-12-18T08:00:00Z,system,9dda6557-07fb-5410-a92a-4a87f73857e9,10,8a9aca99-35d6-5da5-8c10-babbacfc2c60,50.000,BOX,749.58,CHF,37479.00,2026-01-31,01059a6a-4b18-5499-8ef9-75cf5ad76ca4,50.000,Framework agreement pricing
8c759ea8-ec74-57aa-8149-61a0b3ea82c2,2025-12-18T08:00:00Z,system,2025-12-18T08:00:00Z,system,9dda6557-07fb-5410-a92a-4a87f73857e9,20,9f268dd5-b99b-5f85-935d-cd614d5d12ad,1.000,KG,23.59,CHF,23.59,2026-01-31,8c7236e1-1efc-5016-9639-ba32ae439b0e,1.000,
9c4fda5b-f007-5030-81b9-9138c8c7328a,2025-12-18T08:00:00Z,system,2025-12-18T08:00:00Z,system,9dda6557-07fb-5410-a92a-4a87f73857e9,30,21cbb700-5485-5bab-b31b-e024cd04b587,10.000,M,1064.78,CHF,10647.80,2026-01-31,1dd32be6-1795-524f-94c0-81ce875c0fe7,10.000,
bc67918f-a0d3-52a1-8ff8-ff6e2a11c99d,2025-12-18T08:00:00Z,system,2025-12-18T08:00:00Z,system,9dda6557-07fb-5410-a92a-4a87f73857e9,40,5464a7bf-73cd-5738-b7f9-01c417006d3e,200.000,EA,1419.98,CHF,283996.00,2026-01-31,f477b895-f4fe-512a-a190-094f2c7b71c9,200.000,Expedited delivery
9368c9d2-4e21-5d36-be07-17db6c576001,2025-12-01T08:00:00Z,system,2025-12-01T08:00:00Z,system,cde2d666-7752-5d41-9558-d5bd671d0b09,10,18842f90-d5d5-59ad-837c-f13f2b55bb62,75.000,EA,4601.23,PLN,345092.25,2026-01-07,26943711-6989-565e-b14c-4ca4f0c6aae0,0.000,Framework agreement pricing
ed01e7e9-42f5-51ae-a3db-f58bbb76edae,2025-12-01T08:00:00Z,system,2025-12-01T08:00:00Z,system,cde2d666-7752-5d41-9558-d5bd671d0b09,20,437ef9de-cfe9-5599-8502-13a53e958016,22.500,KG,50.78,PLN,1142.55,2026-01-07,1ca18097-d0e7-5364-91b5-5b4f168895a9,0.000,Quality inspection required
4705f1a1-9527-5f99-ab29-d3e89ce1a750,2025-12-01T08:00:00Z,system,2025-12-01T08:00:00Z,system,cde2d666-7752-5d41-9558-d5bd671d0b09,30,7e59f4f1-d7ce-51df-b9a3-a70a1b1ee546,22.500,EA,10119.24,PLN,227682.90,2026-01-07,11d02aa0-fe2b-5450-b7d7-f03ef37160f1,0.000,
f2c1fcfb-fffe-535b-9bd3-5333a742b536,2025-12-01T08:00:00Z,system,2025-12-01T08:00:00Z,system,cde2d666-7752-5d41-9558-d5bd671d0b09,40,48cb4f21-8c1b-5570-a07c-08c09fbf0ce6,220.000,SET,3687.34,PLN,811214.80,2026-01-07,9bd6352a-2bfd-57e0-8cc1-f4f16ed211de,0.000,Standard order line
e82d875e-ebf7-52f6-a231-a52623e2b8c0,2026-05-10T08:00:00Z,system,2026-05-10T08:00:00Z,system,3d8650df-c681-5a57-bc60-660512cf21c5,10,b195eb87-b559-5dc2-9e04-6eabb78ca3ef,1.000,SET,1516.89,GBP,1516.89,2026-06-11,abdf0a68-1f4a-5f7b-8868-792f85a0664d,0.833,Standard order line
644311cc-205c-539a-9222-6a8510a8d861,2026-05-10T08:00:00Z,system,2026-05-10T08:00:00Z,system,3d8650df-c681-5a57-bc60-660512cf21c5,20,972054fa-e98c-5fa7-b5a0-eef2c0bddc26,10.000,M,654.42,GBP,6544.20,2026-06-11,c6ee8e84-d727-5a92-80d7-9697ff877b9d,5.241,Expedited delivery
18643eaf-ed65-5f60-b9a3-855aa8832ac5,2025-11-11T08:00:00Z,system,2025-11-11T08:00:00Z,system,9127e42b-38e3-57bf-9fba-1ed94bd0cc42,10,94288f21-6926-5da3-827e-38477bc97581,1.000,L,30216.76,CZK,30216.76,2025-12-19,8c31d6b6-eb69-519c-b9a5-5aaadbfc759c,0.485,Expedited delivery
fa3c725a-ff79-52f8-8ae3-78272acee909,2025-11-11T08:00:00Z,system,2025-11-11T08:00:00Z,system,9127e42b-38e3-57bf-9fba-1ed94bd0cc42,20,ca48575f-0b73-55a6-b23c-6de718d78d67,2.200,KG,177.89,CZK,391.36,2025-12-19,9203f077-cab6-5706-aa2f-6d8e8dc662e0,0.920,
e370bd04-66ac-5961-acc6-da17a36024a3,2025-11-11T08:00:00Z,system,2025-11-11T08:00:00Z,system,9127e42b-38e3-57bf-9fba-1ed94bd0cc42,30,9c244d41-3489-5976-bcdb-b0d76c2237a9,100.000,KG,621.28,CZK,62128.00,2025-12-19,3ce47ab3-a16f-57c5-8517-ab112aafcbf7,2.935,
048bb03c-a1fc-560a-b85f-57cbe4dfc157,2026-02-23T08:00:00Z,system,2026-02-23T08:00:00Z,system,d4eeec8f-b13d-5765-b0c8-1d3e99da2946,10,66829174-3fa6-52dd-bbb1-daa7bca60901,165.000,BOX,684.69,EUR,112973.85,2026-03-09,f7103837-b9d6-5a3d-bff3-bd1e83f246ca,165.000,Expedited delivery
39b32fd6-a507-58f2-94b5-d1176b585f6e,2026-02-23T08:00:00Z,system,2026-02-23T08:00:00Z,system,d4eeec8f-b13d-5765-b0c8-1d3e99da2946,20,eca867c4-ec3b-52d0-826e-e72c7e331d21,150.000,BOX,1287.34,EUR,193101.00,2026-03-09,7b92c658-f1af-59f8-99b7-64585ae683eb,150.000,Quality inspection required
e120f8bb-6bdb-5846-8666-0fe78ebdea13,2026-02-23T08:00:00Z,system,2026-02-23T08:00:00Z,system,d4eeec8f-b13d-5765-b0c8-1d3e99da2946,30,1455dc98-f7ae-5a52-9c81-dc7663903a45,82.500,KG,24.27,EUR,2002.27,2026-03-09,cc0d1efb-3ff8-5545-9049-b6c3805b150d,82.500,Expedited delivery
9eb0a526-0828-5a9a-b0e4-0ea5aeaa3a9f,2026-02-23T08:00:00Z,system,2026-02-23T08:00:00Z,system,d4eeec8f-b13d-5765-b0c8-1d3e99da2946,40,65e45d5d-37a2-56b1-837a-6d62a46b2ae9,67.500,BOX,217.80,EUR,14701.50,2026-03-09,697104aa-8ce7-566b-a128-861f9b0b6bcf,67.500,
bcfd2d86-253f-5043-9fbb-62fde6da90bb,2026-02-23T08:00:00Z,system,2026-02-23T08:00:00Z,system,d4eeec8f-b13d-5765-b0c8-1d3e99da2946,50,f4d5037c-d38c-5514-b120-c0d70fd1331e,20.000,L,931.41,EUR,18628.20,2026-03-09,4dc1f0c1-c148-52e3-91dd-c7727f8730cc,20.000,Framework agreement pricing
8f88a40c-74f2-518f-ae98-25d679156096,2025-11-15T08:00:00Z,system,2025-11-15T08:00:00Z,system,04e70ded-600e-59e7-bc61-85ddd927157f,10,33565d42-f2c6-5728-b582-d95f8618e410,135.000,BOX,1280.93,EUR,172925.55,2025-11-24,050f0642-b7a5-5717-8cad-e7f9e7ee7e2d,72.120,Expedited delivery
78caf17a-1641-5b6c-a1ea-1d88839fe32f,2025-11-15T08:00:00Z,system,2025-11-15T08:00:00Z,system,04e70ded-600e-59e7-bc61-85ddd927157f,20,d0cb5824-8127-5ca6-8364-98b5469fc7c7,1.000,EA,1042.24,EUR,1042.24,2025-11-24,013c5720-3b0a-575d-a7af-50eeb24647e7,0.384,Framework agreement pricing
babced91-ab4f-586d-abbe-cc9d822abdbd,2026-07-09T08:00:00Z,system,2026-07-09T08:00:00Z,system,a8cd514c-aefc-5a39-9555-126a41866ecd,10,a1a5bad0-30ca-5727-b1d6-9e34f59daa2c,150.000,BOX,693.28,EUR,103992.00,2026-08-23,8efea5c0-d8de-5130-8beb-ddc8073545ab,0.000,
7f2bb921-0b2c-58e4-ba11-ba0347aa17db,2026-07-09T08:00:00Z,system,2026-07-09T08:00:00Z,system,a8cd514c-aefc-5a39-9555-126a41866ecd,20,6cfb6402-60b6-52cc-80a2-aa3c8d1d7363,90.000,SET,1365.88,EUR,122929.20,2026-08-23,cf00838b-72ec-5664-a312-6cbfc882db10,0.000,Standard order line
2534a38d-8475-5453-9165-3a89ad47c5e4,2026-07-09T08:00:00Z,system,2026-07-09T08:00:00Z,system,a8cd514c-aefc-5a39-9555-126a41866ecd,30,3f3309b3-487e-54de-ae3f-de56ef31378f,25.000,BOX,2288.45,EUR,57211.25,2026-08-23,9b84f21d-f172-5e80-a009-2909d1630c49,0.000,Framework agreement pricing
3edf6f77-77aa-587e-8b35-35136dabffbf,2026-07-09T08:00:00Z,system,2026-07-09T08:00:00Z,system,a8cd514c-aefc-5a39-9555-126a41866ecd,40,6c73375b-40a6-5535-9e27-a364e6837ed1,50.000,EA,2592.26,EUR,129613.00,2026-08-23,20f27b7e-4b79-5555-bc52-263877cd48dd,0.000,
e23f4dff-c7aa-5f19-a14e-95841f69d1f2,2026-07-09T08:00:00Z,system,2026-07-09T08:00:00Z,system,a8cd514c-aefc-5a39-9555-126a41866ecd,50,e8785cbc-7b69-5687-b699-d292f70bdc74,45.000,SET,1835.16,EUR,82582.20,2026-08-23,100f6fef-68cb-5c60-8af2-848ac7c6471a,0.000,
a8c1d15c-daae-597e-ae91-08fa0d056f00,2026-05-26T08:00:00Z,system,2026-05-26T08:00:00Z,system,8e3846f1-91c8-5f91-9f9b-b244e29ec269,10,a1de9ed1-ec0e-5ccc-86a4-1980e3dfb1ed,18.000,L,427.75,CHF,7699.50,2026-06-11,0d57427a-bb93-5c97-8e5f-3b2fbbe3dbd1,14.697,Expedited delivery
f7bc68ae-2c1b-5792-8d7a-5adf668a7e3b,2026-05-26T08:00:00Z,system,2026-05-26T08:00:00Z,system,8e3846f1-91c8-5f91-9f9b-b244e29ec269,20,a26b0733-3b42-54db-a022-07e6e0f7182b,25.000,L,2034.55,CHF,50863.75,2026-06-11,3c1a5139-d1f9-51bb-b6f5-5cb13ab8df2d,7.250,Framework agreement pricing
1b3eab25-1b8e-5a46-851e-cd5b7efe7eef,2026-05-26T08:00:00Z,system,2026-05-26T08:00:00Z,system,8e3846f1-91c8-5f91-9f9b-b244e29ec269,30,cfcda226-532c-599e-8ba1-da4625eb5246,2.000,EA,1631.89,CHF,3263.78,2026-06-11,55e9a6b9-53fb-588c-98ab-8f8b7af3a24b,0.552,Expedited delivery
e7b79afe-7749-50a4-a4c3-d139f82641ed,2025-12-12T08:00:00Z,system,2025-12-12T08:00:00Z,system,caa5ef1d-7cf2-5df2-8f16-5567b4c0d9a4,10,32549e95-8264-5b06-ac4c-4f93e09d17a2,25.000,BOX,1152.15,EUR,28803.75,2026-02-11,640ff050-496d-5190-99dd-73f36f22d153,25.000,
bf63a72b-f3b9-51d5-a9d7-fcce2fc53484,2025-12-12T08:00:00Z,system,2025-12-12T08:00:00Z,system,caa5ef1d-7cf2-5df2-8f16-5567b4c0d9a4,20,b6bc1653-27d5-583b-ba09-0b3325b8db55,20.000,SET,583.08,EUR,11661.60,2026-02-11,de8a1942-ba4e-5b0b-ae1c-f280dd57b76c,20.000,Framework agreement pricing
d59980cf-e70e-57e1-a283-639012086299,2026-03-17T08:00:00Z,system,2026-03-17T08:00:00Z,system,9318ad9e-0dc2-5e93-9971-4540c0676e40,10,d80537fd-c1c9-5741-8e8d-02dd52dc79bd,27.500,KG,21.13,GBP,581.07,2026-05-12,e575db3b-a4a7-5a30-866e-b6ce8056ff00,27.500,Expedited delivery
78d71dbe-2547-501e-a031-debbfc4c3cfd,2026-03-17T08:00:00Z,system,2026-03-17T08:00:00Z,system,9318ad9e-0dc2-5e93-9971-4540c0676e40,20,72fab673-0e1b-50ad-a07f-80c4221c1763,2.200,BOX,1680.05,GBP,3696.11,2026-05-12,868e5b1e-b1ae-5c36-9b18-768792255cc3,2.200,Framework agreement pricing
266a9066-1153-5423-983c-a11e6f29f331,2026-07-06T08:00:00Z,system,2026-07-06T08:00:00Z,system,4c0cd97f-8556-5092-a11e-6a745fd2daaf,10,9f268dd5-b99b-5f85-935d-cd614d5d12ad,20.000,KG,22.30,EUR,446.00,2026-08-20,db5b7391-c841-524e-8a46-dd185dfa4980,0.000,Expedited delivery
57f28296-ffd0-55ad-890c-0d4d3660b640,2026-07-06T08:00:00Z,system,2026-07-06T08:00:00Z,system,4c0cd97f-8556-5092-a11e-6a745fd2daaf,20,965972d0-7dc1-5a2e-a771-140c178aec3b,220.000,EA,237.41,EUR,52230.20,2026-08-20,e81db0d5-ba3b-5f72-8c28-4351aa045220,0.000,Expedited delivery
1a569cc5-cb51-569a-922e-96dc1bb9ccf8,2026-07-06T08:00:00Z,system,2026-07-06T08:00:00Z,system,4c0cd97f-8556-5092-a11e-6a745fd2daaf,30,dc089f09-34df-5a3e-bedb-2c2e0f21465e,20.000,L,1592.60,EUR,31852.00,2026-08-20,95654d8e-4d34-50fa-a147-e8323ff06b27,0.000,Standard order line
966ecc35-3477-5585-926c-392cc0c82720,2026-07-06T08:00:00Z,system,2026-07-06T08:00:00Z,system,4c0cd97f-8556-5092-a11e-6a745fd2daaf,40,9cccf623-1147-5c18-8001-597eaf1dced5,180.000,SET,2016.92,EUR,363045.60,2026-08-20,3f8a5023-8eef-5375-a1e6-a89c4be769b8,0.000,Standard order line
724928da-3502-5ef6-879d-c6814e59f979,2026-07-06T08:00:00Z,system,2026-07-06T08:00:00Z,system,4c0cd97f-8556-5092-a11e-6a745fd2daaf,50,7a0573af-19d9-5fce-a1fb-edef3b2a16d3,50.000,EA,1923.48,EUR,96174.00,2026-08-20,a62869f1-3b60-5445-b424-6490734d2a6a,0.000,Quality inspection required
797ec136-b5e2-5a14-a2bd-dd260e514bd1,2026-05-16T08:00:00Z,system,2026-05-16T08:00:00Z,system,17e6a223-1dfb-5788-a96f-ec37e675bb33,10,3aa391ce-4ff3-5173-9277-83ce43555c7c,200.000,L,104.74,EUR,20948.00,2026-06-11,0ad29e8d-7910-5f32-b0ec-740ca46c9a5a,200.000,Expedited delivery
6b84ed3d-e8ce-52cc-95f1-9c450cdb1739,2026-05-16T08:00:00Z,system,2026-05-16T08:00:00Z,system,17e6a223-1dfb-5788-a96f-ec37e675bb33,20,9f72fcd8-0de5-52ab-8f85-0c7e59529a02,200.000,EA,384.79,EUR,76958.00,2026-06-11,f571681d-8543-5734-9163-37a31be97977,200.000,Framework agreement pricing
e2a18d24-36af-5a55-bccf-5acb338177b0,2026-05-16T08:00:00Z,system,2026-05-16T08:00:00Z,system,17e6a223-1dfb-5788-a96f-ec37e675bb33,30,61c9dd7a-23b2-51ce-a4f8-1ecaedb8b55e,5.000,SET,2009.06,EUR,10045.30,2026-06-11,f6690df1-bb04-571d-a728-1857c6bf5a44,5.000,Framework agreement pricing
55ed2bc0-67e1-56f0-a1de-852ca4d49eef,2026-05-19T08:00:00Z,system,2026-05-19T08:00:00Z,system,4b947ba8-4266-5e8d-833b-08155d93af98,10,8a9aca99-35d6-5da5-8c10-babbacfc2c60,50.000,BOX,781.90,EUR,39095.00,2026-07-14,01059a6a-4b18-5499-8ef9-75cf5ad76ca4,0.000,Expedited delivery
4566323d-7801-560f-a590-91bd7942ad08,2026-05-19T08:00:00Z,system,2026-05-19T08:00:00Z,system,4b947ba8-4266-5e8d-833b-08155d93af98,20,5ff325a3-cf1b-5887-bd0f-e1da5d5e6a57,220.000,BOX,700.75,EUR,154165.00,2026-07-14,fdf9fbc5-5b82-5597-86a4-c52717313f3f,0.000,Expedited delivery
ec1cc655-2330-5e50-b0a2-a4f0829de562,2026-05-19T08:00:00Z,system,2026-05-19T08:00:00Z,system,4b947ba8-4266-5e8d-833b-08155d93af98,30,8ecd63dc-042f-5821-9209-3db5b19e8ed7,1.800,EA,2216.35,EUR,3989.43,2026-07-14,76e1072c-2826-5ee8-8775-c0d437779a18,0.000,Quality inspection required
f23ba0cf-7486-5742-88d2-f14926fea03f,2025-11-10T08:00:00Z,system,2025-11-10T08:00:00Z,system,80067505-267a-54e5-96bf-f19861091338,10,e78a29f5-6b77-5c64-a898-2ef9faf92f91,10.000,KG,215.08,SEK,2150.80,2026-01-14,9d755636-9b92-5270-91ca-b2f63ab29f66,6.309,Expedited delivery
81d10954-4bbf-533e-8cf7-194a65035d77,2025-11-10T08:00:00Z,system,2025-11-10T08:00:00Z,system,80067505-267a-54e5-96bf-f19861091338,20,11bcb360-c513-556e-a8ed-3b43d3afbb6d,5.000,L,24682.67,SEK,123413.35,2026-01-14,16a1521e-453c-5ab4-a330-67357f4dd135,3.471,Quality inspection required
74ce0cfa-9d2b-5aa1-8bb7-2006513e44fe,2025-11-10T08:00:00Z,system,2025-11-10T08:00:00Z,system,80067505-267a-54e5-96bf-f19861091338,30,75f1b42f-e0d3-559b-883f-62a8bd802d21,27.500,L,230.94,SEK,6350.85,2026-01-14,6f925a49-cd80-5f1c-938f-073d2aadcd5f,10.994,
5330b797-5df5-54e2-9cd6-1738da3fd248,2025-11-10T08:00:00Z,system,2025-11-10T08:00:00Z,system,80067505-267a-54e5-96bf-f19861091338,40,5bced482-deea-5fc4-8653-6c41fc86806e,75.000,M,23108.90,SEK,1733167.50,2026-01-14,efaf1f84-03e2-5272-ab36-973fdf2203a2,38.709,Standard order line
c1caec26-65d7-5504-9dc9-4ce872a093eb,2025-11-10T08:00:00Z,system,2025-11-10T08:00:00Z,system,80067505-267a-54e5-96bf-f19861091338,50,7a0dddce-a54b-5ce2-932f-2cf37ea670f6,22.000,EA,13764.20,SEK,302812.40,2026-01-14,fdc44aae-4206-5eab-ab83-c45bc4908ab4,2.592,
dcacf519-57d4-59f9-8f3d-94d2b6f5abed,2025-12-07T08:00:00Z,system,2025-12-07T08:00:00Z,system,55067fa8-1990-5c54-883d-48f7425bbf31,10,6be44d6c-c457-5100-971c-5640df33eb4b,200.000,SET,807.99,CAD,161598.00,2025-12-24,7f1eec29-2fa3-5029-a09d-1263620df1f8,200.000,Quality inspection required
b357b827-966e-523f-b844-a435309b8225,2025-12-07T08:00:00Z,system,2025-12-07T08:00:00Z,system,55067fa8-1990-5c54-883d-48f7425bbf31,20,ffad296f-4b1b-50b0-b7ea-693c82ec1839,5.000,M,987.29,CAD,4936.45,2025-12-24,c5b1e3fa-d632-5235-a023-6cf8c986632c,5.000,Framework agreement pricing
5ac68767-ec0d-5603-ac13-5a1343cabc1d,2025-12-07T08:00:00Z,system,2025-12-07T08:00:00Z,system,55067fa8-1990-5c54-883d-48f7425bbf31,30,35918af3-0428-5cb5-b70c-3960424df494,165.000,KG,34.90,CAD,5758.50,2025-12-24,2c3108b1-8fed-53c3-997a-2a47b88be762,165.000,Quality inspection required
ad8e383c-03e6-590f-a85c-443b15754d33,2025-11-24T08:00:00Z,system,2025-11-24T08:00:00Z,system,c6328a57-ea7f-5864-8d6a-699c855c573c,10,23ca3651-d389-5646-8a4d-d24fb3e26384,10.000,SET,3702.22,CAD,37022.20,2025-12-01,d33bb442-ee6b-531c-9da8-7672ff2be43e,10.000,Standard order line
8238e828-f6d9-5c60-9329-a98567ea6466,2025-11-24T08:00:00Z,system,2025-11-24T08:00:00Z,system,c6328a57-ea7f-5864-8d6a-699c855c573c,20,3b977897-9c14-59e5-a889-922436cc6be2,135.000,EA,788.44,CAD,106439.40,2025-12-01,f8cb2d3f-87c1-55fa-83a1-98ba2e93062f,135.000,Quality inspection required
967b8771-5f27-5c57-8fd1-59e950d03ed5,2025-11-24T08:00:00Z,system,2025-11-24T08:00:00Z,system,c6328a57-ea7f-5864-8d6a-699c855c573c,30,5638f460-1932-50d2-8453-a3cf94aaa992,135.000,SET,3374.84,CAD,455603.40,2025-12-01,0807dfd8-b337-5a84-8813-edb46380b359,135.000,Standard order line
2a9068d1-82ff-5275-a6c2-d98c294b186b,2025-10-25T08:00:00Z,system,2025-10-25T08:00:00Z,system,79ce031c-8ad9-5c0f-adc2-7529f9aafca4,10,6febc7d4-a6f9-547c-bdef-f6c3c7cebf1b,25.000,BOX,906.19,EUR,22654.75,2025-12-13,c5ed40e7-b56f-54c1-b02b-cf1248bb20d3,25.000,Standard order line
1843aa08-b2ad-5dbe-ac17-40e183ed31d8,2025-10-25T08:00:00Z,system,2025-10-25T08:00:00Z,system,79ce031c-8ad9-5c0f-adc2-7529f9aafca4,20,219cd16c-a048-5e62-90b0-7924b1431b82,1.000,L,1298.58,EUR,1298.58,2025-12-13,0d240fae-6faa-50b1-94e2-a606a57a56bc,1.000,Standard order line
6d684948-4d5d-5b4b-8bc3-5c2e1b802c7e,2025-10-25T08:00:00Z,system,2025-10-25T08:00:00Z,system,79ce031c-8ad9-5c0f-adc2-7529f9aafca4,30,99390864-f827-5aef-be8a-287357eedb0f,5.000,BOX,1768.51,EUR,8842.55,2025-12-13,04194df6-6113-5deb-a8c6-0303e42f6358,5.000,Expedited delivery
335467ff-eff8-5940-922d-1d2e1560d655,2025-10-25T08:00:00Z,system,2025-10-25T08:00:00Z,system,79ce031c-8ad9-5c0f-adc2-7529f9aafca4,40,a56d36d8-7b2d-5bff-ae8b-8d8002e9d564,5.500,L,1255.05,EUR,6902.77,2025-12-13,68a1a513-3b3f-5d72-ac6f-a1299bd44b65,5.500,Framework agreement pricing
d6a5161d-0da7-521b-90aa-ef01c02c19a4,2026-07-12T08:00:00Z,system,2026-07-12T08:00:00Z,system,20117a4d-77e1-50c9-8ed3-27054ca1fa74,10,66829174-3fa6-52dd-bbb1-daa7bca60901,90.000,BOX,590.85,GBP,53176.50,2026-08-06,a9331fd3-7d59-5daa-82f9-6ea8ee5c76dc,90.000,Standard order line
3cf333a0-d72d-5b0a-be11-bd8c598ca013,2026-07-12T08:00:00Z,system,2026-07-12T08:00:00Z,system,20117a4d-77e1-50c9-8ed3-27054ca1fa74,20,33b58793-6f12-50d8-b5ed-f4aaefc6d3f0,1.000,M,61.81,GBP,61.81,2026-08-06,62d21060-6ddc-5181-9c19-efa8ba14c792,1.000,
6e7a0b86-188c-57cd-ad7e-df5186b71f88,2026-07-12T08:00:00Z,system,2026-07-12T08:00:00Z,system,20117a4d-77e1-50c9-8ed3-27054ca1fa74,30,9ee6432b-6595-54db-87c7-de231a6076c8,2.000,EA,162.61,GBP,325.22,2026-08-06,5f4d8ff3-125e-5e50-b4c4-ab58c9a66420,2.000,Expedited delivery
b70d0e59-6bfb-5c29-b234-7c14c5f8fb52,2026-07-12T08:00:00Z,system,2026-07-12T08:00:00Z,system,20117a4d-77e1-50c9-8ed3-27054ca1fa74,40,d82bd767-f5ed-57ab-a2c9-406318f72bc2,11.000,L,61.65,GBP,678.15,2026-08-06,ea679f7c-5d50-50e7-b964-0663479a7981,11.000,Quality inspection required
182612ad-e9b9-5fd7-a2d4-c14f40578eed,2026-04-19T08:00:00Z,system,2026-04-19T08:00:00Z,system,1d245eae-9324-5806-9faa-22af9eb88257,10,51a7a682-3b4d-51e0-bc82-813005d006b8,1.800,BOX,18482.68,SEK,33268.82,2026-06-08,8cadeefd-3db1-5d76-8618-94c8ff3158a3,0.000,Quality inspection required
c2f61388-bc12-58ea-91a2-4a9873c9b9aa,2026-04-19T08:00:00Z,system,2026-04-19T08:00:00Z,system,1d245eae-9324-5806-9faa-22af9eb88257,20,8a9aca99-35d6-5da5-8c10-babbacfc2c60,55.000,BOX,8154.03,SEK,448471.65,2026-06-08,01059a6a-4b18-5499-8ef9-75cf5ad76ca4,0.000,Standard order line
ccbd1f8a-3661-5fe4-a9dd-5836ef6a030c,2026-04-19T08:00:00Z,system,2026-04-19T08:00:00Z,system,1d245eae-9324-5806-9faa-22af9eb88257,30,a77973af-89ac-57a4-be5e-db2cafc9e932,2.000,BOX,12288.09,SEK,24576.18,2026-06-08,154935f2-d7a6-5a5c-ae38-2c76d018c78d,0.000,Standard order line
a23a273d-814e-5127-9a2d-c7dff8dba3e0,2026-06-04T08:00:00Z,system,2026-06-04T08:00:00Z,system,830f42c8-e536-57f7-8b53-b545bb41a621,10,33a77c1e-2f02-54f3-aaf8-2d033e03a54f,2.000,EA,228.10,GBP,456.20,2026-06-09,5378a888-dc5d-539c-a88f-eb7c639c5b6a,2.000,Framework agreement pricing
9eb7910d-6bba-5ebf-8ace-30cec726ce55,2026-06-04T08:00:00Z,system,2026-06-04T08:00:00Z,system,830f42c8-e536-57f7-8b53-b545bb41a621,20,dbd21518-2460-5332-97ca-a826ccd26fd2,150.000,BOX,790.03,GBP,118504.50,2026-06-09,8cf3e6ab-be88-50d4-815b-3c3e2909cd7d,150.000,Framework agreement pricing
7483a20b-d9ea-5fbd-9976-d31b5197c381,2026-06-10T08:00:00Z,system,2026-06-10T08:00:00Z,system,350a8757-9cba-5e6f-9c79-0887ce5279d0,10,9390c973-ffaf-555f-9cb1-d1547db4c4d9,180.000,SET,6036.94,PLN,1086649.20,2026-07-31,1110d243-c999-58ba-aa5f-5fb6905f799c,180.000,Framework agreement pricing
cb62bb12-0f92-5839-a74f-24607fe80d80,2026-06-10T08:00:00Z,system,2026-06-10T08:00:00Z,system,350a8757-9cba-5e6f-9c79-0887ce5279d0,20,65f7e1f5-55a6-5a0e-8cfc-7f783180cb51,55.000,L,8271.60,PLN,454938.00,2026-07-31,6cb0884c-f671-57dc-adf8-537cfdb989ca,55.000,Expedited delivery
8ab1e673-ba6d-5d67-a27d-cc9710ec4b28,2026-06-10T08:00:00Z,system,2026-06-10T08:00:00Z,system,350a8757-9cba-5e6f-9c79-0887ce5279d0,30,3e5204f6-3370-5c61-92de-50e60340d4c4,220.000,SET,4464.15,PLN,982113.00,2026-07-31,d0f958cf-08a2-570e-a215-2897372000e6,220.000,
ff754eac-b9e5-5399-8fef-07d6c82eb3bd,2025-10-23T08:00:00Z,system,2025-10-23T08:00:00Z,system,c33c41e9-4187-53b0-b717-bdc49174b6a4,10,88ec57c2-4bd1-5167-8c0f-b46a5404ea75,67.500,M,8602.82,DKK,580690.35,2025-11-25,e4e5c607-5e52-58fa-ae36-4aa048e7d324,67.500,Framework agreement pricing
3c8e7d4c-7118-591e-a5a2-e8e948b896a1,2025-10-23T08:00:00Z,system,2025-10-23T08:00:00Z,system,c33c41e9-4187-53b0-b717-bdc49174b6a4,20,5201a455-a5dc-58a5-9da8-b460a7a6e9f4,20.000,M,10769.83,DKK,215396.60,2025-11-25,f962c8e7-5754-5c2e-9660-6d81d3193433,20.000,Quality inspection required
2b226649-baec-5494-bfd9-00f622acff45,2025-10-23T08:00:00Z,system,2025-10-23T08:00:00Z,system,c33c41e9-4187-53b0-b717-bdc49174b6a4,30,6b8b9c0c-ca33-51c4-9164-471f4abb4160,5.500,BOX,10938.72,DKK,60162.96,2025-11-25,eab4055c-93a9-5005-a4f6-1e9062004892,5.500,Standard order line
24e01785-ea89-5a75-a347-7667c7d1571c,2025-10-23T08:00:00Z,system,2025-10-23T08:00:00Z,system,c33c41e9-4187-53b0-b717-bdc49174b6a4,40,62215843-653f-5439-87fb-5f7f5b5dcd02,100.000,L,2094.55,DKK,209455.00,2025-11-25,d070269e-90d3-5082-84b2-59ee730d6bfb,100.000,Framework agreement pricing
ce24f690-4a30-5aec-8dac-9de2bcdcf906,2025-10-23T08:00:00Z,system,2025-10-23T08:00:00Z,system,c33c41e9-4187-53b0-b717-bdc49174b6a4,50,881eaa64-708a-5722-917e-fdcc33e19b55,90.000,M,18397.73,DKK,1655795.70,2025-11-25,9709ce52-c318-56bf-b110-6a557ed8faa8,90.000,Framework agreement pricing
cda1b0ee-570c-5ce0-b669-3104c177cc4d,2026-06-23T08:00:00Z,system,2026-06-23T08:00:00Z,system,0ead4c0a-26c1-5e09-adac-f6a1c2fd1f35,10,3fc74a3b-0832-5675-b9fe-287a90de3ba8,11.000,EA,349.59,EUR,3845.49,2026-08-23,48837539-a084-54b8-ae55-f569bac88b9d,0.000,Quality inspection required
86e2720f-7b26-5b4d-a5d7-f02dd72d3cf7,2026-06-23T08:00:00Z,system,2026-06-23T08:00:00Z,system,0ead4c0a-26c1-5e09-adac-f6a1c2fd1f35,20,25d66eb3-16e0-54c3-bcbc-0f87d2c22b95,200.000,EA,721.32,EUR,144264.00,2026-08-23,735c39a9-e478-50ed-a7f6-28a834dc3161,0.000,
8f8dc489-afd8-544d-bfbb-35e3f7b91d49,2025-12-25T08:00:00Z,system,2025-12-25T08:00:00Z,system,167c284b-5607-523a-96c9-34d0bdc9e68b,10,8a88a029-d7a6-5756-bff0-19a8dbb9a099,75.000,L,898.82,CAD,67411.50,2026-01-23,6e4ebc70-cab8-57c3-98c3-e07bf46b0c15,0.000,Quality inspection required
29d94ae9-bd52-5073-afca-b139ec1ceaa4,2025-12-25T08:00:00Z,system,2025-12-25T08:00:00Z,system,167c284b-5607-523a-96c9-34d0bdc9e68b,20,35918af3-0428-5cb5-b70c-3960424df494,22.500,KG,33.33,CAD,749.92,2026-01-23,5f33dc47-c997-5e4c-9512-060a5b438115,0.000,Standard order line
470692e0-0027-5569-a68b-586cc5cf2099,2026-02-26T08:00:00Z,system,2026-02-26T08:00:00Z,system,defb0609-8ef9-5e94-8143-cc84cd6243e0,10,4b8dedda-2e93-5a49-80c4-4876ab55500f,25.000,EA,1733.86,CAD,43346.50,2026-04-23,cc5974c3-99e5-5fa5-8750-565c85795513,25.000,Standard order line
eaf539f0-b387-563b-a5c2-10b35aeb510f,2026-02-26T08:00:00Z,system,2026-02-26T08:00:00Z,system,defb0609-8ef9-5e94-8143-cc84cd6243e0,20,a1de9ed1-ec0e-5ccc-86a4-1980e3dfb1ed,135.000,L,758.35,CAD,102377.25,2026-04-23,f5d6bbde-8f47-5657-9a5d-56c879b1ce85,135.000,Quality inspection required
e54e5601-21cf-5e8c-8639-f5833ef4e5bd,2026-02-26T08:00:00Z,system,2026-02-26T08:00:00Z,system,defb0609-8ef9-5e94-8143-cc84cd6243e0,30,4bbe33ac-91fe-5b33-a3a4-57141de4e03e,10.000,M,2734.27,CAD,27342.70,2026-04-23,c624afcc-2dc3-5b90-b9ba-61aba46844e4,10.000,Framework agreement pricing
5365f957-e138-5bef-91d6-7957232c113b,2025-11-07T08:00:00Z,system,2025-11-07T08:00:00Z,system,289e7a35-8d3f-535a-b8b2-08cd4ae61261,10,972054fa-e98c-5fa7-b5a0-eef2c0bddc26,10.000,M,800.26,CHF,8002.60,2025-11-26,6072d11d-ce05-57e0-859b-6fb47330c584,10.000,Expedited delivery
26bfd2d2-e9c9-5624-932a-d7d60d98f21f,2025-11-07T08:00:00Z,system,2025-11-07T08:00:00Z,system,289e7a35-8d3f-535a-b8b2-08cd4ae61261,20,80c11da5-9f8d-5b62-9f22-c377427c0d7f,5.000,M,1575.87,CHF,7879.35,2025-11-26,d48d6630-6792-51b2-8734-ba098316222c,5.000,Quality inspection required
2bf97295-6052-5630-ad86-8058bb602876,2025-11-07T08:00:00Z,system,2025-11-07T08:00:00Z,system,289e7a35-8d3f-535a-b8b2-08cd4ae61261,30,6cfb6402-60b6-52cc-80a2-aa3c8d1d7363,5.000,SET,1244.82,CHF,6224.10,2025-11-26,21d97bc0-9c0d-5fe2-8458-aedd87a4eef2,5.000,Standard order line
081908de-9e3b-58f6-ba96-02ee884c719e,2025-11-07T08:00:00Z,system,2025-11-07T08:00:00Z,system,289e7a35-8d3f-535a-b8b2-08cd4ae61261,40,449f174d-239f-5c9f-803d-0af1ffe5acb3,200.000,L,93.32,CHF,18664.00,2025-11-26,f5034b26-46c0-504b-903b-97e512e23fee,200.000,
e92b7880-9b66-5947-8a41-6a7250033754,2026-02-27T08:00:00Z,system,2026-02-27T08:00:00Z,system,4001d862-c746-54f1-af70-2e260272d117,10,57c1b397-ad33-5575-8763-be4b1f77f414,50.000,EA,1786.02,EUR,89301.00,2026-04-17,ff8fc373-b0ec-5d7e-b70a-283f009233fb,42.940,Standard order line
bf74364e-b271-57cc-aa52-bbac1d916c4c,2026-02-27T08:00:00Z,system,2026-02-27T08:00:00Z,system,4001d862-c746-54f1-af70-2e260272d117,20,00a24b8a-d6ef-5fd9-b832-024cf1e9f1b5,45.000,EA,1124.81,EUR,50616.45,2026-04-17,560557a9-b02f-5cc2-8243-3d9fa79bd6e2,0.800,Standard order line
1e1f4df3-f3d8-5431-b439-b74cae2c28d7,2026-02-27T08:00:00Z,system,2026-02-27T08:00:00Z,system,4001d862-c746-54f1-af70-2e260272d117,30,b121cc73-e21b-5700-aed3-23e3f1122454,2.200,EA,556.03,EUR,1223.27,2026-04-17,ce91f009-9011-5e86-b29f-cba54b297c95,0.853,Framework agreement pricing
2b55ff31-7bbd-53cf-9da7-6bfcc76ecd47,2026-02-27T08:00:00Z,system,2026-02-27T08:00:00Z,system,4001d862-c746-54f1-af70-2e260272d117,40,92383fa1-d27d-5e6a-b93a-e9f0ff565f05,110.000,EA,879.94,EUR,96793.40,2026-04-17,8258a602-920a-5898-b2bf-5768ee1caf51,102.572,Framework agreement pricing
d72b9a63-2bcc-5811-a2cf-f07307502234,2026-02-27T08:00:00Z,system,2026-02-27T08:00:00Z,system,4001d862-c746-54f1-af70-2e260272d117,50,37c4d2f8-f57c-5a2d-a98c-e54c9a60f9b2,100.000,KG,25.86,EUR,2586.00,2026-04-17,9b5dadf3-5245-5e35-b192-fa9aba5b91a4,23.703,Framework agreement pricing
fffa0632-6d4c-5826-8d69-f233ae2e2f07,2026-05-07T08:00:00Z,system,2026-05-07T08:00:00Z,system,a64fe255-94cb-505e-aa8c-40746c56c31b,10,af970570-0e69-5aa7-a1fd-93cea6d022c8,20.000,BOX,1195.51,CAD,23910.20,2026-06-27,2c65073f-c498-54b7-87a0-ae3a6881db20,20.000,Expedited delivery
61a00deb-ac29-5f11-a068-787f74135486,2026-05-07T08:00:00Z,system,2026-05-07T08:00:00Z,system,a64fe255-94cb-505e-aa8c-40746c56c31b,20,86cd43f5-5e5a-58e0-8882-778206f00530,20.000,KG,28.02,CAD,560.40,2026-06-27,fa68744f-065b-5e9d-ae82-1a2e4886e5b8,20.000,
8b7ea644-e69d-5a76-8c6a-4948b9d19109,2026-04-14T08:00:00Z,system,2026-04-14T08:00:00Z,system,f5607086-1315-5946-898c-a89f2bf1ecfe,10,80c11da5-9f8d-5b62-9f22-c377427c0d7f,5.500,M,1692.19,CHF,9307.05,2026-04-25,d48d6630-6792-51b2-8734-ba098316222c,0.000,
587f829a-efb5-58b9-baa8-ba555755e487,2026-04-14T08:00:00Z,system,2026-04-14T08:00:00Z,system,f5607086-1315-5946-898c-a89f2bf1ecfe,20,5bced482-deea-5fc4-8653-6c41fc86806e,200.000,M,1925.09,CHF,385018.00,2026-04-25,5aa8b8ed-fbbe-5189-b3ad-0dea4e4e11fc,0.000,Quality inspection required
2d0b036c-16bb-5714-a193-6ef45e8c8619,2026-04-14T08:00:00Z,system,2026-04-14T08:00:00Z,system,f5607086-1315-5946-898c-a89f2bf1ecfe,30,18842f90-d5d5-59ad-837c-f13f2b55bb62,75.000,EA,1067.60,CHF,80070.00,2026-04-25,26943711-6989-565e-b14c-4ca4f0c6aae0,0.000,Standard order line
0bfc1488-cdae-5f03-aa11-e3ce15d1a1f8,2026-04-14T08:00:00Z,system,2026-04-14T08:00:00Z,system,f5607086-1315-5946-898c-a89f2bf1ecfe,40,19e5854c-015a-5974-997b-3ccb05e32d73,4.500,M,415.01,CHF,1867.55,2026-04-25,90986597-7aac-5234-a454-097840c46a48,0.000,
660a1149-5537-5ac8-998f-292f6c9b656e,2026-04-14T08:00:00Z,system,2026-04-14T08:00:00Z,system,f5607086-1315-5946-898c-a89f2bf1ecfe,50,0a95d286-40e6-5f4e-bce8-380f86c5e052,67.500,BOX,1312.90,CHF,88620.75,2026-04-25,195b9f38-a927-5871-bc39-99d5328d36fa,0.000,
fe8aa96e-1b0c-5c8b-9a01-bd5441e05a1a,2026-02-02T08:00:00Z,system,2026-02-02T08:00:00Z,system,ced90c24-218f-54d9-822f-ff6da2b2a3e0,10,accc637f-3162-5d58-877b-1b8457c93561,100.000,L,1331.52,GBP,133152.00,2026-02-09,3e5fe4bd-cb24-5034-b0da-4cb743044a68,100.000,
22b845b3-4c51-5688-9491-3941c0cf704c,2026-02-02T08:00:00Z,system,2026-02-02T08:00:00Z,system,ced90c24-218f-54d9-822f-ff6da2b2a3e0,20,34a9184c-b2a2-5e49-b2fa-ec91dd5c7ccc,22.500,L,1357.73,GBP,30548.92,2026-02-09,f2531e5f-8b38-5a29-b059-05ad42ec5b1d,22.500,Standard order line
98b54f5a-75da-5c94-8ecb-0f9b92f54e7a,2026-02-02T08:00:00Z,system,2026-02-02T08:00:00Z,system,ced90c24-218f-54d9-822f-ff6da2b2a3e0,30,61c9dd7a-23b2-51ce-a4f8-1ecaedb8b55e,1.000,SET,1578.61,GBP,1578.61,2026-02-09,71492aea-32e4-5c5c-8aed-4e40938af9b5,1.000,Framework agreement pricing
0982cbe9-4748-5c92-83bc-cdc8554aead0,2025-11-02T08:00:00Z,system,2025-11-02T08:00:00Z,system,0de5d8b2-4f82-5e5f-80ff-09a915ace52b,10,8f4fa6ee-76d8-5196-89f7-b65fbb2cfff1,5.500,KG,165.38,DKK,909.59,2025-11-12,d871314c-f833-5809-be85-64e127621d82,5.500,
226a1dba-4a70-5515-82dc-f87032dba0dd,2025-11-02T08:00:00Z,system,2025-11-02T08:00:00Z,system,0de5d8b2-4f82-5e5f-80ff-09a915ace52b,20,a09d3b3c-22f6-56c6-93d4-2863d0444e94,1.800,L,10982.11,DKK,19767.80,2025-11-12,d4ece51c-c7cb-5a7e-ad8b-333f836ed745,1.800,Standard order line
eb6ee9c1-ef1d-5c81-a0d3-73e0aa1f953b,2025-11-17T08:00:00Z,system,2025-11-17T08:00:00Z,system,1ed20344-2f11-5f9c-81ef-58fd1481c211,10,6febc7d4-a6f9-547c-bdef-f6c3c7cebf1b,1.000,BOX,937.69,EUR,937.69,2025-12-03,9ac409f7-6257-5a71-935c-1b1b9bea21ed,0.000,Expedited delivery
abdbb484-5bc3-566e-b566-44a03e0ceb7f,2025-11-17T08:00:00Z,system,2025-11-17T08:00:00Z,system,1ed20344-2f11-5f9c-81ef-58fd1481c211,20,1b30f45e-0d32-58be-8b74-c6b2411df44a,20.000,EA,2092.55,EUR,41851.00,2025-12-03,d79889c9-60a0-5066-9b81-ef3b733b3d16,0.000,
3282a9d5-4a30-533a-bf01-0c4f9e2be437,2025-11-17T08:00:00Z,system,2025-11-17T08:00:00Z,system,1ed20344-2f11-5f9c-81ef-58fd1481c211,30,425b666f-dd3e-51cf-b65c-1b1c5b49b01e,22.500,M,1395.61,EUR,31401.22,2025-12-03,b805a7bb-9618-5295-a1b6-93f5d77f4827,0.000,Quality inspection required
6dbe4805-0cf1-57ae-8054-a481c69bc298,2026-04-25T08:00:00Z,system,2026-04-25T08:00:00Z,system,aecd96dc-e84a-5990-929b-8f9ec55db01a,10,34a9184c-b2a2-5e49-b2fa-ec91dd5c7ccc,82.500,L,2510.04,CAD,207078.30,2026-06-12,b598e415-6410-572d-b7dd-a16fa10f6e78,82.500,Framework agreement pricing
05be458c-e9c4-59e1-a245-f26ffc4b2f0e,2026-04-25T08:00:00Z,system,2026-04-25T08:00:00Z,system,aecd96dc-e84a-5990-929b-8f9ec55db01a,20,4d7c024a-2045-5e6d-bce5-30a3caf00779,82.500,EA,1929.57,CAD,159189.52,2026-06-12,9e009384-2ff3-5466-8090-38412da5f08d,82.500,Framework agreement pricing
037b3551-8dc2-53a7-8b5c-bb8d712a7f66,2026-04-25T08:00:00Z,system,2026-04-25T08:00:00Z,system,aecd96dc-e84a-5990-929b-8f9ec55db01a,30,b5842b92-2db0-59f1-bfed-7a5db5a20938,1.000,L,535.76,CAD,535.76,2026-06-12,67b3d8df-5620-5450-89cd-7f00a32d0f85,1.000,Framework agreement pricing
12959f3e-a061-5fed-b8fe-2007f672ca68,2026-02-21T08:00:00Z,system,2026-02-21T08:00:00Z,system,85307090-3558-5472-9532-dbcd035cd461,10,ffad296f-4b1b-50b0-b7ea-693c82ec1839,100.000,M,725.76,EUR,72576.00,2026-04-20,dbc2457a-ce33-57da-9685-33560e491b2d,100.000,Expedited delivery
0d9b3b7c-5d04-516d-afdc-57bb3d23994a,2026-02-21T08:00:00Z,system,2026-02-21T08:00:00Z,system,85307090-3558-5472-9532-dbcd035cd461,20,29cfd91a-8f49-5d4d-97e2-fb011b81ac36,9.000,L,1138.79,EUR,10249.11,2026-04-20,298c2bcb-8641-5d72-8800-29b759386ca1,9.000,Framework agreement pricing
fe123749-40a1-5dc3-a0b1-9ac160003e2d,2026-02-21T08:00:00Z,system,2026-02-21T08:00:00Z,system,85307090-3558-5472-9532-dbcd035cd461,30,9e7b19d9-c9c7-562c-b69b-23994f239c49,1.100,EA,1053.81,EUR,1159.19,2026-04-20,b5e60cf9-4685-5dff-8532-822dca74e7a9,1.100,Framework agreement pricing
2deb8606-61bb-584f-a416-219e1351028f,2026-03-22T08:00:00Z,system,2026-03-22T08:00:00Z,system,9ba97e75-ae37-5eb9-9756-9d2bb546cc92,10,62a2158d-64d0-547a-b140-23e19a0b0820,4.500,BOX,2642.12,CAD,11889.54,2026-04-07,23e62d5d-b5a0-583a-918a-181ac81b7fd3,0.000,Framework agreement pricing
2af6bd00-9a8f-5af6-8eb3-52a50abe5147,2026-03-22T08:00:00Z,system,2026-03-22T08:00:00Z,system,9ba97e75-ae37-5eb9-9756-9d2bb546cc92,20,0c9f0a42-1ac7-5282-b469-b088f77d7e6d,220.000,BOX,2004.61,CAD,441014.20,2026-04-07,3b5428fa-c342-510e-8e00-42997fcb8bd5,0.000,Expedited delivery
fef1b837-1a39-5b90-b67b-21946cfd93b6,2026-03-22T08:00:00Z,system,2026-03-22T08:00:00Z,system,9ba97e75-ae37-5eb9-9756-9d2bb546cc92,30,21cbb700-5485-5bab-b31b-e024cd04b587,2.000,M,2064.57,CAD,4129.14,2026-04-07,79b5049c-74b2-599e-9649-4f9c743d84b2,0.000,Expedited delivery
4e2abbd9-fe30-5e14-baeb-482f530e4bdd,2025-10-30T08:00:00Z,system,2025-10-30T08:00:00Z,system,9c14e74f-c453-536f-ae40-9b16302c015e,10,f968e107-0cac-5cfd-a628-d3aa05f1e38d,2.000,EA,1053.02,EUR,2106.04,2025-12-14,1a5c0429-fb57-5013-ba25-56bfa34a5d0b,0.000,Standard order line
973ea6ea-e9c5-5058-9acf-da4c167f15d1,2025-10-30T08:00:00Z,system,2025-10-30T08:00:00Z,system,9c14e74f-c453-536f-ae40-9b16302c015e,20,c1263224-5b01-5628-b91f-a1409b9c0752,50.000,BOX,1726.11,EUR,86305.50,2025-12-14,9397158a-3526-5a55-b93f-a12740a65b4a,0.000,
9106e858-6177-528f-9741-c5cf2f40e93d,2025-10-30T08:00:00Z,system,2025-10-30T08:00:00Z,system,9c14e74f-c453-536f-ae40-9b16302c015e,30,7fb17ba4-6dd3-5a8b-a71f-be9e5b3c1f9a,110.000,KG,34.60,EUR,3806.00,2025-12-14,85ff3bdc-21e2-5348-b9c9-701ee437a516,0.000,
34f82eac-e4bb-5bb2-807d-262dd9585c77,2025-10-30T08:00:00Z,system,2025-10-30T08:00:00Z,system,9c14e74f-c453-536f-ae40-9b16302c015e,40,b6bc1653-27d5-583b-ba09-0b3325b8db55,2.000,SET,626.80,EUR,1253.60,2025-12-14,c6d2559f-ec92-5259-9cb9-5b6c938fd072,0.000,Standard order line
e371b953-8974-513e-a1e1-740c5611fa53,2025-10-30T08:00:00Z,system,2025-10-30T08:00:00Z,system,9c14e74f-c453-536f-ae40-9b16302c015e,50,35918af3-0428-5cb5-b70c-3960424df494,50.000,KG,22.46,EUR,1123.00,2025-12-14,e4b43c0a-ec76-5bf1-9266-a0fc1ab8e687,0.000,Quality inspection required
2bd63350-8005-5d19-8643-c0726f9f2aa1,2025-12-11T08:00:00Z,system,2025-12-11T08:00:00Z,system,5baf16a2-411c-58ff-9ac0-d5e004b93dca,10,5638f460-1932-50d2-8453-a3cf94aaa992,150.000,SET,16661.96,DKK,2499294.00,2025-12-19,0807dfd8-b337-5a84-8813-edb46380b359,150.000,Quality inspection required
291790e6-3302-51cc-8690-3e115a7f66cd,2025-12-11T08:00:00Z,system,2025-12-11T08:00:00Z,system,5baf16a2-411c-58ff-9ac0-d5e004b93dca,20,0c3785e3-7d1b-5f41-95de-b2299b8dd699,25.000,M,7840.00,DKK,196000.00,2025-12-19,58db367e-0193-5b84-b9f7-9c099fff5f2b,25.000,Quality inspection required
39ee425a-89dc-5048-b35d-7ea8e1f7df31,2025-12-11T08:00:00Z,system,2025-12-11T08:00:00Z,system,5baf16a2-411c-58ff-9ac0-d5e004b93dca,30,f968e107-0cac-5cfd-a628-d3aa05f1e38d,9.000,EA,6924.16,DKK,62317.44,2025-12-19,207b638f-1fe9-5050-a3ba-8b27f0fbab68,9.000,
0097786c-996e-50bd-9c58-c5cbcae28570,2025-12-11T08:00:00Z,system,2025-12-11T08:00:00Z,system,5baf16a2-411c-58ff-9ac0-d5e004b93dca,40,fd4f25a0-d258-5944-8a33-a22b3cf44a4a,1.000,L,6174.30,DKK,6174.30,2025-12-19,fa1a4b27-b78a-54e8-86bf-b9419fd97f4e,1.000,Expedited delivery
5972affa-f6b9-5b04-b67f-49cd4f44c43a,2025-11-18T08:00:00Z,system,2025-11-18T08:00:00Z,system,d4c0aa4d-0922-5fcc-bf4c-82a296aaac41,10,a09d3b3c-22f6-56c6-93d4-2863d0444e94,2.000,L,6734.83,PLN,13469.66,2025-12-30,d4ece51c-c7cb-5a7e-ad8b-333f836ed745,2.000,Framework agreement pricing
b3d239fe-9b3a-551c-92f4-a29fecf182ea,2025-11-18T08:00:00Z,system,2025-11-18T08:00:00Z,system,d4c0aa4d-0922-5fcc-bf4c-82a296aaac41,20,2ecf27bf-5cc9-5e4d-bf61-da068d5ffc48,2.000,EA,2805.19,PLN,5610.38,2025-12-30,3d69ceaa-4d42-5779-a905-62b9a12fe151,2.000,Quality inspection required
657c2c61-abce-551f-b87f-8704e95ab539,2026-06-01T08:00:00Z,system,2026-06-01T08:00:00Z,system,ab5a7d35-ce76-5ea1-84a1-46fd7b35c492,10,25d66eb3-16e0-54c3-bcbc-0f87d2c22b95,5.000,EA,708.35,EUR,3541.75,2026-06-27,e8cacbfd-ccc1-5af2-bfd6-b6ccb7f0cb55,1.727,Expedited delivery
14ea17c9-8ded-56d6-8ffe-1eba375aae63,2026-06-01T08:00:00Z,system,2026-06-01T08:00:00Z,system,ab5a7d35-ce76-5ea1-84a1-46fd7b35c492,20,7e0dc5fc-446c-5a88-b96d-e4554891eeb1,150.000,L,1162.87,EUR,174430.50,2026-06-27,c06b04ff-f2ab-5bcf-81df-1c65d7304a4e,22.844,Framework agreement pricing
4c118e46-3ed9-5922-b86f-5868fd4aae8f,2026-04-06T08:00:00Z,system,2026-04-06T08:00:00Z,system,fae72e2c-2068-5650-b56c-e610766dba8d,10,7f697323-30b6-54c7-bac6-3b08c847d275,2.200,M,1548.03,GBP,3405.67,2026-04-15,c4199031-f020-5f34-91ad-6fddf59a5bbf,2.200,Standard order line
b809c0af-3e31-5ac2-b685-397c3f76bd0f,2026-04-06T08:00:00Z,system,2026-04-06T08:00:00Z,system,fae72e2c-2068-5650-b56c-e610766dba8d,20,a93a3ee0-dfe5-5635-b2cf-50207f6eefff,50.000,BOX,793.62,GBP,39681.00,2026-04-15,006ecf40-accf-5dbd-a859-694cc0340ad3,50.000,Quality inspection required
b530949f-d837-5091-b41a-f2c72d6d8b59,2026-04-06T08:00:00Z,system,2026-04-06T08:00:00Z,system,fae72e2c-2068-5650-b56c-e610766dba8d,30,61c9dd7a-23b2-51ce-a4f8-1ecaedb8b55e,1.000,SET,1737.00,GBP,1737.00,2026-04-15,71492aea-32e4-5c5c-8aed-4e40938af9b5,1.000,Expedited delivery
c9c1352f-89a3-5401-9fcc-692be0b4519c,2025-10-04T08:00:00Z,system,2025-10-04T08:00:00Z,system,118505e5-3018-57d1-b734-87ec3e1374ed,10,88ec57c2-4bd1-5167-8c0f-b46a5404ea75,11.000,M,1152.94,EUR,12682.34,2025-12-03,6a4230dd-c3ca-59bb-ad24-a9258c99ec2f,11.000,Quality inspection required
bd38b356-45ff-5ed7-8d88-7722d4420bb0,2025-10-04T08:00:00Z,system,2025-10-04T08:00:00Z,system,118505e5-3018-57d1-b734-87ec3e1374ed,20,9390c973-ffaf-555f-9cb1-d1547db4c4d9,1.000,SET,1526.91,EUR,1526.91,2025-12-03,c5692d59-a115-5324-b25d-5f73e303a9e7,1.000,Quality inspection required
59a1379d-dae4-521d-b140-61eede4fbd73,2026-01-04T08:00:00Z,system,2026-01-04T08:00:00Z,system,78f0db80-b371-5b0a-9145-3e93206f20ab,10,f74e00d0-5597-5c85-9d8e-7ce030bdb99d,180.000,EA,856.94,GBP,154249.20,2026-02-01,bcdbf8b9-3a96-5800-9303-63ff5887c7c9,0.000,Standard order line
217fd062-cb69-546d-b782-cbd9a115b1b6,2026-01-04T08:00:00Z,system,2026-01-04T08:00:00Z,system,78f0db80-b371-5b0a-9145-3e93206f20ab,20,b565639f-0e27-5958-90ec-8e31f21798a1,5.000,KG,5.99,GBP,29.95,2026-02-01,de433caf-ffe7-58ba-86fa-69dda08399fe,0.000,Standard order line
6865c24e-f09f-5bda-aa62-b7ad2c305ece,2026-01-04T08:00:00Z,system,2026-01-04T08:00:00Z,system,78f0db80-b371-5b0a-9145-3e93206f20ab,30,22447b3a-3dd0-58e6-a0a5-422538c79c8f,9.000,BOX,772.05,GBP,6948.45,2026-02-01,e5484054-026e-573c-896c-45c880f14745,0.000,Framework agreement pricing
9d38b325-5dc1-50b3-a254-4bb63de6b6b6,2026-01-04T08:00:00Z,system,2026-01-04T08:00:00Z,system,78f0db80-b371-5b0a-9145-3e93206f20ab,40,c921e193-a3b7-5f2b-800f-213728db4d05,25.000,KG,6.66,GBP,166.50,2026-02-01,d54dc6c5-b417-596f-bd45-85f8867d764a,0.000,Quality inspection required
10bde058-0325-553b-bebc-7c1fe2a5805a,2026-01-04T08:00:00Z,system,2026-01-04T08:00:00Z,system,78f0db80-b371-5b0a-9145-3e93206f20ab,50,425b666f-dd3e-51cf-b65c-1b1c5b49b01e,9.000,M,1276.34,GBP,11487.06,2026-02-01,4c5f9704-54c0-5827-a35d-761d8009c20c,0.000,Expedited delivery
0f39eb0c-13c1-5f68-b3d5-b580e2b36156,2025-10-23T08:00:00Z,system,2025-10-23T08:00:00Z,system,3085cb35-d506-5766-975c-beedf222cf51,10,4b2dee46-41cf-5eee-b0e3-93ee894cef45,45.000,SET,2126.66,EUR,95699.70,2025-12-25,3069c41c-614d-5f39-9b36-f186e5c01656,0.000,Quality inspection required
80d790ca-dc02-5e4b-b52a-0965ee0cdd84,2025-10-23T08:00:00Z,system,2025-10-23T08:00:00Z,system,3085cb35-d506-5766-975c-beedf222cf51,20,240a2ec2-b97a-51d0-9b66-a85819e5025e,165.000,SET,1489.02,EUR,245688.30,2025-12-25,36e79ea8-5c9b-58a2-b3df-2840fae21f53,0.000,Framework agreement pricing
3da57e51-aa68-5cb1-aa37-ce1b95f19cbb,2025-10-23T08:00:00Z,system,2025-10-23T08:00:00Z,system,3085cb35-d506-5766-975c-beedf222cf51,30,57da00f0-61c9-5674-b533-ab7f1607f838,5.000,BOX,1037.15,EUR,5185.75,2025-12-25,dce07b80-026e-5f3d-b01c-20ebe854cd98,0.000,Quality inspection required
336b3bfa-d516-52d2-9cad-656d8633b04b,2026-02-11T08:00:00Z,system,2026-02-11T08:00:00Z,system,88fb30d0-8150-5962-a790-262470fd976c,10,748d36d0-ad0a-5e2f-ae52-4b9bd4ac6a44,90.000,M,2700.88,CAD,243079.20,2026-04-18,b8a92d12-360f-570a-9239-063b90bee12d,35.023,Quality inspection required
2bd9cc11-124a-562e-bbdf-35eb475b6c3d,2026-02-11T08:00:00Z,system,2026-02-11T08:00:00Z,system,88fb30d0-8150-5962-a790-262470fd976c,20,7c9ec527-9eb0-52c4-b207-8cf0cae25caf,55.000,M,3337.25,CAD,183548.75,2026-04-18,beb61672-1a18-548a-8ccd-68c734e8dcb5,4.016,Standard order line
bfd47299-1661-5c0b-882c-1cc0ba542f55,2026-02-11T08:00:00Z,system,2026-02-11T08:00:00Z,system,88fb30d0-8150-5962-a790-262470fd976c,30,2e938e1a-7d1e-5084-9f28-14acf3a39a7c,20.000,SET,3672.09,CAD,73441.80,2026-04-18,0ed9adb5-4fd6-5d13-8853-8616d841f3e4,8.117,Standard order line
134c7c4d-0ea0-5484-af1c-d43b33915909,2025-11-25T08:00:00Z,system,2025-11-25T08:00:00Z,system,b5dbe0c7-767f-52b1-bdd0-56316a9c9f2d,10,4510bf5d-95b5-5a36-8ecf-d02e870154c9,2.000,KG,24.69,PLN,49.38,2026-01-23,b35b94de-41af-5f61-9445-ec686202a630,1.964,
e10a3260-b603-5700-8f34-6e70a3f4b702,2025-11-25T08:00:00Z,system,2025-11-25T08:00:00Z,system,b5dbe0c7-767f-52b1-bdd0-56316a9c9f2d,20,4cb50627-8198-5765-9d5a-9d272c8ce58b,27.500,M,3355.14,PLN,92266.35,2026-01-23,1a4c6b5d-2638-5ea2-a30c-b1638d600cea,1.339,Expedited delivery
2d716894-d0c6-5812-96ed-d05dc0aa67d5,2025-11-25T08:00:00Z,system,2025-11-25T08:00:00Z,system,b5dbe0c7-767f-52b1-bdd0-56316a9c9f2d,30,19e5854c-015a-5974-997b-3ccb05e32d73,27.500,M,1724.39,PLN,47420.73,2026-01-23,2ef7aed5-f903-51ce-a0b2-41790977c0fa,1.021,Quality inspection required
7f0b8ef9-587e-51bf-8c22-c0aff0a428a6,2026-05-19T08:00:00Z,system,2026-05-19T08:00:00Z,system,4e00298a-0a3c-5ed9-a55f-b3cfe8a97219,10,b3dbfa26-3c04-523e-a8d7-8b4485baefb6,220.000,EA,292.89,GBP,64435.80,2026-07-26,50d2a28c-5932-5d3c-9055-eb24a711b9c7,220.000,Expedited delivery
d34f7f2c-4281-5cb8-aecc-4435c2a68a36,2026-05-19T08:00:00Z,system,2026-05-19T08:00:00Z,system,4e00298a-0a3c-5ed9-a55f-b3cfe8a97219,20,6c73375b-40a6-5535-9e27-a364e6837ed1,1.800,EA,2115.05,GBP,3807.09,2026-07-26,a11ac80a-767c-571a-89c8-f31fdc4ac7dc,1.800,
7bb3c1b7-e90d-5723-a1e4-2075b691f8a0,2026-05-19T08:00:00Z,system,2026-05-19T08:00:00Z,system,4e00298a-0a3c-5ed9-a55f-b3cfe8a97219,30,452e2331-a466-542c-832b-33425b59e07a,150.000,EA,1928.06,GBP,289209.00,2026-07-26,91635bc5-950a-5cef-bed3-eb26e13d37af,150.000,Standard order line
c0c6611d-625c-541f-9696-443bcff7bddf,2025-10-13T08:00:00Z,system,2025-10-13T08:00:00Z,system,f737a758-3d76-51cd-9911-1c4f0e6cc6f4,10,00a24b8a-d6ef-5fd9-b832-024cf1e9f1b5,100.000,EA,901.71,GBP,90171.00,2025-11-30,99444d0f-3044-580c-883a-c5577279a4c7,100.000,Expedited delivery
bbc77a76-e4e2-5003-9fb6-07cfa4fd5627,2025-10-13T08:00:00Z,system,2025-10-13T08:00:00Z,system,f737a758-3d76-51cd-9911-1c4f0e6cc6f4,20,34a9184c-b2a2-5e49-b2fa-ec91dd5c7ccc,22.500,L,1281.59,GBP,28835.77,2025-11-30,f2531e5f-8b38-5a29-b059-05ad42ec5b1d,22.500,Quality inspection required
73a8630e-4446-59bc-9ccc-438c98970ece,2025-10-13T08:00:00Z,system,2025-10-13T08:00:00Z,system,f737a758-3d76-51cd-9911-1c4f0e6cc6f4,30,9c244d41-3489-5976-bcdb-b0d76c2237a9,22.500,KG,22.17,GBP,498.83,2025-11-30,327b7d91-b5c7-5785-b070-bd31b1821daa,22.500,Standard order line
d703fa73-a0f9-57a2-a42e-499b6dfc0cd7,2025-10-13T08:00:00Z,system,2025-10-13T08:00:00Z,system,f737a758-3d76-51cd-9911-1c4f0e6cc6f4,40,8c4308df-7ca4-593e-8ebe-c6de544847fa,75.000,L,1829.12,GBP,137184.00,2025-11-30,05e22379-c9dd-5494-95d7-d4688aa7e369,75.000,Expedited delivery
61aa6599-3206-5fca-8b95-21ed48c9b41e,2026-04-03T08:00:00Z,system,2026-04-03T08:00:00Z,system,69074515-903d-542e-96e4-5397dd1db8f8,10,729b6d7e-7b34-59c4-ab17-3319477660be,67.500,KG,56.50,PLN,3813.75,2026-05-29,7c7cd9a8-726c-507d-ab55-1c50f4b3744a,67.500,Quality inspection required
5e47cf5a-6b4a-5e71-a5ae-91dd9c4a471c,2026-04-03T08:00:00Z,system,2026-04-03T08:00:00Z,system,69074515-903d-542e-96e4-5397dd1db8f8,20,22447b3a-3dd0-58e6-a0a5-422538c79c8f,11.000,BOX,4145.88,PLN,45604.68,2026-05-29,e5484054-026e-573c-896c-45c880f14745,11.000,Quality inspection required
68caf0f1-5c44-58e7-a290-451555b86ba3,2026-04-03T08:00:00Z,system,2026-04-03T08:00:00Z,system,69074515-903d-542e-96e4-5397dd1db8f8,30,4c30fa9e-b4c6-593b-975f-b5c99a3fa9b1,135.000,M,2223.72,PLN,300202.20,2026-05-29,2a720192-d0e9-5bbf-9c14-725d2502c88f,135.000,
2ed3c8cf-b5e5-506d-b49a-8824a83afa88,2026-04-03T08:00:00Z,system,2026-04-03T08:00:00Z,system,69074515-903d-542e-96e4-5397dd1db8f8,40,4c30fa9e-b4c6-593b-975f-b5c99a3fa9b1,1.800,M,2114.63,PLN,3806.33,2026-05-29,a1e290ca-5563-5349-b8cc-b8b19054470e,1.800,Framework agreement pricing
2215f459-067e-5459-893c-3cba11c386ce,2026-04-03T08:00:00Z,system,2026-04-03T08:00:00Z,system,69074515-903d-542e-96e4-5397dd1db8f8,50,a93a3ee0-dfe5-5635-b2cf-50207f6eefff,110.000,BOX,3662.56,PLN,402881.60,2026-05-29,b81b7f02-5513-513a-80f0-c5aac121b980,110.000,Framework agreement pricing
54322019-3ace-5e27-8d16-ad0841b86d1e,2025-12-23T08:00:00Z,system,2025-12-23T08:00:00Z,system,9bd98c06-0cf2-5de1-85b7-24177207503e,10,79756df9-78e3-5df8-ad70-cff390e99aff,50.000,EA,908.47,EUR,45423.50,2025-12-31,7bf78d79-1ca0-570f-a990-352911f891be,0.000,Quality inspection required
8753fb7c-1d33-5c9c-b1db-1896e66eebd7,2025-12-23T08:00:00Z,system,2025-12-23T08:00:00Z,system,9bd98c06-0cf2-5de1-85b7-24177207503e,20,3a0a1e49-476a-536d-b162-93bd126b8104,25.000,L,1998.65,EUR,49966.25,2025-12-31,07e789d8-ec28-5ce9-9005-071c2de9cdc7,0.000,
867ad8c4-68ba-5f47-b8f1-8f38fbfcbc3c,2026-05-02T08:00:00Z,system,2026-05-02T08:00:00Z,system,7fc8cac2-4004-52b6-aa34-bb02e71bb509,10,dbd21518-2460-5332-97ca-a826ccd26fd2,22.000,BOX,784.38,EUR,17256.36,2026-05-24,ca932425-5273-5c3a-a7f5-0fafdf057027,17.232,Standard order line
81a6eca6-2f07-525c-8e3e-89724d7c0bed,2026-05-02T08:00:00Z,system,2026-05-02T08:00:00Z,system,7fc8cac2-4004-52b6-aa34-bb02e71bb509,20,105849c8-03f2-573d-9e97-230d47fc6774,82.500,SET,1303.78,EUR,107561.85,2026-05-24,4cc13301-88b8-543d-91ec-7302aa830399,57.851,Expedited delivery
428b1aa4-1947-5758-b797-3bfb54a2f2c1,2026-05-02T08:00:00Z,system,2026-05-02T08:00:00Z,system,7fc8cac2-4004-52b6-aa34-bb02e71bb509,30,19e5854c-015a-5974-997b-3ccb05e32d73,25.000,M,413.76,EUR,10344.00,2026-05-24,2ef7aed5-f903-51ce-a0b2-41790977c0fa,0.822,Expedited delivery
3f1dbfda-9716-57ef-af72-3bd25779b2cd,2026-06-06T08:00:00Z,system,2026-06-06T08:00:00Z,system,ad25fab7-275a-59b2-b9e6-5977c9fb5767,10,c8f2c51c-f8b9-51a7-b2ab-da1f3ac760d6,75.000,M,1307.36,GBP,98052.00,2026-07-06,3ac66350-cfdc-5663-8b99-833456437d01,25.676,Quality inspection required
4b11feb0-9575-5a3e-9032-86693bdeb5b3,2026-06-06T08:00:00Z,system,2026-06-06T08:00:00Z,system,ad25fab7-275a-59b2-b9e6-5977c9fb5767,20,d3ea4cc3-d5fd-5d6d-a8b4-952acbec0290,2.000,SET,1839.81,GBP,3679.62,2026-07-06,8434e993-05b4-5634-8609-73b235e79682,1.965,
9304f2c5-11ea-5ca6-81aa-2be56e446d25,2026-06-06T08:00:00Z,system,2026-06-06T08:00:00Z,system,ad25fab7-275a-59b2-b9e6-5977c9fb5767,30,8407ccad-dc71-5f5d-bf6c-5c34f5e1b0ce,90.000,M,1462.46,GBP,131621.40,2026-07-06,ee7871b8-e1f6-5fa2-a3a2-b8d7b0f0af89,0.674,
bcdeb500-dfa6-5a29-ba52-80658c42421e,2026-06-30T08:00:00Z,system,2026-06-30T08:00:00Z,system,00dad0f5-b30b-5124-b97c-95e4cb0045ea,10,74ec4245-16d4-59ad-a64b-e56056485a1c,100.000,EA,2168.83,EUR,216883.00,2026-07-19,f6edc6af-db67-56bd-b9a2-66b79445a110,79.152,
d14c09ae-19d7-5d3c-a7bc-6806eb1d9b2e,2026-06-30T08:00:00Z,system,2026-06-30T08:00:00Z,system,00dad0f5-b30b-5124-b97c-95e4cb0045ea,20,d96ec281-e3a6-5aba-b6f4-379e05515ef4,27.500,SET,1145.17,EUR,31492.18,2026-07-19,e60bfdf2-635a-5ee1-a74e-b505f144b7d0,11.698,Framework agreement pricing
9d938d2e-0f8a-59be-b583-333866652e7d,2026-04-28T08:00:00Z,system,2026-04-28T08:00:00Z,system,d41ab78f-35b4-5e9c-8e90-f31e5083f335,10,965972d0-7dc1-5a2e-a771-140c178aec3b,200.000,EA,1155.57,PLN,231114.00,2026-06-07,e81db0d5-ba3b-5f72-8c28-4351aa045220,0.000,Framework agreement pricing
b1af3c0f-b6bb-58bc-aec6-f3ea86a3f633,2026-04-28T08:00:00Z,system,2026-04-28T08:00:00Z,system,d41ab78f-35b4-5e9c-8e90-f31e5083f335,20,cb6ffa8f-0fe6-5b74-b902-9c455baa0e7f,150.000,BOX,929.81,PLN,139471.50,2026-06-07,69a50793-472d-52b0-a40c-a98eb57a6026,0.000,Standard order line
81eeb656-61ec-549f-8ca1-3d3f9aad2ab9,2026-04-28T08:00:00Z,system,2026-04-28T08:00:00Z,system,d41ab78f-35b4-5e9c-8e90-f31e5083f335,30,dc06185f-0801-58aa-86b9-6df5bf774217,5.000,L,3442.49,PLN,17212.45,2026-06-07,099c33cb-bc0d-527e-9ad7-d4f97f8d8c55,0.000,
f0656ea4-2e6f-5fc8-bade-6a44e03d9483,2026-04-28T08:00:00Z,system,2026-04-28T08:00:00Z,system,d41ab78f-35b4-5e9c-8e90-f31e5083f335,40,4ab6e929-df87-5d07-b36e-bc3c2033a2c4,25.000,BOX,8609.81,PLN,215245.25,2026-06-07,832a87a5-f82f-5eab-ad95-c6924004de1e,0.000,
00e882e0-9da8-5331-bd64-c1f002675275,2026-04-28T08:00:00Z,system,2026-04-28T08:00:00Z,system,d41ab78f-35b4-5e9c-8e90-f31e5083f335,50,4bbe33ac-91fe-5b33-a3a4-57141de4e03e,5.000,M,7260.06,PLN,36300.30,2026-06-07,2878adbf-b01f-54d9-8d9b-5061985973fa,0.000,
32837da5-7f01-5ea7-abc7-43178f007b55,2026-06-07T08:00:00Z,system,2026-06-07T08:00:00Z,system,10b63136-5877-5ce4-b2c0-8d4fb5125892,10,433f80c2-05f6-5b18-bf74-adc19e89d6f1,2.200,BOX,2301.68,EUR,5063.70,2026-07-09,ac4f626d-f0aa-5016-af10-6a1affe1935c,2.200,
271867a9-a075-5bea-9f34-adf917fcb75d,2026-06-07T08:00:00Z,system,2026-06-07T08:00:00Z,system,10b63136-5877-5ce4-b2c0-8d4fb5125892,20,21cbb700-5485-5bab-b31b-e024cd04b587,75.000,M,1134.96,EUR,85122.00,2026-07-09,dbf46a27-7b76-5eb6-a2e5-b8f8b960128a,75.000,Framework agreement pricing
8543746d-65bc-556f-9ed6-b5bf0c3025c7,2026-06-07T08:00:00Z,system,2026-06-07T08:00:00Z,system,10b63136-5877-5ce4-b2c0-8d4fb5125892,30,94288f21-6926-5da3-827e-38477bc97581,100.000,L,1129.43,EUR,112943.00,2026-07-09,74435bdb-9d16-5105-9623-e50b00898bfb,100.000,
bfc38e23-4f06-5ea5-87cd-84eea55b2e41,2026-02-21T08:00:00Z,system,2026-02-21T08:00:00Z,system,02edbed7-5dcc-5d02-a10f-4a6575b5112a,10,bb0b52d6-caeb-5f0b-8479-76c4c50869c1,200.000,KG,4.24,EUR,848.00,2026-03-21,33f0d569-3e01-58d3-a007-b3284421121b,59.506,Expedited delivery
cc7c5bc7-dcac-5f4a-8f70-5099d6b1f06e,2026-02-21T08:00:00Z,system,2026-02-21T08:00:00Z,system,02edbed7-5dcc-5d02-a10f-4a6575b5112a,20,7f697323-30b6-54c7-bac6-3b08c847d275,45.000,M,1730.45,EUR,77870.25,2026-03-21,0a62138d-d4f4-5f17-8423-4f7f3007a94a,19.897,Expedited delivery
922e1b93-c5df-5783-972b-77617b48c72c,2026-02-21T08:00:00Z,system,2026-02-21T08:00:00Z,system,02edbed7-5dcc-5d02-a10f-4a6575b5112a,30,893944a0-a713-5323-888a-1702113e176d,20.000,KG,22.31,EUR,446.20,2026-03-21,17a5d9fa-f2e3-5653-bbfd-db598489f126,8.574,Quality inspection required
a4126051-5c30-5efe-8bf1-a43cebfd3a47,2026-02-21T08:00:00Z,system,2026-02-21T08:00:00Z,system,02edbed7-5dcc-5d02-a10f-4a6575b5112a,40,e78a29f5-6b77-5c64-a898-2ef9faf92f91,22.500,KG,20.09,EUR,452.02,2026-03-21,22f8c0de-b242-5565-b5af-7a3a4f75351e,3.644,Quality inspection required
ea83567d-495d-5257-958d-1e64d7d3d05e,2026-07-23T08:00:00Z,system,2026-07-23T08:00:00Z,system,d3ac5c39-926c-5c3f-9e97-b88ef7a09362,10,3fbd18a0-7abf-52be-90d6-d20cad8bccd3,165.000,SET,1041.33,EUR,171819.45,2026-09-05,819b3ce5-b1ef-5cf9-b59c-12d6d90e7a52,0.000,Standard order line
225036a7-1af8-51ea-a773-df269504f6f3,2026-07-23T08:00:00Z,system,2026-07-23T08:00:00Z,system,d3ac5c39-926c-5c3f-9e97-b88ef7a09362,20,99390864-f827-5aef-be8a-287357eedb0f,220.000,BOX,1980.28,EUR,435661.60,2026-09-05,ecb561a9-d8ab-5d28-b3e6-9828c5494a3c,0.000,Expedited delivery
af939746-68c6-5cfd-94a7-702547758914,2025-11-30T08:00:00Z,system,2025-11-30T08:00:00Z,system,b9e3228e-d3ce-508a-ac34-adab74950cc1,10,a1a5bad0-30ca-5727-b1d6-9e34f59daa2c,1.000,BOX,633.53,GBP,633.53,2026-01-29,3ca8b727-6f1b-548c-b719-1d361e0ce899,0.087,Quality inspection required
37c12db6-da2a-552b-93a5-3a47b4e3c859,2025-11-30T08:00:00Z,system,2025-11-30T08:00:00Z,system,b9e3228e-d3ce-508a-ac34-adab74950cc1,20,4a6344a3-f35e-516c-9e41-3b71adc76bae,200.000,M,570.16,GBP,114032.00,2026-01-29,2dfb3e8b-0608-5720-986d-ff530557770c,1.031,Quality inspection required
b35f40fb-5c64-52f3-af2e-ae5c77dcedd1,2025-11-30T08:00:00Z,system,2025-11-30T08:00:00Z,system,b9e3228e-d3ce-508a-ac34-adab74950cc1,30,b48aeed1-7840-500f-a433-e19c16974f9d,9.000,SET,1265.50,GBP,11389.50,2026-01-29,4b0397d6-9115-5876-88a5-62e8dcf1fe80,4.405,Framework agreement pricing
5d2ac563-1d03-5a3b-8c6c-4b35eab1936d,2025-11-30T08:00:00Z,system,2025-11-30T08:00:00Z,system,b9e3228e-d3ce-508a-ac34-adab74950cc1,40,449f174d-239f-5c9f-803d-0af1ffe5acb3,200.000,L,91.01,GBP,18202.00,2026-01-29,f5034b26-46c0-504b-903b-97e512e23fee,35.961,Expedited delivery
ed089a11-cbe1-5e16-962a-7c3a02569e30,2025-11-30T08:00:00Z,system,2025-11-30T08:00:00Z,system,b9e3228e-d3ce-508a-ac34-adab74950cc1,50,22447b3a-3dd0-58e6-a0a5-422538c79c8f,9.000,BOX,845.36,GBP,7608.24,2026-01-29,e5484054-026e-573c-896c-45c880f14745,0.502,
5f12273b-1380-5edb-8fb7-4526826e0f83,2026-01-14T08:00:00Z,system,2026-01-14T08:00:00Z,system,7195a446-a77f-501a-8d64-015125668695,10,d96ec281-e3a6-5aba-b6f4-379e05515ef4,200.000,SET,1902.61,CAD,380522.00,2026-01-31,1639237d-fd17-5cf0-abcc-f3b6f6aad499,200.000,Framework agreement pricing
76085c3c-30bc-563b-bb8b-d795bcd462c5,2026-01-14T08:00:00Z,system,2026-01-14T08:00:00Z,system,7195a446-a77f-501a-8d64-015125668695,20,85f6ae6a-e37a-5c6a-8c20-f972d8291238,10.000,M,239.35,CAD,2393.50,2026-01-31,256a3c9e-1d84-5629-89d1-fbfa96f99733,10.000,Framework agreement pricing
00ed1300-8344-5db3-9047-4a22eeaaf8ca,2026-01-14T08:00:00Z,system,2026-01-14T08:00:00Z,system,7195a446-a77f-501a-8d64-015125668695,30,05a4f991-84c1-5839-9f40-938f84dcd65e,4.500,M,2293.57,CAD,10321.07,2026-01-31,b6c3f436-a6ae-5933-a789-28846db03115,4.500,Standard order line
a9f59506-c5b6-508b-9240-8b9e6e6df6b1,2026-01-14T08:00:00Z,system,2026-01-14T08:00:00Z,system,7195a446-a77f-501a-8d64-015125668695,40,9cccf623-1147-5c18-8001-597eaf1dced5,22.000,SET,3343.87,CAD,73565.14,2026-01-31,e99619af-27e1-543b-8ec5-5781ff173390,22.000,Framework agreement pricing
d0ffd1f9-7d56-585d-aecc-6b6eb8c8a47d,2026-01-14T08:00:00Z,system,2026-01-14T08:00:00Z,system,7195a446-a77f-501a-8d64-015125668695,50,d82bd767-f5ed-57ab-a2c9-406318f72bc2,1.000,L,108.87,CAD,108.87,2026-01-31,30eac29b-a69c-5a40-b82a-3044117fd221,1.000,Standard order line
b79cca55-2499-53d6-af6e-b06d51d97d73,2026-03-04T08:00:00Z,system,2026-03-04T08:00:00Z,system,92138732-6cb1-539a-ad57-520f3254ba61,10,272957c5-680c-5583-a4ae-d8350def996c,20.000,BOX,2510.36,CAD,50207.20,2026-05-08,71ff340c-485b-56d7-a047-6277ba5f7939,9.440,
04390b75-1c9a-57d1-88f1-13eaf2a71839,2026-03-04T08:00:00Z,system,2026-03-04T08:00:00Z,system,92138732-6cb1-539a-ad57-520f3254ba61,20,893944a0-a713-5323-888a-1702113e176d,22.000,KG,33.60,CAD,739.20,2026-05-08,17a5d9fa-f2e3-5653-bbfd-db598489f126,16.031,Expedited delivery
bd61fa51-8626-542e-b138-48b1eef981cb,2026-03-04T08:00:00Z,system,2026-03-04T08:00:00Z,system,92138732-6cb1-539a-ad57-520f3254ba61,30,86cd43f5-5e5a-58e0-8882-778206f00530,110.000,KG,27.54,CAD,3029.40,2026-05-08,1838a52b-0ed0-50e4-a995-c48465475299,6.108,Framework agreement pricing
66cc579c-b4e9-50c5-b220-1626faf4da12,2025-12-07T08:00:00Z,system,2025-12-07T08:00:00Z,system,0f4607dc-9ac7-59a7-b0d7-69c63b95d8a0,10,15f3b8aa-4649-5a10-a707-45aa1b2b3bf5,135.000,L,20944.85,SEK,2827554.75,2026-02-08,4e86b727-7576-5491-89b3-117d08a634b0,0.000,
4d0f5add-269a-5949-8ac9-7532bfb0063b,2025-12-07T08:00:00Z,system,2025-12-07T08:00:00Z,system,0f4607dc-9ac7-59a7-b0d7-69c63b95d8a0,20,cb6ffa8f-0fe6-5b74-b902-9c455baa0e7f,150.000,BOX,2333.11,SEK,349966.50,2026-02-08,1eedbf9d-95c5-5ad0-9cf5-d032ea57947f,0.000,Expedited delivery
f4ca3176-7ce9-5bfe-aa8f-e8f1cafb7990,2025-12-07T08:00:00Z,system,2025-12-07T08:00:00Z,system,0f4607dc-9ac7-59a7-b0d7-69c63b95d8a0,30,0e061496-b663-511d-b153-ccea08f04c32,10.000,M,4308.55,SEK,43085.50,2026-02-08,cf161345-1233-5d67-a485-c283f8ee1a73,0.000,Expedited delivery
3af207d4-fc73-50d0-80a9-1b514d3b8676,2025-11-14T08:00:00Z,system,2025-11-14T08:00:00Z,system,7a8b79c7-7a69-5403-a0f1-0cb8b63ad28d,10,6c7c41de-f18d-5d68-9697-8f8c32cb9e5e,1.800,M,1975.26,EUR,3555.47,2025-12-02,fa35ef03-cdce-52c3-9a30-8a7c874a87dd,0.608,Framework agreement pricing
3aa77f81-5687-5c3b-8ebb-28292e7ef0d1,2025-11-14T08:00:00Z,system,2025-11-14T08:00:00Z,system,7a8b79c7-7a69-5403-a0f1-0cb8b63ad28d,20,452e2331-a466-542c-832b-33425b59e07a,135.000,EA,2201.15,EUR,297155.25,2025-12-02,91635bc5-950a-5cef-bed3-eb26e13d37af,65.922,Quality inspection required
2aa0a5f3-66bb-52a1-b129-dca83ca244a8,2025-11-14T08:00:00Z,system,2025-11-14T08:00:00Z,system,7a8b79c7-7a69-5403-a0f1-0cb8b63ad28d,30,86cd43f5-5e5a-58e0-8882-778206f00530,5.500,KG,15.18,EUR,83.49,2025-12-02,ded2e934-6294-5c56-b910-586cc08da68a,1.779,Framework agreement pricing
db8ba9b9-ec61-5d47-a663-df8fc3b9bccd,2025-11-14T08:00:00Z,system,2025-11-14T08:00:00Z,system,7a8b79c7-7a69-5403-a0f1-0cb8b63ad28d,40,a09d3b3c-22f6-56c6-93d4-2863d0444e94,150.000,L,1500.83,EUR,225124.50,2025-12-02,811be6b2-e197-5078-a469-c95249de5628,52.452,Quality inspection required
865e02ea-e192-5862-a460-ac5335abeca9,2025-11-14T08:00:00Z,system,2025-11-14T08:00:00Z,system,7a8b79c7-7a69-5403-a0f1-0cb8b63ad28d,50,ca48575f-0b73-55a6-b23c-6de718d78d67,165.000,KG,7.03,EUR,1159.95,2025-12-02,1fa5c47e-b4de-5022-8114-c2f337d3904c,87.420,
83ea2bbe-2537-5561-863d-935172ca9e68,2026-02-12T08:00:00Z,system,2026-02-12T08:00:00Z,system,6a37afb8-3efc-5537-9cde-65ad9cbc6e2a,10,b565639f-0e27-5958-90ec-8e31f21798a1,82.500,KG,27.30,PLN,2252.25,2026-03-02,1281879f-b61c-57a6-9cf7-f63331cd2c42,1.849,
609b00ba-4965-5677-b014-1f75e5f7021e,2026-02-12T08:00:00Z,system,2026-02-12T08:00:00Z,system,6a37afb8-3efc-5537-9cde-65ad9cbc6e2a,20,94288f21-6926-5da3-827e-38477bc97581,1.000,L,4650.54,PLN,4650.54,2026-03-02,8c31d6b6-eb69-519c-b9a5-5aaadbfc759c,0.580,Quality inspection required
c9457f67-6bc5-57bb-a0cd-460b1dd7c593,2026-05-09T08:00:00Z,system,2026-05-09T08:00:00Z,system,c987aef2-3dcb-5bea-940d-ba3daae90044,10,15f3b8aa-4649-5a10-a707-45aa1b2b3bf5,1.000,L,1850.43,GBP,1850.43,2026-07-06,a9844031-196a-59d6-ba13-39cf65437fc0,1.000,Framework agreement pricing
0d9a35d3-c426-5f48-acc7-0f0c1ba33545,2026-05-09T08:00:00Z,system,2026-05-09T08:00:00Z,system,c987aef2-3dcb-5bea-940d-ba3daae90044,20,04c6ce4d-e9ec-5c21-9f43-b4b251046c2f,75.000,M,849.77,GBP,63732.75,2026-07-06,53efe430-9a3c-506e-a712-48e1172716b7,75.000,Quality inspection required
04f145fe-6249-558a-a9c5-87a05ea0fd7f,2026-05-09T08:00:00Z,system,2026-05-09T08:00:00Z,system,c987aef2-3dcb-5bea-940d-ba3daae90044,30,d80537fd-c1c9-5741-8e8d-02dd52dc79bd,90.000,KG,21.97,GBP,1977.30,2026-07-06,2e5ec624-2c28-5a20-bdc3-a1098b744db7,90.000,Standard order line
b8b33999-3037-520a-955c-fac78cb18527,2026-01-11T08:00:00Z,system,2026-01-11T08:00:00Z,system,5f1833c9-af8d-5f70-be49-b60580b621c5,10,e337ec5f-3c23-585a-808c-545892f7ee27,27.500,SET,1137.21,EUR,31273.28,2026-02-17,7c7ec54e-8153-57a9-a4ba-8d0018bc1cd2,27.500,Standard order line
9fb3b7e4-4a21-575e-93ff-4072c1c318a7,2026-01-11T08:00:00Z,system,2026-01-11T08:00:00Z,system,5f1833c9-af8d-5f70-be49-b60580b621c5,20,35918af3-0428-5cb5-b70c-3960424df494,50.000,KG,20.82,EUR,1041.00,2026-02-17,e4b43c0a-ec76-5bf1-9266-a0fc1ab8e687,50.000,Expedited delivery
814c97a2-73bb-52a4-a57d-d0839ba40d3b,2026-01-11T08:00:00Z,system,2026-01-11T08:00:00Z,system,5f1833c9-af8d-5f70-be49-b60580b621c5,30,8e000456-a6ac-57d9-b9cb-0522d8da4203,135.000,KG,19.54,EUR,2637.90,2026-02-17,3b46036c-0eb1-5ce5-99fd-f58830fbae6e,135.000,Expedited delivery
ca7da8c8-586d-589a-992a-d0acc65a052a,2026-05-07T08:00:00Z,system,2026-05-07T08:00:00Z,system,78e7b26d-4693-53bb-b42c-63a970fa842d,10,e8785cbc-7b69-5687-b699-d292f70bdc74,90.000,SET,1495.34,GBP,134580.60,2026-05-12,693c49b4-f5c1-59a8-a8ee-da83c327f4e4,90.000,Framework agreement pricing
1e5749d9-1a20-5dc6-8e77-95f14179fb02,2026-05-07T08:00:00Z,system,2026-05-07T08:00:00Z,system,78e7b26d-4693-53bb-b42c-63a970fa842d,20,b7445b03-ff12-5031-afe2-33e925c82fd3,220.000,BOX,285.02,GBP,62704.40,2026-05-12,c180c238-5e65-5d92-83f0-ae41ae531055,220.000,Standard order line
b1c73bee-9f02-5763-8314-bfbb97fab756,2026-05-07T08:00:00Z,system,2026-05-07T08:00:00Z,system,78e7b26d-4693-53bb-b42c-63a970fa842d,30,437ef9de-cfe9-5599-8502-13a53e958016,25.000,KG,9.26,GBP,231.50,2026-05-12,1ca18097-d0e7-5364-91b5-5b4f168895a9,25.000,
6992bc49-84dd-5bba-b5b0-fc7478c8e3d4,2026-05-07T08:00:00Z,system,2026-05-07T08:00:00Z,system,78e7b26d-4693-53bb-b42c-63a970fa842d,40,5c00c635-ab30-509c-930a-9c3027c73ba1,2.000,BOX,1521.44,GBP,3042.88,2026-05-12,d7a788ae-fb1e-5676-8b28-972c56089fab,2.000,Expedited delivery
8d7d1a5a-329e-5c54-b700-4b1b0d74a537,2026-01-31T08:00:00Z,system,2026-01-31T08:00:00Z,system,cebcfda3-d203-5082-9c6b-096874e4ff37,10,5201a455-a5dc-58a5-9da8-b460a7a6e9f4,100.000,M,15385.88,SEK,1538588.00,2026-03-18,8ac7a7d4-341e-5998-9182-4882bcd62d17,0.000,
550d85b1-a4dd-5927-9773-9f828a78f634,2026-01-31T08:00:00Z,system,2026-01-31T08:00:00Z,system,cebcfda3-d203-5082-9c6b-096874e4ff37,20,fd4f25a0-d258-5944-8a33-a22b3cf44a4a,180.000,L,8761.80,SEK,1577124.00,2026-03-18,4a503d72-609c-59cc-9723-64189869ef43,0.000,Expedited delivery
c91ba8bb-6ebd-56ca-98ac-601d7fab4b61,2026-01-31T08:00:00Z,system,2026-01-31T08:00:00Z,system,cebcfda3-d203-5082-9c6b-096874e4ff37,30,7206ba99-aabc-58a4-962c-b600c27e265f,200.000,KG,336.74,SEK,67348.00,2026-03-18,71a3d55b-b25c-57c5-b629-9c5873927c01,0.000,
2fd90807-d5da-5f6a-bdfc-ed97e3a9c23e,2026-01-31T08:00:00Z,system,2026-01-31T08:00:00Z,system,cebcfda3-d203-5082-9c6b-096874e4ff37,40,a46103e7-a245-5eef-af4b-854671431c6b,11.000,M,20937.95,SEK,230317.45,2026-03-18,f79b15a4-7c0c-5357-bb3f-d0765e3d1e29,0.000,Quality inspection required
890042b9-8517-50de-9b8e-e6c07cd409f8,2026-01-31T08:00:00Z,system,2026-01-31T08:00:00Z,system,cebcfda3-d203-5082-9c6b-096874e4ff37,50,b195eb87-b559-5dc2-9e04-6eabb78ca3ef,18.000,SET,20626.21,SEK,371271.78,2026-03-18,8c9bc718-8376-5d9e-8ee2-80e53a3a2616,0.000,Standard order line
cb0a39e4-63e2-5fff-bc87-5cdc508272c4,2025-11-17T08:00:00Z,system,2025-11-17T08:00:00Z,system,333123ae-fba8-5e53-921c-bd2649172a85,10,12c9f3ae-d18d-52d5-8792-59bbe20067a0,2.000,L,6178.19,PLN,12356.38,2025-12-30,963b87c2-7c17-5313-b749-54ae4f3fee99,0.638,Framework agreement pricing
50669cd2-e488-5393-9156-c393358f6e6b,2025-11-17T08:00:00Z,system,2025-11-17T08:00:00Z,system,333123ae-fba8-5e53-921c-bd2649172a85,20,17594ecd-2424-57ab-85b5-deef54d20340,25.000,L,3720.14,PLN,93003.50,2025-12-30,18633100-c9e0-53a5-aae2-ecc570834b73,11.751,
d8c4ae5e-d032-58e0-8d32-af069ea286df,2025-11-17T08:00:00Z,system,2025-11-17T08:00:00Z,system,333123ae-fba8-5e53-921c-bd2649172a85,30,c88caae9-8b8b-568d-892c-8e1ca200c581,220.000,BOX,6372.11,PLN,1401864.20,2025-12-30,2c619dc1-c7c6-5f8d-b48e-8ca64724f215,194.998,Framework agreement pricing
733ef52a-14f8-57af-9c0e-fae6a2bc4516,2025-11-17T08:00:00Z,system,2025-11-17T08:00:00Z,system,333123ae-fba8-5e53-921c-bd2649172a85,40,f968e107-0cac-5cfd-a628-d3aa05f1e38d,150.000,EA,4483.48,PLN,672522.00,2025-12-30,03ca958b-78d0-59bc-8ee7-70b754ef251a,80.621,Expedited delivery
e5be383e-182f-54c3-89aa-2d40cdafd41c,2025-11-17T08:00:00Z,system,2025-11-17T08:00:00Z,system,333123ae-fba8-5e53-921c-bd2649172a85,50,accc637f-3162-5d58-877b-1b8457c93561,100.000,L,5894.37,PLN,589437.00,2025-12-30,3e5fe4bd-cb24-5034-b0da-4cb743044a68,77.680,
862592cd-0ba6-5d9a-ac49-be18e19341b7,2025-10-23T08:00:00Z,system,2025-10-23T08:00:00Z,system,0c72800c-46cb-5139-bf04-2db3be4cd24c,10,33565d42-f2c6-5728-b582-d95f8618e410,1.000,BOX,1337.70,EUR,1337.70,2025-12-13,80fc6de0-5d20-56d0-a679-49323777e3e6,1.000,Standard order line
a22c6fd5-66bd-52a1-a7bf-29fd5078d19b,2025-10-23T08:00:00Z,system,2025-10-23T08:00:00Z,system,0c72800c-46cb-5139-bf04-2db3be4cd24c,20,d3ea4cc3-d5fd-5d6d-a8b4-952acbec0290,75.000,SET,2024.47,EUR,151835.25,2025-12-13,2f98f26a-34e3-54c0-88be-6d084f49a4e3,75.000,Quality inspection required
d3d34400-ba1b-5553-a1a7-72d55a97f9ed,2025-10-23T08:00:00Z,system,2025-10-23T08:00:00Z,system,0c72800c-46cb-5139-bf04-2db3be4cd24c,30,f95fbe47-9c5c-5d2b-a38e-c84f39513733,100.000,M,602.15,EUR,60215.00,2025-12-13,5f2c863a-29b5-57b8-8ad8-137534ef7e2a,100.000,Standard order line
92a73021-b711-5cca-8673-0994959ba4cd,2026-07-20T08:00:00Z,system,2026-07-20T08:00:00Z,system,cc9da912-e8e6-5d81-84b3-579889c1b63b,10,5b7ae8db-72b9-5511-ba23-2698e4fd03df,22.500,BOX,3715.00,CZK,83587.50,2026-08-03,1ea8705a-4fdd-5997-ab99-093e8006cc2d,22.500,Framework agreement pricing
df277bf7-cce7-5fef-9ad3-36765760636f,2026-07-20T08:00:00Z,system,2026-07-20T08:00:00Z,system,cc9da912-e8e6-5d81-84b3-579889c1b63b,20,19e5854c-015a-5974-997b-3ccb05e32d73,5.000,M,9850.15,CZK,49250.75,2026-08-03,28ffed7e-82c6-5bae-978a-d0fda8cf7c8d,5.000,Standard order line
f3632e13-2e9c-5b82-a4b8-686560c289c8,2026-07-20T08:00:00Z,system,2026-07-20T08:00:00Z,system,cc9da912-e8e6-5d81-84b3-579889c1b63b,30,6be44d6c-c457-5100-971c-5640df33eb4b,220.000,SET,11384.45,CZK,2504579.00,2026-08-03,7f1eec29-2fa3-5029-a09d-1263620df1f8,220.000,Standard order line
accfa99b-0e3d-562a-8793-0d3e5367c520,2026-07-20T08:00:00Z,system,2026-07-20T08:00:00Z,system,cc9da912-e8e6-5d81-84b3-579889c1b63b,40,9390c973-ffaf-555f-9cb1-d1547db4c4d9,1.000,SET,37033.25,CZK,37033.25,2026-08-03,c5692d59-a115-5324-b25d-5f73e303a9e7,1.000,Framework agreement pricing
ec3a8987-f81f-52f3-8cc3-c536aac1925c,2026-06-11T08:00:00Z,system,2026-06-11T08:00:00Z,system,a222d5b9-ff60-567b-ba50-b178eceaac2d,10,6cfb6402-60b6-52cc-80a2-aa3c8d1d7363,5.500,SET,1292.35,EUR,7107.92,2026-07-31,21d97bc0-9c0d-5fe2-8458-aedd87a4eef2,0.000,Standard order line
43254c9b-8cd8-5b0a-aae9-5a11c1fcf8c5,2026-06-11T08:00:00Z,system,2026-06-11T08:00:00Z,system,a222d5b9-ff60-567b-ba50-b178eceaac2d,20,f86c9292-1db7-5162-81d0-0b6ff62e922d,11.000,SET,991.90,EUR,10910.90,2026-07-31,c01547df-bbed-518e-98b2-6aea21f4c7db,0.000,
da065060-817e-5284-8a57-ccce3fc4d3dd,2026-06-11T08:00:00Z,system,2026-06-11T08:00:00Z,system,a222d5b9-ff60-567b-ba50-b178eceaac2d,30,d8fcbf1f-1dd7-50af-8261-2da45ed17eae,50.000,EA,258.17,EUR,12908.50,2026-07-31,18ca1bc5-1646-5367-b075-fc27981eaab1,0.000,Framework agreement pricing
c6ddc6e8-8eff-5caa-ac3b-fb458ad8467c,2026-06-11T08:00:00Z,system,2026-06-11T08:00:00Z,system,a222d5b9-ff60-567b-ba50-b178eceaac2d,40,fd4f25a0-d258-5944-8a33-a22b3cf44a4a,110.000,L,893.80,EUR,98318.00,2026-07-31,ec977da7-df15-5dc0-a9b7-0752650a5741,0.000,Framework agreement pricing
be5baf79-b31a-5654-bf6b-c1df7709d9fe,2026-05-04T08:00:00Z,system,2026-05-04T08:00:00Z,system,7c3c2c46-cdee-5852-8978-4ebfeff63427,10,df47ed4b-da4f-5c58-b596-f38d4082538d,1.000,EA,1379.09,EUR,1379.09,2026-07-13,d6c1f7a1-5d58-558a-bedf-43d92c55803c,1.000,Expedited delivery
224feab5-6da2-5b57-a4bf-6141bde5f324,2026-05-04T08:00:00Z,system,2026-05-04T08:00:00Z,system,7c3c2c46-cdee-5852-8978-4ebfeff63427,20,3a0a1e49-476a-536d-b162-93bd126b8104,135.000,L,2150.19,EUR,290275.65,2026-07-13,10c845b2-502e-555e-bfca-6fecb622073f,135.000,Quality inspection required
85bbc5f7-00aa-51a8-bc48-81e003b7181e,2026-05-04T08:00:00Z,system,2026-05-04T08:00:00Z,system,7c3c2c46-cdee-5852-8978-4ebfeff63427,30,8a88a029-d7a6-5756-bff0-19a8dbb9a099,75.000,L,590.38,EUR,44278.50,2026-07-13,6e4ebc70-cab8-57c3-98c3-e07bf46b0c15,75.000,Expedited delivery
15922b86-fedb-5463-a850-bd519e50a66d,2025-10-22T08:00:00Z,system,2025-10-22T08:00:00Z,system,91598c57-5349-5d56-9fbc-b851945c75eb,10,35918af3-0428-5cb5-b70c-3960424df494,165.000,KG,19.91,EUR,3285.15,2025-12-01,2c3108b1-8fed-53c3-997a-2a47b88be762,56.406,Framework agreement pricing
763e97a9-e919-56ba-8131-d95a375fed28,2025-10-22T08:00:00Z,system,2025-10-22T08:00:00Z,system,91598c57-5349-5d56-9fbc-b851945c75eb,20,f84d7723-0164-5c03-952b-c6a6bd546739,90.000,EA,2107.67,EUR,189690.30,2025-12-01,c0e221c1-de39-57a1-9df6-fad1d9e82a4d,89.483,
648b7848-0aa8-564d-871b-0b3f3a0044e2,2025-10-22T08:00:00Z,system,2025-10-22T08:00:00Z,system,91598c57-5349-5d56-9fbc-b851945c75eb,30,4b2dee46-41cf-5eee-b0e3-93ee894cef45,50.000,SET,2253.79,EUR,112689.50,2025-12-01,3069c41c-614d-5f39-9b36-f186e5c01656,13.510,Expedited delivery
b0494489-ff2d-52be-97c9-40a7467700e5,2025-10-22T08:00:00Z,system,2025-10-22T08:00:00Z,system,91598c57-5349-5d56-9fbc-b851945c75eb,40,99390864-f827-5aef-be8a-287357eedb0f,1.000,BOX,1791.34,EUR,1791.34,2025-12-01,1c9088ba-c5e6-5f9d-9530-5606d2c865f6,0.591,Quality inspection required
2a31f0f9-b21c-5f3a-883f-4b587dbe8c65,2026-05-08T08:00:00Z,system,2026-05-08T08:00:00Z,system,bd45a6d9-c8af-503f-8c98-8b1afc25dcfe,10,c27d8ed1-1c81-52eb-9e88-e5402f546414,67.500,L,1453.42,EUR,98105.85,2026-07-10,3dee513f-85da-53dd-b5a1-42650252cf6c,41.182,
3227b234-dc36-5fb4-9564-a069c1d78618,2026-05-08T08:00:00Z,system,2026-05-08T08:00:00Z,system,bd45a6d9-c8af-503f-8c98-8b1afc25dcfe,20,7c9ec527-9eb0-52c4-b207-8cf0cae25caf,55.000,M,1934.50,EUR,106397.50,2026-07-10,beb61672-1a18-548a-8ccd-68c734e8dcb5,30.322,Framework agreement pricing
c71577f6-61d2-58ca-a39f-4501d7a7f7f8,2026-07-07T08:00:00Z,system,2026-07-07T08:00:00Z,system,5f08fea1-ed8d-59f0-86ef-2f0bb6d50fae,10,9ee6432b-6595-54db-87c7-de231a6076c8,1.800,EA,832.44,PLN,1498.39,2026-07-28,5d1c6300-e2ba-53b7-a09e-0f2da2b7ec76,0.000,
9ac8fe35-ccc4-50de-a61a-9c5626bd6389,2026-07-07T08:00:00Z,system,2026-07-07T08:00:00Z,system,5f08fea1-ed8d-59f0-86ef-2f0bb6d50fae,20,5e0e22e5-d386-54e2-bfeb-2492f8c12bc4,50.000,L,7733.95,PLN,386697.50,2026-07-28,b8a08d78-2987-599a-8a65-705dc60b9e7b,0.000,Expedited delivery
12f7fa74-91b7-53e9-8838-ec0999cc4ca4,2026-07-07T08:00:00Z,system,2026-07-07T08:00:00Z,system,5f08fea1-ed8d-59f0-86ef-2f0bb6d50fae,30,1dd3c172-1e4d-56ef-89b5-1f44bd31959f,50.000,M,9379.06,PLN,468953.00,2026-07-28,0ff04e62-3eea-5247-a41c-5c050dd4e8fe,0.000,Quality inspection required
08bd7f68-db6b-5a4a-9ad3-0a2a3504824e,2026-06-16T08:00:00Z,system,2026-06-16T08:00:00Z,system,90e5e40e-9957-54c7-813e-3a7b0cdf23a2,10,6409ea13-8e69-5a7d-8700-a21076b19964,150.000,EA,2171.85,CZK,325777.50,2026-07-12,f73f0978-9126-57af-b0dc-0e24fca481f1,85.530,Expedited delivery
6d0e0622-457b-56be-9348-676e83e847aa,2026-06-16T08:00:00Z,system,2026-06-16T08:00:00Z,system,90e5e40e-9957-54c7-813e-3a7b0cdf23a2,20,1dd3c172-1e4d-56ef-89b5-1f44bd31959f,75.000,M,60687.73,CZK,4551579.75,2026-07-12,639ddd68-72c6-5d7a-9407-afd5f6a03d34,21.408,Expedited delivery
d791596d-33fc-5c84-a175-9889e4cc085b,2026-06-16T08:00:00Z,system,2026-06-16T08:00:00Z,system,90e5e40e-9957-54c7-813e-3a7b0cdf23a2,30,5ed4476d-3306-5591-960f-4c8a96c6dae8,50.000,BOX,38400.14,CZK,1920007.00,2026-07-12,355e4988-a09f-5699-9818-f8441125e782,44.496,Quality inspection required
8743e068-b0c0-53cc-851a-8dd11cb984e7,2026-06-16T08:00:00Z,system,2026-06-16T08:00:00Z,system,90e5e40e-9957-54c7-813e-3a7b0cdf23a2,40,fc75e2a5-ea49-539c-99b7-b2d024e54e2b,50.000,BOX,4574.10,CZK,228705.00,2026-07-12,15cd09a3-6ca1-591d-919b-9b547571593b,22.958,Quality inspection required
74de6fc8-3711-5f9c-a858-7913a44c7b55,2025-12-29T08:00:00Z,system,2025-12-29T08:00:00Z,system,14bb82b6-f2e0-51f4-bc6e-749c00a97120,10,6b8b9c0c-ca33-51c4-9164-471f4abb4160,5.500,BOX,1356.73,GBP,7462.02,2026-03-05,eab4055c-93a9-5005-a4f6-1e9062004892,0.004,Quality inspection required
4a84535c-ab10-59ab-b1c5-d01b82e24b4c,2025-12-29T08:00:00Z,system,2025-12-29T08:00:00Z,system,14bb82b6-f2e0-51f4-bc6e-749c00a97120,20,6f6ad8c3-8d1e-5146-9dca-8c2c4a2557ec,55.000,KG,18.11,GBP,996.05,2026-03-05,80515566-2c90-5a09-bda3-99b751f6262a,22.473,Quality inspection required
a3a62c7c-2c87-5ad7-b17d-1e2424210797,2025-12-29T08:00:00Z,system,2025-12-29T08:00:00Z,system,14bb82b6-f2e0-51f4-bc6e-749c00a97120,30,70c1e335-53e1-5df8-b343-82e92d1eab19,75.000,M,88.64,GBP,6648.00,2026-03-05,d7ced1dd-b986-52e1-90cd-4fbefb9fd70d,46.338,
da5167a8-960c-5e3c-b623-f584cc2dc865,2025-12-29T08:00:00Z,system,2025-12-29T08:00:00Z,system,14bb82b6-f2e0-51f4-bc6e-749c00a97120,40,e78a29f5-6b77-5c64-a898-2ef9faf92f91,1.000,KG,17.89,GBP,17.89,2026-03-05,be613cb2-3506-5d5c-8a71-a23067bb7c8c,0.718,
fc9c59ca-c5ef-52c0-9487-7fde03a49a52,2025-12-29T08:00:00Z,system,2025-12-29T08:00:00Z,system,14bb82b6-f2e0-51f4-bc6e-749c00a97120,50,4e2b69ff-67fe-5475-b0ba-3e2a02c6b70b,5.000,SET,1452.17,GBP,7260.85,2026-03-05,b3be7421-adc0-5ad8-b3a6-2ef2d2075d30,1.752,Framework agreement pricing
bf4cda1e-174b-500b-ae1a-273cc7d755e1,2025-11-09T08:00:00Z,system,2025-11-09T08:00:00Z,system,613f9fe7-597e-5ab1-9bae-6b39b2633ad2,10,94288f21-6926-5da3-827e-38477bc97581,100.000,L,1122.03,CHF,112203.00,2025-12-15,74435bdb-9d16-5105-9623-e50b00898bfb,0.000,Expedited delivery
744d6d12-452f-5cbd-97c9-af12a348c3eb,2025-11-09T08:00:00Z,system,2025-11-09T08:00:00Z,system,613f9fe7-597e-5ab1-9bae-6b39b2633ad2,20,7a0573af-19d9-5fce-a1fb-edef3b2a16d3,27.500,EA,1717.30,CHF,47225.75,2025-12-15,39c63458-9164-52cc-8b9c-ad6b4cf3b753,0.000,Quality inspection required
52e2924b-c85f-5f66-b701-002444574025,2025-11-09T08:00:00Z,system,2025-11-09T08:00:00Z,system,613f9fe7-597e-5ab1-9bae-6b39b2633ad2,30,b96b5fc7-bf71-5802-87c3-a74c4dd012f4,2.000,EA,639.59,CHF,1279.18,2025-12-15,754eef5e-9ca3-56ae-9621-479a350d8888,0.000,Quality inspection required
e6af223c-43e7-5cfb-99c9-027ad93a7035,2025-11-09T08:00:00Z,system,2025-11-09T08:00:00Z,system,613f9fe7-597e-5ab1-9bae-6b39b2633ad2,40,d1656ddc-1679-5818-bc75-a4cf9404839a,200.000,M,164.50,CHF,32900.00,2025-12-15,0cc00791-17f3-5b53-bc6d-cc6bb30d0307,0.000,Expedited delivery
b3b9536f-d5b4-5254-a2b5-7b097344ac03,2026-02-28T08:00:00Z,system,2026-02-28T08:00:00Z,system,35c1683e-3f69-5bb3-9cde-bde8590cd92d,10,dc089f09-34df-5a3e-bedb-2c2e0f21465e,75.000,L,6249.36,PLN,468702.00,2026-04-24,2b82e04f-6af2-5413-9a1a-2f6f521e99c8,75.000,
f88cecb1-daa1-534f-8286-9f036ec17be2,2026-02-28T08:00:00Z,system,2026-02-28T08:00:00Z,system,35c1683e-3f69-5bb3-9cde-bde8590cd92d,20,f86c9292-1db7-5162-81d0-0b6ff62e922d,11.000,SET,4405.41,PLN,48459.51,2026-04-24,c01547df-bbed-518e-98b2-6aea21f4c7db,11.000,Quality inspection required
5ec11abc-b4e6-56cf-8fa3-a4320b51ec6e,2026-02-28T08:00:00Z,system,2026-02-28T08:00:00Z,system,35c1683e-3f69-5bb3-9cde-bde8590cd92d,30,5de012ce-db52-52e5-a612-6e2c3c02623a,150.000,SET,5085.73,PLN,762859.50,2026-04-24,944c161d-a7fb-511e-ab4a-ab7bb9f0e6ee,150.000,Quality inspection required
3bed083d-8062-569e-9c20-b9a10342877d,2026-02-28T08:00:00Z,system,2026-02-28T08:00:00Z,system,35c1683e-3f69-5bb3-9cde-bde8590cd92d,40,fd4f25a0-d258-5944-8a33-a22b3cf44a4a,10.000,L,3608.04,PLN,36080.40,2026-04-24,0e071d14-a5da-50e6-b38c-c36bf43c2c9c,10.000,
16c9c8f6-ce4d-5b68-8642-522e83f7f3dc,2026-02-28T08:00:00Z,system,2026-02-28T08:00:00Z,system,35c1683e-3f69-5bb3-9cde-bde8590cd92d,50,425b666f-dd3e-51cf-b65c-1b1c5b49b01e,11.000,M,6213.62,PLN,68349.82,2026-04-24,4c5f9704-54c0-5827-a35d-761d8009c20c,11.000,Standard order line
514101ac-301a-5245-b2d7-0c42e56f23fb,2025-10-03T08:00:00Z,system,2025-10-03T08:00:00Z,system,05f0b92b-71ad-5637-9ed6-adadd1eded38,10,6409ea13-8e69-5a7d-8700-a21076b19964,11.000,EA,362.00,PLN,3982.00,2025-10-15,ac167871-2ddd-5dc7-8487-3f00ae4fcbb2,11.000,Quality inspection required
8f52cb64-1be0-527f-a5e4-4fcff501e82e,2025-10-03T08:00:00Z,system,2025-10-03T08:00:00Z,system,05f0b92b-71ad-5637-9ed6-adadd1eded38,20,9c2269ae-4d62-5146-b30e-9e301d4108b0,200.000,EA,2610.52,PLN,522104.00,2025-10-15,cd2ab6cd-379f-587d-902d-199d74e11645,200.000,
50703d40-4b6e-551b-8878-18c728320bf1,2025-10-03T08:00:00Z,system,2025-10-03T08:00:00Z,system,05f0b92b-71ad-5637-9ed6-adadd1eded38,30,8b3ec22a-bd3c-594f-b231-80df5dbed6ff,10.000,M,5293.69,PLN,52936.90,2025-10-15,5d882a8e-d4cf-5752-8409-0e34542b82fa,10.000,Expedited delivery
507abcfc-93d9-5ab2-969e-e50fe4080373,2025-10-03T08:00:00Z,system,2025-10-03T08:00:00Z,system,05f0b92b-71ad-5637-9ed6-adadd1eded38,40,75f1b42f-e0d3-559b-883f-62a8bd802d21,25.000,L,88.59,PLN,2214.75,2025-10-15,6f925a49-cd80-5f1c-938f-073d2aadcd5f,25.000,Standard order line
34effdd3-cdd7-562c-803a-f77958fe4a80,2025-10-03T08:00:00Z,system,2025-10-03T08:00:00Z,system,05f0b92b-71ad-5637-9ed6-adadd1eded38,50,d80537fd-c1c9-5741-8e8d-02dd52dc79bd,11.000,KG,93.41,PLN,1027.51,2025-10-15,a0ff6710-3578-5c9a-8c3f-bb1c4dda178f,11.000,Standard order line
3bc01236-470f-58bd-9cee-c2d91d573bc6,2026-04-13T08:00:00Z,system,2026-04-13T08:00:00Z,system,c4b1ce48-b9d7-5c4d-a862-0d8e4e7530ab,10,0fe72620-9284-5333-a180-c7cfbeaccc63,1.000,KG,17.86,GBP,17.86,2026-06-21,c3f6b390-6311-5617-a995-f004b2570d88,0.134,Expedited delivery
f5ed650e-07b1-5022-90bc-0b9d2445117a,2026-04-13T08:00:00Z,system,2026-04-13T08:00:00Z,system,c4b1ce48-b9d7-5c4d-a862-0d8e4e7530ab,20,5ff325a3-cf1b-5887-bd0f-e1da5d5e6a57,10.000,BOX,675.04,GBP,6750.40,2026-06-21,0c894373-5a8b-5e60-8f37-cb09f651c383,3.962,Quality inspection required
a7a74505-85a8-53bf-bc0b-7b7e16aedcc0,2025-12-25T08:00:00Z,system,2025-12-25T08:00:00Z,system,309ff4b2-87d4-5eac-a71d-d19e915db7b6,10,b03f0dc2-a9e5-5330-affe-38e1a3e58c73,10.000,L,285.88,EUR,2858.80,2026-02-17,a13bf772-16df-5bab-983c-9fa32b518339,10.000,Quality inspection required
25bff40a-3c83-51bf-9149-cddb7ffe9274,2025-12-25T08:00:00Z,system,2025-12-25T08:00:00Z,system,309ff4b2-87d4-5eac-a71d-d19e915db7b6,20,0ec0e0b9-02b8-5273-be60-7699e859c9ef,22.500,SET,2322.36,EUR,52253.10,2026-02-17,b64b78bc-d063-5cb1-a5cc-d23ee051e89a,22.500,Expedited delivery
d9801782-fb06-52b0-aec1-0ef10d610c19,2025-12-25T08:00:00Z,system,2025-12-25T08:00:00Z,system,309ff4b2-87d4-5eac-a71d-d19e915db7b6,30,f74e00d0-5597-5c85-9d8e-7ce030bdb99d,1.800,EA,1083.79,EUR,1950.82,2026-02-17,0c1f90af-0579-5a7e-96e7-89e111247919,1.800,Expedited delivery
69b90975-9e09-50f8-b2aa-60d63d7c21d9,2025-12-25T08:00:00Z,system,2025-12-25T08:00:00Z,system,309ff4b2-87d4-5eac-a71d-d19e915db7b6,40,9c2269ae-4d62-5146-b30e-9e301d4108b0,45.000,EA,613.32,EUR,27599.40,2026-02-17,3a74b8cb-eac0-54f8-aab7-56a9424ca208,45.000,Framework agreement pricing
2eb6e2b8-fa76-551d-8d8f-c1e5f595fa0c,2026-07-22T08:00:00Z,system,2026-07-22T08:00:00Z,system,c4ed7cca-2f1f-501a-ae7c-c1047e3821bd,10,240a2ec2-b97a-51d0-9b66-a85819e5025e,165.000,SET,1429.71,EUR,235902.15,2026-07-30,36e79ea8-5c9b-58a2-b3df-2840fae21f53,165.000,
f9709b8b-3ce6-5d4a-b31d-10ed84cff3ae,2026-07-22T08:00:00Z,system,2026-07-22T08:00:00Z,system,c4ed7cca-2f1f-501a-ae7c-c1047e3821bd,20,e337ec5f-3c23-585a-808c-545892f7ee27,22.500,SET,1168.83,EUR,26298.67,2026-07-30,7c7ec54e-8153-57a9-a4ba-8d0018bc1cd2,22.500,Framework agreement pricing
f3b52f7d-0247-58d5-abe4-707c0e929db0,2026-07-22T08:00:00Z,system,2026-07-22T08:00:00Z,system,c4ed7cca-2f1f-501a-ae7c-c1047e3821bd,30,4bbe33ac-91fe-5b33-a3a4-57141de4e03e,10.000,M,1814.75,EUR,18147.50,2026-07-30,c624afcc-2dc3-5b90-b9ba-61aba46844e4,10.000,
20067f10-531e-5b20-9753-104e4e68d986,2026-07-22T08:00:00Z,system,2026-07-22T08:00:00Z,system,c4ed7cca-2f1f-501a-ae7c-c1047e3821bd,40,d7d105d2-074c-5725-8033-75f4abb592a8,90.000,M,573.04,EUR,51573.60,2026-07-30,84409d18-39b1-5938-b95f-d34d1f326a5d,90.000,Standard order line
529960a0-9219-5c06-b0d3-57bccc76da2b,2026-02-02T08:00:00Z,system,2026-02-02T08:00:00Z,system,a9430523-a50c-5b6b-b92e-ed503355a1ce,10,75f1b42f-e0d3-559b-883f-62a8bd802d21,180.000,L,247.97,SEK,44634.60,2026-02-19,11ca75eb-169c-5193-a2dd-51fcdfca8145,0.000,Expedited delivery
982503ae-b5d8-5485-810e-cf74f9fd201e,2026-02-02T08:00:00Z,system,2026-02-02T08:00:00Z,system,a9430523-a50c-5b6b-b92e-ed503355a1ce,20,66829174-3fa6-52dd-bbb1-daa7bca60901,135.000,BOX,7097.56,SEK,958170.60,2026-02-19,85f9aa7b-5acc-5c4b-9c8c-d781fe882179,0.000,Standard order line
30c73391-08cd-5dee-9a52-da8c1f1b8e6d,2026-02-02T08:00:00Z,system,2026-02-02T08:00:00Z,system,a9430523-a50c-5b6b-b92e-ed503355a1ce,30,b73f763a-3d8c-562e-9549-a6941040255f,200.000,EA,8406.46,SEK,1681292.00,2026-02-19,84cbe8f4-5fd1-56f3-b62d-b3f48a5a2104,0.000,
30b63c8b-7101-57ab-8ffb-6e1dc9230cce,2026-05-14T08:00:00Z,system,2026-05-14T08:00:00Z,system,d0e7f3f9-4b96-576b-9718-2beab13358ec,10,dbd21518-2460-5332-97ca-a826ccd26fd2,20.000,BOX,735.16,CHF,14703.20,2026-06-09,22f197c4-403c-5772-b90a-a65f3444b117,19.804,Framework agreement pricing
4573b0d8-35b0-5c8e-87f4-f04c9815935a,2026-05-14T08:00:00Z,system,2026-05-14T08:00:00Z,system,d0e7f3f9-4b96-576b-9718-2beab13358ec,20,8c4308df-7ca4-593e-8ebe-c6de544847fa,75.000,L,1939.95,CHF,145496.25,2026-06-09,4717fb83-4394-52ad-b92a-26417f330a2f,32.328,
d3f5d5aa-e44e-5bde-958a-d22842e94c43,2026-05-14T08:00:00Z,system,2026-05-14T08:00:00Z,system,d0e7f3f9-4b96-576b-9718-2beab13358ec,30,6f137624-ae20-5016-9d90-8e735016ca60,50.000,BOX,1818.19,CHF,90909.50,2026-06-09,ec1439fb-7bcc-5524-b7be-c4ba9cf441ad,19.248,Quality inspection required
90552b95-6d4d-579e-b0e1-029d80e1abf5,2026-05-14T08:00:00Z,system,2026-05-14T08:00:00Z,system,d0e7f3f9-4b96-576b-9718-2beab13358ec,40,219cd16c-a048-5e62-90b0-7924b1431b82,2.000,L,1284.53,CHF,2569.06,2026-06-09,664b1424-7e00-5faa-87c9-6fb3349a2ab4,1.724,
babd4b24-2ce8-5fd9-be3b-2521ae78c139,2025-11-15T08:00:00Z,system,2025-11-15T08:00:00Z,system,39cd72cb-0ebe-5f06-81e8-c8dcc72528cd,10,8955b821-56c4-50e4-a768-f8cd91a81833,220.000,BOX,1377.79,GBP,303113.80,2026-01-21,b69ae12d-2503-596f-854e-ac61b11dd49f,220.000,
cde8d350-7ee7-50d9-a01a-cd0b5aab3d71,2025-11-15T08:00:00Z,system,2025-11-15T08:00:00Z,system,39cd72cb-0ebe-5f06-81e8-c8dcc72528cd,20,9390c973-ffaf-555f-9cb1-d1547db4c4d9,180.000,SET,1225.19,GBP,220534.20,2026-01-21,1110d243-c999-58ba-aa5f-5fb6905f799c,180.000,Quality inspection required
c135f7c0-eb53-5567-8039-8ab49628224b,2025-11-15T08:00:00Z,system,2025-11-15T08:00:00Z,system,39cd72cb-0ebe-5f06-81e8-c8dcc72528cd,30,75f1b42f-e0d3-559b-883f-62a8bd802d21,25.000,L,17.62,GBP,440.50,2026-01-21,6f925a49-cd80-5f1c-938f-073d2aadcd5f,25.000,
74459a1e-7364-54a5-a372-1893db941a1e,2026-01-04T08:00:00Z,system,2026-01-04T08:00:00Z,system,106c6085-2d61-5bec-a403-25664e9bc2d7,10,781e49c0-8999-50e8-9276-e1fc0e9e29ca,150.000,EA,55890.46,CZK,8383569.00,2026-02-19,42137913-1bed-5b30-ad3c-a8b6e7655cb2,0.000,Standard order line
33926646-5c2f-5c04-9bc1-7e4a18bdbaca,2026-01-04T08:00:00Z,system,2026-01-04T08:00:00Z,system,106c6085-2d61-5bec-a403-25664e9bc2d7,20,8955b821-56c4-50e4-a768-f8cd91a81833,180.000,BOX,43252.31,CZK,7785415.80,2026-02-19,74ef4f1b-fe7a-5409-899a-8b544a153abd,0.000,Standard order line
4766db02-35ec-57a1-8903-2ef7fc51f887,2026-01-04T08:00:00Z,system,2026-01-04T08:00:00Z,system,106c6085-2d61-5bec-a403-25664e9bc2d7,30,e64ca70f-33df-53bc-81e4-7c69dabb1d6d,1.000,M,47849.47,CZK,47849.47,2026-02-19,25a1c7fb-1528-5488-942b-11463f8a3fe6,0.000,Standard order line
6f1fc654-a0b5-59eb-b615-8a19fbee93ba,2026-01-04T08:00:00Z,system,2026-01-04T08:00:00Z,system,106c6085-2d61-5bec-a403-25664e9bc2d7,40,15f3b8aa-4649-5a10-a707-45aa1b2b3bf5,1.000,L,50314.85,CZK,50314.85,2026-02-19,a9844031-196a-59d6-ba13-39cf65437fc0,0.000,Framework agreement pricing
0c8ba2f8-b63d-546b-bb12-ad6c51cd5a37,2026-01-04T08:00:00Z,system,2026-01-04T08:00:00Z,system,96ef5758-034f-59dd-8458-c36c741cef44,10,75f1b42f-e0d3-559b-883f-62a8bd802d21,180.000,L,19.11,EUR,3439.80,2026-02-04,11ca75eb-169c-5193-a2dd-51fcdfca8145,180.000,Quality inspection required
644c2763-d5b2-5447-a445-8117be51ca0c,2026-01-04T08:00:00Z,system,2026-01-04T08:00:00Z,system,96ef5758-034f-59dd-8458-c36c741cef44,20,26b04983-d84b-57db-acd1-68d00120334b,1.000,L,1171.85,EUR,1171.85,2026-02-04,03dca70e-cc2a-5a4a-af97-d6176d54ede3,1.000,Quality inspection required
5e1c79c4-0efb-518a-80c0-c2eccd862c2a,2026-01-04T08:00:00Z,system,2026-01-04T08:00:00Z,system,96ef5758-034f-59dd-8458-c36c741cef44,30,eca867c4-ec3b-52d0-826e-e72c7e331d21,5.000,BOX,1190.63,EUR,5953.15,2026-02-04,f829d3d4-9c1d-5a8e-8591-3fe030b24652,5.000,
7c70c704-83b2-5113-aecf-29312b711d30,2026-03-20T08:00:00Z,system,2026-03-20T08:00:00Z,system,86ddc3d8-04eb-598d-8fcf-4c78d4d1a5f5,10,7a0573af-19d9-5fce-a1fb-edef3b2a16d3,22.500,EA,1665.79,GBP,37480.28,2026-03-30,042cdf8f-8b51-5031-bf1a-f2d7057fc7b2,22.500,Standard order line
87cdc8ee-d7f5-5b9a-b4b1-631bc188bc77,2026-03-20T08:00:00Z,system,2026-03-20T08:00:00Z,system,86ddc3d8-04eb-598d-8fcf-4c78d4d1a5f5,20,81934ea3-15d5-5130-8a88-15160030bb8c,150.000,BOX,1680.45,GBP,252067.50,2026-03-30,a116c83c-a754-5c53-9c0e-917fada3fa56,150.000,Expedited delivery
902aa816-4d64-5205-9bff-c4f2b0a51c85,2026-03-20T08:00:00Z,system,2026-03-20T08:00:00Z,system,86ddc3d8-04eb-598d-8fcf-4c78d4d1a5f5,30,66829174-3fa6-52dd-bbb1-daa7bca60901,150.000,BOX,529.34,GBP,79401.00,2026-03-30,85f9aa7b-5acc-5c4b-9c8c-d781fe882179,150.000,Standard order line
c6d3c179-0099-5951-8292-62ac21ca16ad,2026-03-20T08:00:00Z,system,2026-03-20T08:00:00Z,system,86ddc3d8-04eb-598d-8fcf-4c78d4d1a5f5,40,6cfb6402-60b6-52cc-80a2-aa3c8d1d7363,150.000,SET,1278.27,GBP,191740.50,2026-03-30,92356ac6-8211-5564-a175-23bc4e1eef86,150.000,Expedited delivery
77a69402-6412-59b5-978e-5587f2c881b1,2025-11-09T08:00:00Z,system,2025-11-09T08:00:00Z,system,80630ee6-5543-5a4b-b3ba-e2a5c1c2a9f1,10,a7d2c2da-af08-5f66-aad4-f45b74b00edb,9.000,L,2284.07,EUR,20556.63,2025-12-26,bfc4b395-58aa-592a-834d-2f0c88a6c16a,5.041,Standard order line
fddce258-e079-5664-8664-2fc12878e2f6,2025-11-09T08:00:00Z,system,2025-11-09T08:00:00Z,system,80630ee6-5543-5a4b-b3ba-e2a5c1c2a9f1,20,240a2ec2-b97a-51d0-9b66-a85819e5025e,150.000,SET,1512.62,EUR,226893.00,2025-12-26,36e79ea8-5c9b-58a2-b3df-2840fae21f53,14.903,Quality inspection required
1690e68e-943a-5de3-9d8d-cc09e6b15c03,2025-11-02T08:00:00Z,system,2025-11-02T08:00:00Z,system,3c3a3814-87af-5274-995b-e560366b215e,10,85f6ae6a-e37a-5c6a-8c20-f972d8291238,150.000,M,161.84,EUR,24276.00,2026-01-01,7ffe189c-f2bf-56b5-87c5-7a29a84c73f5,150.000,
00b17d17-fb7e-5e26-97fd-eacafac52fb6,2025-11-02T08:00:00Z,system,2025-11-02T08:00:00Z,system,3c3a3814-87af-5274-995b-e560366b215e,20,d7d105d2-074c-5725-8033-75f4abb592a8,2.000,M,525.28,EUR,1050.56,2026-01-01,91634285-4094-5672-9e66-58bc5428683f,2.000,Expedited delivery
ba467fe2-d361-59d5-b28a-67e44b02b503,2025-11-02T08:00:00Z,system,2025-11-02T08:00:00Z,system,3c3a3814-87af-5274-995b-e560366b215e,30,6b8b9c0c-ca33-51c4-9164-471f4abb4160,20.000,BOX,1385.35,EUR,27707.00,2026-01-01,30b1e8da-d1d5-5d76-a456-b06eedec3f99,20.000,Expedited delivery
88e211ae-cc1e-5e9f-a584-42ce108ad3dc,2025-11-02T08:00:00Z,system,2025-11-02T08:00:00Z,system,3c3a3814-87af-5274-995b-e560366b215e,40,c51be922-7f94-5734-90be-dd25480a96da,1.100,EA,197.59,EUR,217.35,2026-01-01,6fe373eb-36c6-5813-900a-d869b7fdfad9,1.100,Quality inspection required
d065a45b-a5ca-5bb1-bc11-ceb09fc77a1a,2025-11-02T08:00:00Z,system,2025-11-02T08:00:00Z,system,3c3a3814-87af-5274-995b-e560366b215e,50,437ef9de-cfe9-5599-8502-13a53e958016,1.000,KG,12.02,EUR,12.02,2026-01-01,396162d5-5ae5-551e-8ebb-5cac6b55f31d,1.000,Standard order line
9658703c-80bb-56e6-bcae-f62214e3e188,2025-11-05T08:00:00Z,system,2025-11-05T08:00:00Z,system,2c2d2c70-6b74-5d71-9cf0-0f4b8f9af7d9,10,747bd910-e2d1-5080-b88a-7ef1a35ac5f6,50.000,BOX,1288.35,EUR,64417.50,2025-11-15,ea5f99a5-bbe3-51e2-be63-9a0df699e371,41.513,Framework agreement pricing
380f7c10-c96f-5ad7-9719-3add2d700f49,2025-11-05T08:00:00Z,system,2025-11-05T08:00:00Z,system,2c2d2c70-6b74-5d71-9cf0-0f4b8f9af7d9,20,f968e107-0cac-5cfd-a628-d3aa05f1e38d,1.800,EA,1004.86,EUR,1808.75,2025-11-15,1a5c0429-fb57-5013-ba25-56bfa34a5d0b,1.371,Standard order line
cf4a9dac-72ba-5f1d-8434-6db0d7e7bf3b,2025-11-05T08:00:00Z,system,2025-11-05T08:00:00Z,system,2c2d2c70-6b74-5d71-9cf0-0f4b8f9af7d9,30,748d36d0-ad0a-5e2f-ae52-4b9bd4ac6a44,45.000,M,1901.35,EUR,85560.75,2025-11-15,a6cbf1e0-ae41-579e-9268-de4abf815ec0,44.877,Expedited delivery
8974d64e-1c8e-5858-b2b4-763ce004f6f2,2025-11-05T08:00:00Z,system,2025-11-05T08:00:00Z,system,2c2d2c70-6b74-5d71-9cf0-0f4b8f9af7d9,40,6c73375b-40a6-5535-9e27-a364e6837ed1,2.000,EA,2424.38,EUR,4848.76,2025-11-15,a11ac80a-767c-571a-89c8-f31fdc4ac7dc,1.063,Quality inspection required
13c637f0-f9ef-53ba-9be9-dda990b63746,2025-11-05T08:00:00Z,system,2025-11-05T08:00:00Z,system,2c2d2c70-6b74-5d71-9cf0-0f4b8f9af7d9,50,33565d42-f2c6-5728-b582-d95f8618e410,10.000,BOX,1361.34,EUR,13613.40,2025-11-15,017069bd-2767-5801-9410-b172abbcea8f,1.957,Quality inspection required
dd37ca6d-1a6c-5d52-953a-9f6ddf857119,2026-02-09T08:00:00Z,system,2026-02-09T08:00:00Z,system,1b0a9454-94ae-52b7-a9a4-e7574983b092,10,cbe6be44-8e37-53b6-99d6-fc5a8a20190d,100.000,L,4115.95,CAD,411595.00,2026-02-18,1d5c50fc-d720-5eeb-b8ad-4112ef72dd07,0.000,Expedited delivery
8b54e2fe-89aa-5ea5-9bba-39fb291a6403,2026-02-09T08:00:00Z,system,2026-02-09T08:00:00Z,system,1b0a9454-94ae-52b7-a9a4-e7574983b092,20,23ca3651-d389-5646-8a4d-d24fb3e26384,5.000,SET,3569.73,CAD,17848.65,2026-02-18,fe3d9c6c-5bcb-57a9-bb56-28de3df99665,0.000,Standard order line
43d26aa0-1780-5cde-96f0-ea5fe82293d4,2026-07-09T08:00:00Z,system,2026-07-09T08:00:00Z,system,feaba09b-52e8-59a0-adb8-3d71ccac249a,10,04c6ce4d-e9ec-5c21-9f43-b4b251046c2f,110.000,M,1087.48,EUR,119622.80,2026-09-14,4f3e3a95-44c6-55c7-8c48-c88a87e89965,110.000,
440b6802-a203-5fc0-85e4-876039ccdcc9,2026-07-09T08:00:00Z,system,2026-07-09T08:00:00Z,system,feaba09b-52e8-59a0-adb8-3d71ccac249a,20,70c1e335-53e1-5df8-b343-82e92d1eab19,25.000,M,115.61,EUR,2890.25,2026-09-14,c0f6dc74-8fb2-5c85-97a8-ff02e7ad3302,25.000,
f17692e6-1b5e-5d44-b6c7-ebca3e7382b4,2026-07-09T08:00:00Z,system,2026-07-09T08:00:00Z,system,feaba09b-52e8-59a0-adb8-3d71ccac249a,30,b814d1af-9d7a-58a3-bcbc-2613f354645c,25.000,L,1383.96,EUR,34599.00,2026-09-14,fa272c09-b690-53f4-bdcd-50b2ff764c57,25.000,Quality inspection required
1d2b5354-5d5d-5c03-beae-0e8f4f0eb984,2026-07-09T08:00:00Z,system,2026-07-09T08:00:00Z,system,feaba09b-52e8-59a0-adb8-3d71ccac249a,40,2ecf27bf-5cc9-5e4d-bf61-da068d5ffc48,2.000,EA,661.35,EUR,1322.70,2026-09-14,3d69ceaa-4d42-5779-a905-62b9a12fe151,2.000,
7a8cf69b-c392-5db6-bbe5-b990d36e84e6,2025-11-01T08:00:00Z,system,2025-11-01T08:00:00Z,system,5f01a46c-3be4-532b-8f99-f21df3fe3e90,10,04c6ce4d-e9ec-5c21-9f43-b4b251046c2f,100.000,M,1064.59,EUR,106459.00,2025-12-26,cb141f7a-14f8-5f73-aee5-33d21e541b25,57.852,Expedited delivery
8298cf23-b371-594c-ba85-f1b71b9cabca,2025-11-01T08:00:00Z,system,2025-11-01T08:00:00Z,system,5f01a46c-3be4-532b-8f99-f21df3fe3e90,20,4d8b3cb8-4991-55ac-afa4-443fd1749bfb,20.000,KG,21.46,EUR,429.20,2025-12-26,dcac06d5-a8d9-51af-94f8-2f0e252ac11f,0.529,Framework agreement pricing
78e4629c-dbb2-5a28-857f-798b15fc45f7,2026-07-05T08:00:00Z,system,2026-07-05T08:00:00Z,system,fb0c6fd1-56ac-5eaa-8095-b703b120a532,10,b03f0dc2-a9e5-5330-affe-38e1a3e58c73,10.000,L,244.72,CHF,2447.20,2026-07-31,a13bf772-16df-5bab-983c-9fa32b518339,10.000,Expedited delivery
4375dfb9-9a77-5bb4-93c9-cdea953498c0,2026-07-05T08:00:00Z,system,2026-07-05T08:00:00Z,system,fb0c6fd1-56ac-5eaa-8095-b703b120a532,20,c1263224-5b01-5628-b91f-a1409b9c0752,50.000,BOX,1725.94,CHF,86297.00,2026-07-31,9397158a-3526-5a55-b93f-a12740a65b4a,50.000,Quality inspection required
948bc158-1129-550c-b2bb-99364ea0c053,2025-12-13T08:00:00Z,system,2025-12-13T08:00:00Z,system,22b20e31-e046-5425-b649-c6af1ef675a3,10,94288f21-6926-5da3-827e-38477bc97581,150.000,L,1071.63,EUR,160744.50,2026-01-08,92eb5838-254b-5622-87aa-cb01fb77f896,150.000,Expedited delivery
b82f7a2d-0ae4-5202-8853-96de8439c5a9,2025-12-13T08:00:00Z,system,2025-12-13T08:00:00Z,system,22b20e31-e046-5425-b649-c6af1ef675a3,20,8ffbee35-114e-52c9-982d-47f2ee96df4a,67.500,EA,800.31,EUR,54020.92,2026-01-08,13f702b0-8bc5-55b1-993e-17a02f4ccc25,67.500,
60f48691-1234-542c-babd-0753f834526e,2025-12-13T08:00:00Z,system,2025-12-13T08:00:00Z,system,22b20e31-e046-5425-b649-c6af1ef675a3,30,dc089f09-34df-5a3e-bedb-2c2e0f21465e,20.000,L,1567.60,EUR,31352.00,2026-01-08,0901c7b2-3613-5964-b53e-4b2e4bbc5bc6,20.000,Quality inspection required
2254958c-c240-5121-980a-7cca490f2a10,2025-12-13T08:00:00Z,system,2025-12-13T08:00:00Z,system,22b20e31-e046-5425-b649-c6af1ef675a3,40,33b58793-6f12-50d8-b5ed-f4aaefc6d3f0,1.000,M,64.23,EUR,64.23,2026-01-08,407f0e9f-114c-5c00-a8ac-d25517748459,1.000,Expedited delivery
5e4b0baa-7bdf-5e58-b36b-d3c2feca315c,2025-12-13T08:00:00Z,system,2025-12-13T08:00:00Z,system,22b20e31-e046-5425-b649-c6af1ef675a3,50,965972d0-7dc1-5a2e-a771-140c178aec3b,220.000,EA,265.39,EUR,58385.80,2026-01-08,e81db0d5-ba3b-5f72-8c28-4351aa045220,220.000,
d24be188-5e77-597a-8d3d-8d1d2ed17940,2026-03-23T08:00:00Z,system,2026-03-23T08:00:00Z,system,7e360b58-498a-5525-a760-8205df8c7608,10,25d66eb3-16e0-54c3-bcbc-0f87d2c22b95,180.000,EA,1347.26,CAD,242506.80,2026-05-05,735c39a9-e478-50ed-a7f6-28a834dc3161,31.064,Quality inspection required
4c836986-f32a-5d71-a07f-e6f19227f03f,2026-03-23T08:00:00Z,system,2026-03-23T08:00:00Z,system,7e360b58-498a-5525-a760-8205df8c7608,20,75c713f1-f5c1-515a-b00c-8a93e54aab54,150.000,L,824.99,CAD,123748.50,2026-05-05,3c2b94d3-0e77-5733-83a7-bf21e69a0f33,100.659,Expedited delivery
66d6c7e5-176d-542e-b555-1f5586ee3873,2026-03-23T08:00:00Z,system,2026-03-23T08:00:00Z,system,7e360b58-498a-5525-a760-8205df8c7608,30,5994f62a-190b-5f64-a95c-9773a244fa2e,25.000,SET,2488.48,CAD,62212.00,2026-05-05,7c244100-3bc6-5d43-9c7d-6d972d6b4e53,17.688,Standard order line
40f004a0-ed69-5459-9729-c8d8be4a94f2,2026-03-23T08:00:00Z,system,2026-03-23T08:00:00Z,system,7e360b58-498a-5525-a760-8205df8c7608,40,92383fa1-d27d-5e6a-b93a-e9f0ff565f05,10.000,EA,1396.74,CAD,13967.40,2026-05-05,7637bb0e-b7aa-5d6d-9640-1babe8f1e293,0.022,Expedited delivery
800eb978-216f-5966-a2e0-62af2cf8869e,2025-10-22T08:00:00Z,system,2025-10-22T08:00:00Z,system,1ecebc3c-d05e-579b-b17e-c26ac3065da8,10,15f3b8aa-4649-5a10-a707-45aa1b2b3bf5,75.000,L,2247.37,EUR,168552.75,2025-11-27,5a5de1b6-0053-5606-8ed9-76fce9628faf,0.000,Standard order line
a56f2a28-6b3d-5302-b122-1fbb8d865a82,2025-10-22T08:00:00Z,system,2025-10-22T08:00:00Z,system,1ecebc3c-d05e-579b-b17e-c26ac3065da8,20,571479d1-0b4f-5e80-b110-0e3e87a27f94,1.000,EA,1510.95,EUR,1510.95,2025-11-27,9d970be9-e784-5b7c-bcd3-e2c90a127c8e,0.000,Expedited delivery
0d9519c6-865b-5ef8-b7fa-1ff54d6c5042,2025-10-05T08:00:00Z,system,2025-10-05T08:00:00Z,system,71cfc88c-e2f2-509b-8bc0-8c5e4e3b1079,10,aa609c4e-2fa3-5db5-a548-e837797b7ec8,4.500,SET,22933.71,SEK,103201.69,2025-10-31,3958067b-dd71-51c5-9165-5097775e6044,4.500,
0c4a8686-4d6f-5c68-9906-344ba015cac1,2025-10-05T08:00:00Z,system,2025-10-05T08:00:00Z,system,71cfc88c-e2f2-509b-8bc0-8c5e4e3b1079,20,81934ea3-15d5-5130-8a88-15160030bb8c,75.000,BOX,20163.96,SEK,1512297.00,2025-10-31,59c6489c-a389-5275-94bf-5f23fca2831a,75.000,Standard order line
1d0787cb-7ab2-5125-bbed-e956ced59af9,2025-10-05T08:00:00Z,system,2025-10-05T08:00:00Z,system,71cfc88c-e2f2-509b-8bc0-8c5e4e3b1079,30,a56d36d8-7b2d-5bff-ae8b-8d8002e9d564,20.000,L,13720.97,SEK,274419.40,2025-10-31,51e55215-82e9-5acb-ae8a-923b91fd0fec,20.000,Standard order line
667165cf-4eb4-509b-9932-631a3c929f5c,2025-10-05T08:00:00Z,system,2025-10-05T08:00:00Z,system,71cfc88c-e2f2-509b-8bc0-8c5e4e3b1079,40,24e149d4-fbad-5890-a7ee-15a416fd63bc,90.000,SET,2975.00,SEK,267750.00,2025-10-31,7f6f1440-002d-5ab4-9e72-12152515d3e0,90.000,Standard order line
b0352855-86ca-519a-8195-dae7e738450d,2026-03-29T08:00:00Z,system,2026-03-29T08:00:00Z,system,2e16d83a-962a-5d1d-a03e-a5259b8d4c83,10,3f3309b3-487e-54de-ae3f-de56ef31378f,9.000,BOX,4074.18,CAD,36667.62,2026-04-06,df6d5c40-d398-546c-b895-3977ed82b643,0.000,Expedited delivery
207cddf3-a61f-5980-9cf2-578710bcc36d,2026-03-29T08:00:00Z,system,2026-03-29T08:00:00Z,system,2e16d83a-962a-5d1d-a03e-a5259b8d4c83,20,5ed4476d-3306-5591-960f-4c8a96c6dae8,55.000,BOX,2485.97,CAD,136728.35,2026-04-06,355e4988-a09f-5699-9818-f8441125e782,0.000,Quality inspection required
401d1c44-ca0c-522c-bb30-3068ed904263,2025-10-15T08:00:00Z,system,2025-10-15T08:00:00Z,system,8df1158a-97c6-5028-aacd-9d91809a7058,10,00a24b8a-d6ef-5fd9-b832-024cf1e9f1b5,200.000,EA,1699.62,CAD,339924.00,2025-12-06,b9223467-7c85-5f00-b6de-e3ade486eccd,73.796,Framework agreement pricing
e375d7db-3a76-5bb4-beb8-2ad3dbcf811c,2025-10-15T08:00:00Z,system,2025-10-15T08:00:00Z,system,8df1158a-97c6-5028-aacd-9d91809a7058,20,8ffbee35-114e-52c9-982d-47f2ee96df4a,75.000,EA,1368.49,CAD,102636.75,2025-12-06,13f702b0-8bc5-55b1-993e-17a02f4ccc25,0.840,Quality inspection required
aae907c5-f596-5dd0-b36f-40361984dfad,2025-10-19T08:00:00Z,system,2025-10-19T08:00:00Z,system,70f1b63e-b951-51b3-acad-86f56535e241,10,19e5854c-015a-5974-997b-3ccb05e32d73,50.000,M,428.66,EUR,21433.00,2025-11-06,33028e10-0ca8-5d08-a314-7822f63089f9,1.451,Standard order line
3d295a0f-bf23-57b7-ab7f-21910008606e,2025-10-19T08:00:00Z,system,2025-10-19T08:00:00Z,system,70f1b63e-b951-51b3-acad-86f56535e241,20,0804c1cc-15f6-549d-b061-a4423dc8fcac,150.000,EA,303.80,EUR,45570.00,2025-11-06,bc400d9b-7210-58f0-a37e-d0b897599694,66.347,Framework agreement pricing
def22cd2-849b-5023-9691-98a633013052,2025-10-19T08:00:00Z,system,2025-10-19T08:00:00Z,system,70f1b63e-b951-51b3-acad-86f56535e241,30,61c9dd7a-23b2-51ce-a4f8-1ecaedb8b55e,25.000,SET,1814.29,EUR,45357.25,2025-11-06,556103aa-3938-5f39-b0b1-3de4fdc7f1b1,14.418,
5371f264-e440-5fef-8ab4-1950f6624e0b,2025-10-19T08:00:00Z,system,2025-10-19T08:00:00Z,system,70f1b63e-b951-51b3-acad-86f56535e241,40,2ecf27bf-5cc9-5e4d-bf61-da068d5ffc48,20.000,EA,764.71,EUR,15294.20,2025-11-06,fba68c08-8302-54c5-9423-3f7e69a4e8b9,19.501,Expedited delivery
4f105e40-f02d-5d8a-9d7b-5ce6e69a4cfb,2025-12-05T08:00:00Z,system,2025-12-05T08:00:00Z,system,4a2fa126-21a8-55b6-b5f6-ec3e848ace22,10,9e7b19d9-c9c7-562c-b69b-23994f239c49,1.000,EA,939.60,EUR,939.60,2026-02-02,b5e60cf9-4685-5dff-8532-822dca74e7a9,1.000,Expedited delivery
9780e137-d58b-5a3e-9b10-8e3d7f099e9e,2025-12-05T08:00:00Z,system,2025-12-05T08:00:00Z,system,4a2fa126-21a8-55b6-b5f6-ec3e848ace22,20,3c91ccd6-92b6-5bb1-a450-2e87cd24008e,150.000,L,113.45,EUR,17017.50,2026-02-02,4ca8e73d-87b7-53f6-bab0-58651bc17c89,150.000,
4d8685c0-4c3b-56a4-ae96-1006aadd3d48,2025-12-05T08:00:00Z,system,2025-12-05T08:00:00Z,system,4a2fa126-21a8-55b6-b5f6-ec3e848ace22,30,eafe3238-5e48-56bf-9122-b7966afc27e1,27.500,M,1415.30,EUR,38920.75,2026-02-02,a0b7b4fe-f01f-57f0-a7f0-2d75e28be204,27.500,Quality inspection required
1461a170-fab9-5789-88ba-0d8942742f62,2025-12-05T08:00:00Z,system,2025-12-05T08:00:00Z,system,4a2fa126-21a8-55b6-b5f6-ec3e848ace22,40,449f174d-239f-5c9f-803d-0af1ffe5acb3,9.000,L,109.09,EUR,981.81,2026-02-02,4e0ed415-f20c-5ec0-af9f-bbbf1ff18957,9.000,Quality inspection required
dc9ffc61-e4d3-5051-8c1c-378c0237d73e,2025-12-05T08:00:00Z,system,2025-12-05T08:00:00Z,system,4a2fa126-21a8-55b6-b5f6-ec3e848ace22,50,c51be922-7f94-5734-90be-dd25480a96da,22.500,EA,197.63,EUR,4446.68,2026-02-02,0b4069c1-5996-5da8-9eea-54de533866d9,22.500,Quality inspection required
25eac096-fa8f-5d1e-9403-83248fee657f,2025-10-18T08:00:00Z,system,2025-10-18T08:00:00Z,system,4276ba86-c493-5d99-9856-dc3150d882ad,10,5de012ce-db52-52e5-a612-6e2c3c02623a,200.000,SET,1110.56,EUR,222112.00,2025-12-15,34b7af17-4498-5330-95e3-1fbd87d8d9b3,60.377,
6474f0da-106d-5d70-9123-e1da21f1687f,2025-10-18T08:00:00Z,system,2025-10-18T08:00:00Z,system,4276ba86-c493-5d99-9856-dc3150d882ad,20,df47ed4b-da4f-5c58-b596-f38d4082538d,11.000,EA,1544.81,EUR,16992.91,2025-12-15,1b3e53ab-0c78-52a4-84f4-df27988b1022,9.368,
4efae94d-f7a3-5381-af87-6cc5e0b971a6,2025-10-18T08:00:00Z,system,2025-10-18T08:00:00Z,system,4276ba86-c493-5d99-9856-dc3150d882ad,30,5201a455-a5dc-58a5-9da8-b460a7a6e9f4,75.000,M,1414.13,EUR,106059.75,2025-12-15,f411d8ac-cc46-55ff-895c-bfb33849493a,57.179,Expedited delivery
1c890889-19f7-5cbd-aeed-4cf29f93593c,2025-10-18T08:00:00Z,system,2025-10-18T08:00:00Z,system,4276ba86-c493-5d99-9856-dc3150d882ad,40,a1de9ed1-ec0e-5ccc-86a4-1980e3dfb1ed,150.000,L,461.18,EUR,69177.00,2025-12-15,f5d6bbde-8f47-5657-9a5d-56c879b1ce85,141.766,
0e383c83-1d0b-5587-92b1-754abaeb2d64,2026-03-08T08:00:00Z,system,2026-03-08T08:00:00Z,system,8c80acf2-d4ca-52d6-a3ae-38785113a0aa,10,6be44d6c-c457-5100-971c-5640df33eb4b,82.500,SET,409.67,CHF,33797.78,2026-03-27,0d01b4f4-2d57-5108-a768-abc0d8abcc1e,82.500,Expedited delivery
c0935a82-57c8-506a-834a-4daba68bcb43,2026-03-08T08:00:00Z,system,2026-03-08T08:00:00Z,system,8c80acf2-d4ca-52d6-a3ae-38785113a0aa,20,8152f104-7621-5be4-8056-73ba5b77136f,20.000,EA,807.30,CHF,16146.00,2026-03-27,88c1b901-8e1c-5bc6-b3f8-95d31d8a77b8,20.000,
7e2d04a2-c963-5be9-ab06-df14b33536d0,2026-03-08T08:00:00Z,system,2026-03-08T08:00:00Z,system,8c80acf2-d4ca-52d6-a3ae-38785113a0aa,30,75f1b42f-e0d3-559b-883f-62a8bd802d21,25.000,L,19.20,CHF,480.00,2026-03-27,6f925a49-cd80-5f1c-938f-073d2aadcd5f,25.000,Expedited delivery
32ded19d-9c56-595a-b55b-e005f1c87d21,2026-03-08T08:00:00Z,system,2026-03-08T08:00:00Z,system,8c80acf2-d4ca-52d6-a3ae-38785113a0aa,40,1cedd62f-02fd-505a-b102-9f80692d77d7,2.000,BOX,1578.75,CHF,3157.50,2026-03-27,31a9ad66-4dae-58b8-ae8e-7d2c197b744e,2.000,Expedited delivery
b4163f8f-44ba-5354-9c00-6771ccdb285b,2026-03-25T08:00:00Z,system,2026-03-25T08:00:00Z,system,611b144f-1480-5626-8d05-14ef51bd58a1,10,26b04983-d84b-57db-acd1-68d00120334b,1.000,L,1615.68,USD,1615.68,2026-05-15,03dca70e-cc2a-5a4a-af97-d6176d54ede3,1.000,
39fdc6b4-2211-5724-b1c2-1306a5cff368,2026-03-25T08:00:00Z,system,2026-03-25T08:00:00Z,system,611b144f-1480-5626-8d05-14ef51bd58a1,20,df47ed4b-da4f-5c58-b596-f38d4082538d,10.000,EA,1584.01,USD,15840.10,2026-05-15,1b3e53ab-0c78-52a4-84f4-df27988b1022,10.000,
cefbc7a8-5ba6-5fd0-b8c2-be9bcf07d8e4,2026-03-25T08:00:00Z,system,2026-03-25T08:00:00Z,system,611b144f-1480-5626-8d05-14ef51bd58a1,30,33565d42-f2c6-5728-b582-d95f8618e410,150.000,BOX,1621.41,USD,243211.50,2026-05-15,050f0642-b7a5-5717-8cad-e7f9e7ee7e2d,150.000,Quality inspection required
ccc5b917-105a-581c-be70-206b9f8d4889,2026-02-06T08:00:00Z,system,2026-02-06T08:00:00Z,system,e3dd12ce-92c7-5a74-b861-589dde277c1f,10,0c3785e3-7d1b-5f41-95de-b2299b8dd699,20.000,M,4870.34,PLN,97406.80,2026-04-15,f67c7a78-964f-564c-928d-bb7bdb66c3ee,0.000,Framework agreement pricing
2a71fcbe-ad26-52ec-b149-723cd49d3d8c,2026-02-06T08:00:00Z,system,2026-02-06T08:00:00Z,system,e3dd12ce-92c7-5a74-b861-589dde277c1f,20,8ecd63dc-042f-5821-9209-3db5b19e8ed7,2.000,EA,8333.83,PLN,16667.66,2026-04-15,b07bffbd-0ad0-5c28-bc1d-ad75328e2871,0.000,Standard order line
26a058db-1758-5fcf-9768-e76234c8ceb7,2026-02-06T08:00:00Z,system,2026-02-06T08:00:00Z,system,e3dd12ce-92c7-5a74-b861-589dde277c1f,30,946b9def-1c5e-5d38-8f79-05db3b27b218,9.000,M,9905.94,PLN,89153.46,2026-04-15,c258edfb-d803-57ec-a219-676e20aca3e3,0.000,Framework agreement pricing
4a2d50d3-c3c5-5222-99fa-27b766c74fb5,2026-02-06T08:00:00Z,system,2026-02-06T08:00:00Z,system,e3dd12ce-92c7-5a74-b861-589dde277c1f,40,a826e0c2-43dd-5a6b-a002-5f2510a4b1f5,82.500,L,5261.64,PLN,434085.30,2026-04-15,cbfbf049-dc8e-5fea-b754-64abf8122513,0.000,
44153944-cc9e-59e1-bfa6-9dc1199b387a,2026-02-06T08:00:00Z,system,2026-02-06T08:00:00Z,system,e3dd12ce-92c7-5a74-b861-589dde277c1f,50,79756df9-78e3-5df8-ad70-cff390e99aff,1.800,EA,3958.99,PLN,7126.18,2026-04-15,4b3b188f-5605-52de-bcde-114a5feaa453,0.000,Expedited delivery
259d1547-b864-5d29-b083-390de5990e96,2026-03-21T08:00:00Z,system,2026-03-21T08:00:00Z,system,f682790a-1d64-55a8-802a-a5f11d40a205,10,3fc74a3b-0832-5675-b9fe-287a90de3ba8,5.500,EA,387.28,EUR,2130.04,2026-04-17,e7e97d6e-3cb7-5696-a2d3-dd0f6fc2b5cf,5.500,
14c20709-1170-5af4-8eb5-5d76bc862773,2026-03-21T08:00:00Z,system,2026-03-21T08:00:00Z,system,f682790a-1d64-55a8-802a-a5f11d40a205,20,4e2b69ff-67fe-5475-b0ba-3e2a02c6b70b,2.000,SET,1594.06,EUR,3188.12,2026-04-17,7a3b4ba4-5edf-5762-b6e2-70d3210adc12,2.000,Quality inspection required
55e8445c-986f-5ea0-b534-833da8613a64,2026-03-21T08:00:00Z,system,2026-03-21T08:00:00Z,system,f682790a-1d64-55a8-802a-a5f11d40a205,30,3aa391ce-4ff3-5173-9277-83ce43555c7c,50.000,L,103.73,EUR,5186.50,2026-04-17,51a0cc23-3271-5006-a1a1-9e8061865d49,50.000,
e858be10-d202-5111-962e-28e031abc1df,2026-03-21T08:00:00Z,system,2026-03-21T08:00:00Z,system,f682790a-1d64-55a8-802a-a5f11d40a205,40,cb6ffa8f-0fe6-5b74-b902-9c455baa0e7f,50.000,BOX,199.29,EUR,9964.50,2026-04-17,8e4524ab-0adc-5bf4-a0a5-4ef095125161,50.000,Expedited delivery
4ecc5ed4-9b9c-5bb4-99d5-a97d3acc0e93,2025-12-24T08:00:00Z,system,2025-12-24T08:00:00Z,system,01dc3b47-f1c2-5763-a60e-1353c99d0614,10,4cdd9f3f-a827-56ea-9bb0-828fa902a883,150.000,KG,1.35,CHF,202.50,2026-02-20,05b162cc-266e-557f-a07f-2526d6ef1660,150.000,Standard order line
4ab63f70-9af7-55d7-980b-821ab40a367a,2025-12-24T08:00:00Z,system,2025-12-24T08:00:00Z,system,01dc3b47-f1c2-5763-a60e-1353c99d0614,20,62a2158d-64d0-547a-b140-23e19a0b0820,5.000,BOX,1418.60,CHF,7093.00,2026-02-20,23e62d5d-b5a0-583a-918a-181ac81b7fd3,5.000,Standard order line
ca8b6f5a-ba92-5415-b043-3def71ca9ab7,2026-02-27T08:00:00Z,system,2026-02-27T08:00:00Z,system,bc7c52b7-dc1d-56b9-a740-fb3403b78eec,10,8e000456-a6ac-57d9-b9cb-0522d8da4203,180.000,KG,441.93,CZK,79547.40,2026-05-02,ff42bcef-cb58-58e9-8d86-5e82ee118952,180.000,Standard order line
8abba38d-32b9-557c-8c6b-d5de88b08510,2026-02-27T08:00:00Z,system,2026-02-27T08:00:00Z,system,bc7c52b7-dc1d-56b9-a740-fb3403b78eec,20,8e000456-a6ac-57d9-b9cb-0522d8da4203,135.000,KG,398.13,CZK,53747.55,2026-05-02,3b46036c-0eb1-5ce5-99fd-f58830fbae6e,135.000,Framework agreement pricing
b531a1bd-6031-559b-b2f2-f746ece314df,2026-02-27T08:00:00Z,system,2026-02-27T08:00:00Z,system,bc7c52b7-dc1d-56b9-a740-fb3403b78eec,30,6d2d9d2e-3534-5a9b-a2d9-67471b6743ab,75.000,EA,13416.95,CZK,1006271.25,2026-05-02,13bc983f-4985-535a-8da6-f5899a9524fc,75.000,Quality inspection required
44c8c49c-32c8-5030-9381-4f5c139c827f,2026-02-27T08:00:00Z,system,2026-02-27T08:00:00Z,system,bc7c52b7-dc1d-56b9-a740-fb3403b78eec,40,b3dbfa26-3c04-523e-a8d7-8b4485baefb6,2.000,EA,7326.83,CZK,14653.66,2026-05-02,b04c50d1-d3b8-5492-8b88-14f7bd749045,2.000,Framework agreement pricing
d1fc340f-00d9-584f-a4d0-eb7290d624d8,2026-03-14T08:00:00Z,system,2026-03-14T08:00:00Z,system,29d8cda6-b285-5a0f-af3d-6188e929d267,10,c27d8ed1-1c81-52eb-9e88-e5402f546414,4.500,L,1741.00,USD,7834.50,2026-04-27,517ffcd7-a648-5911-a1f8-e7ccd3b9d08e,4.500,
f618e38a-9cde-5b31-a283-4c1001b2d46b,2026-03-14T08:00:00Z,system,2026-03-14T08:00:00Z,system,29d8cda6-b285-5a0f-af3d-6188e929d267,20,6febc7d4-a6f9-547c-bdef-f6c3c7cebf1b,5.000,BOX,1118.43,USD,5592.15,2026-04-27,7991600c-2fe6-51e2-9732-22ea9c16116f,5.000,
8c3c56bc-b134-5f26-9dde-24c6e77174fc,2026-04-04T08:00:00Z,system,2026-04-04T08:00:00Z,system,c9470808-cb4d-5205-8888-2a120030556e,10,0fe72620-9284-5333-a180-c7cfbeaccc63,1.100,KG,18.86,CHF,20.75,2026-04-15,c3f6b390-6311-5617-a995-f004b2570d88,0.639,Quality inspection required
c28e9c2d-46dd-5892-ba33-db529f8e4f69,2026-04-04T08:00:00Z,system,2026-04-04T08:00:00Z,system,c9470808-cb4d-5205-8888-2a120030556e,20,73253cdf-d4e6-5749-9bda-81b380de990d,1.000,L,603.16,CHF,603.16,2026-04-15,4894761c-32aa-5504-89ea-57cae8ef57aa,0.227,Framework agreement pricing
531b5eb2-4d68-5e6a-870f-7605093d8d4d,2026-04-04T08:00:00Z,system,2026-04-04T08:00:00Z,system,c9470808-cb4d-5205-8888-2a120030556e,30,8955b821-56c4-50e4-a768-f8cd91a81833,150.000,BOX,1490.37,CHF,223555.50,2026-04-15,6b573453-cb2d-5b6b-bf4d-c9c577de3af0,55.512,Expedited delivery
b1b5e850-ce3d-5610-878a-5f5230339e1e,2026-04-04T08:00:00Z,system,2026-04-04T08:00:00Z,system,c9470808-cb4d-5205-8888-2a120030556e,40,105849c8-03f2-573d-9e97-230d47fc6774,1.000,SET,1309.73,CHF,1309.73,2026-04-15,b439b587-b8e0-547f-b3c4-9d8583cf9d92,0.038,Framework agreement pricing
4f3d56f4-5d99-5a20-8882-7704698a4278,2026-02-06T08:00:00Z,system,2026-02-06T08:00:00Z,system,417243b6-1759-567d-bcfc-676048137c96,10,6d2d9d2e-3534-5a9b-a2d9-67471b6743ab,75.000,EA,454.63,GBP,34097.25,2026-03-12,13bc983f-4985-535a-8da6-f5899a9524fc,0.000,Framework agreement pricing
4192af36-64d4-565a-9e3c-1855d6545fe8,2026-02-06T08:00:00Z,system,2026-02-06T08:00:00Z,system,417243b6-1759-567d-bcfc-676048137c96,20,7ca4c0eb-249c-5459-9122-836398535a4b,220.000,L,1986.66,GBP,437065.20,2026-03-12,a355262c-d200-574d-b962-b7fc54db5c7d,0.000,Expedited delivery
0c896481-87d4-5bc4-88a7-82c7ba592064,2026-02-06T08:00:00Z,system,2026-02-06T08:00:00Z,system,417243b6-1759-567d-bcfc-676048137c96,30,5ff325a3-cf1b-5887-bd0f-e1da5d5e6a57,1.000,BOX,658.14,GBP,658.14,2026-03-12,8d13fd0f-4bf3-5b7b-82b7-73a3b972a3aa,0.000,Expedited delivery
88204f6f-4d69-50e7-863a-e726c1bb1569,2026-06-24T08:00:00Z,system,2026-06-24T08:00:00Z,system,8578d394-959e-5c6e-96e6-3cd12bef9a8f,10,425b666f-dd3e-51cf-b65c-1b1c5b49b01e,110.000,M,37413.41,CZK,4115475.10,2026-07-30,115f1c13-77bc-5ad1-9229-19adc32ab094,110.000,Expedited delivery
4fe4ae6b-10f0-5aef-9eb2-c659bc6c9d98,2026-06-24T08:00:00Z,system,2026-06-24T08:00:00Z,system,8578d394-959e-5c6e-96e6-3cd12bef9a8f,20,f84d7723-0164-5c03-952b-c6a6bd546739,5.500,EA,53884.18,CZK,296362.99,2026-07-30,93ecf2ab-7fc7-5296-97e4-5ad1f0dab010,5.500,
bfa67538-1b96-5a08-a255-dd694c568589,2025-10-24T08:00:00Z,system,2025-10-24T08:00:00Z,system,34f854ae-d70c-535a-83f0-46cbd6ebf654,10,32549e95-8264-5b06-ac4c-4f93e09d17a2,25.000,BOX,13106.99,SEK,327674.75,2025-12-06,640ff050-496d-5190-99dd-73f36f22d153,11.602,
8f40e9d9-2aa4-5826-bd38-f240ce8cdeca,2025-10-24T08:00:00Z,system,2025-10-24T08:00:00Z,system,34f854ae-d70c-535a-83f0-46cbd6ebf654,20,bbccc08a-f2c9-5ff6-a628-fb59284b03ec,1.000,SET,1000.19,SEK,1000.19,2025-12-06,fc7320b4-3a35-58dc-9d30-2b2613c4351c,0.856,
d5803429-c46e-5768-b100-99eae2fab731,2025-10-24T08:00:00Z,system,2025-10-24T08:00:00Z,system,34f854ae-d70c-535a-83f0-46cbd6ebf654,30,6ac6dbb0-6c7a-557d-b7d3-20ec8a1e7bc9,200.000,SET,12221.87,SEK,2444374.00,2025-12-06,1302d68b-62c3-5bee-98eb-22360d59c92b,0.997,
4abfda15-a6f6-5b54-819d-69ca3d72c453,2025-12-12T08:00:00Z,system,2025-12-12T08:00:00Z,system,52467071-4044-5719-9223-aeadb932d17e,10,612fada6-761e-5f21-9247-4531ae1ea588,2.000,L,409.86,CHF,819.72,2025-12-18,d32380cd-e5f5-58a5-be30-1e64de5788bc,2.000,Standard order line
2e4c52ea-c874-56c9-a35a-d0271e279323,2025-12-12T08:00:00Z,system,2025-12-12T08:00:00Z,system,52467071-4044-5719-9223-aeadb932d17e,20,9e7b19d9-c9c7-562c-b69b-23994f239c49,110.000,EA,926.95,CHF,101964.50,2025-12-18,76a50b38-e220-58d1-95b0-b331bea5f636,110.000,Quality inspection required
aab89b46-bc3a-5dc4-898f-2cdaa8ad4f39,2025-12-12T08:00:00Z,system,2025-12-12T08:00:00Z,system,52467071-4044-5719-9223-aeadb932d17e,30,f74e00d0-5597-5c85-9d8e-7ce030bdb99d,2.200,EA,1013.09,CHF,2228.80,2025-12-18,0c1f90af-0579-5a7e-96e7-89e111247919,2.200,Framework agreement pricing
ce6bdf81-f70c-5cb5-8818-76ed3439a1ab,2025-12-12T08:00:00Z,system,2025-12-12T08:00:00Z,system,52467071-4044-5719-9223-aeadb932d17e,40,26b04983-d84b-57db-acd1-68d00120334b,50.000,L,1158.05,CHF,57902.50,2025-12-18,8abd8f37-6de4-59b3-a6c5-f2428c4ad8d1,50.000,
83c34732-1fbe-58b2-9898-b7187a24df46,2025-12-12T08:00:00Z,system,2025-12-12T08:00:00Z,system,52467071-4044-5719-9223-aeadb932d17e,50,6c7c41de-f18d-5d68-9697-8f8c32cb9e5e,10.000,M,1881.42,CHF,18814.20,2025-12-18,14c904a9-f37c-5abc-86a5-67f1565254a7,10.000,Quality inspection required
1ece7ba9-886a-57d8-a210-edb33f61a3e3,2025-12-09T08:00:00Z,system,2025-12-09T08:00:00Z,system,c9970341-da63-5f35-b4ae-771139194d1f,10,4cdc5ff6-d193-563c-9400-f57baf1162a6,20.000,BOX,864.88,EUR,17297.60,2026-02-15,ea16e84b-5c1a-5a3c-b7b4-acdbc9d70507,0.000,Framework agreement pricing
7da9a962-a132-5f38-a31b-e39429064abe,2025-12-09T08:00:00Z,system,2025-12-09T08:00:00Z,system,c9970341-da63-5f35-b4ae-771139194d1f,20,5de012ce-db52-52e5-a612-6e2c3c02623a,55.000,SET,1179.50,EUR,64872.50,2026-02-15,10ff2117-8627-58dd-a6bd-32ca2a270cac,0.000,Standard order line
00c9ee41-8ca1-5ad5-ac98-cb30d9fc8c7b,2025-12-09T08:00:00Z,system,2025-12-09T08:00:00Z,system,c9970341-da63-5f35-b4ae-771139194d1f,30,9390c973-ffaf-555f-9cb1-d1547db4c4d9,22.500,SET,1700.26,EUR,38255.85,2026-02-15,a6b2dbf1-aaf2-54dc-b9c5-c30cb1e99329,0.000,Standard order line
c5383ee3-d95e-55d1-b93e-10210e52fd7a,2025-12-09T08:00:00Z,system,2025-12-09T08:00:00Z,system,c9970341-da63-5f35-b4ae-771139194d1f,40,65f7e1f5-55a6-5a0e-8cfc-7f783180cb51,10.000,L,1960.33,EUR,19603.30,2026-02-15,ef480595-cb46-5def-b0e6-468379643391,0.000,Standard order line
f919d9fa-9480-5c2c-abdb-ab9cad61ca10,2025-12-09T08:00:00Z,system,2025-12-09T08:00:00Z,system,c9970341-da63-5f35-b4ae-771139194d1f,50,0e061496-b663-511d-b153-ccea08f04c32,22.500,M,456.57,EUR,10272.83,2026-02-15,11008b13-c9fd-548e-9822-53e72591a326,0.000,Standard order line
220046f0-da4c-51b8-b38d-95fcd9fc8368,2026-05-23T08:00:00Z,system,2026-05-23T08:00:00Z,system,315218bc-acf0-51d8-911d-70becbbeb9ad,10,1dd3c172-1e4d-56ef-89b5-1f44bd31959f,82.500,M,9125.45,PLN,752849.63,2026-06-25,639ddd68-72c6-5d7a-9407-afd5f6a03d34,4.239,Quality inspection required
b3355eef-2476-5325-8d3c-36de67eb1cbe,2026-05-23T08:00:00Z,system,2026-05-23T08:00:00Z,system,315218bc-acf0-51d8-911d-70becbbeb9ad,20,893944a0-a713-5323-888a-1702113e176d,27.500,KG,106.10,PLN,2917.75,2026-06-25,8638174c-b0e6-51b2-b0a4-b3dd25e5256f,19.798,Expedited delivery
48bcb610-00ac-578a-87a9-95a3894c1fb7,2026-05-23T08:00:00Z,system,2026-05-23T08:00:00Z,system,315218bc-acf0-51d8-911d-70becbbeb9ad,30,0ec0e0b9-02b8-5273-be60-7699e859c9ef,1.000,SET,9175.20,PLN,9175.20,2026-06-25,e8cc001b-19fe-5454-ac48-0bf43482b3a5,0.278,Expedited delivery
4c5bb98f-436d-5e1f-9c94-9faa037bc836,2026-05-23T08:00:00Z,system,2026-05-23T08:00:00Z,system,315218bc-acf0-51d8-911d-70becbbeb9ad,40,8a9aca99-35d6-5da5-8c10-babbacfc2c60,55.000,BOX,3447.97,PLN,189638.35,2026-06-25,01059a6a-4b18-5499-8ef9-75cf5ad76ca4,1.322,
fa6891dd-573a-5757-915d-8b27bcf1180e,2026-03-11T08:00:00Z,system,2026-03-11T08:00:00Z,system,024aa5e9-b907-5de6-b003-0af791bbe122,10,b73f763a-3d8c-562e-9549-a6941040255f,4.500,EA,817.29,EUR,3677.80,2026-04-17,36c66d9c-634b-5add-8819-e8601eac5770,4.426,
bd45c015-0366-5698-8249-c55b9afab959,2026-03-11T08:00:00Z,system,2026-03-11T08:00:00Z,system,024aa5e9-b907-5de6-b003-0af791bbe122,20,a9f39542-a399-5602-91a0-db378fe1532d,1.000,KG,30.37,EUR,30.37,2026-04-17,9ec08588-3e28-5ee4-8fdf-d93d0c0b094e,0.757,Quality inspection required
43c3088a-aad3-5062-bf18-a23b1c0a72ad,2026-03-11T08:00:00Z,system,2026-03-11T08:00:00Z,system,024aa5e9-b907-5de6-b003-0af791bbe122,30,612fada6-761e-5f21-9247-4531ae1ea588,20.000,L,420.29,EUR,8405.80,2026-04-17,4276e8ef-8aeb-566a-832c-7f894e6190aa,5.585,
c8d7fd85-aeb2-53df-abc2-b8810e1daa8e,2026-03-11T08:00:00Z,system,2026-03-11T08:00:00Z,system,024aa5e9-b907-5de6-b003-0af791bbe122,40,729b6d7e-7b34-59c4-ab17-3319477660be,75.000,KG,12.48,EUR,936.00,2026-04-17,7c7cd9a8-726c-507d-ab55-1c50f4b3744a,14.884,Framework agreement pricing
acba6173-387d-50ff-bda7-8d9515b14a5b,2026-05-08T08:00:00Z,system,2026-05-08T08:00:00Z,system,ffb5496f-0d74-5570-bb83-c58038fc57b1,10,9c244d41-3489-5976-bcdb-b0d76c2237a9,1.800,KG,22.63,GBP,40.73,2026-06-02,70656897-0391-550e-b9c2-0b59c13e1491,0.000,
37be5b0f-e4ea-57a5-9eae-0573a8628910,2026-05-08T08:00:00Z,system,2026-05-08T08:00:00Z,system,ffb5496f-0d74-5570-bb83-c58038fc57b1,20,b73f763a-3d8c-562e-9549-a6941040255f,5.000,EA,640.40,GBP,3202.00,2026-06-02,36c66d9c-634b-5add-8819-e8601eac5770,0.000,
d2b69687-ad23-5b41-a641-927bfac6b71c,2026-05-08T08:00:00Z,system,2026-05-08T08:00:00Z,system,ffb5496f-0d74-5570-bb83-c58038fc57b1,30,893944a0-a713-5323-888a-1702113e176d,20.000,KG,20.29,GBP,405.80,2026-06-02,17a5d9fa-f2e3-5653-bbfd-db598489f126,0.000,Quality inspection required
f20f0ca1-f74b-5840-a92c-87f6c29a3a30,2026-05-08T08:00:00Z,system,2026-05-08T08:00:00Z,system,ffb5496f-0d74-5570-bb83-c58038fc57b1,40,eafe3238-5e48-56bf-9122-b7966afc27e1,20.000,M,1265.40,GBP,25308.00,2026-06-02,c5abb789-b89d-5490-854c-3d0c8332c999,0.000,Standard order line
9fcf91c1-6ffd-5a60-858f-bee8832c24a0,2026-05-08T08:00:00Z,system,2026-05-08T08:00:00Z,system,ffb5496f-0d74-5570-bb83-c58038fc57b1,50,272957c5-680c-5583-a4ae-d8350def996c,25.000,BOX,1382.24,GBP,34556.00,2026-06-02,201a8dfa-13da-5540-acb6-a71d4f6d5696,0.000,Quality inspection required
641c750f-fead-5a0f-971c-440bdfb19f0c,2026-04-01T08:00:00Z,system,2026-04-01T08:00:00Z,system,0fab39b5-7a77-5ce4-9901-535690032689,10,c51be922-7f94-5734-90be-dd25480a96da,50.000,EA,313.90,CAD,15695.00,2026-04-13,ca5a28ce-2de2-5ff9-8168-0d7c80d3813f,50.000,Quality inspection required
a11d379e-172d-5f3a-8b82-568ba574ac5f,2026-04-01T08:00:00Z,system,2026-04-01T08:00:00Z,system,0fab39b5-7a77-5ce4-9901-535690032689,20,3b977897-9c14-59e5-a889-922436cc6be2,150.000,EA,776.97,CAD,116545.50,2026-04-13,f8cb2d3f-87c1-55fa-83a1-98ba2e93062f,150.000,
3a93b0d1-db36-5127-9083-4944caa41d73,2026-04-01T08:00:00Z,system,2026-04-01T08:00:00Z,system,0fab39b5-7a77-5ce4-9901-535690032689,30,0c9f0a42-1ac7-5282-b469-b088f77d7e6d,90.000,BOX,2059.55,CAD,185359.50,2026-04-13,bb32ef99-db73-59f5-ada1-81e88e844f67,90.000,Framework agreement pricing
adcd4a84-c26c-5212-9227-119cce9895d5,2026-05-31T08:00:00Z,system,2026-05-31T08:00:00Z,system,4abc52c6-0ed3-552e-ab9c-ca90817ed6ba,10,9390c973-ffaf-555f-9cb1-d1547db4c4d9,200.000,SET,6620.31,PLN,1324062.00,2026-06-26,1110d243-c999-58ba-aa5f-5fb6905f799c,0.000,Standard order line
8d8f8468-198a-5d6f-9b08-b480eef356a0,2026-05-31T08:00:00Z,system,2026-05-31T08:00:00Z,system,4abc52c6-0ed3-552e-ab9c-ca90817ed6ba,20,d7792ea6-2faa-5ee1-b515-6b526ad9efbb,10.000,BOX,6610.64,PLN,66106.40,2026-06-26,7334d6bb-2c22-5dc2-81b0-485643fe0026,0.000,Standard order line
4b2ccc89-9d2e-53a6-8cba-adaf19e3f51c,2026-05-31T08:00:00Z,system,2026-05-31T08:00:00Z,system,4abc52c6-0ed3-552e-ab9c-ca90817ed6ba,30,33565d42-f2c6-5728-b582-d95f8618e410,9.000,BOX,5840.03,PLN,52560.27,2026-06-26,a98be3f5-6115-5e33-b81e-92e1cc48f3bc,0.000,Expedited delivery
71a11e22-31c1-59ea-9436-6c323707c93a,2026-05-31T08:00:00Z,system,2026-05-31T08:00:00Z,system,4abc52c6-0ed3-552e-ab9c-ca90817ed6ba,40,9cccf623-1147-5c18-8001-597eaf1dced5,20.000,SET,8968.57,PLN,179371.40,2026-06-26,e99619af-27e1-543b-8ec5-5781ff173390,0.000,Quality inspection required
92eeefd5-37e0-57d3-a171-6dc8831c28f5,2026-07-23T08:00:00Z,system,2026-07-23T08:00:00Z,system,e7ed6055-525e-5577-8da6-5248ac129f57,10,729b6d7e-7b34-59c4-ab17-3319477660be,45.000,KG,17.47,USD,786.15,2026-09-13,f0421c3a-bde0-57ec-b9a7-fb1a84c79f7a,45.000,
86a7ad02-e9c9-58e2-af1a-ae8e38c79794,2026-07-23T08:00:00Z,system,2026-07-23T08:00:00Z,system,e7ed6055-525e-5577-8da6-5248ac129f57,20,8d9d0fdb-dc82-543c-8c83-c722c23d8840,2.000,EA,878.48,USD,1756.96,2026-09-13,e3b11f80-1812-58cf-97ef-e8eeb9f470c6,2.000,
b5403e71-ca6c-5db6-b4f2-16636ac04d39,2026-07-23T08:00:00Z,system,2026-07-23T08:00:00Z,system,e7ed6055-525e-5577-8da6-5248ac129f57,30,94288f21-6926-5da3-827e-38477bc97581,1.000,L,1237.07,USD,1237.07,2026-09-13,8c31d6b6-eb69-519c-b9a5-5aaadbfc759c,1.000,Framework agreement pricing
0d4bdc90-50e2-5daa-ac21-7bbaf6954fa5,2026-07-23T08:00:00Z,system,2026-07-23T08:00:00Z,system,e7ed6055-525e-5577-8da6-5248ac129f57,40,a826e0c2-43dd-5a6b-a002-5f2510a4b1f5,5.500,L,1487.18,USD,8179.49,2026-09-13,c93dd86e-44b1-50ca-80fd-30de6afdb435,5.500,
78f97996-46b2-517c-b512-a7f25637ea48,2026-01-09T08:00:00Z,system,2026-01-09T08:00:00Z,system,c486b8d5-ea32-5fa4-a5bf-6ea5f68d9952,10,437ef9de-cfe9-5599-8502-13a53e958016,1.800,KG,51.49,PLN,92.68,2026-02-10,8d1bf169-dabc-5cc3-b2f2-31da96ac132d,0.000,
127fdc04-7fb5-5872-a704-63264cf24258,2026-01-09T08:00:00Z,system,2026-01-09T08:00:00Z,system,c486b8d5-ea32-5fa4-a5bf-6ea5f68d9952,20,3fc74a3b-0832-5675-b9fe-287a90de3ba8,5.000,EA,1649.01,PLN,8245.05,2026-02-10,e7e97d6e-3cb7-5696-a2d3-dd0f6fc2b5cf,0.000,
1a6c5af5-3a4f-5b36-b137-51047abda000,2026-01-09T08:00:00Z,system,2026-01-09T08:00:00Z,system,c486b8d5-ea32-5fa4-a5bf-6ea5f68d9952,30,fd117bf3-4f4c-5949-a1f5-fab4c43bea6b,20.000,M,2172.59,PLN,43451.80,2026-02-10,8ed652b6-dfa0-5bbd-8363-04d25db87a7a,0.000,
1d8810cb-9afd-59e7-9aab-91199dcf51d5,2026-01-09T08:00:00Z,system,2026-01-09T08:00:00Z,system,c486b8d5-ea32-5fa4-a5bf-6ea5f68d9952,40,0c3785e3-7d1b-5f41-95de-b2299b8dd699,50.000,M,4840.17,PLN,242008.50,2026-02-10,46339532-f2ae-5965-bdbc-da9b76bb5c15,0.000,
cce24cf0-79de-5b3c-b0d1-5043a10c8ac0,2026-01-09T08:00:00Z,system,2026-01-09T08:00:00Z,system,c486b8d5-ea32-5fa4-a5bf-6ea5f68d9952,50,88ec57c2-4bd1-5167-8c0f-b46a5404ea75,100.000,M,4912.94,PLN,491294.00,2026-02-10,2ca0d390-7c32-56d1-866f-49c9dce3a27e,0.000,Standard order line
25e82cf6-bb35-5c4b-93be-c347f98f3172,2026-03-19T08:00:00Z,system,2026-03-19T08:00:00Z,system,0a28f2a3-916f-59c0-988f-fa97e0bdd745,10,748d36d0-ad0a-5e2f-ae52-4b9bd4ac6a44,100.000,M,1738.65,EUR,173865.00,2026-05-06,b8a92d12-360f-570a-9239-063b90bee12d,100.000,Expedited delivery
1be964f3-a6f3-584e-8655-0316c7b0daf1,2026-03-19T08:00:00Z,system,2026-03-19T08:00:00Z,system,0a28f2a3-916f-59c0-988f-fa97e0bdd745,20,a006b8e3-6118-5906-998a-865149ed8589,50.000,SET,743.74,EUR,37187.00,2026-05-06,dd636422-1eb2-5ac9-9d1f-386ee57abf3c,50.000,Standard order line
634dde8f-012f-52f0-a08e-fa7fa849325f,2026-03-19T08:00:00Z,system,2026-03-19T08:00:00Z,system,0a28f2a3-916f-59c0-988f-fa97e0bdd745,30,e8785cbc-7b69-5687-b699-d292f70bdc74,50.000,SET,1879.12,EUR,93956.00,2026-05-06,100f6fef-68cb-5c60-8af2-848ac7c6471a,50.000,Expedited delivery
823387c6-b853-5dc3-887a-ba9dc766cd23,2026-03-19T08:00:00Z,system,2026-03-19T08:00:00Z,system,0a28f2a3-916f-59c0-988f-fa97e0bdd745,40,4d8b3cb8-4991-55ac-afa4-443fd1749bfb,150.000,KG,22.46,EUR,3369.00,2026-05-06,b073694e-9395-57e4-84d7-a672d0dbc847,150.000,
761e2f88-481f-5946-bfe0-3e4bc7aea3f9,2026-03-19T08:00:00Z,system,2026-03-19T08:00:00Z,system,0a28f2a3-916f-59c0-988f-fa97e0bdd745,50,fd117bf3-4f4c-5949-a1f5-fab4c43bea6b,10.000,M,513.52,EUR,5135.20,2026-05-06,c54f5a4e-576b-5624-aa12-b3f20f9ae9e8,10.000,Framework agreement pricing
aef9c0bf-d068-5c93-b54a-06e74cd502d2,2026-06-27T08:00:00Z,system,2026-06-27T08:00:00Z,system,07a63a4d-5ad5-5535-b688-39cd78de7e87,10,7f697323-30b6-54c7-bac6-3b08c847d275,25.000,M,1602.24,GBP,40056.00,2026-07-25,be621771-5393-52ec-b753-46560a015533,0.000,Quality inspection required
de86466c-74e7-56ec-a3f1-8bac7a2d70e4,2026-06-27T08:00:00Z,system,2026-06-27T08:00:00Z,system,07a63a4d-5ad5-5535-b688-39cd78de7e87,20,d1656ddc-1679-5818-bc75-a4cf9404839a,82.500,M,135.81,GBP,11204.33,2026-07-25,7cf73f9f-fb62-53b7-b7e0-6cd3dfaaf5fb,0.000,Framework agreement pricing
6fe3cda2-e239-50c0-8fbe-083b3237f700,2026-06-27T08:00:00Z,system,2026-06-27T08:00:00Z,system,07a63a4d-5ad5-5535-b688-39cd78de7e87,30,b96b5fc7-bf71-5802-87c3-a74c4dd012f4,22.500,EA,614.22,GBP,13819.95,2026-07-25,56b2544c-0048-5933-89e0-a0252a7587c1,0.000,Expedited delivery
5d7d2111-928d-5448-8d71-4c5e6be9222f,2026-06-27T08:00:00Z,system,2026-06-27T08:00:00Z,system,07a63a4d-5ad5-5535-b688-39cd78de7e87,40,ca48575f-0b73-55a6-b23c-6de718d78d67,150.000,KG,6.40,GBP,960.00,2026-07-25,1fa5c47e-b4de-5022-8114-c2f337d3904c,0.000,Expedited delivery
e6413f1d-cf97-5d8e-ae29-7a44f1831c92,2026-07-02T08:00:00Z,system,2026-07-02T08:00:00Z,system,8e5fbf7a-5750-5dc2-bbf8-9bdda7f6a4cc,10,781e49c0-8999-50e8-9276-e1fc0e9e29ca,2.000,EA,10466.91,PLN,20933.82,2026-07-16,1b7610cc-ff92-573a-9fb0-c78ab7c41ad8,0.927,Quality inspection required
a4cffbd4-8bf2-51e2-ad06-754bce25ac3c,2026-07-02T08:00:00Z,system,2026-07-02T08:00:00Z,system,8e5fbf7a-5750-5dc2-bbf8-9bdda7f6a4cc,20,85f6ae6a-e37a-5c6a-8c20-f972d8291238,165.000,M,704.34,PLN,116216.10,2026-07-16,1c8409f9-7bd0-5887-af4c-efe857e7ea13,103.826,Quality inspection required
6b1aa743-da82-5fe6-a790-1dbcde9193c5,2025-12-04T08:00:00Z,system,2025-12-04T08:00:00Z,system,5d5cd4b1-bd42-51c9-9f47-299c26caf796,10,8d9d0fdb-dc82-543c-8c83-c722c23d8840,100.000,EA,750.81,EUR,75081.00,2026-01-07,407979fa-9fa9-54e6-a025-00436c671618,42.864,Quality inspection required
09faee95-eaba-54be-ba8b-dc02c6a550f3,2025-12-04T08:00:00Z,system,2025-12-04T08:00:00Z,system,5d5cd4b1-bd42-51c9-9f47-299c26caf796,20,6be44d6c-c457-5100-971c-5640df33eb4b,10.000,SET,439.98,EUR,4399.80,2026-01-07,b2b1ae1a-d40c-5b04-ad0e-7187781a203a,8.344,
865f2b34-a3d4-5522-ac2c-041c64065709,2025-12-04T08:00:00Z,system,2025-12-04T08:00:00Z,system,5d5cd4b1-bd42-51c9-9f47-299c26caf796,30,d1656ddc-1679-5818-bc75-a4cf9404839a,22.000,M,153.95,EUR,3386.90,2026-01-07,4aa215ab-e049-562f-9051-b3e03de39e8f,10.173,Expedited delivery
c36aae56-5e7f-5707-8213-ad3f151853a0,2025-12-04T08:00:00Z,system,2025-12-04T08:00:00Z,system,5d5cd4b1-bd42-51c9-9f47-299c26caf796,40,6d2735d4-0448-53f2-b4da-81a2b822e099,50.000,KG,25.81,EUR,1290.50,2026-01-07,3d04a136-f761-5f67-a8ab-fcb9c9c1d273,5.597,Quality inspection required
1e3dca27-7f06-54a9-947b-ee9a1feab935,2025-10-25T08:00:00Z,system,2025-10-25T08:00:00Z,system,e9a76f22-9a72-5429-afa0-7c01e893d18a,10,4a6344a3-f35e-516c-9e41-3b71adc76bae,200.000,M,2736.52,PLN,547304.00,2025-12-21,2dfb3e8b-0608-5720-986d-ff530557770c,0.000,Framework agreement pricing
7d817f0b-9f1d-539d-9975-220ce97f881a,2025-10-25T08:00:00Z,system,2025-10-25T08:00:00Z,system,e9a76f22-9a72-5429-afa0-7c01e893d18a,20,5638f460-1932-50d2-8453-a3cf94aaa992,135.000,SET,9081.94,PLN,1226061.90,2025-12-21,0807dfd8-b337-5a84-8813-edb46380b359,0.000,Standard order line
b3c86041-572b-5727-90c3-e73701381e22,2025-10-25T08:00:00Z,system,2025-10-25T08:00:00Z,system,e9a76f22-9a72-5429-afa0-7c01e893d18a,30,19e5854c-015a-5974-997b-3ccb05e32d73,5.000,M,1901.81,PLN,9509.05,2025-12-21,28ffed7e-82c6-5bae-978a-d0fda8cf7c8d,0.000,Quality inspection required
b79e0a73-b8f0-5d00-9178-46f88c307485,2026-06-14T08:00:00Z,system,2026-06-14T08:00:00Z,system,e61e18f2-e146-5e0f-9a9b-c0765a8df509,10,7c9ec527-9eb0-52c4-b207-8cf0cae25caf,45.000,M,1944.84,CHF,87517.80,2026-08-19,beb61672-1a18-548a-8ccd-68c734e8dcb5,5.512,Framework agreement pricing
b8803b25-8191-5e02-a6e3-17ac3c6ed298,2026-06-14T08:00:00Z,system,2026-06-14T08:00:00Z,system,e61e18f2-e146-5e0f-9a9b-c0765a8df509,20,9c2269ae-4d62-5146-b30e-9e301d4108b0,10.000,EA,505.94,CHF,5059.40,2026-08-19,f8b4e0b1-dab9-5426-afd1-f8622a538ef0,6.893,Standard order line
5c757426-0c40-505a-a1ab-4b8d2bdefd1d,2025-12-26T08:00:00Z,system,2025-12-26T08:00:00Z,system,a6f19ad6-0156-5c07-8958-bed3d9f2cfcc,10,a1de9ed1-ec0e-5ccc-86a4-1980e3dfb1ed,75.000,L,1850.00,PLN,138750.00,2026-02-25,68ce5fd7-e888-5881-adf0-a45cd37f4425,75.000,Framework agreement pricing
9bd08822-907d-5dc8-a0e1-835a049b6967,2025-12-26T08:00:00Z,system,2025-12-26T08:00:00Z,system,a6f19ad6-0156-5c07-8958-bed3d9f2cfcc,20,f968e107-0cac-5cfd-a628-d3aa05f1e38d,150.000,EA,4108.84,PLN,616326.00,2026-02-25,03ca958b-78d0-59bc-8ee7-70b754ef251a,150.000,Expedited delivery
2b9e5ec0-8dbb-57c8-86c2-8b17c7b92f0d,2025-12-26T08:00:00Z,system,2025-12-26T08:00:00Z,system,a6f19ad6-0156-5c07-8958-bed3d9f2cfcc,30,fd4f25a0-d258-5944-8a33-a22b3cf44a4a,110.000,L,3290.79,PLN,361986.90,2026-02-25,2d3dbca7-727c-5fa6-8420-c9c4d51811c1,110.000,Expedited delivery
d506768f-b8a3-54d9-8129-dce77138f094,2025-12-26T08:00:00Z,system,2025-12-26T08:00:00Z,system,a6f19ad6-0156-5c07-8958-bed3d9f2cfcc,40,a09d3b3c-22f6-56c6-93d4-2863d0444e94,200.000,L,7016.98,PLN,1403396.00,2026-02-25,89ab3d32-214e-5aab-8325-6f6444259321,200.000,Framework agreement pricing
f115e4cf-804f-5883-8bc3-564f13e34aea,2025-12-26T08:00:00Z,system,2025-12-26T08:00:00Z,system,a6f19ad6-0156-5c07-8958-bed3d9f2cfcc,50,f4d5037c-d38c-5514-b120-c0d70fd1331e,20.000,L,3865.09,PLN,77301.80,2026-02-25,4dc1f0c1-c148-52e3-91dd-c7727f8730cc,20.000,
db22e83f-fe88-5bd8-ad93-413bf276c521,2026-05-09T08:00:00Z,system,2026-05-09T08:00:00Z,system,3981d5be-431f-5f36-951c-0ad118b0f8e2,10,9390c973-ffaf-555f-9cb1-d1547db4c4d9,110.000,SET,1649.09,EUR,181399.90,2026-07-13,540461f5-a6d6-5a98-b64d-7b5f8ddbd6f5,5.911,Expedited delivery
7fdbe23e-fa8c-508c-8239-c683ae09b921,2026-05-09T08:00:00Z,system,2026-05-09T08:00:00Z,system,3981d5be-431f-5f36-951c-0ad118b0f8e2,20,26b04983-d84b-57db-acd1-68d00120334b,27.500,L,1283.43,EUR,35294.33,2026-07-13,78087efa-defd-5c63-a925-84a69bf62cfc,15.112,
12a10658-6488-5705-83d0-f579b057bfef,2025-11-15T08:00:00Z,system,2025-11-15T08:00:00Z,system,336896dc-f359-5855-96e0-41f5842a697a,10,748d36d0-ad0a-5e2f-ae52-4b9bd4ac6a44,1.800,M,2939.35,CAD,5290.83,2025-12-18,e2ee3505-19c8-5391-8d54-3ed1586f1ea1,1.800,Framework agreement pricing
01c95c12-6ba6-5e57-a85f-e537d4be555d,2025-11-15T08:00:00Z,system,2025-11-15T08:00:00Z,system,336896dc-f359-5855-96e0-41f5842a697a,20,d3c939e0-3924-58da-a01d-c79899d13ee4,50.000,EA,3294.59,CAD,164729.50,2025-12-18,da4807e2-29ac-5f8a-ac37-bd8a2efd5070,50.000,Expedited delivery
e739b3de-fad0-525c-b6e5-5137ed4ddb8a,2025-12-20T08:00:00Z,system,2025-12-20T08:00:00Z,system,43818fda-d3db-5641-b45b-7e0c1c794f46,10,b73f763a-3d8c-562e-9549-a6941040255f,50.000,EA,712.86,EUR,35643.00,2026-02-12,79bdb83f-46ce-50df-8605-76419d8c1457,0.000,
d2974046-d923-5803-b092-3700494683f8,2025-12-20T08:00:00Z,system,2025-12-20T08:00:00Z,system,43818fda-d3db-5641-b45b-7e0c1c794f46,20,0c3785e3-7d1b-5f41-95de-b2299b8dd699,110.000,M,979.17,EUR,107708.70,2026-02-12,199e2df1-1128-51cb-aaa5-09e3c723f853,0.000,Framework agreement pricing
33884afb-a0a5-5f1f-9d51-830e5378db44,2026-04-09T08:00:00Z,system,2026-04-09T08:00:00Z,system,0741c05a-116e-5c2f-9f89-01a64184f600,10,23ca3651-d389-5646-8a4d-d24fb3e26384,10.000,SET,1881.45,GBP,18814.50,2026-05-03,d33bb442-ee6b-531c-9da8-7672ff2be43e,7.953,Expedited delivery
92f5a36c-36f5-53cc-aea3-eb1cd325ace0,2026-04-09T08:00:00Z,system,2026-04-09T08:00:00Z,system,0741c05a-116e-5c2f-9f89-01a64184f600,20,12c9f3ae-d18d-52d5-8792-59bbe20067a0,1.800,L,1239.32,GBP,2230.78,2026-05-03,963b87c2-7c17-5313-b749-54ae4f3fee99,0.432,Framework agreement pricing
429b51fe-0e4e-5876-9e67-697135274f5b,2026-04-09T08:00:00Z,system,2026-04-09T08:00:00Z,system,0741c05a-116e-5c2f-9f89-01a64184f600,30,05a4f991-84c1-5839-9f40-938f84dcd65e,1.800,M,1163.06,GBP,2093.51,2026-05-03,4261c70f-36fc-50cc-89c6-2c514fbeb075,0.529,Quality inspection required
5901370e-90b7-553b-9932-3c797a1a6d49,2026-04-24T08:00:00Z,system,2026-04-24T08:00:00Z,system,10790399-a1c2-500d-be1c-d480982c3172,10,c13f04ef-297f-5b4a-879c-32e437691f2f,10.000,M,8665.84,DKK,86658.40,2026-05-20,2122ac03-9a56-52a4-ae84-b051db504802,2.259,Standard order line
622e1729-f504-5ce0-9d33-b851de524b2a,2026-04-24T08:00:00Z,system,2026-04-24T08:00:00Z,system,10790399-a1c2-500d-be1c-d480982c3172,20,53e0bf46-17ba-5243-bbe5-1d44068c8ac1,100.000,EA,548.71,DKK,54871.00,2026-05-20,e5f9f16e-3f97-52ca-a57d-50dc7f397ab1,54.471,Framework agreement pricing
bd65ebeb-e2a1-5cf1-ba12-49032bc77b24,2026-06-26T08:00:00Z,system,2026-06-26T08:00:00Z,system,54e47dcc-9340-537a-908d-f5e581f098ef,10,f95fbe47-9c5c-5d2b-a38e-c84f39513733,90.000,M,1027.49,CAD,92474.10,2026-07-31,5f2c863a-29b5-57b8-8ad8-137534ef7e2a,90.000,Quality inspection required
e8803edf-486c-5c13-891b-f0db6e34aa26,2026-06-26T08:00:00Z,system,2026-06-26T08:00:00Z,system,54e47dcc-9340-537a-908d-f5e581f098ef,20,37c4d2f8-f57c-5a2d-a98c-e54c9a60f9b2,100.000,KG,39.12,CAD,3912.00,2026-07-31,9b5dadf3-5245-5e35-b192-fa9aba5b91a4,100.000,Expedited delivery
6015fce4-43e2-5b99-a1e5-da2424839e3f,2026-01-27T08:00:00Z,system,2026-01-27T08:00:00Z,system,cb43c10a-997d-5f3d-a889-a3abb06b5938,10,8407ccad-dc71-5f5d-bf6c-5c34f5e1b0ce,150.000,M,1760.07,CHF,264010.50,2026-03-18,6f7e555b-3705-5b53-83fb-52c3d53b0535,150.000,Expedited delivery
a219e4b7-7ce4-58d6-9b77-f4d7f47c6c78,2026-01-27T08:00:00Z,system,2026-01-27T08:00:00Z,system,cb43c10a-997d-5f3d-a889-a3abb06b5938,20,4ab6e929-df87-5d07-b36e-bc3c2033a2c4,18.000,BOX,2009.62,CHF,36173.16,2026-03-18,c89656c2-48f0-5f9a-8707-72e901b2809c,18.000,
577d5dda-d337-592c-971b-ff1e4fc4280d,2026-01-27T08:00:00Z,system,2026-01-27T08:00:00Z,system,cb43c10a-997d-5f3d-a889-a3abb06b5938,30,a56d36d8-7b2d-5bff-ae8b-8d8002e9d564,4.500,L,1089.64,CHF,4903.38,2026-03-18,ea6b6405-03ff-53be-8829-f4c8309bf594,4.500,
dfa3da37-5e6f-55c6-a2a6-5b0bd3a43131,2026-01-27T08:00:00Z,system,2026-01-27T08:00:00Z,system,cb43c10a-997d-5f3d-a889-a3abb06b5938,40,85f6ae6a-e37a-5c6a-8c20-f972d8291238,135.000,M,133.72,CHF,18052.20,2026-03-18,22e64505-ec85-5d1d-8368-f090ad526d64,135.000,Standard order line
abe4dd67-1a30-529d-b9e7-41cfb3f9965a,2026-01-27T08:00:00Z,system,2026-01-27T08:00:00Z,system,cb43c10a-997d-5f3d-a889-a3abb06b5938,50,15363821-3683-51e9-ad4d-1410e9a22f30,20.000,EA,731.19,CHF,14623.80,2026-03-18,11000fb8-fc95-5ae2-9228-a802631cb9ac,20.000,Framework agreement pricing
b5844404-a29d-500d-90d8-db157c66f21c,2026-05-05T08:00:00Z,system,2026-05-05T08:00:00Z,system,9fbde5f8-2478-5d2e-9016-7fdd4e757c34,10,40f7edb2-203b-5446-a8cb-ca4462c89fb6,50.000,SET,19448.99,SEK,972449.50,2026-07-07,ca9aae1d-ebbb-5a9c-bbe6-620c5b46669a,50.000,Quality inspection required
017b8654-c0fb-506a-8df4-eb3b04fa0e98,2026-05-05T08:00:00Z,system,2026-05-05T08:00:00Z,system,9fbde5f8-2478-5d2e-9016-7fdd4e757c34,20,9cccf623-1147-5c18-8001-597eaf1dced5,220.000,SET,23716.49,SEK,5217627.80,2026-07-07,3f8a5023-8eef-5375-a1e6-a89c4be769b8,220.000,Framework agreement pricing
7da364a6-d4b4-5b57-9c7e-a48df565e142,2026-05-05T08:00:00Z,system,2026-05-05T08:00:00Z,system,9fbde5f8-2478-5d2e-9016-7fdd4e757c34,30,4d8b3cb8-4991-55ac-afa4-443fd1749bfb,100.000,KG,232.47,SEK,23247.00,2026-07-07,ac8b5dc3-3c84-5cf3-a0c2-cf2b4f8686aa,100.000,
2b4eb57b-402e-583b-9105-ae67a3ce96fb,2026-07-17T08:00:00Z,system,2026-07-17T08:00:00Z,system,3e571479-05b3-5e18-bd37-c07b421c8d81,10,3686479f-e462-5c48-9c5a-4cbf814179f1,200.000,M,2776.47,SEK,555294.00,2026-08-29,f6220066-2cef-5aaf-9730-1cdcac1f7d83,200.000,Expedited delivery
64e03c13-0e85-5e44-823f-3db63461136c,2026-07-17T08:00:00Z,system,2026-07-17T08:00:00Z,system,3e571479-05b3-5e18-bd37-c07b421c8d81,20,4cb50627-8198-5765-9d5a-9d272c8ce58b,1.000,M,7359.67,SEK,7359.67,2026-08-29,8ee60f83-d330-5b79-ac09-10cd67d14a23,1.000,Standard order line
7f424a6c-a74b-5b7a-a5ef-159590662624,2026-07-17T08:00:00Z,system,2026-07-17T08:00:00Z,system,3e571479-05b3-5e18-bd37-c07b421c8d81,30,5b7ae8db-72b9-5511-ba23-2698e4fd03df,220.000,BOX,1477.45,SEK,325039.00,2026-08-29,26534a31-31f9-51ec-bb1b-dc62f76accda,220.000,Quality inspection required
5b0f8885-f432-5f97-98ce-a8a0e949733d,2026-07-17T08:00:00Z,system,2026-07-17T08:00:00Z,system,3e571479-05b3-5e18-bd37-c07b421c8d81,40,946b9def-1c5e-5d38-8f79-05db3b27b218,200.000,M,24153.44,SEK,4830688.00,2026-08-29,7178a539-f3b8-5c45-b474-be22f7f85fa8,200.000,Standard order line
89843e31-5634-5cc5-9279-5410b2e88d43,2026-07-17T08:00:00Z,system,2026-07-17T08:00:00Z,system,3e571479-05b3-5e18-bd37-c07b421c8d81,50,15f3b8aa-4649-5a10-a707-45aa1b2b3bf5,50.000,L,21014.14,SEK,1050707.00,2026-08-29,a67f91e8-8414-5ae7-bc89-4e97634dbdc2,50.000,Framework agreement pricing
c0e59daa-642a-5349-a2dc-567d817efe3f,2026-01-01T08:00:00Z,system,2026-01-01T08:00:00Z,system,d79534cf-5acb-5e7b-87a3-e0f2fbd1724a,10,34a9184c-b2a2-5e49-b2fa-ec91dd5c7ccc,2.000,L,1630.65,EUR,3261.30,2026-01-14,bdbd69e6-4f5a-593a-aabc-2af3beb672cc,1.495,Framework agreement pricing
1499c98a-807f-5dbb-95c1-589bda06ab2e,2026-01-01T08:00:00Z,system,2026-01-01T08:00:00Z,system,d79534cf-5acb-5e7b-87a3-e0f2fbd1724a,20,8f4fa6ee-76d8-5196-89f7-b65fbb2cfff1,2.200,KG,21.16,EUR,46.55,2026-01-14,1b268da5-5ce6-521b-a913-dc17d679064b,1.346,
0570fefb-fd90-5c4d-92d0-a2feca9f7d04,2025-11-01T08:00:00Z,system,2025-11-01T08:00:00Z,system,4e6b886b-c6ff-5fa1-9b14-2e137419ecfe,10,f86c9292-1db7-5162-81d0-0b6ff62e922d,180.000,SET,1046.66,EUR,188398.80,2025-11-17,1c153977-e801-5a39-a7f6-d34fc1ecce95,0.000,
7d9f2d95-8e6b-5db8-9850-17316124b655,2025-11-01T08:00:00Z,system,2025-11-01T08:00:00Z,system,4e6b886b-c6ff-5fa1-9b14-2e137419ecfe,20,21cbb700-5485-5bab-b31b-e024cd04b587,82.500,M,1263.33,EUR,104224.72,2025-11-17,dbf46a27-7b76-5eb6-a2e5-b8f8b960128a,0.000,Standard order line
26d24d9d-e455-58f6-9921-6a4c3fd6731c,2025-11-01T08:00:00Z,system,2025-11-01T08:00:00Z,system,4e6b886b-c6ff-5fa1-9b14-2e137419ecfe,30,03f34b44-1652-577f-950a-78af8cdc601f,22.000,L,1036.33,EUR,22799.26,2025-11-17,f8245918-2dcd-5c2e-96b7-43473a3e1bdd,0.000,Standard order line
2c4fd566-d206-5183-a0f5-c8e900f73738,2026-02-14T08:00:00Z,system,2026-02-14T08:00:00Z,system,6bf8d2ac-5686-5eb3-bc3d-56c6feb14aba,10,4bbe33ac-91fe-5b33-a3a4-57141de4e03e,18.000,M,1848.47,EUR,33272.46,2026-03-20,a1cc8431-02b8-5aed-94d9-c214696578b5,0.000,
c062bf6e-52bf-56f8-b108-f4cdde208686,2026-02-14T08:00:00Z,system,2026-02-14T08:00:00Z,system,6bf8d2ac-5686-5eb3-bc3d-56c6feb14aba,20,5ff325a3-cf1b-5887-bd0f-e1da5d5e6a57,1.000,BOX,696.54,EUR,696.54,2026-03-20,8d13fd0f-4bf3-5b7b-82b7-73a3b972a3aa,0.000,Standard order line
c33aa169-e5b0-5393-b408-3bea0da776b1,2026-02-14T08:00:00Z,system,2026-02-14T08:00:00Z,system,6bf8d2ac-5686-5eb3-bc3d-56c6feb14aba,30,33b58793-6f12-50d8-b5ed-f4aaefc6d3f0,1.000,M,69.51,EUR,69.51,2026-03-20,407f0e9f-114c-5c00-a8ac-d25517748459,0.000,
b7e1d51b-074a-5750-ad4c-904d242b769a,2025-11-20T08:00:00Z,system,2025-11-20T08:00:00Z,system,d1f79e12-beb2-53f1-b9e4-1e3c40cabd9a,10,95b589d9-d0fa-5b0b-97dc-32e0f9a9f036,18.000,EA,1378.78,GBP,24818.04,2025-12-09,9c353f1f-ddc6-5a7c-abfa-1fb9741bea7b,18.000,Quality inspection required
47583c2e-a80f-53c8-9b05-eca7a8404bf9,2025-11-20T08:00:00Z,system,2025-11-20T08:00:00Z,system,d1f79e12-beb2-53f1-b9e4-1e3c40cabd9a,20,f86c9292-1db7-5162-81d0-0b6ff62e922d,200.000,SET,900.56,GBP,180112.00,2025-12-09,1c153977-e801-5a39-a7f6-d34fc1ecce95,200.000,Standard order line
5709f7eb-f2ff-54e5-ba31-7bf8041da4d8,2025-11-20T08:00:00Z,system,2025-11-20T08:00:00Z,system,d1f79e12-beb2-53f1-b9e4-1e3c40cabd9a,30,dac566e3-7998-519e-827e-c56affe7618f,75.000,EA,1696.52,GBP,127239.00,2025-12-09,a3441d8c-6404-5bff-9e17-da538ae975fe,75.000,
4102eec3-ba15-5dcb-a41a-afa8926710c7,2025-11-20T08:00:00Z,system,2025-11-20T08:00:00Z,system,d1f79e12-beb2-53f1-b9e4-1e3c40cabd9a,40,fd4f25a0-d258-5944-8a33-a22b3cf44a4a,9.000,L,727.81,GBP,6550.29,2025-12-09,0e071d14-a5da-50e6-b38c-c36bf43c2c9c,9.000,Expedited delivery
d8bab9a6-49eb-5f11-9a23-172422b75530,2025-10-18T08:00:00Z,system,2025-10-18T08:00:00Z,system,57729b73-4354-5c94-bc67-e15fb53d0263,10,3a0a1e49-476a-536d-b162-93bd126b8104,150.000,L,1938.25,EUR,290737.50,2025-10-26,10c845b2-502e-555e-bfca-6fecb622073f,86.349,Framework agreement pricing
1c36bb8a-ffa5-5347-84cf-7cc3f301ae3d,2025-10-18T08:00:00Z,system,2025-10-18T08:00:00Z,system,57729b73-4354-5c94-bc67-e15fb53d0263,20,8f4fa6ee-76d8-5196-89f7-b65fbb2cfff1,9.000,KG,23.67,EUR,213.03,2025-10-26,c3c18f82-372d-525a-9f57-a70c979d145b,2.187,Standard order line
f9e30446-8082-56cc-9339-f05039702cf4,2025-10-18T08:00:00Z,system,2025-10-18T08:00:00Z,system,57729b73-4354-5c94-bc67-e15fb53d0263,30,4d8b3cb8-4991-55ac-afa4-443fd1749bfb,100.000,KG,21.43,EUR,2143.00,2025-10-26,ac8b5dc3-3c84-5cf3-a0c2-cf2b4f8686aa,89.635,Standard order line
0b8e597a-71a7-59cd-9c1f-b649c7395b36,2025-10-18T08:00:00Z,system,2025-10-18T08:00:00Z,system,57729b73-4354-5c94-bc67-e15fb53d0263,40,75f1b42f-e0d3-559b-883f-62a8bd802d21,11.000,L,22.49,EUR,247.39,2025-10-26,a7adef97-9f13-5ea0-be2b-cf8ebaf8250b,8.527,Standard order line
f2ab5fe5-52fa-53ff-8bd7-187f62feff24,2026-07-04T08:00:00Z,system,2026-07-04T08:00:00Z,system,27bb9603-d919-5012-a295-bb24758356ab,10,e8785cbc-7b69-5687-b699-d292f70bdc74,100.000,SET,20812.72,SEK,2081272.00,2026-09-11,693c49b4-f5c1-59a8-a8ee-da83c327f4e4,100.000,Standard order line
ea509384-687c-5232-8881-21855d5889cf,2026-07-04T08:00:00Z,system,2026-07-04T08:00:00Z,system,27bb9603-d919-5012-a295-bb24758356ab,20,a93a3ee0-dfe5-5635-b2cf-50207f6eefff,18.000,BOX,9918.96,SEK,178541.28,2026-09-11,ead8bacc-f291-50b0-b4a7-2ce1e46c1c12,18.000,
5bef9808-37a4-52c8-a3c5-0c9bbbe09e9d,2026-07-04T08:00:00Z,system,2026-07-04T08:00:00Z,system,27bb9603-d919-5012-a295-bb24758356ab,30,0c3785e3-7d1b-5f41-95de-b2299b8dd699,75.000,M,12457.39,SEK,934304.25,2026-09-11,e9d5d70f-1d42-5937-be40-05d85dbc04b1,75.000,Framework agreement pricing
34599582-1bdd-5dca-80e7-6b0ef99b734c,2026-02-17T08:00:00Z,system,2026-02-17T08:00:00Z,system,9376ad04-c8f9-53ba-854c-9540addafffd,10,f74e00d0-5597-5c85-9d8e-7ce030bdb99d,2.000,EA,26152.85,CZK,52305.70,2026-03-13,0c1f90af-0579-5a7e-96e7-89e111247919,0.000,Quality inspection required
09278d45-8ead-5d39-872d-ff96832caae0,2026-02-17T08:00:00Z,system,2026-02-17T08:00:00Z,system,9376ad04-c8f9-53ba-854c-9540addafffd,20,6cfb6402-60b6-52cc-80a2-aa3c8d1d7363,165.000,SET,34032.49,CZK,5615360.85,2026-03-13,92356ac6-8211-5564-a175-23bc4e1eef86,0.000,Expedited delivery
93b157aa-9256-59a7-94dc-bdf691c0388c,2026-02-17T08:00:00Z,system,2026-02-17T08:00:00Z,system,9376ad04-c8f9-53ba-854c-9540addafffd,30,a56d36d8-7b2d-5bff-ae8b-8d8002e9d564,4.500,L,28495.23,CZK,128228.54,2026-03-13,ea6b6405-03ff-53be-8829-f4c8309bf594,0.000,Standard order line
106d6184-d735-5598-b765-959e804e55dc,2026-02-17T08:00:00Z,system,2026-02-17T08:00:00Z,system,9376ad04-c8f9-53ba-854c-9540addafffd,40,de05430c-0d15-5267-a70a-983b7ffb5638,200.000,M,31660.27,CZK,6332054.00,2026-03-13,a469d1f8-6dd6-5dff-b431-e0a990f14456,0.000,Standard order line
a4318fe2-7f20-5e3b-afd2-5f788bb8bd0b,2026-02-17T08:00:00Z,system,2026-02-17T08:00:00Z,system,9376ad04-c8f9-53ba-854c-9540addafffd,50,7e59f4f1-d7ce-51df-b9a3-a70a1b1ee546,25.000,EA,52966.01,CZK,1324150.25,2026-03-13,11d02aa0-fe2b-5450-b7d7-f03ef37160f1,0.000,Standard order line
3c696b03-4dbf-5949-9e6a-f27dcaab65e8,2026-04-03T08:00:00Z,system,2026-04-03T08:00:00Z,system,dbe37ce2-f3c6-5a3f-b8cc-323effb6be56,10,5ed4476d-3306-5591-960f-4c8a96c6dae8,10.000,BOX,1384.16,GBP,13841.60,2026-05-26,db4d23ab-8654-52c9-963e-42d03b0ec84a,10.000,Expedited delivery
6666b496-27bd-5db6-8410-fdc37a84da9a,2026-04-03T08:00:00Z,system,2026-04-03T08:00:00Z,system,dbe37ce2-f3c6-5a3f-b8cc-323effb6be56,20,65a789a9-af01-5a64-8f47-133346520088,50.000,L,2124.28,GBP,106214.00,2026-05-26,080238e7-41f7-56ea-89e0-8cf67822f279,50.000,Framework agreement pricing
c578f512-cc55-57bc-8bd4-df3bb59291d9,2026-04-03T08:00:00Z,system,2026-04-03T08:00:00Z,system,dbe37ce2-f3c6-5a3f-b8cc-323effb6be56,30,5201a455-a5dc-58a5-9da8-b460a7a6e9f4,5.000,M,1300.37,GBP,6501.85,2026-05-26,2a191850-89e5-5d4c-a3a6-daab21fd2ed4,5.000,Standard order line
7abaf394-1028-530c-abff-456bfcf1bcf3,2025-11-29T08:00:00Z,system,2025-11-29T08:00:00Z,system,5e9386ce-8b14-5b9d-bbac-f3d9ed7aaf52,10,dac566e3-7998-519e-827e-c56affe7618f,67.500,EA,1877.39,EUR,126723.83,2026-02-01,a3441d8c-6404-5bff-9e17-da538ae975fe,0.000,Framework agreement pricing
5b9fb0bb-254f-5fea-9e27-2997dd440d11,2025-11-29T08:00:00Z,system,2025-11-29T08:00:00Z,system,5e9386ce-8b14-5b9d-bbac-f3d9ed7aaf52,20,6cfb6402-60b6-52cc-80a2-aa3c8d1d7363,135.000,SET,1248.97,EUR,168610.95,2026-02-01,92356ac6-8211-5564-a175-23bc4e1eef86,0.000,
374207e7-9ac6-58da-aa4d-21d1372f6560,2025-11-29T08:00:00Z,system,2025-11-29T08:00:00Z,system,5e9386ce-8b14-5b9d-bbac-f3d9ed7aaf52,30,b48aeed1-7840-500f-a433-e19c16974f9d,22.500,SET,1492.27,EUR,33576.07,2026-02-01,f7583dd7-7fe5-59b3-9654-e581c3f4f711,0.000,Standard order line
ce94b842-f2e7-582a-8f33-3a377e05f234,2025-11-29T08:00:00Z,system,2025-11-29T08:00:00Z,system,5e9386ce-8b14-5b9d-bbac-f3d9ed7aaf52,40,cb6ffa8f-0fe6-5b74-b902-9c455baa0e7f,1.800,BOX,223.19,EUR,401.74,2026-02-01,1fc5acb2-517a-5336-b53d-ee0c3b8f2ff5,0.000,Framework agreement pricing
bf3a8d22-ede2-56ef-99ab-d3cb14b84fb2,2025-11-29T08:00:00Z,system,2025-11-29T08:00:00Z,system,5e9386ce-8b14-5b9d-bbac-f3d9ed7aaf52,50,8c4308df-7ca4-593e-8ebe-c6de544847fa,5.000,L,2172.93,EUR,10864.65,2026-02-01,a815e609-99d1-5b50-af19-3b5a8b177924,0.000,Framework agreement pricing
25f06ccb-f146-51ad-8aa9-31ce8ca153db,2026-02-04T08:00:00Z,system,2026-02-04T08:00:00Z,system,dbd3d3df-75bd-51d2-af9a-f4e173598146,10,7e59f4f1-d7ce-51df-b9a3-a70a1b1ee546,22.500,EA,2376.27,EUR,53466.07,2026-03-10,5bc12b5f-fa27-5d5b-9346-4ae56981c18c,22.500,Expedited delivery
8edbbbce-9715-55d5-8ac2-20a52fd7fc2e,2026-02-04T08:00:00Z,system,2026-02-04T08:00:00Z,system,dbd3d3df-75bd-51d2-af9a-f4e173598146,20,8ffbee35-114e-52c9-982d-47f2ee96df4a,150.000,EA,847.31,EUR,127096.50,2026-03-10,5e4b9388-0c38-5328-81a1-ec652f1d196d,150.000,Framework agreement pricing
dab9486c-3a3e-58a8-899b-234b84657650,2026-01-26T08:00:00Z,system,2026-01-26T08:00:00Z,system,7410e69b-23fa-5e2c-b224-f671e61f29cd,10,dbd21518-2460-5332-97ca-a826ccd26fd2,10.000,BOX,786.33,EUR,7863.30,2026-02-09,43b0410f-680c-59fa-9094-aba2a213ab8f,0.000,Standard order line
a0a950c9-14f2-5dd9-a025-6797fb902f55,2026-01-26T08:00:00Z,system,2026-01-26T08:00:00Z,system,7410e69b-23fa-5e2c-b224-f671e61f29cd,20,6b8b9c0c-ca33-51c4-9164-471f4abb4160,22.000,BOX,1395.23,EUR,30695.06,2026-02-09,30b1e8da-d1d5-5d76-a456-b06eedec3f99,0.000,Standard order line
7dd1b9c3-7776-515e-825e-1a210f586bdd,2026-01-26T08:00:00Z,system,2026-01-26T08:00:00Z,system,7410e69b-23fa-5e2c-b224-f671e61f29cd,30,3a0a1e49-476a-536d-b162-93bd126b8104,165.000,L,2068.18,EUR,341249.70,2026-02-09,1a730704-975d-5caa-90dd-8bed11e875dc,0.000,Expedited delivery
2de9e202-9b53-5428-bbe8-1f853ec1c968,2026-01-26T08:00:00Z,system,2026-01-26T08:00:00Z,system,7410e69b-23fa-5e2c-b224-f671e61f29cd,40,c1263224-5b01-5628-b91f-a1409b9c0752,2.200,BOX,1892.58,EUR,4163.68,2026-02-09,4aa93e37-6d70-5aa5-8e5c-239f0b6b1f34,0.000,Framework agreement pricing
8b354e32-65df-5849-bc77-ec3ad1e59177,2026-01-26T08:00:00Z,system,2026-01-26T08:00:00Z,system,7410e69b-23fa-5e2c-b224-f671e61f29cd,50,9f268dd5-b99b-5f85-935d-cd614d5d12ad,10.000,KG,26.59,EUR,265.90,2026-02-09,5d6223d8-e5fb-59e9-8262-90d19e7ce1e8,0.000,Framework agreement pricing
520ea636-6335-53c2-b3ea-34ced3ec4c9b,2026-07-17T08:00:00Z,system,2026-07-17T08:00:00Z,system,85716a23-1f18-5086-924e-98fd01cf54ab,10,437ef9de-cfe9-5599-8502-13a53e958016,75.000,KG,124.69,SEK,9351.75,2026-08-01,8dc766ea-54c3-55a4-898a-50016ac7fe29,75.000,Expedited delivery
d1d69f6b-af0c-5429-80cf-d6ac9f5320a1,2026-07-17T08:00:00Z,system,2026-07-17T08:00:00Z,system,85716a23-1f18-5086-924e-98fd01cf54ab,20,4cdc5ff6-d193-563c-9400-f57baf1162a6,150.000,BOX,10291.66,SEK,1543749.00,2026-08-01,59e9bf1d-ade4-5be9-95b9-6b8fad598054,150.000,Expedited delivery
78e083a0-ccce-5f28-8766-080935c3e3a9,2025-12-16T08:00:00Z,system,2025-12-16T08:00:00Z,system,9a3e9e1a-1213-5bbd-852b-9176d0ca670e,10,85f6ae6a-e37a-5c6a-8c20-f972d8291238,9.000,M,164.45,EUR,1480.05,2026-01-22,256a3c9e-1d84-5629-89d1-fbfa96f99733,9.000,Standard order line
ebf14198-41db-58e7-a964-0e699820c95a,2025-12-16T08:00:00Z,system,2025-12-16T08:00:00Z,system,9a3e9e1a-1213-5bbd-852b-9176d0ca670e,20,12c9f3ae-d18d-52d5-8792-59bbe20067a0,18.000,L,1469.01,EUR,26442.18,2026-01-22,134b8e49-af77-534e-b9c0-16e3a2b97eb6,18.000,Standard order line
62e69a7c-5a07-5513-890d-c4553b220ec0,2025-12-16T08:00:00Z,system,2025-12-16T08:00:00Z,system,9a3e9e1a-1213-5bbd-852b-9176d0ca670e,30,5b7ae8db-72b9-5511-ba23-2698e4fd03df,2.000,BOX,157.97,EUR,315.94,2026-01-22,237a9370-65df-5641-8708-4ee1615783a7,2.000,
56671af7-a0ff-5bba-8f7e-26fe68f519c4,2025-12-16T08:00:00Z,system,2025-12-16T08:00:00Z,system,9a3e9e1a-1213-5bbd-852b-9176d0ca670e,40,437ef9de-cfe9-5599-8502-13a53e958016,1.000,KG,10.92,EUR,10.92,2026-01-22,396162d5-5ae5-551e-8ebb-5cac6b55f31d,1.000,
a789c054-e28d-5a4a-89c5-30ef650f462d,2026-05-24T08:00:00Z,system,2026-05-24T08:00:00Z,system,1df71e57-e285-5ab3-87e1-600113454985,10,d7792ea6-2faa-5ee1-b515-6b526ad9efbb,1.000,BOX,6485.16,PLN,6485.16,2026-06-11,2e8aae48-1000-5e92-a2c7-4af727853719,0.000,
c9d97deb-2451-5aa4-80c6-556ab349449c,2026-05-24T08:00:00Z,system,2026-05-24T08:00:00Z,system,1df71e57-e285-5ab3-87e1-600113454985,20,d7792ea6-2faa-5ee1-b515-6b526ad9efbb,11.000,BOX,5926.23,PLN,65188.53,2026-06-11,7334d6bb-2c22-5dc2-81b0-485643fe0026,0.000,Standard order line
e1082ce0-afab-5163-8c72-13ab030805ba,2026-05-24T08:00:00Z,system,2026-05-24T08:00:00Z,system,1df71e57-e285-5ab3-87e1-600113454985,30,946b9def-1c5e-5d38-8f79-05db3b27b218,220.000,M,8720.86,PLN,1918589.20,2026-06-11,7178a539-f3b8-5c45-b474-be22f7f85fa8,0.000,Quality inspection required
52799670-15b6-53d6-ba7e-f2c968f7d7a8,2026-05-24T08:00:00Z,system,2026-05-24T08:00:00Z,system,1df71e57-e285-5ab3-87e1-600113454985,40,65a789a9-af01-5a64-8f47-133346520088,55.000,L,9078.11,PLN,499296.05,2026-06-11,080238e7-41f7-56ea-89e0-8cf67822f279,0.000,Framework agreement pricing
5f78e367-f3d3-54a6-8fe5-51dd70cb5743,2026-07-04T08:00:00Z,system,2026-07-04T08:00:00Z,system,cc46f74f-303f-5820-955a-a7da8874f363,10,9ee6432b-6595-54db-87c7-de231a6076c8,50.000,EA,848.21,PLN,42410.50,2026-08-19,dec09249-a0fc-5b3d-ac55-e15560b4705c,50.000,Framework agreement pricing
216253b0-9fbd-5e11-ac4f-e25d4150a3cc,2026-07-04T08:00:00Z,system,2026-07-04T08:00:00Z,system,cc46f74f-303f-5820-955a-a7da8874f363,20,b3dbfa26-3c04-523e-a8d7-8b4485baefb6,200.000,EA,1306.61,PLN,261322.00,2026-08-19,50d2a28c-5932-5d3c-9055-eb24a711b9c7,200.000,Framework agreement pricing
f1f5ca73-d563-5428-8270-a528395c78e6,2026-07-04T08:00:00Z,system,2026-07-04T08:00:00Z,system,cc46f74f-303f-5820-955a-a7da8874f363,30,6c73375b-40a6-5535-9e27-a364e6837ed1,50.000,EA,10425.84,PLN,521292.00,2026-08-19,20f27b7e-4b79-5555-bc52-263877cd48dd,50.000,
c8a1566d-1a66-5e35-994f-a8e8e88747b9,2025-10-25T08:00:00Z,system,2025-10-25T08:00:00Z,system,9d7c9dbd-c990-59e7-9797-c804f9ab80dd,10,9ee6432b-6595-54db-87c7-de231a6076c8,2.200,EA,185.06,EUR,407.13,2025-11-28,5d1c6300-e2ba-53b7-a09e-0f2da2b7ec76,0.000,Framework agreement pricing
f422fd91-5824-5582-8e18-bfbf1fa436e7,2025-10-25T08:00:00Z,system,2025-10-25T08:00:00Z,system,9d7c9dbd-c990-59e7-9797-c804f9ab80dd,20,c13f04ef-297f-5b4a-879c-32e437691f2f,1.000,M,1274.92,EUR,1274.92,2025-11-28,996abb2c-c21f-5b3f-8803-4b7a35138278,0.000,Expedited delivery
6dff19d8-e52a-5a59-9fd6-4278387ba0ba,2025-10-25T08:00:00Z,system,2025-10-25T08:00:00Z,system,9d7c9dbd-c990-59e7-9797-c804f9ab80dd,30,6c7c41de-f18d-5d68-9697-8f8c32cb9e5e,20.000,M,1730.83,EUR,34616.60,2025-11-28,1de24bc5-e9af-52b6-9d85-be4c4a09d0a9,0.000,Expedited delivery
ec956eba-9359-50f4-9c5d-5d4fe9192e9e,2025-10-25T08:00:00Z,system,2025-10-25T08:00:00Z,system,9d7c9dbd-c990-59e7-9797-c804f9ab80dd,40,04c6ce4d-e9ec-5c21-9f43-b4b251046c2f,20.000,M,1114.31,EUR,22286.20,2025-11-28,8d5cc2ea-506d-5929-b6ba-599ee1fcad39,0.000,Framework agreement pricing
b6cbd9ba-2e42-571b-9065-d1b2da983ecb,2025-10-25T08:00:00Z,system,2025-10-25T08:00:00Z,system,9d7c9dbd-c990-59e7-9797-c804f9ab80dd,50,a77973af-89ac-57a4-be5e-db2cafc9e932,10.000,BOX,1106.48,EUR,11064.80,2025-11-28,2015227e-7747-53e6-9265-ecd5bf83efdb,0.000,Quality inspection required
4ae8b799-71fd-5947-a4ea-28d80e065d7c,2025-11-23T08:00:00Z,system,2025-11-23T08:00:00Z,system,901ecc39-0885-5fd3-9976-96a831557788,10,d0cb5824-8127-5ca6-8364-98b5469fc7c7,1.100,EA,1080.07,CHF,1188.08,2026-01-08,013c5720-3b0a-575d-a7af-50eeb24647e7,1.100,Standard order line
625b2268-620d-5c0a-9795-e73187c91641,2025-11-23T08:00:00Z,system,2025-11-23T08:00:00Z,system,901ecc39-0885-5fd3-9976-96a831557788,20,596f3822-e07b-55ed-bd48-239fb3db0e77,5.500,KG,22.56,CHF,124.08,2026-01-08,27a84e07-61f1-5f34-96ff-5619633993ac,5.500,Framework agreement pricing
241276fc-c3f6-5ee8-89bc-990c16c70dd6,2025-11-23T08:00:00Z,system,2025-11-23T08:00:00Z,system,901ecc39-0885-5fd3-9976-96a831557788,30,e64ca70f-33df-53bc-81e4-7c69dabb1d6d,1.000,M,2199.75,CHF,2199.75,2026-01-08,65743a5b-fdec-5e1a-9987-728cced2aeb2,1.000,Quality inspection required
419dc573-8ee1-56d5-9514-0092e49022ba,2026-06-25T08:00:00Z,system,2026-06-25T08:00:00Z,system,f93ece11-4b34-5428-9d82-b6b0a4008f16,10,4d8b3cb8-4991-55ac-afa4-443fd1749bfb,200.000,KG,21.96,EUR,4392.00,2026-08-29,27157961-8a43-52e9-abd2-c53de3ece37d,23.076,Framework agreement pricing
408b1e9a-553d-572d-ba73-de7b753739c3,2026-06-25T08:00:00Z,system,2026-06-25T08:00:00Z,system,f93ece11-4b34-5428-9d82-b6b0a4008f16,20,8955b821-56c4-50e4-a768-f8cd91a81833,220.000,BOX,1854.61,EUR,408014.20,2026-08-29,74ef4f1b-fe7a-5409-899a-8b544a153abd,41.095,Expedited delivery
5efde52c-eb22-5eb8-b089-d0ffb0e414f9,2026-06-25T08:00:00Z,system,2026-06-25T08:00:00Z,system,f93ece11-4b34-5428-9d82-b6b0a4008f16,30,62a2158d-64d0-547a-b140-23e19a0b0820,200.000,BOX,1629.41,EUR,325882.00,2026-08-29,22d394f9-ef43-50ba-91fd-cd8bcdb7551d,25.398,Quality inspection required
942cf52d-5774-5caf-894c-0b431f89354c,2026-06-25T08:00:00Z,system,2026-06-25T08:00:00Z,system,f93ece11-4b34-5428-9d82-b6b0a4008f16,40,4ab6e929-df87-5d07-b36e-bc3c2033a2c4,200.000,BOX,2079.05,EUR,415810.00,2026-08-29,acc9947c-841b-5e02-badf-244583cd0112,166.961,Standard order line
bd766e13-231d-5b44-b9cc-c65cc3a5d9ea,2026-06-25T08:00:00Z,system,2026-06-25T08:00:00Z,system,f93ece11-4b34-5428-9d82-b6b0a4008f16,50,c51be922-7f94-5734-90be-dd25480a96da,25.000,EA,192.20,EUR,4805.00,2026-08-29,0b4069c1-5996-5da8-9eea-54de533866d9,2.256,
451b7fcc-b3d2-5310-aed6-6c05470d7acb,2025-12-03T08:00:00Z,system,2025-12-03T08:00:00Z,system,4f469c63-cdc0-5378-8f99-2205ef758489,10,33a43adc-6963-52ef-b1d3-fd2492991b07,5.500,EA,1796.14,EUR,9878.77,2025-12-19,6e3710a6-d859-5c02-9ae5-05f7bbd733a8,2.748,Standard order line
239bc88d-4071-560f-971f-1f5590ce2177,2025-12-03T08:00:00Z,system,2025-12-03T08:00:00Z,system,4f469c63-cdc0-5378-8f99-2205ef758489,20,594e1f7d-2ddb-5853-a485-9177631a4db6,25.000,BOX,1198.32,EUR,29958.00,2025-12-19,9961b40e-874a-5999-9fb6-e36a371f54a3,16.815,Framework agreement pricing
a17992de-9979-5ca1-a209-173e8387de6f,2025-12-03T08:00:00Z,system,2025-12-03T08:00:00Z,system,4f469c63-cdc0-5378-8f99-2205ef758489,30,3e5204f6-3370-5c61-92de-50e60340d4c4,67.500,SET,890.32,EUR,60096.60,2025-12-19,4c2a2e58-a59b-5fc0-9085-c870c0d68e16,0.808,
70e0da9c-32c8-540f-bf0d-f0d8cafe9c8c,2025-12-10T08:00:00Z,system,2025-12-10T08:00:00Z,system,b0c3a60b-d790-563b-a720-7b205e92c07f,10,6d2735d4-0448-53f2-b4da-81a2b822e099,1.000,KG,689.08,CZK,689.08,2025-12-20,f994e801-b5c4-5570-a2af-0e3d5645d2e6,1.000,Framework agreement pricing
b1496f81-a9c6-5e06-aa7a-0895a9780d28,2025-12-10T08:00:00Z,system,2025-12-10T08:00:00Z,system,b0c3a60b-d790-563b-a720-7b205e92c07f,20,433f80c2-05f6-5b18-bf74-adc19e89d6f1,2.000,BOX,54218.29,CZK,108436.58,2025-12-20,4254fc2f-7f79-5970-a15e-6184c46bb6c5,2.000,
c406f874-3235-5f67-8c86-7509973d3a02,2025-12-10T08:00:00Z,system,2025-12-10T08:00:00Z,system,b0c3a60b-d790-563b-a720-7b205e92c07f,30,4d7c024a-2045-5e6d-bce5-30a3caf00779,1.000,EA,29569.06,CZK,29569.06,2025-12-20,c5b0bdcb-cabb-5f79-92b0-9373a0467acc,1.000,Framework agreement pricing
24b4382f-8c6b-543d-8191-76dbaee583fe,2025-12-10T08:00:00Z,system,2025-12-10T08:00:00Z,system,b0c3a60b-d790-563b-a720-7b205e92c07f,40,c921e193-a3b7-5f2b-800f-213728db4d05,25.000,KG,199.26,CZK,4981.50,2025-12-20,d54dc6c5-b417-596f-bd45-85f8867d764a,25.000,Framework agreement pricing
c8f200ad-8411-532b-8455-f05cd0037fb0,2025-10-01T08:00:00Z,system,2025-10-01T08:00:00Z,system,59e195f0-cd0e-57e6-bb21-fb2b9c39fdf4,10,3aa391ce-4ff3-5173-9277-83ce43555c7c,45.000,L,97.81,EUR,4401.45,2025-10-24,51a0cc23-3271-5006-a1a1-9e8061865d49,45.000,Expedited delivery
249c22b1-2e63-5da2-8e6c-724384472eee,2025-10-01T08:00:00Z,system,2025-10-01T08:00:00Z,system,59e195f0-cd0e-57e6-bb21-fb2b9c39fdf4,20,433f80c2-05f6-5b18-bf74-adc19e89d6f1,5.000,BOX,2266.14,EUR,11330.70,2025-10-24,93eae624-2bde-5ac7-bc61-02f131c6ad0c,5.000,Quality inspection required
bcae4e01-4da0-59fe-b8b6-dfa938c93d87,2025-10-01T08:00:00Z,system,2025-10-01T08:00:00Z,system,59e195f0-cd0e-57e6-bb21-fb2b9c39fdf4,30,6d2735d4-0448-53f2-b4da-81a2b822e099,50.000,KG,24.24,EUR,1212.00,2025-10-24,3d04a136-f761-5f67-a8ab-fcb9c9c1d273,50.000,Standard order line
f68af4bf-bb85-59c9-83c7-03170a52c574,2026-04-11T08:00:00Z,system,2026-04-11T08:00:00Z,system,956d4952-68cb-58de-9f8d-ae99aad7b37b,10,dc089f09-34df-5a3e-bedb-2c2e0f21465e,22.000,L,1424.72,GBP,31343.84,2026-04-22,95654d8e-4d34-50fa-a147-e8323ff06b27,22.000,Quality inspection required
48912408-b32a-57fd-9bc8-a175f939f0b0,2026-04-11T08:00:00Z,system,2026-04-11T08:00:00Z,system,956d4952-68cb-58de-9f8d-ae99aad7b37b,20,8a88a029-d7a6-5756-bff0-19a8dbb9a099,200.000,L,466.07,GBP,93214.00,2026-04-22,1544fa4d-5213-5247-8d25-055528533e72,200.000,Framework agreement pricing
55d8ad1f-1826-5604-b6f6-d16fb2f0c347,2025-10-27T08:00:00Z,system,2025-10-27T08:00:00Z,system,9f831460-27c9-5717-adc1-2bf97089a915,10,0ff1099e-974c-5cf5-97fc-078fe85ca3af,75.000,L,2179.01,CAD,163425.75,2025-12-29,cb7c38c0-c101-54df-98aa-836864ce6100,0.000,Framework agreement pricing
57dc5e30-1b7c-5beb-98ac-15bf84369a68,2025-10-27T08:00:00Z,system,2025-10-27T08:00:00Z,system,9f831460-27c9-5717-adc1-2bf97089a915,20,33a43adc-6963-52ef-b1d3-fd2492991b07,220.000,EA,2803.37,CAD,616741.40,2025-12-29,774e81e9-2a4b-52c3-a1e3-4edc84b9a8f0,0.000,Framework agreement pricing
d313e6dd-f82c-59a1-825d-5734f4dac27a,2025-10-27T08:00:00Z,system,2025-10-27T08:00:00Z,system,9f831460-27c9-5717-adc1-2bf97089a915,30,d82bd767-f5ed-57ab-a2c9-406318f72bc2,1.000,L,105.57,CAD,105.57,2025-12-29,30eac29b-a69c-5a40-b82a-3044117fd221,0.000,Quality inspection required
930147ec-ba87-5b7a-94b4-7e7faad4512e,2025-10-27T08:00:00Z,system,2025-10-27T08:00:00Z,system,9f831460-27c9-5717-adc1-2bf97089a915,40,a9f39542-a399-5602-91a0-db378fe1532d,2.200,KG,50.14,CAD,110.31,2025-12-29,3a5a2a62-7f91-5b33-ac50-d4a879f46336,0.000,Standard order line
39c04c4d-738b-5673-a0af-afd13342da7a,2025-10-27T08:00:00Z,system,2025-10-27T08:00:00Z,system,9f831460-27c9-5717-adc1-2bf97089a915,50,d7792ea6-2faa-5ee1-b515-6b526ad9efbb,22.000,BOX,2290.16,CAD,50383.52,2025-12-29,8c7f756b-5e9a-513f-92f9-b0e76f019e8a,0.000,Framework agreement pricing
1833f71e-7e8b-58e9-953e-e98799905899,2026-06-22T08:00:00Z,system,2026-06-22T08:00:00Z,system,eac7148c-0498-5e2c-b64b-12295421e06f,10,75c713f1-f5c1-515a-b00c-8a93e54aab54,135.000,L,409.47,GBP,55278.45,2026-07-18,3c2b94d3-0e77-5733-83a7-bf21e69a0f33,0.000,Standard order line
89f134c0-6250-5df6-b0b6-1194b1f11d08,2026-06-22T08:00:00Z,system,2026-06-22T08:00:00Z,system,eac7148c-0498-5e2c-b64b-12295421e06f,20,a26b0733-3b42-54db-a022-07e6e0f7182b,1.800,L,1740.55,GBP,3132.99,2026-07-18,cbf9e267-9d4a-58c8-ab3d-d35fe6311347,0.000,Standard order line
f08563c9-9505-56f8-8b19-cb0b88afc152,2026-06-22T08:00:00Z,system,2026-06-22T08:00:00Z,system,eac7148c-0498-5e2c-b64b-12295421e06f,30,449f174d-239f-5c9f-803d-0af1ffe5acb3,165.000,L,89.47,GBP,14762.55,2026-07-18,e431a1b5-6303-5e9d-b85b-95cfed749cbd,0.000,Standard order line
f6458065-ec6f-5d6c-800a-6e87f9b5bae8,2026-06-19T08:00:00Z,system,2026-06-19T08:00:00Z,system,e0f39dff-fdfa-56c0-af18-b9e2e282d447,10,6be44d6c-c457-5100-971c-5640df33eb4b,1.100,SET,437.66,CHF,481.43,2026-06-24,8e6b5a6b-c9e9-5908-be59-386e0952e1c2,1.100,Expedited delivery
514b0046-7575-5f49-b6fe-5c8c4cc02516,2026-06-19T08:00:00Z,system,2026-06-19T08:00:00Z,system,e0f39dff-fdfa-56c0-af18-b9e2e282d447,20,0c3785e3-7d1b-5f41-95de-b2299b8dd699,20.000,M,955.02,CHF,19100.40,2026-06-24,f67c7a78-964f-564c-928d-bb7bdb66c3ee,20.000,Framework agreement pricing
1e97bbfd-20b7-5a22-bd0d-8324ac550d9e,2026-06-19T08:00:00Z,system,2026-06-19T08:00:00Z,system,e0f39dff-fdfa-56c0-af18-b9e2e282d447,30,f79ddad3-8785-5bbe-8cf9-08b1a4c43cb1,100.000,KG,8.93,CHF,893.00,2026-06-24,bede93bc-a6a6-5eb2-a13f-5462645e99e1,100.000,Quality inspection required
f4a71e0f-eb49-5ef2-8c60-a5a26b1b78eb,2025-10-30T08:00:00Z,system,2025-10-30T08:00:00Z,system,e95188a5-ee94-59a9-b6ac-81f3484f3f6e,10,eafe3238-5e48-56bf-9122-b7966afc27e1,18.000,M,1461.29,EUR,26303.22,2026-01-03,ea4eb059-8724-5720-abb6-b6148a7fd2b6,18.000,Expedited delivery
76f2d6b6-630f-5faa-9c5e-f9f52daee0fa,2025-10-30T08:00:00Z,system,2025-10-30T08:00:00Z,system,e95188a5-ee94-59a9-b6ac-81f3484f3f6e,20,80c11da5-9f8d-5b62-9f22-c377427c0d7f,10.000,M,1803.13,EUR,18031.30,2026-01-03,820c71fb-afe4-55d7-bbb2-07cea02df31a,10.000,Quality inspection required
0b4a19b8-b84c-516f-bbb0-1bef95e16413,2025-10-30T08:00:00Z,system,2025-10-30T08:00:00Z,system,e95188a5-ee94-59a9-b6ac-81f3484f3f6e,30,a26b0733-3b42-54db-a022-07e6e0f7182b,220.000,L,2073.42,EUR,456152.40,2026-01-03,b98eacd7-178e-55a4-816f-8845cb533667,220.000,
c7ea6cb5-63f0-53d0-bc98-4e3b79246a5d,2025-10-30T08:00:00Z,system,2025-10-30T08:00:00Z,system,e95188a5-ee94-59a9-b6ac-81f3484f3f6e,40,37c4d2f8-f57c-5a2d-a98c-e54c9a60f9b2,5.000,KG,23.15,EUR,115.75,2026-01-03,04ffb66e-a718-5bc2-83ee-b6ebccda6768,5.000,Quality inspection required
d2b5bc70-5e10-5387-a576-45cff12e1085,2026-06-20T08:00:00Z,system,2026-06-20T08:00:00Z,system,576589b5-66f8-54af-b97d-1284712d7512,10,f4d5037c-d38c-5514-b120-c0d70fd1331e,20.000,L,1346.98,CAD,26939.60,2026-08-01,4dc1f0c1-c148-52e3-91dd-c7727f8730cc,20.000,Quality inspection required
d9d2fdc6-478c-508e-9eb8-c1893a008df6,2026-06-20T08:00:00Z,system,2026-06-20T08:00:00Z,system,576589b5-66f8-54af-b97d-1284712d7512,20,272957c5-680c-5583-a4ae-d8350def996c,25.000,BOX,2516.59,CAD,62914.75,2026-08-01,201a8dfa-13da-5540-acb6-a71d4f6d5696,25.000,Framework agreement pricing
3ecc5cac-b325-5270-a8e8-719e28468215,2026-06-20T08:00:00Z,system,2026-06-20T08:00:00Z,system,576589b5-66f8-54af-b97d-1284712d7512,30,ff9d3a31-fca6-52bf-8e11-bad09771c87f,10.000,KG,40.71,CAD,407.10,2026-08-01,3003d1e4-f6e9-585a-b2b8-6e1459613c5e,10.000,Expedited delivery
aff11c54-79db-5dfe-9793-17c92fbafe8c,2026-06-20T08:00:00Z,system,2026-06-20T08:00:00Z,system,576589b5-66f8-54af-b97d-1284712d7512,40,60f8eac8-7f04-549c-a5f3-331eb9014d8a,180.000,SET,289.83,CAD,52169.40,2026-08-01,478f999f-dc5a-57ff-bd20-8b9aede576f2,180.000,
62273e87-34bd-5a92-aac0-28c37f9095a5,2026-06-20T08:00:00Z,system,2026-06-20T08:00:00Z,system,576589b5-66f8-54af-b97d-1284712d7512,50,eafe3238-5e48-56bf-9122-b7966afc27e1,22.500,M,2669.41,CAD,60061.72,2026-08-01,a0b7b4fe-f01f-57f0-a7f0-2d75e28be204,22.500,Standard order line
6500fe69-d9da-512f-a064-46fa637cc3df,2026-03-20T08:00:00Z,system,2026-03-20T08:00:00Z,system,b94a366c-81d2-54c0-9e92-4ad178db5042,10,70c1e335-53e1-5df8-b343-82e92d1eab19,180.000,M,159.46,CAD,28702.80,2026-04-20,ee1d0060-435b-516d-ba1a-9f168e70344f,0.000,Framework agreement pricing
e839788d-a99d-5663-87cb-0e29315a80a3,2026-03-20T08:00:00Z,system,2026-03-20T08:00:00Z,system,b94a366c-81d2-54c0-9e92-4ad178db5042,20,75c713f1-f5c1-515a-b00c-8a93e54aab54,150.000,L,689.33,CAD,103399.50,2026-04-20,3c2b94d3-0e77-5733-83a7-bf21e69a0f33,0.000,Standard order line
2fe6daee-9856-53cf-9f0b-c45b148c66c5,2026-03-20T08:00:00Z,system,2026-03-20T08:00:00Z,system,b94a366c-81d2-54c0-9e92-4ad178db5042,30,9c244d41-3489-5976-bcdb-b0d76c2237a9,100.000,KG,44.42,CAD,4442.00,2026-04-20,81cd4cc2-e816-5e72-aed0-ccdad3c97b2d,0.000,Expedited delivery
330ecdc6-dbcb-5431-bc00-81d727b83542,2026-05-21T08:00:00Z,system,2026-05-21T08:00:00Z,system,2bdecb0f-1a28-56a0-b587-ead9e4629199,10,7a0dddce-a54b-5ce2-932f-2cf37ea670f6,180.000,EA,6000.49,PLN,1080088.20,2026-06-22,9f9f7ea3-758a-581e-a355-3ba4e5483178,0.000,
869e5a2a-c9c9-545b-b799-e0ace3fb0534,2026-05-21T08:00:00Z,system,2026-05-21T08:00:00Z,system,2bdecb0f-1a28-56a0-b587-ead9e4629199,20,b7445b03-ff12-5031-afe2-33e925c82fd3,2.000,BOX,1207.81,PLN,2415.62,2026-06-22,f1fda9da-8f67-57f9-8157-0504b1c71046,0.000,Expedited delivery
5d9b1b7b-018b-58b2-8a67-5cbaf7a6ea47,2025-12-30T08:00:00Z,system,2025-12-30T08:00:00Z,system,f34179b5-112e-593b-84a6-1d09361fc452,10,3aa391ce-4ff3-5173-9277-83ce43555c7c,110.000,L,102.44,EUR,11268.40,2026-03-07,dc60da8d-e3dd-5cef-84e7-b588e2f03c53,0.000,Framework agreement pricing
0e838797-f777-5408-8e20-b4983e04348f,2025-12-30T08:00:00Z,system,2025-12-30T08:00:00Z,system,f34179b5-112e-593b-84a6-1d09361fc452,20,24e149d4-fbad-5890-a7ee-15a416fd63bc,2.000,SET,285.63,EUR,571.26,2026-03-07,1c77b231-a0f9-51ce-9f29-1b8b63f7e9eb,0.000,
